{"type":"FeatureCollection","features":[{"type":"Feature","geometry":{"type":"LineString","coordinates":[[-95.292156,29.732556],[-95.292066,29.732698],[-95.291639,29.733748],[-95.291382,29.734408],[-95.291101,29.73508],[-95.290835,29.735748],[-95.290515,29.736556],[-95.290207,29.737339],[-95.289926,29.737995],[-95.28964,29.738679],[-95.289378,29.739348],[-95.289361,29.739391]]},"properties":{"Full_Name":"75TH ST","ped_crash_count":0,"ped_death_count":0,"total_crash_count":4,"MilesLength":0.5}},{"type":"Feature","geometry":{"type":"LineString","coordinates":[[-95.219971,29.64864],[-95.219742,29.648356],[-95.219424,29.648156],[-95.219254,29.647972],[-95.219178,29.647866],[-95.219149,29.647793],[-95.219046,29.647538],[-95.218914,29.647264],[-95.218707,29.647067],[-95.218453,29.646954],[-95.218153,29.646808],[-95.217892,29.64657],[-95.217794,29.64647],[-95.21721,29.645798],[-95.217133,29.645541],[-95.217046,29.645272],[-95.216251,29.644391]]},"properties":{"Full_Name":"ARLINGTON SQUARE DR","ped_crash_count":1,"ped_death_count":1,"total_crash_count":2,"MilesLength":0.37771299}},{"type":"Feature","geometry":{"type":"LineString","coordinates":[[-95.394094,29.784334],[-95.394119,29.785134],[-95.394114,29.785222],[-95.39414,29.78706],[-95.394171,29.788913],[-95.394211,29.790749],[-95.394228,29.791593]]},"properties":{"Full_Name":"ARLINGTON ST","ped_crash_count":0,"ped_death_count":0,"total_crash_count":2,"MilesLength":0.5}},{"type":"Feature","geometry":{"type":"LineString","coordinates":[[-95.482552,29.743156],[-95.48254,29.742231],[-95.482536,29.74203],[-95.482533,29.741858],[-95.482519,29.740953],[-95.482513,29.740353],[-95.482494,29.73892],[-95.482491,29.738626],[-95.482488,29.738453],[-95.482487,29.737837]]},"properties":{"Full_Name":"AUGUSTA DR","ped_crash_count":2,"ped_death_count":0,"total_crash_count":3,"MilesLength":0.36635466}},{"type":"Feature","geometry":{"type":"LineString","coordinates":[[-95.305117,29.750326],[-95.303226,29.749721],[-95.301237,29.749107],[-95.299259,29.748477],[-95.297883,29.748063],[-95.297621,29.747973]]},"properties":{"Full_Name":"AVE S","ped_crash_count":0,"ped_death_count":0,"total_crash_count":2,"MilesLength":0.47877827}},{"type":"Feature","geometry":{"type":"LineString","coordinates":[[-95.12215,29.55346],[-95.120265,29.554791],[-95.118678,29.55593],[-95.118,29.556639],[-95.117255,29.55784],[-95.116733,29.558792]]},"properties":{"Full_Name":"BAY AREA BLVD","ped_crash_count":0,"ped_death_count":0,"total_crash_count":2,"MilesLength":0.49999999}},{"type":"Feature","geometry":{"type":"MultiLineString","coordinates":[[[-95.228669,29.601576],[-95.228657,29.601181],[-95.228651,29.600987],[-95.228646,29.600809],[-95.228638,29.600547],[-95.228615,29.599776],[-95.22861,29.599564],[-95.228576,29.598963],[-95.22855,29.598764],[-95.228536,29.598699]],[[-95.227597,29.59666],[-95.22743,29.596417],[-95.226819,29.595816],[-95.226693,29.595703],[-95.22643,29.595495],[-95.226328,29.595412],[-95.225915,29.595086]]]},"properties":{"Full_Name":"BEAMER RD","ped_crash_count":0,"ped_death_count":0,"total_crash_count":7,"MilesLength":0.34735521}},{"type":"Feature","geometry":{"type":"LineString","coordinates":[[-95.337338,29.785194],[-95.33734,29.78525],[-95.337336,29.785889],[-95.337345,29.786521],[-95.337347,29.787143],[-95.337362,29.787796],[-95.337371,29.788428],[-95.337383,29.788827],[-95.337394,29.789383],[-95.337402,29.789944],[-95.337404,29.790024],[-95.337404,29.790489],[-95.337408,29.791084]]},"properties":{"Full_Name":"BREWSTER ST","ped_crash_count":0,"ped_death_count":0,"total_crash_count":2,"MilesLength":0.40567291}},{"type":"Feature","geometry":{"type":"LineString","coordinates":[[-95.636959,29.7559],[-95.637487,29.755893],[-95.637655,29.755895],[-95.638384,29.755898],[-95.639571,29.755877],[-95.641059,29.755874],[-95.64296,29.755865],[-95.64451,29.755877]]},"properties":{"Full_Name":"BRIAR FOREST DR","ped_crash_count":0,"ped_death_count":0,"total_crash_count":2,"MilesLength":0.45375874}},{"type":"Feature","geometry":{"type":"LineString","coordinates":[[-95.581316,29.747061],[-95.581688,29.74698],[-95.582158,29.746928],[-95.582606,29.746895],[-95.583096,29.74688],[-95.583654,29.74689],[-95.584232,29.746936],[-95.5846,29.746969],[-95.584895,29.747017],[-95.585026,29.747044],[-95.585162,29.747071],[-95.585488,29.747143],[-95.58589,29.747241],[-95.586238,29.747337],[-95.586608,29.74745],[-95.588484,29.748402],[-95.589046,29.748848]]},"properties":{"Full_Name":"BRIAR FOREST DR","ped_crash_count":0,"ped_death_count":0,"total_crash_count":3,"MilesLength":0.5}},{"type":"Feature","geometry":{"type":"LineString","coordinates":[[-95.109981,29.566715],[-95.108865,29.56686],[-95.108175,29.567007],[-95.107754,29.567191],[-95.107694,29.567234],[-95.107246,29.567557],[-95.106846,29.568012],[-95.106501,29.568498],[-95.106092,29.569006],[-95.1057,29.569538],[-95.105363,29.570009],[-95.105077,29.570707]]},"properties":{"Full_Name":"BROADLAWN DR","ped_crash_count":0,"ped_death_count":0,"total_crash_count":2,"MilesLength":0.43330118}},{"type":"Feature","geometry":{"type":"LineString","coordinates":[[-95.521561,29.807023],[-95.52279,29.807059],[-95.524427,29.807101],[-95.524773,29.807148],[-95.525134,29.807259],[-95.525417,29.807424],[-95.525593,29.80755],[-95.525694,29.80764],[-95.525948,29.807954],[-95.526071,29.80822],[-95.526111,29.808309],[-95.526132,29.808439],[-95.526158,29.808954],[-95.526164,29.809806],[-95.526182,29.810044],[-95.526184,29.810569],[-95.52618,29.811039]]},"properties":{"Full_Name":"CAMPBELL RD","ped_crash_count":0,"ped_death_count":0,"total_crash_count":3,"MilesLength":0.49999999}},{"type":"Feature","geometry":{"type":"LineString","coordinates":[[-95.482104,29.644646],[-95.482315,29.643852],[-95.482451,29.643144],[-95.482463,29.642421],[-95.482455,29.640353],[-95.482513,29.640192]]},"properties":{"Full_Name":"CHIMNEY ROCK RD","ped_crash_count":0,"ped_death_count":0,"total_crash_count":3,"MilesLength":0.30941633}},{"type":"Feature","geometry":{"type":"LineString","coordinates":[[-95.482157,29.650307],[-95.482281,29.650476],[-95.48216,29.650999],[-95.481967,29.651549],[-95.481674,29.652156],[-95.481209,29.652785],[-95.480692,29.653313],[-95.480397,29.653584],[-95.479945,29.653951],[-95.479407,29.65451],[-95.478741,29.655118]]},"properties":{"Full_Name":"CHIMNEY ROCK RD","ped_crash_count":1,"ped_death_count":0,"total_crash_count":2,"MilesLength":0.40610434}},{"type":"Feature","geometry":{"type":"LineString","coordinates":[[-95.478741,29.655118],[-95.478565,29.655278],[-95.478017,29.655805],[-95.477721,29.656163],[-95.477307,29.656691],[-95.477024,29.657383],[-95.476857,29.657935],[-95.476783,29.658328],[-95.476756,29.658722],[-95.476713,29.659302],[-95.476718,29.659491],[-95.476723,29.659659],[-95.476777,29.661866]]},"properties":{"Full_Name":"CHIMNEY ROCK RD","ped_crash_count":0,"ped_death_count":0,"total_crash_count":2,"MilesLength":0.49999998}},{"type":"Feature","geometry":{"type":"LineString","coordinates":[[-95.476524,29.72434],[-95.476528,29.723705],[-95.476504,29.722986],[-95.476451,29.720147],[-95.476468,29.719245],[-95.476467,29.718779],[-95.476449,29.718144],[-95.476438,29.717781],[-95.476434,29.717455],[-95.476429,29.717081]]},"properties":{"Full_Name":"CHIMNEY ROCK RD","ped_crash_count":1,"ped_death_count":0,"total_crash_count":4,"MilesLength":0.49999995}},{"type":"Feature","geometry":{"type":"LineString","coordinates":[[-95.476444,29.731594],[-95.476442,29.731513],[-95.476418,29.730221],[-95.476397,29.729528],[-95.476421,29.728843],[-95.476409,29.727908],[-95.476398,29.727555],[-95.476374,29.72707],[-95.476384,29.726299],[-95.47639,29.726218],[-95.476402,29.726049],[-95.476414,29.725893],[-95.476425,29.725731],[-95.476449,29.725445],[-95.476493,29.724929],[-95.476503,29.724843],[-95.476504,29.724824],[-95.47651,29.724706],[-95.476512,29.72467],[-95.476524,29.72446],[-95.476524,29.72434]]},"properties":{"Full_Name":"CHIMNEY ROCK RD","ped_crash_count":0,"ped_death_count":0,"total_crash_count":3,"MilesLength":0.50000001}},{"type":"Feature","geometry":{"type":"LineString","coordinates":[[-95.47675,29.738838],[-95.476651,29.738508],[-95.476582,29.737925],[-95.476595,29.737119],[-95.476589,29.736678],[-95.476589,29.736606],[-95.476586,29.736449],[-95.476561,29.73584],[-95.476548,29.735484],[-95.476528,29.735093],[-95.476528,29.734319],[-95.47649,29.733137],[-95.476444,29.731594]]},"properties":{"Full_Name":"CHIMNEY ROCK RD","ped_crash_count":2,"ped_death_count":1,"total_crash_count":2,"MilesLength":0.5}},{"type":"Feature","geometry":{"type":"LineString","coordinates":[[-95.566441,29.831904],[-95.567134,29.831897],[-95.569993,29.831867],[-95.572408,29.831819],[-95.574352,29.831779],[-95.574374,29.831779],[-95.574766,29.831789]]},"properties":{"Full_Name":"CLAY RD","ped_crash_count":1,"ped_death_count":1,"total_crash_count":5,"MilesLength":0.49999996}},{"type":"Feature","geometry":{"type":"LineString","coordinates":[[-95.558116,29.832044],[-95.558564,29.832039],[-95.55964,29.832018],[-95.563261,29.831948],[-95.563702,29.831939],[-95.563889,29.831935],[-95.564314,29.831927],[-95.566441,29.831904]]},"properties":{"Full_Name":"CLAY RD","ped_crash_count":0,"ped_death_count":0,"total_crash_count":8,"MilesLength":0.50000003}},{"type":"Feature","geometry":{"type":"LineString","coordinates":[[-95.541466,29.832299],[-95.542166,29.832289],[-95.542766,29.832278],[-95.543493,29.832261],[-95.545328,29.832243],[-95.546164,29.832235],[-95.546358,29.832237],[-95.546781,29.832233],[-95.549791,29.832176]]},"properties":{"Full_Name":"CLAY RD","ped_crash_count":1,"ped_death_count":1,"total_crash_count":5,"MilesLength":0.49999995}},{"type":"Feature","geometry":{"type":"LineString","coordinates":[[-95.370199,29.755726],[-95.369886,29.755536],[-95.369031,29.755039],[-95.369023,29.755033],[-95.368171,29.754506],[-95.367301,29.753969],[-95.366413,29.753448],[-95.365552,29.752928],[-95.364696,29.752403],[-95.363831,29.751883],[-95.363352,29.751602]]},"properties":{"Full_Name":"CLAY ST","ped_crash_count":1,"ped_death_count":0,"total_crash_count":2,"MilesLength":0.5}},{"type":"Feature","geometry":{"type":"LineString","coordinates":[[-95.540745,29.677523],[-95.541001,29.677748],[-95.541398,29.678077],[-95.541656,29.678252],[-95.541997,29.678422],[-95.542319,29.678519],[-95.543142,29.678657],[-95.544507,29.67889],[-95.547338,29.679357],[-95.547412,29.67937],[-95.54813,29.679627],[-95.548477,29.679766]]},"properties":{"Full_Name":"CLUB CREEK DR","ped_crash_count":1,"ped_death_count":0,"total_crash_count":3,"MilesLength":0.49999998}},{"type":"Feature","geometry":{"type":"LineString","coordinates":[[-95.551405,29.686073],[-95.551509,29.686449],[-95.551618,29.686677],[-95.551949,29.687201],[-95.552319,29.687585],[-95.552538,29.687754],[-95.5527,29.687874],[-95.552879,29.687988],[-95.553025,29.688093],[-95.553343,29.688403],[-95.553415,29.688488],[-95.553695,29.688922],[-95.553844,29.689407],[-95.553895,29.689553],[-95.553947,29.68994]]},"properties":{"Full_Name":"CLUB CREEK DR","ped_crash_count":2,"ped_death_count":0,"total_crash_count":3,"MilesLength":0.31666447}},{"type":"Feature","geometry":{"type":"LineString","coordinates":[[-95.548477,29.679766],[-95.548545,29.679794],[-95.549113,29.680077],[-95.549467,29.680304],[-95.54977,29.680562],[-95.550131,29.680945],[-95.550485,29.681485],[-95.550681,29.681896],[-95.551026,29.682657],[-95.551119,29.682852],[-95.551282,29.683205],[-95.551415,29.683567],[-95.551489,29.683958],[-95.551523,29.684315],[-95.551513,29.684499],[-95.551451,29.685456],[-95.551402,29.686062],[-95.551405,29.686073]]},"properties":{"Full_Name":"CLUB CREEK DR","ped_crash_count":4,"ped_death_count":0,"total_crash_count":5,"MilesLength":0.50000001}},{"type":"Feature","geometry":{"type":"LineString","coordinates":[[-95.355304,29.778408],[-95.355253,29.778454],[-95.355255,29.778531],[-95.355774,29.779609],[-95.356044,29.780214],[-95.356082,29.780324],[-95.356101,29.780428],[-95.3561,29.780777],[-95.356103,29.78141],[-95.35612,29.78237],[-95.356127,29.783243],[-95.356108,29.783346],[-95.35612,29.7843],[-95.356127,29.784953],[-95.356132,29.785507]]},"properties":{"Full_Name":"COCHRAN ST","ped_crash_count":0,"ped_death_count":0,"total_crash_count":3,"MilesLength":0.50000001}},{"type":"Feature","geometry":{"type":"LineString","coordinates":[[-95.18835,29.782618],[-95.186819,29.782648],[-95.183515,29.782715],[-95.18309,29.782719],[-95.182593,29.782735]]},"properties":{"Full_Name":"CORPUS CHRISTI ST","ped_crash_count":0,"ped_death_count":0,"total_crash_count":2,"MilesLength":0.34596776}},{"type":"Feature","geometry":{"type":"LineString","coordinates":[[-95.366607,29.745207],[-95.366857,29.744892],[-95.367443,29.744129],[-95.368909,29.742282],[-95.369484,29.741569],[-95.369512,29.741531],[-95.369936,29.741004],[-95.370397,29.740407],[-95.370974,29.739708],[-95.371213,29.739403],[-95.371342,29.739239]]},"properties":{"Full_Name":"CRAWFORD ST","ped_crash_count":0,"ped_death_count":0,"total_crash_count":2,"MilesLength":0.49999998}},{"type":"Feature","geometry":{"type":"LineString","coordinates":[[-95.3323,29.689198],[-95.332135,29.688944],[-95.332013,29.688755],[-95.331856,29.688512],[-95.331802,29.688391],[-95.331596,29.687895],[-95.331313,29.687166],[-95.331004,29.686385],[-95.330694,29.685607],[-95.330635,29.685434],[-95.330393,29.684822],[-95.330261,29.684529],[-95.329942,29.684147],[-95.329411,29.683712]]},"properties":{"Full_Name":"CRESTMONT ST","ped_crash_count":0,"ped_death_count":0,"total_crash_count":2,"MilesLength":0.42128214}},{"type":"Feature","geometry":{"type":"LineString","coordinates":[[-95.328717,29.669361],[-95.328717,29.66936],[-95.328736,29.66857],[-95.32873,29.668451],[-95.328719,29.668108],[-95.328704,29.667507],[-95.328697,29.667048],[-95.328685,29.666488],[-95.328664,29.666307],[-95.328653,29.665598],[-95.328646,29.66528],[-95.328634,29.664837],[-95.32862,29.664063],[-95.328603,29.663321],[-95.328582,29.662577],[-95.328568,29.662103]]},"properties":{"Full_Name":"CRESTMONT ST","ped_crash_count":0,"ped_death_count":0,"total_crash_count":2,"MilesLength":0.49999999}},{"type":"Feature","geometry":{"type":"LineString","coordinates":[[-95.218918,29.802617],[-95.21877,29.803511],[-95.218534,29.803959],[-95.216527,29.805924]]},"properties":{"Full_Name":"CROSBY FWY","ped_crash_count":0,"ped_death_count":0,"total_crash_count":3,"MilesLength":0.27745998}},{"type":"Feature","geometry":{"type":"LineString","coordinates":[[-95.117537,29.557949],[-95.117255,29.55784],[-95.1152,29.556976],[-95.113855,29.556415],[-95.112137,29.555704]]},"properties":{"Full_Name":"DIANA LN","ped_crash_count":0,"ped_death_count":0,"total_crash_count":2,"MilesLength":0.36001482}},{"type":"Feature","geometry":{"type":"LineString","coordinates":[[-95.184326,29.586712],[-95.185924,29.585317],[-95.186323,29.584964],[-95.186671,29.584595],[-95.187287,29.584059],[-95.18729,29.584056],[-95.187828,29.583592],[-95.189079,29.58243],[-95.189613,29.581905],[-95.190088,29.581487]]},"properties":{"Full_Name":"DIXIE FARM RD","ped_crash_count":0,"ped_death_count":0,"total_crash_count":2,"MilesLength":0.49999999}},{"type":"Feature","geometry":{"type":"LineString","coordinates":[[-95.409487,29.765337],[-95.409628,29.765395],[-95.409954,29.765937],[-95.410067,29.766059],[-95.410486,29.766799],[-95.410559,29.767515],[-95.410584,29.768255],[-95.410586,29.768983],[-95.410586,29.769709],[-95.410576,29.770417],[-95.41059,29.770467],[-95.410596,29.771182],[-95.410619,29.771928],[-95.410628,29.772323]]},"properties":{"Full_Name":"DURHAM DR","ped_crash_count":2,"ped_death_count":1,"total_crash_count":10,"MilesLength":0.50000001}},{"type":"Feature","geometry":{"type":"LineString","coordinates":[[-95.410628,29.772323],[-95.410635,29.772638],[-95.410635,29.772895],[-95.410651,29.773273],[-95.410659,29.774105],[-95.41067,29.774834],[-95.410678,29.775565],[-95.410693,29.776297],[-95.410714,29.777052],[-95.410722,29.777419],[-95.410724,29.777536],[-95.410727,29.777664],[-95.410734,29.77799]]},"properties":{"Full_Name":"DURHAM DR","ped_crash_count":0,"ped_death_count":0,"total_crash_count":2,"MilesLength":0.39036944}},{"type":"Feature","geometry":{"type":"LineString","coordinates":[[-95.394655,29.813082],[-95.394158,29.813088],[-95.393541,29.81309],[-95.391997,29.813107],[-95.391341,29.813114],[-95.38928,29.813149],[-95.387625,29.813179],[-95.387223,29.813182],[-95.386953,29.813185]]},"properties":{"Full_Name":"E 29TH ST","ped_crash_count":1,"ped_death_count":0,"total_crash_count":2,"MilesLength":0.46261668}},{"type":"Feature","geometry":{"type":"LineString","coordinates":[[-95.390978,29.815251],[-95.389332,29.815265],[-95.38755,29.81529],[-95.387531,29.81529],[-95.385883,29.815303],[-95.385007,29.815321],[-95.384704,29.81532],[-95.384538,29.815318],[-95.384376,29.815307],[-95.384194,29.815287],[-95.382841,29.815298],[-95.382754,29.815201]]},"properties":{"Full_Name":"E 32ND ST","ped_crash_count":2,"ped_death_count":0,"total_crash_count":2,"MilesLength":0.49736004}},{"type":"Feature","geometry":{"type":"LineString","coordinates":[[-95.221288,29.647893],[-95.220566,29.648308],[-95.219971,29.64864],[-95.219328,29.649024],[-95.218728,29.649255],[-95.217408,29.6497],[-95.216985,29.649839],[-95.216235,29.650086],[-95.21566,29.650254],[-95.21541,29.650327],[-95.214767,29.650516],[-95.213737,29.650827]]},"properties":{"Full_Name":"E EDGEBROOK DR","ped_crash_count":1,"ped_death_count":1,"total_crash_count":5,"MilesLength":0.5}},{"type":"Feature","geometry":{"type":"LineString","coordinates":[[-95.110262,30.018906],[-95.110382,30.019559],[-95.110444,30.019832],[-95.110591,30.02071],[-95.110654,30.02111],[-95.110802,30.021577],[-95.110974,30.022452],[-95.111106,30.022863],[-95.111167,30.023201]]},"properties":{"Full_Name":"E LAKE HOUSTON PKWY","ped_crash_count":0,"ped_death_count":0,"total_crash_count":3,"MilesLength":0.30115672}},{"type":"Feature","geometry":{"type":"LineString","coordinates":[[-95.304763,29.773878],[-95.304263,29.773874],[-95.303255,29.77387],[-95.302219,29.773873],[-95.30112,29.773884],[-95.300561,29.77393],[-95.300144,29.774081],[-95.299171,29.774427],[-95.298795,29.774554],[-95.298468,29.774682],[-95.297756,29.775049],[-95.296835,29.775445]]},"properties":{"Full_Name":"EAST FWY","ped_crash_count":0,"ped_death_count":0,"total_crash_count":2,"MilesLength":0.49999999}},{"type":"Feature","geometry":{"type":"LineString","coordinates":[[-95.249068,29.646866],[-95.249053,29.646346],[-95.24903,29.64541],[-95.248991,29.643502],[-95.248981,29.64281],[-95.24898,29.642664],[-95.248976,29.642268],[-95.24897,29.641441],[-95.24896,29.640748],[-95.24895,29.640068],[-95.248944,29.639607]]},"properties":{"Full_Name":"EASTHAVEN BLVD","ped_crash_count":0,"ped_death_count":0,"total_crash_count":2,"MilesLength":0.49999995}},{"type":"Feature","geometry":{"type":"LineString","coordinates":[[-95.290171,29.711132],[-95.290167,29.710914],[-95.290157,29.710702],[-95.290138,29.710141],[-95.290138,29.709368],[-95.29012,29.708621],[-95.290105,29.707979],[-95.290105,29.707885],[-95.290091,29.70714],[-95.290061,29.706409],[-95.289891,29.705637],[-95.289732,29.704877]]},"properties":{"Full_Name":"EVERGREEN DR","ped_crash_count":0,"ped_death_count":0,"total_crash_count":2,"MilesLength":0.4327136}},{"type":"Feature","geometry":{"type":"LineString","coordinates":[[-95.222451,29.775742],[-95.221972,29.775748],[-95.22118,29.775762],[-95.220716,29.775769],[-95.220467,29.775774],[-95.219935,29.775783],[-95.218726,29.775827],[-95.21828,29.775843]]},"properties":{"Full_Name":"FLEMING DR","ped_crash_count":3,"ped_death_count":0,"total_crash_count":6,"MilesLength":0.25070299}},{"type":"Feature","geometry":{"type":"LineString","coordinates":[[-95.295259,30.004931],[-95.295196,30.004932],[-95.293914,30.004984],[-95.291103,30.00497],[-95.287625,30.004988]]},"properties":{"Full_Name":"FM 1960 BYPASS W","ped_crash_count":1,"ped_death_count":0,"total_crash_count":5,"MilesLength":0.45771737}},{"type":"Feature","geometry":{"type":"LineString","coordinates":[[-95.116682,30.017801],[-95.115528,30.018097],[-95.112655,30.018568],[-95.110262,30.018906],[-95.1085,30.019185]]},"properties":{"Full_Name":"FM 1960 E","ped_crash_count":0,"ped_death_count":0,"total_crash_count":5,"MilesLength":0.50000002}},{"type":"Feature","geometry":{"type":"LineString","coordinates":[[-95.132303,30.012708],[-95.124504,30.015284]]},"properties":{"Full_Name":"FM 1960 E","ped_crash_count":1,"ped_death_count":1,"total_crash_count":2,"MilesLength":0.49999999}},{"type":"Feature","geometry":{"type":"LineString","coordinates":[[-95.1085,30.019185],[-95.105529,30.019657],[-95.100317,30.020458],[-95.100288,30.020462]]},"properties":{"Full_Name":"FM 1960 E","ped_crash_count":1,"ped_death_count":1,"total_crash_count":6,"MilesLength":0.49999996}},{"type":"Feature","geometry":{"type":"LineString","coordinates":[[-95.48419,29.729781],[-95.484165,29.728799],[-95.48419,29.728336],[-95.484189,29.727501],[-95.484179,29.726207],[-95.48418,29.726025],[-95.48418,29.725984],[-95.484181,29.725816],[-95.484182,29.725676],[-95.484183,29.725498],[-95.484184,29.725359],[-95.484191,29.724927],[-95.484285,29.724293]]},"properties":{"Full_Name":"FOUNTAIN VIEW DR","ped_crash_count":4,"ped_death_count":0,"total_crash_count":8,"MilesLength":0.37839949}},{"type":"Feature","geometry":{"type":"LineString","coordinates":[[-95.484277,29.73704],[-95.484273,29.736879],[-95.484265,29.736555],[-95.484255,29.736127],[-95.484239,29.735419],[-95.484264,29.734262],[-95.484244,29.73306],[-95.48424,29.732844],[-95.48421,29.73224],[-95.484212,29.731514],[-95.484214,29.731275],[-95.484218,29.730902],[-95.48422,29.730698],[-95.4842,29.730169],[-95.48419,29.729781]]},"properties":{"Full_Name":"FOUNTAIN VIEW DR","ped_crash_count":0,"ped_death_count":0,"total_crash_count":3,"MilesLength":0.5}},{"type":"Feature","geometry":{"type":"LineString","coordinates":[[-95.485447,29.744136],[-95.485423,29.742903],[-95.48544,29.742195],[-95.485322,29.741536],[-95.485076,29.741038],[-95.484986,29.740856],[-95.484661,29.740194],[-95.484589,29.740047],[-95.484566,29.739921],[-95.484525,29.739275],[-95.484477,29.738958],[-95.484315,29.738425],[-95.484295,29.737833],[-95.484286,29.737462],[-95.484278,29.737121],[-95.484277,29.73704]]},"properties":{"Full_Name":"FOUNTAIN VIEW DR","ped_crash_count":3,"ped_death_count":2,"total_crash_count":4,"MilesLength":0.49999997}},{"type":"Feature","geometry":{"type":"LineString","coordinates":[[-95.197561,29.622515],[-95.197195,29.622748],[-95.196983,29.622901],[-95.196298,29.623549],[-95.195916,29.624038],[-95.195683,29.624341],[-95.195521,29.624572],[-95.195227,29.624862],[-95.195094,29.624977],[-95.19416,29.625658],[-95.193185,29.626331],[-95.192824,29.626484],[-95.192709,29.626543],[-95.192159,29.626708],[-95.191218,29.626878]]},"properties":{"Full_Name":"GENOA RED BLUFF RD","ped_crash_count":0,"ped_death_count":0,"total_crash_count":4,"MilesLength":0.50000001}},{"type":"Feature","geometry":{"type":"LineString","coordinates":[[-95.387528,29.807347],[-95.387094,29.80751],[-95.386732,29.807638],[-95.385344,29.808186],[-95.38521,29.808239],[-95.384907,29.808364],[-95.383109,29.809083],[-95.382197,29.809455],[-95.382015,29.809504]]},"properties":{"Full_Name":"GIBBS ST","ped_crash_count":1,"ped_death_count":0,"total_crash_count":2,"MilesLength":0.36303961}},{"type":"Feature","geometry":{"type":"LineString","coordinates":[[-95.301178,29.883512],[-95.300687,29.883519],[-95.298717,29.883537],[-95.296789,29.883568],[-95.295778,29.883575],[-95.295665,29.883576],[-95.29528,29.883547],[-95.294909,29.883446],[-95.294392,29.883281],[-95.293768,29.883078],[-95.293448,29.883006],[-95.293059,29.88297]]},"properties":{"Full_Name":"GUADALUPE ST","ped_crash_count":1,"ped_death_count":0,"total_crash_count":2,"MilesLength":0.49374403}},{"type":"Feature","geometry":{"type":"LineString","coordinates":[[-95.277653,29.686065],[-95.277335,29.685892],[-95.277143,29.68578],[-95.276998,29.685568],[-95.276822,29.685364],[-95.276527,29.685005],[-95.276299,29.684807],[-95.275586,29.683913],[-95.275497,29.683837],[-95.274819,29.683149],[-95.274588,29.682914],[-95.273898,29.682253],[-95.273675,29.682002],[-95.273063,29.68139],[-95.27287,29.681233],[-95.27224,29.680603]]},"properties":{"Full_Name":"GULF FWY","ped_crash_count":0,"ped_death_count":0,"total_crash_count":2,"MilesLength":0.5}},{"type":"Feature","geometry":{"type":"LineString","coordinates":[[-95.258369,29.65386],[-95.258361,29.653571],[-95.258356,29.653394],[-95.258321,29.652167],[-95.258299,29.65115],[-95.258264,29.649564],[-95.258238,29.648896],[-95.258236,29.648246],[-95.258231,29.647935],[-95.258228,29.647818],[-95.258216,29.647288],[-95.258204,29.646756],[-95.2582,29.646601]]},"properties":{"Full_Name":"HANSEN RD","ped_crash_count":0,"ped_death_count":0,"total_crash_count":2,"MilesLength":0.49999996}},{"type":"Feature","geometry":{"type":"LineString","coordinates":[[-95.526751,29.709889],[-95.526777,29.709677],[-95.526862,29.709411],[-95.526943,29.709213],[-95.527056,29.709087],[-95.527221,29.708957],[-95.527348,29.708881],[-95.527589,29.708769],[-95.527848,29.708658],[-95.528356,29.708429],[-95.528434,29.708396],[-95.528805,29.708239],[-95.529078,29.708105],[-95.529455,29.707921],[-95.529593,29.707842],[-95.529694,29.707747],[-95.529813,29.707586],[-95.52989,29.707362],[-95.529916,29.706942],[-95.529974,29.706644],[-95.529986,29.706553],[-95.530097,29.706266],[-95.530208,29.705867],[-95.530267,29.705082]]},"properties":{"Full_Name":"HARBOR TOWN DR","ped_crash_count":0,"ped_death_count":0,"total_crash_count":2,"MilesLength":0.43236414}},{"type":"Feature","geometry":{"type":"LineString","coordinates":[[-95.576293,29.742944],[-95.576278,29.742302],[-95.576267,29.74145],[-95.576263,29.741302],[-95.576235,29.740647],[-95.576232,29.740502],[-95.57622,29.739989],[-95.576218,29.73981],[-95.576216,29.739684],[-95.576203,29.739261],[-95.576178,29.738863],[-95.576177,29.738536],[-95.576185,29.73839],[-95.576175,29.737704],[-95.576168,29.737309],[-95.576174,29.736696],[-95.576177,29.735846],[-95.576159,29.735687]]},"properties":{"Full_Name":"HAYES RD","ped_crash_count":2,"ped_death_count":0,"total_crash_count":8,"MilesLength":0.5}},{"type":"Feature","geometry":{"type":"LineString","coordinates":[[-95.533773,29.854291],[-95.535611,29.855598],[-95.536938,29.856553],[-95.537543,29.856997],[-95.538298,29.857525],[-95.540226,29.858879]]},"properties":{"Full_Name":"HEMPSTEAD RD","ped_crash_count":0,"ped_death_count":0,"total_crash_count":3,"MilesLength":0.49999999}},{"type":"Feature","geometry":{"type":"LineString","coordinates":[[-95.48218,29.817561],[-95.483273,29.818341],[-95.485266,29.81978],[-95.487174,29.821114],[-95.48861,29.822172]]},"properties":{"Full_Name":"HEMPSTEAD RD","ped_crash_count":1,"ped_death_count":1,"total_crash_count":3,"MilesLength":0.49999999}},{"type":"Feature","geometry":{"type":"LineString","coordinates":[[-95.546689,29.863459],[-95.548661,29.864844],[-95.550813,29.866368],[-95.551134,29.866585],[-95.551257,29.866664],[-95.552463,29.867556],[-95.553156,29.868033]]},"properties":{"Full_Name":"HEMPSTEAD RD","ped_crash_count":0,"ped_death_count":0,"total_crash_count":3,"MilesLength":0.5}},{"type":"Feature","geometry":{"type":"LineString","coordinates":[[-95.459657,29.735433],[-95.459752,29.735367],[-95.459819,29.735335],[-95.459971,29.735319],[-95.460235,29.735319],[-95.460623,29.735343],[-95.461039,29.735332],[-95.461755,29.735409],[-95.461964,29.735432],[-95.462378,29.735436],[-95.462872,29.735452],[-95.464378,29.735403],[-95.465549,29.735418],[-95.466746,29.73542],[-95.46721,29.735394],[-95.467868,29.735253],[-95.467909,29.735252]]},"properties":{"Full_Name":"HIDALGO ST","ped_crash_count":0,"ped_death_count":0,"total_crash_count":3,"MilesLength":0.49999998}},{"type":"Feature","geometry":{"type":"LineString","coordinates":[[-95.288352,30.00147],[-95.286901,30.001488],[-95.286239,30.001495],[-95.28548,30.001506],[-95.284358,30.001512],[-95.283902,30.001518],[-95.282399,30.001504],[-95.281325,30.001546],[-95.280013,30.001551]]},"properties":{"Full_Name":"HUMBLE WESTFIELD RD","ped_crash_count":1,"ped_death_count":0,"total_crash_count":2,"MilesLength":0.49999995}},{"type":"Feature","geometry":{"type":"LineString","coordinates":[[-95.295808,30.001386],[-95.295181,30.001397],[-95.293696,30.001409],[-95.292734,30.001428],[-95.292024,30.001427],[-95.291522,30.00143],[-95.291061,30.001434],[-95.290415,30.001441],[-95.290027,30.00145],[-95.289286,30.001459],[-95.288352,30.00147]]},"properties":{"Full_Name":"HUMBLE WESTFIELD RD","ped_crash_count":0,"ped_death_count":0,"total_crash_count":2,"MilesLength":0.44701899}},{"type":"Feature","geometry":{"type":"LineString","coordinates":[[-95.36764,29.734318],[-95.367734,29.734194],[-95.368061,29.733778],[-95.368216,29.733581],[-95.368303,29.733499],[-95.368781,29.73289],[-95.369235,29.732324],[-95.369702,29.731731],[-95.369868,29.73151],[-95.370204,29.731097],[-95.370705,29.730489],[-95.371205,29.729854],[-95.371789,29.72912],[-95.372209,29.728576],[-95.372383,29.728355]]},"properties":{"Full_Name":"HUTCHINS ST","ped_crash_count":0,"ped_death_count":0,"total_crash_count":2,"MilesLength":0.5}},{"type":"Feature","geometry":{"type":"LineString","coordinates":[[-95.219394,30.050313],[-95.21934,30.050298],[-95.218071,30.049798],[-95.216067,30.049014],[-95.213773,30.048146],[-95.211856,30.047236],[-95.211846,30.047231]]},"properties":{"Full_Name":"KINGWOOD DR","ped_crash_count":0,"ped_death_count":0,"total_crash_count":2,"MilesLength":0.49999999}},{"type":"Feature","geometry":{"type":"LineString","coordinates":[[-95.251522,30.052409],[-95.249677,30.0521],[-95.247431,30.051734],[-95.247332,30.051718],[-95.246813,30.051615],[-95.245677,30.051396],[-95.244972,30.05122],[-95.244314,30.05099],[-95.244039,30.050872],[-95.243501,30.050579]]},"properties":{"Full_Name":"KINGWOOD DR","ped_crash_count":0,"ped_death_count":0,"total_crash_count":2,"MilesLength":0.49999996}},{"type":"Feature","geometry":{"type":"LineString","coordinates":[[-95.306687,29.866867],[-95.30588,29.866863],[-95.304981,29.866866],[-95.304114,29.866866],[-95.30326,29.866864],[-95.303016,29.866871],[-95.302393,29.866871],[-95.301869,29.866874],[-95.300569,29.866875],[-95.300101,29.866901],[-95.299731,29.866938],[-95.298361,29.866953]]},"properties":{"Full_Name":"LANGLEY RD","ped_crash_count":0,"ped_death_count":0,"total_crash_count":3,"MilesLength":0.49999999}},{"type":"Feature","geometry":{"type":"LineString","coordinates":[[-95.339335,29.784636],[-95.338357,29.784665],[-95.33752,29.784675],[-95.337395,29.784677],[-95.337324,29.78468],[-95.336711,29.784691],[-95.335854,29.784715],[-95.335657,29.784849],[-95.335054,29.784856],[-95.334261,29.784865],[-95.333474,29.784878],[-95.332848,29.784888],[-95.332669,29.784899],[-95.332614,29.784899]]},"properties":{"Full_Name":"LIBERTY RD","ped_crash_count":2,"ped_death_count":2,"total_crash_count":6,"MilesLength":0.40708255}},{"type":"Feature","geometry":{"type":"LineString","coordinates":[[-95.309178,29.790776],[-95.307977,29.79129],[-95.307895,29.791334],[-95.306499,29.791922],[-95.305722,29.792258],[-95.301817,29.793918],[-95.301703,29.793967]]},"properties":{"Full_Name":"LIBERTY RD","ped_crash_count":1,"ped_death_count":0,"total_crash_count":2,"MilesLength":0.49999997}},{"type":"Feature","geometry":{"type":"LineString","coordinates":[[-95.324953,29.787375],[-95.324934,29.787384],[-95.324883,29.787404],[-95.324318,29.787633],[-95.32395,29.787668],[-95.323002,29.787686],[-95.322097,29.787681],[-95.322004,29.787675],[-95.321812,29.787677],[-95.321565,29.787647],[-95.32144,29.787615],[-95.321266,29.787571],[-95.320428,29.787583],[-95.319304,29.787629],[-95.318387,29.787663],[-95.317507,29.787703],[-95.316718,29.787742]]},"properties":{"Full_Name":"LIBERTY RD","ped_crash_count":0,"ped_death_count":0,"total_crash_count":2,"MilesLength":0.49999997}},{"type":"Feature","geometry":{"type":"LineString","coordinates":[[-95.332614,29.784899],[-95.331842,29.78491],[-95.331037,29.784922],[-95.33057,29.784927],[-95.33022,29.78508],[-95.329388,29.78544],[-95.327317,29.786326],[-95.326585,29.786659],[-95.326524,29.786685],[-95.326362,29.786753],[-95.325669,29.787061],[-95.324953,29.787375]]},"properties":{"Full_Name":"LIBERTY RD","ped_crash_count":1,"ped_death_count":1,"total_crash_count":3,"MilesLength":0.50000003}},{"type":"Feature","geometry":{"type":"LineString","coordinates":[[-95.462539,29.803239],[-95.462847,29.802934],[-95.464583,29.802938],[-95.464939,29.802931],[-95.466134,29.802926],[-95.466879,29.802921],[-95.468236,29.802911],[-95.469177,29.802906],[-95.469654,29.802903],[-95.469915,29.802902],[-95.47064,29.80288],[-95.470704,29.80288]]},"properties":{"Full_Name":"LONG POINT RD","ped_crash_count":0,"ped_death_count":0,"total_crash_count":2,"MilesLength":0.49999997}},{"type":"Feature","geometry":{"type":"LineString","coordinates":[[-95.543365,29.794276],[-95.544675,29.794287],[-95.546354,29.79429],[-95.548234,29.794295],[-95.549192,29.794306]]},"properties":{"Full_Name":"LONG POINT RD","ped_crash_count":2,"ped_death_count":0,"total_crash_count":3,"MilesLength":0.35002971}},{"type":"Feature","geometry":{"type":"LineString","coordinates":[[-95.519315,29.799119],[-95.52012,29.798978],[-95.520709,29.798869],[-95.52093,29.798825],[-95.521259,29.798759],[-95.521422,29.79873],[-95.521601,29.798691],[-95.52197,29.798618],[-95.522229,29.798555],[-95.523928,29.798005],[-95.524534,29.797799],[-95.525369,29.797491],[-95.525979,29.797269],[-95.526412,29.79713],[-95.526629,29.797063],[-95.527218,29.796903]]},"properties":{"Full_Name":"LONG POINT RD","ped_crash_count":2,"ped_death_count":0,"total_crash_count":5,"MilesLength":0.49999998}},{"type":"Feature","geometry":{"type":"LineString","coordinates":[[-95.503996,29.803041],[-95.50412,29.803041],[-95.505222,29.803056],[-95.505986,29.803071],[-95.506528,29.803081],[-95.507901,29.803014],[-95.508339,29.802974],[-95.508933,29.802937],[-95.509617,29.802723],[-95.50984,29.802588],[-95.510166,29.802268],[-95.510321,29.802057],[-95.510668,29.801539],[-95.510913,29.801356],[-95.511109,29.801211],[-95.511262,29.801103],[-95.511375,29.801031]]},"properties":{"Full_Name":"LONG POINT RD","ped_crash_count":0,"ped_death_count":0,"total_crash_count":2,"MilesLength":0.49999999}},{"type":"Feature","geometry":{"type":"LineString","coordinates":[[-95.479028,29.802841],[-95.480778,29.80283],[-95.481998,29.802832],[-95.482901,29.802826],[-95.484839,29.802844],[-95.486529,29.802862],[-95.487315,29.802853],[-95.487352,29.802854]]},"properties":{"Full_Name":"LONG POINT RD","ped_crash_count":5,"ped_death_count":3,"total_crash_count":8,"MilesLength":0.49999998}},{"type":"Feature","geometry":{"type":"LineString","coordinates":[[-95.470704,29.80288],[-95.471977,29.802886],[-95.475468,29.80285],[-95.476514,29.802866],[-95.477477,29.802849],[-95.478407,29.802851],[-95.478887,29.802842],[-95.479028,29.802841]]},"properties":{"Full_Name":"LONG POINT RD","ped_crash_count":3,"ped_death_count":2,"total_crash_count":4,"MilesLength":0.50000006}},{"type":"Feature","geometry":{"type":"LineString","coordinates":[[-95.356151,29.787172],[-95.354961,29.787196],[-95.353977,29.787213],[-95.353004,29.787238],[-95.352036,29.787249],[-95.351051,29.787276]]},"properties":{"Full_Name":"MCNEIL ST","ped_crash_count":1,"ped_death_count":0,"total_crash_count":2,"MilesLength":0.30647003}},{"type":"Feature","geometry":{"type":"LineString","coordinates":[[-95.250942,29.634531],[-95.250938,29.634531],[-95.249539,29.634556],[-95.248876,29.63457],[-95.247731,29.634588],[-95.247642,29.634551],[-95.246256,29.634603]]},"properties":{"Full_Name":"MELDRUM LN","ped_crash_count":1,"ped_death_count":1,"total_crash_count":2,"MilesLength":0.28261291}},{"type":"Feature","geometry":{"type":"LineString","coordinates":[[-95.549243,29.954244],[-95.55066,29.954662],[-95.551111,29.954792],[-95.551492,29.954906],[-95.55199,29.955054],[-95.552233,29.955126],[-95.552799,29.955281],[-95.552956,29.95532],[-95.553632,29.955528],[-95.556666,29.956406]]},"properties":{"Full_Name":"MILLS RD","ped_crash_count":0,"ped_death_count":0,"total_crash_count":5,"MilesLength":0.46942632}},{"type":"Feature","geometry":{"type":"LineString","coordinates":[[-95.238782,29.632496],[-95.238717,29.631253],[-95.238477,29.627588],[-95.238481,29.627486],[-95.238451,29.627006],[-95.238378,29.625331],[-95.238373,29.625245]]},"properties":{"Full_Name":"MINNESOTA ST","ped_crash_count":0,"ped_death_count":0,"total_crash_count":2,"MilesLength":0.49999999}},{"type":"Feature","geometry":{"type":"LineString","coordinates":[[-95.347367,29.671088],[-95.346957,29.670971],[-95.343875,29.670068],[-95.340783,29.669174]]},"properties":{"Full_Name":"NORTHRIDGE DR","ped_crash_count":0,"ped_death_count":0,"total_crash_count":2,"MilesLength":0.41738}},{"type":"Feature","geometry":{"type":"LineString","coordinates":[[-95.379772,29.859365],[-95.37631,29.859413],[-95.376078,29.859396],[-95.375857,29.859362],[-95.37569,29.859321],[-95.375519,29.859292],[-95.375373,29.859279],[-95.375226,29.859273],[-95.373056,29.859288],[-95.37282,29.859285],[-95.372579,29.859244],[-95.372343,29.859173],[-95.372128,29.859085],[-95.372019,29.859044],[-95.371509,29.85904]]},"properties":{"Full_Name":"PARKER RD","ped_crash_count":0,"ped_death_count":0,"total_crash_count":4,"MilesLength":0.49999998}},{"type":"Feature","geometry":{"type":"LineString","coordinates":[[-95.354868,29.859413],[-95.352944,29.859427],[-95.349919,29.859447],[-95.348465,29.859455],[-95.346593,29.859465],[-95.346539,29.859466]]},"properties":{"Full_Name":"PARKER RD","ped_crash_count":0,"ped_death_count":0,"total_crash_count":3,"MilesLength":0.50000003}},{"type":"Feature","geometry":{"type":"LineString","coordinates":[[-95.321936,29.857727],[-95.321762,29.857674],[-95.320136,29.857186],[-95.319567,29.857052],[-95.319024,29.857016],[-95.316383,29.857049],[-95.314088,29.857054],[-95.31374,29.856994]]},"properties":{"Full_Name":"PARKER RD","ped_crash_count":0,"ped_death_count":0,"total_crash_count":3,"MilesLength":0.50000002}},{"type":"Feature","geometry":{"type":"LineString","coordinates":[[-95.329923,29.85942],[-95.329097,29.859438],[-95.327945,29.85947],[-95.327746,29.859472],[-95.327633,29.859469],[-95.327517,29.859443],[-95.324,29.858355],[-95.321936,29.857727]]},"properties":{"Full_Name":"PARKER RD","ped_crash_count":0,"ped_death_count":0,"total_crash_count":3,"MilesLength":0.49999999}},{"type":"Feature","geometry":{"type":"LineString","coordinates":[[-95.338211,29.859534],[-95.336737,29.859548],[-95.336378,29.859538],[-95.336291,29.859515],[-95.335993,29.859428],[-95.335798,29.859374],[-95.335625,29.859333],[-95.335427,29.859304],[-95.334015,29.85934],[-95.333711,29.859343],[-95.333463,29.859345],[-95.333197,29.859348],[-95.3331,29.859349],[-95.332915,29.859353],[-95.332121,29.859373],[-95.329923,29.85942]]},"properties":{"Full_Name":"PARKER RD","ped_crash_count":0,"ped_death_count":0,"total_crash_count":9,"MilesLength":0.49999996}},{"type":"Feature","geometry":{"type":"LineString","coordinates":[[-95.316365,29.855101],[-95.316364,29.855142],[-95.316373,29.856125],[-95.316383,29.857049],[-95.31639,29.857931],[-95.316405,29.858864],[-95.316407,29.859745],[-95.316423,29.860359],[-95.316422,29.860523],[-95.316403,29.86072],[-95.31631,29.860918],[-95.31621,29.861046]]},"properties":{"Full_Name":"PEACHTREE ST","ped_crash_count":0,"ped_death_count":0,"total_crash_count":2,"MilesLength":0.41246749}},{"type":"Feature","geometry":{"type":"LineString","coordinates":[[-95.367263,29.763529],[-95.366677,29.763429],[-95.366217,29.763294],[-95.366104,29.763234],[-95.365378,29.762848],[-95.36452,29.762317],[-95.36366,29.761804],[-95.362803,29.761275],[-95.361948,29.760754],[-95.361062,29.760231],[-95.36096,29.760169]]},"properties":{"Full_Name":"PRAIRIE ST","ped_crash_count":0,"ped_death_count":0,"total_crash_count":3,"MilesLength":0.44734628}},{"type":"Feature","geometry":{"type":"LineString","coordinates":[[-95.562245,29.656424],[-95.562301,29.6563],[-95.562394,29.656095],[-95.562894,29.65481],[-95.563228,29.653936],[-95.563525,29.653246],[-95.564758,29.650163],[-95.564986,29.64957]]},"properties":{"Full_Name":"ROARK RD","ped_crash_count":2,"ped_death_count":0,"total_crash_count":4,"MilesLength":0.49999999}},{"type":"Feature","geometry":{"type":"LineString","coordinates":[[-95.211016,29.636969],[-95.211302,29.636792],[-95.211451,29.636684],[-95.211905,29.636358],[-95.212483,29.635948],[-95.213358,29.635332],[-95.213859,29.634949],[-95.213986,29.634858],[-95.214068,29.634808],[-95.214225,29.634688],[-95.21589,29.63351],[-95.21699,29.632726],[-95.217093,29.632652],[-95.217384,29.632446],[-95.217463,29.63239]]},"properties":{"Full_Name":"S SHAVER ST","ped_crash_count":0,"ped_death_count":0,"total_crash_count":3,"MilesLength":0.50000001}},{"type":"Feature","geometry":{"type":"LineString","coordinates":[[-95.466911,29.740239],[-95.466886,29.740118],[-95.466847,29.739774],[-95.466814,29.738664],[-95.466787,29.738035],[-95.466778,29.737221],[-95.466776,29.737063],[-95.466772,29.736882],[-95.466759,29.736419],[-95.466746,29.73542],[-95.466694,29.733041],[-95.466693,29.732984]]},"properties":{"Full_Name":"SAGE RD","ped_crash_count":1,"ped_death_count":0,"total_crash_count":3,"MilesLength":0.50000003}},{"type":"Feature","geometry":{"type":"LineString","coordinates":[[-95.368417,29.645796],[-95.368384,29.645173],[-95.36839,29.644322],[-95.368358,29.643548],[-95.368359,29.643297],[-95.368348,29.643003],[-95.368322,29.642247],[-95.368321,29.642119],[-95.368278,29.638538]]},"properties":{"Full_Name":"SCOTT ST","ped_crash_count":0,"ped_death_count":0,"total_crash_count":7,"MilesLength":0.50000001}},{"type":"Feature","geometry":{"type":"LineString","coordinates":[[-95.368556,29.653055],[-95.368558,29.652206],[-95.36855,29.651644],[-95.368553,29.651341],[-95.368543,29.650974],[-95.368517,29.649937],[-95.368492,29.649188],[-95.368469,29.648414],[-95.368439,29.64763],[-95.368445,29.647205],[-95.368444,29.646872],[-95.368441,29.646467],[-95.368433,29.646094],[-95.368417,29.645796]]},"properties":{"Full_Name":"SCOTT ST","ped_crash_count":1,"ped_death_count":0,"total_crash_count":3,"MilesLength":0.50000002}},{"type":"Feature","geometry":{"type":"LineString","coordinates":[[-95.368064,29.660238],[-95.368048,29.659795],[-95.368031,29.659046],[-95.36802,29.658265],[-95.368043,29.657785],[-95.368054,29.657623],[-95.368161,29.657221],[-95.368249,29.657042],[-95.368297,29.65692],[-95.368505,29.656444],[-95.368581,29.656137],[-95.368618,29.65562],[-95.36861,29.655147],[-95.368603,29.654779],[-95.368607,29.654199],[-95.368594,29.653927],[-95.368556,29.653064],[-95.368556,29.653055]]},"properties":{"Full_Name":"SCOTT ST","ped_crash_count":0,"ped_death_count":0,"total_crash_count":3,"MilesLength":0.5}},{"type":"Feature","geometry":{"type":"LineString","coordinates":[[-95.368219,29.667496],[-95.36822,29.667247],[-95.368195,29.666514],[-95.368178,29.665804],[-95.368149,29.6651],[-95.368152,29.664261],[-95.36815,29.66366],[-95.36812,29.662964],[-95.368118,29.662794],[-95.36811,29.662071],[-95.368086,29.66132],[-95.368075,29.660553],[-95.368064,29.660238]]},"properties":{"Full_Name":"SCOTT ST","ped_crash_count":0,"ped_death_count":0,"total_crash_count":3,"MilesLength":0.49999999}},{"type":"Feature","geometry":{"type":"LineString","coordinates":[[-95.366976,29.674581],[-95.366975,29.674471],[-95.366923,29.673235],[-95.366975,29.672665],[-95.367069,29.672199],[-95.367163,29.671979],[-95.3674,29.671345],[-95.367644,29.670697],[-95.367894,29.670054],[-95.368113,29.669436],[-95.368234,29.66913],[-95.368251,29.668679],[-95.368239,29.668293],[-95.368218,29.667957],[-95.368219,29.667496]]},"properties":{"Full_Name":"SCOTT ST","ped_crash_count":1,"ped_death_count":0,"total_crash_count":2,"MilesLength":0.49999998}},{"type":"Feature","geometry":{"type":"LineString","coordinates":[[-95.363682,29.68861],[-95.363866,29.688178],[-95.364095,29.68756],[-95.364303,29.687058],[-95.364358,29.686916],[-95.364608,29.686361],[-95.364616,29.686321],[-95.364982,29.68541],[-95.365063,29.685164],[-95.365175,29.684859],[-95.365338,29.684481],[-95.3656,29.683825],[-95.365713,29.683466],[-95.365755,29.683358],[-95.36582,29.683113],[-95.366039,29.682434],[-95.366326,29.681757],[-95.366336,29.681735]]},"properties":{"Full_Name":"SCOTT ST","ped_crash_count":0,"ped_death_count":0,"total_crash_count":3,"MilesLength":0.49999999}},{"type":"Feature","geometry":{"type":"LineString","coordinates":[[-95.360912,29.695455],[-95.361014,29.695196],[-95.361302,29.69449],[-95.361474,29.694053],[-95.36165,29.693602],[-95.362236,29.692157],[-95.36282,29.690711],[-95.363123,29.689971],[-95.363339,29.689426],[-95.363596,29.688813],[-95.363682,29.68861]]},"properties":{"Full_Name":"SCOTT ST","ped_crash_count":3,"ped_death_count":0,"total_crash_count":8,"MilesLength":0.50000003}},{"type":"Feature","geometry":{"type":"LineString","coordinates":[[-95.359397,29.702436],[-95.359449,29.702301],[-95.359498,29.702145],[-95.359539,29.701924],[-95.359551,29.701749],[-95.359553,29.701578],[-95.359549,29.70139],[-95.359491,29.701103],[-95.359373,29.700691],[-95.359314,29.700491],[-95.359276,29.700295],[-95.359259,29.699936],[-95.359282,29.69971],[-95.359323,29.69951],[-95.359434,29.699146],[-95.359571,29.698786],[-95.359866,29.698069],[-95.359869,29.698063],[-95.360153,29.697347],[-95.360443,29.696632],[-95.36073,29.695921],[-95.360912,29.695455]]},"properties":{"Full_Name":"SCOTT ST","ped_crash_count":1,"ped_death_count":0,"total_crash_count":3,"MilesLength":0.49999998}},{"type":"Feature","geometry":{"type":"LineString","coordinates":[[-95.35671,29.709306],[-95.356801,29.709072],[-95.357075,29.708375],[-95.357478,29.707361],[-95.357644,29.706956],[-95.35781,29.706518],[-95.358141,29.70565],[-95.35848,29.704768],[-95.359147,29.703091],[-95.359397,29.702436]]},"properties":{"Full_Name":"SCOTT ST","ped_crash_count":1,"ped_death_count":1,"total_crash_count":2,"MilesLength":0.5}},{"type":"Feature","geometry":{"type":"LineString","coordinates":[[-95.353973,29.716161],[-95.354031,29.716005],[-95.354301,29.715328],[-95.354446,29.715024],[-95.354606,29.714582],[-95.354912,29.713832],[-95.355195,29.713064],[-95.355511,29.71233],[-95.355881,29.711405],[-95.356139,29.710761],[-95.35635,29.710233],[-95.356515,29.709803],[-95.356562,29.709685],[-95.35671,29.709306]]},"properties":{"Full_Name":"SCOTT ST","ped_crash_count":1,"ped_death_count":0,"total_crash_count":6,"MilesLength":0.50000003}},{"type":"Feature","geometry":{"type":"LineString","coordinates":[[-95.351229,29.723014],[-95.351419,29.722536],[-95.351665,29.72192],[-95.351802,29.721565],[-95.351827,29.721506],[-95.351937,29.721245],[-95.352134,29.720765],[-95.352244,29.720455],[-95.352566,29.719649],[-95.352909,29.718834],[-95.353122,29.718293],[-95.353356,29.717727],[-95.353498,29.717345],[-95.353695,29.716852],[-95.353852,29.716483],[-95.353973,29.716161]]},"properties":{"Full_Name":"SCOTT ST","ped_crash_count":1,"ped_death_count":0,"total_crash_count":4,"MilesLength":0.49999998}},{"type":"Feature","geometry":{"type":"LineString","coordinates":[[-95.349573,29.729992],[-95.349819,29.729384],[-95.349951,29.729032],[-95.349994,29.728818],[-95.35,29.728589],[-95.349979,29.728338],[-95.349949,29.728091],[-95.349899,29.727849],[-95.349817,29.727457],[-95.349787,29.727326],[-95.34977,29.727183],[-95.349766,29.726977],[-95.34982,29.72666],[-95.349873,29.726426],[-95.349945,29.726214],[-95.350093,29.725836],[-95.350524,29.724799],[-95.350942,29.723733],[-95.351229,29.723014]]},"properties":{"Full_Name":"SCOTT ST","ped_crash_count":0,"ped_death_count":0,"total_crash_count":5,"MilesLength":0.50000003}},{"type":"Feature","geometry":{"type":"LineString","coordinates":[[-95.346814,29.736837],[-95.347157,29.735963],[-95.347165,29.735944],[-95.347226,29.735819],[-95.347299,29.73567],[-95.347332,29.735603],[-95.347402,29.735458],[-95.347493,29.735272],[-95.347607,29.735039],[-95.347646,29.734905],[-95.347862,29.734338],[-95.348086,29.733709],[-95.348262,29.73324],[-95.3483,29.733159],[-95.348328,29.733092],[-95.348484,29.732718],[-95.348571,29.732499],[-95.348828,29.731883],[-95.34907,29.731252],[-95.349245,29.730793],[-95.349308,29.730631],[-95.349567,29.730006],[-95.349573,29.729992]]},"properties":{"Full_Name":"SCOTT ST","ped_crash_count":1,"ped_death_count":0,"total_crash_count":3,"MilesLength":0.49999998}},{"type":"Feature","geometry":{"type":"LineString","coordinates":[[-95.264809,29.643222],[-95.263369,29.64325],[-95.263277,29.643249],[-95.262713,29.643261],[-95.262451,29.643267],[-95.260095,29.643311],[-95.259816,29.643313],[-95.259012,29.643328],[-95.25855,29.643337]]},"properties":{"Full_Name":"SCRANTON ST","ped_crash_count":0,"ped_death_count":0,"total_crash_count":4,"MilesLength":0.37661866}},{"type":"Feature","geometry":{"type":"LineString","coordinates":[[-95.108082,29.571754],[-95.107968,29.571706],[-95.107531,29.571511],[-95.107266,29.571423],[-95.106793,29.571209],[-95.105925,29.570898],[-95.105077,29.570707],[-95.103608,29.570688],[-95.102777,29.570882],[-95.10184,29.57131],[-95.101404,29.571623],[-95.100897,29.572066],[-95.10065,29.572331]]},"properties":{"Full_Name":"SPACE CENTER BLVD","ped_crash_count":0,"ped_death_count":0,"total_crash_count":5,"MilesLength":0.50000002}},{"type":"Feature","geometry":{"type":"LineString","coordinates":[[-95.123109,29.57794],[-95.12279,29.577806],[-95.122265,29.577594],[-95.122015,29.577494],[-95.119292,29.576369],[-95.118498,29.57604],[-95.116427,29.57521],[-95.115594,29.574848]]},"properties":{"Full_Name":"SPACE CENTER BLVD","ped_crash_count":0,"ped_death_count":0,"total_crash_count":2,"MilesLength":0.5}},{"type":"Feature","geometry":{"type":"LineString","coordinates":[[-95.389208,29.85677],[-95.388014,29.856782],[-95.386079,29.856794],[-95.384755,29.856809],[-95.38463,29.856758]]},"properties":{"Full_Name":"SUNNYSIDE ST","ped_crash_count":2,"ped_death_count":1,"total_crash_count":2,"MilesLength":0.27563236}},{"type":"Feature","geometry":{"type":"LineString","coordinates":[[-95.393662,29.720643],[-95.394516,29.721153],[-95.39521,29.721568],[-95.395555,29.721774],[-95.39607,29.722088],[-95.397121,29.722699],[-95.397342,29.722707],[-95.397852,29.722724],[-95.398208,29.722704],[-95.39854,29.722592],[-95.398814,29.722491],[-95.398824,29.722695],[-95.399067,29.7227],[-95.399229,29.722739],[-95.399349,29.722831],[-95.399448,29.72295],[-95.399504,29.723061],[-95.399542,29.723199],[-95.40066,29.723196]]},"properties":{"Full_Name":"SUNSET BLVD","ped_crash_count":2,"ped_death_count":0,"total_crash_count":3,"MilesLength":0.49999998}},{"type":"Feature","geometry":{"type":"LineString","coordinates":[[-95.286129,29.603296],[-95.286153,29.602913],[-95.286215,29.602469],[-95.286272,29.601391],[-95.286363,29.600647],[-95.286388,29.600242],[-95.286399,29.600062],[-95.28642,29.599713],[-95.286432,29.5993],[-95.286468,29.5986],[-95.28653,29.597897]]},"properties":{"Full_Name":"TELEPHONE RD","ped_crash_count":0,"ped_death_count":0,"total_crash_count":4,"MilesLength":0.37276235}},{"type":"Feature","geometry":{"type":"LineString","coordinates":[[-95.285271,29.617792],[-95.285269,29.617737],[-95.285263,29.616678],[-95.285271,29.616545],[-95.285331,29.615488],[-95.285341,29.615328],[-95.285426,29.614152],[-95.285472,29.613442],[-95.285487,29.6132],[-95.285489,29.613153],[-95.285624,29.611653],[-95.285673,29.610585],[-95.285674,29.610543]]},"properties":{"Full_Name":"TELEPHONE RD","ped_crash_count":0,"ped_death_count":0,"total_crash_count":3,"MilesLength":0.49999999}},{"type":"Feature","geometry":{"type":"LineString","coordinates":[[-95.28544,29.625049],[-95.285441,29.62503],[-95.285414,29.62392],[-95.28537,29.622187],[-95.285353,29.621446],[-95.285377,29.621233],[-95.285353,29.620966],[-95.285348,29.62079],[-95.285318,29.619667],[-95.285301,29.618649],[-95.285293,29.618489],[-95.285273,29.617836],[-95.285271,29.617792]]},"properties":{"Full_Name":"TELEPHONE RD","ped_crash_count":3,"ped_death_count":3,"total_crash_count":7,"MilesLength":0.49999997}},{"type":"Feature","geometry":{"type":"LineString","coordinates":[[-95.288817,29.653437],[-95.288787,29.651559],[-95.288744,29.650151],[-95.288747,29.649596],[-95.288733,29.648784],[-95.288693,29.648135],[-95.288665,29.646178]]},"properties":{"Full_Name":"TELEPHONE RD","ped_crash_count":2,"ped_death_count":2,"total_crash_count":2,"MilesLength":0.49999998}},{"type":"Feature","geometry":{"type":"LineString","coordinates":[[-95.29984,29.694616],[-95.299766,29.69445],[-95.299373,29.693525],[-95.299007,29.69272],[-95.298876,29.692316],[-95.298805,29.691371],[-95.298778,29.690491],[-95.298778,29.689616],[-95.298722,29.68929],[-95.298694,29.689188],[-95.298669,29.689054],[-95.298603,29.688843],[-95.298433,29.688461],[-95.298065,29.687854],[-95.297927,29.687668]]},"properties":{"Full_Name":"TELEPHONE RD","ped_crash_count":2,"ped_death_count":1,"total_crash_count":5,"MilesLength":0.50000002}},{"type":"Feature","geometry":{"type":"LineString","coordinates":[[-95.303301,29.701197],[-95.302802,29.700442],[-95.302231,29.699506],[-95.301659,29.698601],[-95.301509,29.698384],[-95.300933,29.697083],[-95.300738,29.696637],[-95.300547,29.696235],[-95.300524,29.696193],[-95.300391,29.695877],[-95.300306,29.695674],[-95.300175,29.695363],[-95.29984,29.694616]]},"properties":{"Full_Name":"TELEPHONE RD","ped_crash_count":0,"ped_death_count":0,"total_crash_count":2,"MilesLength":0.49999999}},{"type":"Feature","geometry":{"type":"LineString","coordinates":[[-95.288937,29.660696],[-95.288934,29.660621],[-95.288923,29.659702],[-95.288929,29.659403],[-95.288899,29.658382],[-95.288888,29.657497],[-95.288857,29.65582],[-95.288817,29.653479],[-95.288817,29.653437]]},"properties":{"Full_Name":"TELEPHONE RD","ped_crash_count":2,"ped_death_count":1,"total_crash_count":3,"MilesLength":0.49999999}},{"type":"Feature","geometry":{"type":"LineString","coordinates":[[-95.289473,29.675175],[-95.28946,29.675156],[-95.289334,29.674837],[-95.289224,29.674538],[-95.289204,29.673901],[-95.289195,29.673196],[-95.289199,29.672447],[-95.289161,29.671932],[-95.289146,29.671724],[-95.289142,29.671574],[-95.289148,29.671474],[-95.289164,29.671238],[-95.289146,29.670311],[-95.289107,29.669364],[-95.289096,29.66817],[-95.289093,29.667954]]},"properties":{"Full_Name":"TELEPHONE RD","ped_crash_count":2,"ped_death_count":1,"total_crash_count":5,"MilesLength":0.49999996}},{"type":"Feature","geometry":{"type":"LineString","coordinates":[[-95.309016,29.706361],[-95.308836,29.706243],[-95.308522,29.706088],[-95.308401,29.706015],[-95.308158,29.705833],[-95.307575,29.705408],[-95.306843,29.704841],[-95.306344,29.704466],[-95.305226,29.703588],[-95.304362,29.702752],[-95.303526,29.701537],[-95.303301,29.701197]]},"properties":{"Full_Name":"TELEPHONE RD","ped_crash_count":4,"ped_death_count":3,"total_crash_count":7,"MilesLength":0.49999999}},{"type":"Feature","geometry":{"type":"LineString","coordinates":[[-95.319838,29.716699],[-95.319655,29.716364],[-95.319302,29.715708],[-95.319179,29.715441],[-95.318735,29.715047],[-95.318551,29.714865],[-95.317892,29.714298],[-95.317257,29.713715],[-95.316313,29.71284],[-95.316285,29.712816],[-95.315897,29.712489],[-95.315607,29.712176],[-95.315496,29.71195],[-95.315454,29.711897],[-95.314983,29.710932]]},"properties":{"Full_Name":"TELEPHONE RD","ped_crash_count":0,"ped_death_count":0,"total_crash_count":4,"MilesLength":0.50000003}},{"type":"Feature","geometry":{"type":"LineString","coordinates":[[-95.323272,29.723311],[-95.323213,29.723198],[-95.322676,29.722164],[-95.322531,29.721854],[-95.322075,29.721019],[-95.321911,29.720688],[-95.32155,29.719991],[-95.321415,29.719709],[-95.321243,29.719391],[-95.320991,29.718869],[-95.320847,29.71859],[-95.320746,29.718395],[-95.320633,29.718177],[-95.320459,29.717839],[-95.320226,29.717396],[-95.320152,29.717262],[-95.319992,29.71698],[-95.319838,29.716699]]},"properties":{"Full_Name":"TELEPHONE RD","ped_crash_count":0,"ped_death_count":0,"total_crash_count":2,"MilesLength":0.49999994}},{"type":"Feature","geometry":{"type":"LineString","coordinates":[[-95.233004,29.645394],[-95.233002,29.645314],[-95.232975,29.644429],[-95.232952,29.643627],[-95.232931,29.642824],[-95.232907,29.641703],[-95.232892,29.640917],[-95.232869,29.64013],[-95.232855,29.639314],[-95.232841,29.63851],[-95.232834,29.638135]]},"properties":{"Full_Name":"THETA ST","ped_crash_count":0,"ped_death_count":0,"total_crash_count":2,"MilesLength":0.49999999}},{"type":"Feature","geometry":{"type":"LineString","coordinates":[[-95.350859,29.824872],[-95.348813,29.824877],[-95.347206,29.824859],[-95.346225,29.824865],[-95.345899,29.824872],[-95.345875,29.824872],[-95.345247,29.824875],[-95.345105,29.824873],[-95.34496,29.824874],[-95.343929,29.824887],[-95.343754,29.824894],[-95.343556,29.824901],[-95.343207,29.824903],[-95.342987,29.824907],[-95.342591,29.824913]]},"properties":{"Full_Name":"VANCE ST","ped_crash_count":2,"ped_death_count":0,"total_crash_count":2,"MilesLength":0.49658922}},{"type":"Feature","geometry":{"type":"LineString","coordinates":[[-95.153409,29.553895],[-95.15434,29.553209],[-95.154511,29.553084],[-95.155851,29.552099],[-95.155852,29.552098],[-95.156834,29.551505],[-95.157595,29.551048],[-95.158329,29.55044],[-95.158793,29.549924],[-95.159448,29.549221],[-95.159531,29.549067]]},"properties":{"Full_Name":"W EL DORADO BLVD","ped_crash_count":0,"ped_death_count":0,"total_crash_count":3,"MilesLength":0.50000003}},{"type":"Feature","geometry":{"type":"LineString","coordinates":[[-95.180559,30.04447],[-95.181067,30.044912],[-95.181605,30.045432],[-95.18179,30.045655],[-95.182736,30.046841],[-95.18296,30.047233],[-95.183559,30.04826],[-95.183717,30.048591],[-95.183982,30.049113],[-95.184438,30.049987],[-95.184726,30.050681]]},"properties":{"Full_Name":"W LAKE HOUSTON PKWY","ped_crash_count":0,"ped_death_count":0,"total_crash_count":2,"MilesLength":0.49999999}},{"type":"Feature","geometry":{"type":"LineString","coordinates":[[-95.326436,29.770576],[-95.326438,29.770836],[-95.326428,29.771416],[-95.326427,29.771667],[-95.326421,29.772131],[-95.326418,29.772331],[-95.326419,29.77273],[-95.326419,29.772845],[-95.326419,29.772913],[-95.326421,29.773274],[-95.326432,29.773478],[-95.326457,29.774165],[-95.326449,29.774405],[-95.326422,29.776162],[-95.326483,29.776867],[-95.32659,29.777593],[-95.326599,29.777826]]},"properties":{"Full_Name":"WACO ST","ped_crash_count":2,"ped_death_count":0,"total_crash_count":5,"MilesLength":0.49999998}},{"type":"Feature","geometry":{"type":"LineString","coordinates":[[-95.306307,29.736929],[-95.305913,29.737831],[-95.305753,29.738238],[-95.305589,29.738614],[-95.305453,29.738951],[-95.305157,29.739668],[-95.304885,29.740344],[-95.30457,29.741036],[-95.304298,29.741725],[-95.304016,29.742391],[-95.303745,29.743042],[-95.303477,29.743713],[-95.303458,29.743749]]},"properties":{"Full_Name":"WAYSIDE DR","ped_crash_count":2,"ped_death_count":1,"total_crash_count":5,"MilesLength":0.5}},{"type":"Feature","geometry":{"type":"LineString","coordinates":[[-95.303458,29.743749],[-95.303413,29.743841],[-95.303203,29.744367],[-95.302904,29.745112],[-95.302611,29.745812],[-95.302344,29.746477],[-95.30208,29.747133],[-95.301789,29.747776],[-95.301505,29.748438],[-95.301237,29.749107],[-95.300966,29.749769],[-95.30069,29.750434],[-95.300629,29.750576]]},"properties":{"Full_Name":"WAYSIDE DR","ped_crash_count":2,"ped_death_count":2,"total_crash_count":3,"MilesLength":0.49999997}},{"type":"Feature","geometry":{"type":"LineString","coordinates":[[-95.373458,29.748872],[-95.372902,29.74854],[-95.372025,29.748013],[-95.371148,29.747475],[-95.370299,29.746964],[-95.36943,29.74644],[-95.369339,29.746382],[-95.368579,29.745922],[-95.368065,29.745609],[-95.367708,29.745398],[-95.366857,29.744892],[-95.366613,29.744745]]},"properties":{"Full_Name":"WEBSTER ST","ped_crash_count":0,"ped_death_count":0,"total_crash_count":6,"MilesLength":0.49999999}},{"type":"Feature","geometry":{"type":"LineString","coordinates":[[-95.394867,29.839536],[-95.394732,29.839709],[-95.394658,29.839834],[-95.394591,29.839985],[-95.394531,29.840128],[-95.394495,29.840436],[-95.394492,29.840552],[-95.394497,29.840697],[-95.394495,29.840794],[-95.394448,29.840967],[-95.394335,29.84151],[-95.394313,29.841885],[-95.394298,29.842427],[-95.394307,29.843481],[-95.394314,29.844507],[-95.394319,29.84541],[-95.394298,29.845512],[-95.394348,29.845806],[-95.394418,29.845929],[-95.394532,29.846044],[-95.394659,29.846115],[-95.394768,29.84617],[-95.394785,29.846178],[-95.394872,29.846234],[-95.394943,29.846298],[-95.395008,29.84638],[-95.395043,29.846439]]},"properties":{"Full_Name":"WERNER ST","ped_crash_count":1,"ped_death_count":1,"total_crash_count":3,"MilesLength":0.50000002}},{"type":"Feature","geometry":{"type":"LineString","coordinates":[[-95.395012,29.849217],[-95.394993,29.850176],[-95.39501,29.850243],[-95.395036,29.852813],[-95.395039,29.853326],[-95.395058,29.854907],[-95.395058,29.854954]]},"properties":{"Full_Name":"WERNER ST","ped_crash_count":0,"ped_death_count":0,"total_crash_count":2,"MilesLength":0.39524765}},{"type":"Feature","geometry":{"type":"LineString","coordinates":[[-95.561994,29.790764],[-95.562683,29.790787],[-95.563069,29.79079],[-95.563311,29.790791],[-95.563529,29.790793],[-95.563742,29.790794],[-95.565015,29.790782],[-95.565877,29.790777],[-95.568074,29.790793],[-95.569612,29.790812],[-95.569819,29.790802]]},"properties":{"Full_Name":"WESTVIEW DR","ped_crash_count":0,"ped_death_count":0,"total_crash_count":4,"MilesLength":0.47015278}},{"type":"Feature","geometry":{"type":"LineString","coordinates":[[-95.536913,29.791283],[-95.537505,29.791271],[-95.537911,29.791266],[-95.53813,29.791266],[-95.538324,29.791258],[-95.538542,29.79124],[-95.538748,29.791215],[-95.538926,29.791181],[-95.539093,29.79114],[-95.539571,29.790996],[-95.539926,29.790903],[-95.540093,29.790869],[-95.540391,29.790845],[-95.540767,29.79083],[-95.543513,29.790849],[-95.544607,29.790853],[-95.545173,29.790861]]},"properties":{"Full_Name":"WESTVIEW DR","ped_crash_count":1,"ped_death_count":1,"total_crash_count":3,"MilesLength":0.49999998}},{"type":"Feature","geometry":{"type":"LineString","coordinates":[[-95.382983,29.734133],[-95.382128,29.733605],[-95.381281,29.733104],[-95.380665,29.732728],[-95.380555,29.732663],[-95.380478,29.732611],[-95.380396,29.732554],[-95.380236,29.732468],[-95.38013,29.73241],[-95.380017,29.732349],[-95.379527,29.732059],[-95.379197,29.731861]]},"properties":{"Full_Name":"WHEELER ST","ped_crash_count":2,"ped_death_count":0,"total_crash_count":4,"MilesLength":0.27621116}},{"type":"Feature","geometry":{"type":"LineString","coordinates":[[-95.310107,29.984812],[-95.310021,29.984821],[-95.309726,29.984853],[-95.309445,29.984873],[-95.309219,29.984879],[-95.308562,29.984877],[-95.307818,29.984868],[-95.307437,29.984854],[-95.306621,29.984803],[-95.305686,29.984695],[-95.303417,29.984276],[-95.302014,29.983958],[-95.301883,29.983931]]},"properties":{"Full_Name":"WILL CLAYTON PKWY","ped_crash_count":0,"ped_death_count":0,"total_crash_count":3,"MilesLength":0.49999997}},{"type":"Feature","geometry":{"type":"LineString","coordinates":[[-95.256876,29.670249],[-95.2559,29.670266],[-95.254697,29.670268],[-95.254226,29.670278],[-95.253779,29.670288],[-95.253064,29.670304],[-95.252272,29.670321],[-95.251447,29.67034],[-95.249659,29.670361]]},"properties":{"Full_Name":"WINKLER DR","ped_crash_count":0,"ped_death_count":0,"total_crash_count":2,"MilesLength":0.43413373}},{"type":"Feature","geometry":{"type":"LineString","coordinates":[[-95.263492,29.673299],[-95.263442,29.673248],[-95.263142,29.672945],[-95.262566,29.67236],[-95.262,29.671779],[-95.261952,29.671702],[-95.261411,29.671185],[-95.260433,29.670131],[-95.259745,29.670219],[-95.259311,29.67022],[-95.258023,29.67023],[-95.256876,29.670249]]},"properties":{"Full_Name":"WINKLER DR","ped_crash_count":1,"ped_death_count":0,"total_crash_count":2,"MilesLength":0.49999999}},{"type":"Feature","geometry":{"type":"LineString","coordinates":[[-95.294761,29.702974],[-95.294844,29.702878],[-95.295275,29.702347],[-95.29546,29.702131],[-95.295528,29.702053],[-95.2956,29.70197],[-95.29574,29.701807],[-95.296309,29.701161],[-95.296456,29.700864],[-95.29668,29.700238],[-95.296778,29.699822],[-95.296821,29.699335],[-95.296838,29.698959],[-95.296994,29.698425],[-95.297187,29.697908],[-95.297265,29.697667],[-95.297539,29.697023],[-95.29777,29.69636],[-95.297772,29.696356]]},"properties":{"Full_Name":"WOODRIDGE DR","ped_crash_count":2,"ped_death_count":0,"total_crash_count":2,"MilesLength":0.49999999}},{"type":"Feature","geometry":{"type":"LineString","coordinates":[[-95.243351,29.690435],[-95.244615,29.68877],[-95.244891,29.688461],[-95.245152,29.688219],[-95.245547,29.687878],[-95.246143,29.687421],[-95.24707,29.686988],[-95.247209,29.686923],[-95.247621,29.686742],[-95.247904,29.686614],[-95.248403,29.686396],[-95.249328,29.685996],[-95.24957,29.685891]]},"properties":{"Full_Name":"AHRENS ST","ped_crash_count":0,"ped_death_count":0,"total_crash_count":2,"MilesLength":0.49999994}},{"type":"Feature","geometry":{"type":"LineString","coordinates":[[-95.381976,29.806999],[-95.381988,29.807569],[-95.382005,29.808399],[-95.382011,29.80879],[-95.382015,29.809504],[-95.382018,29.809776],[-95.382024,29.810553],[-95.382036,29.811004],[-95.382046,29.811246],[-95.382075,29.811474],[-95.382133,29.811919],[-95.382281,29.812592],[-95.382418,29.813268],[-95.382526,29.813703],[-95.382563,29.813951],[-95.382594,29.814161],[-95.382602,29.814217]]},"properties":{"Full_Name":"AIRLINE DR","ped_crash_count":3,"ped_death_count":1,"total_crash_count":5,"MilesLength":0.50000004}},{"type":"Feature","geometry":{"type":"LineString","coordinates":[[-95.38186,29.79974],[-95.381861,29.799844],[-95.381867,29.80053],[-95.381881,29.80123],[-95.381888,29.801585],[-95.381897,29.802081],[-95.381904,29.802342],[-95.381906,29.802433],[-95.38191,29.802663],[-95.381913,29.8031],[-95.381931,29.803711],[-95.381924,29.803854],[-95.381939,29.804658],[-95.381947,29.805139],[-95.381953,29.805364],[-95.381965,29.806085],[-95.381972,29.806784],[-95.381976,29.806999]]},"properties":{"Full_Name":"AIRLINE DR","ped_crash_count":1,"ped_death_count":0,"total_crash_count":2,"MilesLength":0.5}},{"type":"Feature","geometry":{"type":"LineString","coordinates":[[-95.384651,29.857692],[-95.384651,29.857727],[-95.384647,29.858609],[-95.384669,29.859445],[-95.384672,29.859967],[-95.384684,29.860689],[-95.384699,29.861725],[-95.384716,29.862908],[-95.384736,29.863626],[-95.384742,29.864367],[-95.384747,29.864462],[-95.38476,29.864951]]},"properties":{"Full_Name":"AIRLINE DR","ped_crash_count":3,"ped_death_count":1,"total_crash_count":4,"MilesLength":0.50000003}},{"type":"Feature","geometry":{"type":"LineString","coordinates":[[-95.384526,29.850433],[-95.384529,29.851258],[-95.384542,29.851829],[-95.384553,29.852088],[-95.38456,29.852531],[-95.38456,29.852552],[-95.384582,29.853269],[-95.384584,29.853821],[-95.384578,29.854298],[-95.384593,29.854936],[-95.384603,29.855611],[-95.384614,29.856103],[-95.38463,29.856758],[-95.384651,29.857692]]},"properties":{"Full_Name":"AIRLINE DR","ped_crash_count":4,"ped_death_count":2,"total_crash_count":5,"MilesLength":0.49999999}},{"type":"Feature","geometry":{"type":"LineString","coordinates":[[-95.384366,29.835918],[-95.384366,29.836114],[-95.384349,29.837247],[-95.38435,29.838599],[-95.384365,29.839942],[-95.384376,29.840696],[-95.384375,29.840719],[-95.384375,29.840731],[-95.384374,29.840865],[-95.384387,29.841611],[-95.38439,29.841871],[-95.384398,29.8426],[-95.384402,29.842679],[-95.384406,29.84279],[-95.384405,29.843058],[-95.38441,29.843178]]},"properties":{"Full_Name":"AIRLINE DR","ped_crash_count":2,"ped_death_count":0,"total_crash_count":3,"MilesLength":0.49999995}},{"type":"Feature","geometry":{"type":"LineString","coordinates":[[-95.384268,29.828663],[-95.384275,29.828863],[-95.384318,29.829234],[-95.384355,29.829748],[-95.38436,29.830854],[-95.384388,29.83166],[-95.384398,29.832053],[-95.384406,29.83224],[-95.3844,29.832702],[-95.384399,29.833053],[-95.384398,29.833303],[-95.384397,29.833508],[-95.384396,29.833842],[-95.38436,29.834605],[-95.384366,29.835918]]},"properties":{"Full_Name":"AIRLINE DR","ped_crash_count":2,"ped_death_count":0,"total_crash_count":8,"MilesLength":0.50000002}},{"type":"Feature","geometry":{"type":"LineString","coordinates":[[-95.383453,29.821438],[-95.383545,29.822202],[-95.38366,29.82325],[-95.383754,29.824054],[-95.383865,29.825018],[-95.383936,29.825711],[-95.384014,29.826394],[-95.384089,29.827082],[-95.384196,29.827925],[-95.384266,29.82863],[-95.384268,29.828663]]},"properties":{"Full_Name":"AIRLINE DR","ped_crash_count":1,"ped_death_count":0,"total_crash_count":5,"MilesLength":0.49999999}},{"type":"Feature","geometry":{"type":"LineString","coordinates":[[-95.382602,29.814217],[-95.382622,29.814354],[-95.382645,29.814485],[-95.382688,29.814784],[-95.382754,29.815201],[-95.382835,29.815965],[-95.382911,29.816584],[-95.382952,29.816996],[-95.382973,29.817167],[-95.383,29.817417],[-95.383023,29.817616],[-95.383045,29.817854],[-95.383172,29.819005],[-95.383212,29.81937],[-95.38336,29.82066],[-95.383453,29.821438]]},"properties":{"Full_Name":"AIRLINE DR","ped_crash_count":3,"ped_death_count":0,"total_crash_count":3,"MilesLength":0.5}},{"type":"Feature","geometry":{"type":"LineString","coordinates":[[-95.38476,29.864951],[-95.384821,29.867215],[-95.384847,29.868451],[-95.384857,29.869047],[-95.384864,29.870055],[-95.384873,29.870491],[-95.384875,29.8707],[-95.38489,29.870985],[-95.384899,29.871104],[-95.384903,29.871202],[-95.384906,29.871339],[-95.384895,29.871414],[-95.384878,29.871525],[-95.38488,29.871741],[-95.384895,29.871933],[-95.384904,29.872207]]},"properties":{"Full_Name":"AIRLINE DR","ped_crash_count":1,"ped_death_count":0,"total_crash_count":6,"MilesLength":0.5}},{"type":"Feature","geometry":{"type":"LineString","coordinates":[[-95.406478,29.919176],[-95.406492,29.919217],[-95.406804,29.920064],[-95.407037,29.920743],[-95.407234,29.921274],[-95.407371,29.921642],[-95.40756,29.922159],[-95.407969,29.92331],[-95.408147,29.923784],[-95.408272,29.92415],[-95.408563,29.924954],[-95.408733,29.925453],[-95.408966,29.926104]]},"properties":{"Full_Name":"AIRLINE DR","ped_crash_count":1,"ped_death_count":0,"total_crash_count":9,"MilesLength":0.50000001}},{"type":"Feature","geometry":{"type":"LineString","coordinates":[[-95.405101,29.915312],[-95.40514,29.915417],[-95.40554,29.916553],[-95.405965,29.91776],[-95.406163,29.918322],[-95.406383,29.91891],[-95.406478,29.919176]]},"properties":{"Full_Name":"AIRLINE DR","ped_crash_count":1,"ped_death_count":0,"total_crash_count":3,"MilesLength":0.27864062}},{"type":"Feature","geometry":{"type":"LineString","coordinates":[[-95.373957,29.643875],[-95.372983,29.643889],[-95.372698,29.643894],[-95.37225,29.643891],[-95.371709,29.643961],[-95.371389,29.644007],[-95.370711,29.644236],[-95.37019,29.64453],[-95.369444,29.644926],[-95.368956,29.645081],[-95.368384,29.645173],[-95.367214,29.64524],[-95.366453,29.645289],[-95.36598,29.645343]]},"properties":{"Full_Name":"AIRPORT BLVD","ped_crash_count":0,"ped_death_count":0,"total_crash_count":5,"MilesLength":0.5}},{"type":"Feature","geometry":{"type":"LineString","coordinates":[[-95.390575,29.643545],[-95.387915,29.643576],[-95.387485,29.643585],[-95.386982,29.643594],[-95.386522,29.643603],[-95.384903,29.643651],[-95.383675,29.643684],[-95.382266,29.643722]]},"properties":{"Full_Name":"AIRPORT BLVD","ped_crash_count":0,"ped_death_count":0,"total_crash_count":3,"MilesLength":0.49999998}},{"type":"Feature","geometry":{"type":"LineString","coordinates":[[-95.302271,29.649158],[-95.302268,29.649159],[-95.300402,29.650079],[-95.296066,29.652219],[-95.295035,29.652731]]},"properties":{"Full_Name":"AIRPORT BLVD","ped_crash_count":0,"ped_death_count":0,"total_crash_count":3,"MilesLength":0.5}},{"type":"Feature","geometry":{"type":"LineString","coordinates":[[-95.342114,29.644641],[-95.341303,29.644433],[-95.34009,29.644155],[-95.339338,29.643977],[-95.33906,29.643936],[-95.338112,29.643836],[-95.336908,29.643886],[-95.336278,29.643982],[-95.335414,29.644227],[-95.334806,29.644363],[-95.334159,29.644478],[-95.334004,29.644486]]},"properties":{"Full_Name":"AIRPORT BLVD","ped_crash_count":0,"ped_death_count":0,"total_crash_count":3,"MilesLength":0.49999999}},{"type":"Feature","geometry":{"type":"LineString","coordinates":[[-95.257184,29.652113],[-95.257003,29.652115],[-95.256153,29.652133],[-95.255364,29.652152],[-95.255011,29.652156],[-95.254422,29.652161],[-95.253764,29.652172],[-95.253443,29.65218],[-95.25293,29.652203],[-95.252555,29.652262],[-95.25222,29.652353],[-95.252115,29.65238],[-95.251813,29.65246],[-95.2516,29.652509],[-95.2514,29.652555],[-95.251383,29.652557],[-95.251194,29.652585],[-95.250956,29.65262]]},"properties":{"Full_Name":"AIRPORT BLVD","ped_crash_count":2,"ped_death_count":0,"total_crash_count":5,"MilesLength":0.37835595}},{"type":"Feature","geometry":{"type":"LineString","coordinates":[[-95.264078,29.655703],[-95.26398,29.65562],[-95.262295,29.654217],[-95.261183,29.65331],[-95.260786,29.653058],[-95.260249,29.652747],[-95.259493,29.652425],[-95.258915,29.652298],[-95.258321,29.652167],[-95.258116,29.652131],[-95.257775,29.652117],[-95.257386,29.652111],[-95.257184,29.652113]]},"properties":{"Full_Name":"AIRPORT BLVD","ped_crash_count":0,"ped_death_count":0,"total_crash_count":3,"MilesLength":0.49999999}},{"type":"Feature","geometry":{"type":"LineString","coordinates":[[-95.27986,29.65783],[-95.279785,29.657832],[-95.278605,29.657849],[-95.278116,29.657869],[-95.277336,29.657882],[-95.276868,29.6579],[-95.276708,29.657906],[-95.276037,29.657917],[-95.27357,29.657969],[-95.272317,29.657985],[-95.271551,29.658008]]},"properties":{"Full_Name":"AIRPORT BLVD","ped_crash_count":1,"ped_death_count":0,"total_crash_count":4,"MilesLength":0.50000002}},{"type":"Feature","geometry":{"type":"LineString","coordinates":[[-95.28781,29.656319],[-95.285572,29.657386],[-95.284509,29.657655],[-95.284276,29.657682],[-95.28328,29.657764],[-95.282529,29.657775],[-95.281999,29.657776],[-95.281667,29.657791],[-95.281237,29.657803],[-95.280955,29.65781],[-95.280205,29.657825],[-95.27986,29.65783]]},"properties":{"Full_Name":"AIRPORT BLVD","ped_crash_count":0,"ped_death_count":0,"total_crash_count":3,"MilesLength":0.5}},{"type":"Feature","geometry":{"type":"LineString","coordinates":[[-95.36615,29.729595],[-95.365444,29.729183],[-95.364563,29.728651],[-95.362859,29.727596],[-95.362187,29.727203],[-95.361226,29.726619],[-95.360717,29.726296],[-95.360559,29.726216],[-95.360443,29.726165],[-95.359972,29.726012],[-95.359135,29.725764]]},"properties":{"Full_Name":"ALABAMA ST","ped_crash_count":0,"ped_death_count":0,"total_crash_count":2,"MilesLength":0.49999999}},{"type":"Feature","geometry":{"type":"LineString","coordinates":[[-95.372977,29.733743],[-95.372546,29.733477],[-95.37213,29.73322],[-95.371766,29.732996],[-95.371486,29.732823],[-95.371301,29.732709],[-95.371211,29.732653],[-95.371047,29.732552],[-95.370556,29.732249],[-95.369857,29.731837],[-95.369702,29.731731],[-95.36885,29.731224],[-95.367999,29.730709],[-95.367162,29.73021],[-95.366279,29.729671],[-95.36615,29.729595]]},"properties":{"Full_Name":"ALABAMA ST","ped_crash_count":1,"ped_death_count":0,"total_crash_count":5,"MilesLength":0.50000002}},{"type":"Feature","geometry":{"type":"LineString","coordinates":[[-95.537376,29.673854],[-95.541493,29.673678],[-95.543918,29.673596]]},"properties":{"Full_Name":"ALBERENE DR","ped_crash_count":0,"ped_death_count":0,"total_crash_count":2,"MilesLength":0.39382185}},{"type":"Feature","geometry":{"type":"LineString","coordinates":[[-95.480521,29.710058],[-95.480516,29.709196],[-95.480505,29.708722],[-95.480476,29.70757],[-95.480472,29.707405],[-95.480464,29.706415],[-95.480457,29.705602],[-95.480457,29.705362],[-95.480453,29.703773],[-95.480448,29.702869],[-95.480446,29.702798]]},"properties":{"Full_Name":"ALDER DR","ped_crash_count":0,"ped_death_count":0,"total_crash_count":2,"MilesLength":0.5}},{"type":"Feature","geometry":{"type":"LineString","coordinates":[[-95.41241,29.931818],[-95.411992,29.931802],[-95.41182,29.931795],[-95.411683,29.93179],[-95.411597,29.931787],[-95.411456,29.931782],[-95.411229,29.931773],[-95.410965,29.931759],[-95.409754,29.931695],[-95.407319,29.931727],[-95.406223,29.931747],[-95.404551,29.931746],[-95.404107,29.931749],[-95.40408,29.931749]]},"properties":{"Full_Name":"ALDINE BENDER RD","ped_crash_count":2,"ped_death_count":1,"total_crash_count":4,"MilesLength":0.49999999}},{"type":"Feature","geometry":{"type":"LineString","coordinates":[[-95.387413,29.931898],[-95.386819,29.931892],[-95.385833,29.931939],[-95.384026,29.932081],[-95.383403,29.932146],[-95.382919,29.932217],[-95.381796,29.932416],[-95.38066,29.932612],[-95.380593,29.932624]]},"properties":{"Full_Name":"ALDINE BENDER RD","ped_crash_count":2,"ped_death_count":2,"total_crash_count":5,"MilesLength":0.413126}},{"type":"Feature","geometry":{"type":"LineString","coordinates":[[-95.395746,29.931825],[-95.395547,29.931827],[-95.395469,29.931827],[-95.395398,29.931828],[-95.395367,29.931828],[-95.393135,29.931894],[-95.392361,29.93191],[-95.390996,29.931919],[-95.389586,29.93192],[-95.387413,29.931898]]},"properties":{"Full_Name":"ALDINE BENDER RD","ped_crash_count":1,"ped_death_count":0,"total_crash_count":7,"MilesLength":0.50000006}},{"type":"Feature","geometry":{"type":"LineString","coordinates":[[-95.40408,29.931749],[-95.40328,29.93177],[-95.402131,29.931773],[-95.400075,29.931795],[-95.395746,29.931825]]},"properties":{"Full_Name":"ALDINE BENDER RD","ped_crash_count":0,"ped_death_count":0,"total_crash_count":4,"MilesLength":0.49999999}},{"type":"Feature","geometry":{"type":"LineString","coordinates":[[-95.32963,29.93019],[-95.325282,29.930267],[-95.322628,29.930323],[-95.321792,29.930328],[-95.321405,29.930337],[-95.321297,29.930338]]},"properties":{"Full_Name":"ALDINE BENDER RD","ped_crash_count":0,"ped_death_count":0,"total_crash_count":2,"MilesLength":0.49999997}},{"type":"Feature","geometry":{"type":"LineString","coordinates":[[-95.34286,29.842887],[-95.343306,29.843255],[-95.34349,29.843407],[-95.34451,29.844317],[-95.344517,29.844324],[-95.344908,29.844664],[-95.344913,29.844668],[-95.345165,29.844888],[-95.345195,29.844913],[-95.345407,29.845098],[-95.3457,29.84536],[-95.347039,29.846539],[-95.348117,29.847504],[-95.348123,29.84751],[-95.348644,29.848078],[-95.348654,29.848095]]},"properties":{"Full_Name":"ALDINE WESTFIELD RD","ped_crash_count":1,"ped_death_count":0,"total_crash_count":2,"MilesLength":0.49999998}},{"type":"Feature","geometry":{"type":"LineString","coordinates":[[-95.349885,29.855132],[-95.349887,29.855388],[-95.349887,29.855389],[-95.349896,29.856526],[-95.349903,29.857072],[-95.349903,29.857072],[-95.349905,29.857525],[-95.349919,29.85821],[-95.349919,29.85821],[-95.349919,29.859447],[-95.349919,29.859447],[-95.349935,29.860585],[-95.349939,29.860779],[-95.349946,29.861699],[-95.349947,29.862392]]},"properties":{"Full_Name":"ALDINE WESTFIELD RD","ped_crash_count":0,"ped_death_count":0,"total_crash_count":4,"MilesLength":0.49999999}},{"type":"Feature","geometry":{"type":"LineString","coordinates":[[-95.354889,29.897676],[-95.354938,29.898662],[-95.354938,29.898663],[-95.35495,29.899051],[-95.35497,29.900103],[-95.35497,29.900105],[-95.35502,29.901335],[-95.355064,29.902342],[-95.355064,29.902343],[-95.35514,29.904508],[-95.35514,29.904508],[-95.355151,29.904932]]},"properties":{"Full_Name":"ALDINE WESTFIELD RD","ped_crash_count":0,"ped_death_count":0,"total_crash_count":8,"MilesLength":0.50000001}},{"type":"Feature","geometry":{"type":"LineString","coordinates":[[-95.355091,29.883165],[-95.355089,29.88366],[-95.355089,29.883661],[-95.355047,29.884887],[-95.355027,29.885594],[-95.355027,29.885595],[-95.354993,29.886448],[-95.354976,29.88662],[-95.354975,29.887148],[-95.354934,29.887602],[-95.354944,29.888082],[-95.354928,29.888818],[-95.354928,29.888818],[-95.354905,29.889415],[-95.354905,29.889415],[-95.354863,29.89042]]},"properties":{"Full_Name":"ALDINE WESTFIELD RD","ped_crash_count":0,"ped_death_count":0,"total_crash_count":3,"MilesLength":0.49999999}},{"type":"Feature","geometry":{"type":"LineString","coordinates":[[-95.354614,29.876026],[-95.354839,29.876449],[-95.354839,29.87645],[-95.355233,29.877218],[-95.355233,29.877219],[-95.355252,29.877339],[-95.355266,29.877477],[-95.355276,29.877642],[-95.355269,29.877972],[-95.355269,29.877972],[-95.355233,29.878776],[-95.355233,29.878776],[-95.355204,29.879563],[-95.355204,29.879563],[-95.355183,29.880409],[-95.35518,29.880472],[-95.355159,29.881149],[-95.355093,29.882706],[-95.355091,29.883165]]},"properties":{"Full_Name":"ALDINE WESTFIELD RD","ped_crash_count":0,"ped_death_count":0,"total_crash_count":4,"MilesLength":0.49999994}},{"type":"Feature","geometry":{"type":"LineString","coordinates":[[-95.35109,29.869449],[-95.351183,29.86962],[-95.351308,29.869859],[-95.351308,29.86986],[-95.351811,29.870814],[-95.351905,29.870996],[-95.351906,29.870997],[-95.352566,29.872206],[-95.352832,29.8727],[-95.353221,29.873443],[-95.353221,29.873444],[-95.35399,29.874877],[-95.35399,29.874878],[-95.354264,29.875372],[-95.354409,29.875653],[-95.354569,29.875942],[-95.35457,29.875943],[-95.354614,29.876026]]},"properties":{"Full_Name":"ALDINE WESTFIELD RD","ped_crash_count":1,"ped_death_count":0,"total_crash_count":7,"MilesLength":0.50000003}},{"type":"Feature","geometry":{"type":"LineString","coordinates":[[-95.355902,29.926701],[-95.355935,29.927721],[-95.355935,29.927721],[-95.35606,29.931313],[-95.356137,29.933958]]},"properties":{"Full_Name":"ALDINE WESTFIELD RD","ped_crash_count":0,"ped_death_count":0,"total_crash_count":2,"MilesLength":0.49999998}},{"type":"Feature","geometry":{"type":"LineString","coordinates":[[-95.355403,29.912189],[-95.355437,29.913208],[-95.355437,29.913208],[-95.355493,29.91463],[-95.355493,29.91463],[-95.355569,29.916827],[-95.355569,29.916827],[-95.355618,29.918233],[-95.355654,29.919445]]},"properties":{"Full_Name":"ALDINE WESTFIELD RD","ped_crash_count":0,"ped_death_count":0,"total_crash_count":3,"MilesLength":0.49999998}},{"type":"Feature","geometry":{"type":"LineString","coordinates":[[-95.578887,29.716015],[-95.579775,29.716065],[-95.580159,29.716034],[-95.580805,29.715986],[-95.581451,29.715937],[-95.582082,29.715887],[-95.582608,29.715843],[-95.583299,29.715782],[-95.583529,29.71576],[-95.583966,29.715729],[-95.585148,29.715631],[-95.5855,29.715593]]},"properties":{"Full_Name":"ALIEF CLODINE RD","ped_crash_count":0,"ped_death_count":0,"total_crash_count":2,"MilesLength":0.39923275}},{"type":"Feature","geometry":{"type":"LineString","coordinates":[[-95.593711,29.714884],[-95.594392,29.714837],[-95.595038,29.714787],[-95.595696,29.71473],[-95.596373,29.714673],[-95.597077,29.714613],[-95.597561,29.714572],[-95.598973,29.714458],[-95.600204,29.714359],[-95.601993,29.714212]]},"properties":{"Full_Name":"ALIEF CLODINE RD","ped_crash_count":0,"ped_death_count":0,"total_crash_count":2,"MilesLength":0.49999997}},{"type":"Feature","geometry":{"type":"LineString","coordinates":[[-95.390269,29.760986],[-95.390973,29.761268],[-95.391663,29.761433],[-95.392438,29.76137],[-95.393325,29.761102],[-95.394067,29.760962],[-95.394725,29.760979],[-95.395377,29.76115],[-95.396054,29.761367],[-95.396824,29.761434],[-95.397494,29.761329],[-95.398239,29.76112],[-95.398292,29.761102]]},"properties":{"Full_Name":"ALLEN PKWY","ped_crash_count":1,"ped_death_count":0,"total_crash_count":2,"MilesLength":0.49999994}},{"type":"Feature","geometry":{"type":"LineString","coordinates":[[-95.385287,29.761223],[-95.385805,29.761217],[-95.386432,29.761214],[-95.386993,29.761152],[-95.387741,29.760898],[-95.388317,29.760745],[-95.388687,29.760717],[-95.389185,29.760769],[-95.389445,29.76086],[-95.38974,29.76096]]},"properties":{"Full_Name":"ALLEN PKWY","ped_crash_count":0,"ped_death_count":0,"total_crash_count":2,"MilesLength":0.27547797}},{"type":"Feature","geometry":{"type":"LineString","coordinates":[[-95.419599,29.613633],[-95.417524,29.613645],[-95.416214,29.613668],[-95.415577,29.613679],[-95.415305,29.61368],[-95.41338,29.613716],[-95.412046,29.613734],[-95.411291,29.613744]]},"properties":{"Full_Name":"ALMEDA GENOA RD","ped_crash_count":1,"ped_death_count":1,"total_crash_count":2,"MilesLength":0.49999998}},{"type":"Feature","geometry":{"type":"LineString","coordinates":[[-95.386367,29.614038],[-95.386255,29.614039],[-95.385675,29.614048],[-95.384407,29.61407],[-95.381191,29.61411],[-95.380246,29.614119],[-95.379897,29.614127],[-95.379666,29.614147],[-95.379457,29.614176],[-95.379268,29.614214],[-95.37907,29.614265],[-95.37884,29.614336],[-95.378584,29.614429],[-95.378283,29.614569],[-95.378168,29.614625]]},"properties":{"Full_Name":"ALMEDA GENOA RD","ped_crash_count":0,"ped_death_count":0,"total_crash_count":4,"MilesLength":0.49999997}},{"type":"Feature","geometry":{"type":"LineString","coordinates":[[-95.394675,29.61395],[-95.394671,29.61395],[-95.394219,29.613958],[-95.392728,29.613973],[-95.389629,29.614016],[-95.388562,29.614026],[-95.388179,29.614032],[-95.387628,29.614037],[-95.387211,29.614038],[-95.386956,29.614038],[-95.38669,29.614038],[-95.386367,29.614038]]},"properties":{"Full_Name":"ALMEDA GENOA RD","ped_crash_count":0,"ped_death_count":0,"total_crash_count":2,"MilesLength":0.49999998}},{"type":"Feature","geometry":{"type":"LineString","coordinates":[[-95.346523,29.620025],[-95.346251,29.620121],[-95.345967,29.620203],[-95.344671,29.620517],[-95.343345,29.620769],[-95.342002,29.620931],[-95.341626,29.621005],[-95.340914,29.621007],[-95.339941,29.620997],[-95.339631,29.620994],[-95.338686,29.620984],[-95.338352,29.620981]]},"properties":{"Full_Name":"ALMEDA GENOA RD","ped_crash_count":0,"ped_death_count":0,"total_crash_count":3,"MilesLength":0.49999996}},{"type":"Feature","geometry":{"type":"LineString","coordinates":[[-95.353933,29.616764],[-95.353649,29.616845],[-95.352059,29.617591],[-95.349317,29.618878],[-95.348544,29.619261],[-95.347491,29.619702],[-95.34654,29.620019],[-95.346523,29.620025]]},"properties":{"Full_Name":"ALMEDA GENOA RD","ped_crash_count":0,"ped_death_count":0,"total_crash_count":3,"MilesLength":0.50000001}},{"type":"Feature","geometry":{"type":"LineString","coordinates":[[-95.247853,29.627191],[-95.247719,29.627197],[-95.247239,29.62722],[-95.246149,29.627267],[-95.246005,29.62727],[-95.245502,29.627294],[-95.245354,29.627293],[-95.244929,29.627317],[-95.24389,29.627359],[-95.243514,29.627375],[-95.242919,29.627401],[-95.242777,29.627407],[-95.241838,29.627446],[-95.241744,29.62745],[-95.241511,29.62746],[-95.241342,29.627467],[-95.24114,29.627476],[-95.240915,29.627485],[-95.24067,29.627496],[-95.239553,29.627548]]},"properties":{"Full_Name":"ALMEDA GENOA RD","ped_crash_count":0,"ped_death_count":0,"total_crash_count":2,"MilesLength":0.5}},{"type":"Feature","geometry":{"type":"LineString","coordinates":[[-95.203582,29.622779],[-95.203219,29.622794],[-95.202057,29.622833],[-95.200896,29.622876],[-95.199744,29.622916],[-95.199017,29.622937],[-95.198442,29.622982],[-95.198051,29.623058]]},"properties":{"Full_Name":"ALMEDA GENOA RD","ped_crash_count":0,"ped_death_count":0,"total_crash_count":2,"MilesLength":0.33372738}},{"type":"Feature","geometry":{"type":"LineString","coordinates":[[-95.231245,29.627676],[-95.230687,29.627681],[-95.229264,29.627647],[-95.229164,29.627654],[-95.229015,29.627666],[-95.228741,29.627686],[-95.228522,29.627703],[-95.228164,29.62773],[-95.227258,29.627741],[-95.226852,29.627755],[-95.226136,29.627751],[-95.22546,29.62777],[-95.224168,29.627756],[-95.223307,29.627778],[-95.222941,29.627783]]},"properties":{"Full_Name":"ALMEDA GENOA RD","ped_crash_count":0,"ped_death_count":0,"total_crash_count":5,"MilesLength":0.50000005}},{"type":"Feature","geometry":{"type":"LineString","coordinates":[[-95.239553,29.627548],[-95.239369,29.627557],[-95.238477,29.627588],[-95.236721,29.627613],[-95.234469,29.627642],[-95.234147,29.627646],[-95.233096,29.627657],[-95.232073,29.627667],[-95.231471,29.627673],[-95.231245,29.627676]]},"properties":{"Full_Name":"ALMEDA GENOA RD","ped_crash_count":1,"ped_death_count":0,"total_crash_count":3,"MilesLength":0.49999997}},{"type":"Feature","geometry":{"type":"LineString","coordinates":[[-95.274413,29.626139],[-95.271228,29.626244],[-95.270471,29.626278],[-95.266824,29.626439],[-95.266741,29.626443],[-95.266112,29.626474]]},"properties":{"Full_Name":"ALMEDA GENOA RD","ped_crash_count":0,"ped_death_count":0,"total_crash_count":3,"MilesLength":0.50000001}},{"type":"Feature","geometry":{"type":"LineString","coordinates":[[-95.420555,29.611175],[-95.420957,29.610144],[-95.421017,29.609991],[-95.421781,29.608177],[-95.42246,29.606435]]},"properties":{"Full_Name":"ALMEDA RD","ped_crash_count":1,"ped_death_count":1,"total_crash_count":2,"MilesLength":0.34601884}},{"type":"Feature","geometry":{"type":"LineString","coordinates":[[-95.41784,29.618037],[-95.418223,29.617072],[-95.4189,29.615377],[-95.419224,29.614569],[-95.419599,29.613633],[-95.420555,29.611175]]},"properties":{"Full_Name":"ALMEDA RD","ped_crash_count":2,"ped_death_count":2,"total_crash_count":4,"MilesLength":0.49999999}},{"type":"Feature","geometry":{"type":"LineString","coordinates":[[-95.412372,29.631749],[-95.412393,29.631695],[-95.412755,29.630779],[-95.413361,29.629254],[-95.413487,29.628945],[-95.413647,29.628529],[-95.413974,29.627752],[-95.414434,29.626548],[-95.415081,29.624885]]},"properties":{"Full_Name":"ALMEDA RD","ped_crash_count":1,"ped_death_count":1,"total_crash_count":6,"MilesLength":0.49999998}},{"type":"Feature","geometry":{"type":"LineString","coordinates":[[-95.409636,29.638604],[-95.410738,29.635845],[-95.410948,29.635317],[-95.411179,29.634725],[-95.41143,29.634105],[-95.411968,29.632766],[-95.412372,29.631749]]},"properties":{"Full_Name":"ALMEDA RD","ped_crash_count":2,"ped_death_count":2,"total_crash_count":3,"MilesLength":0.50000004}},{"type":"Feature","geometry":{"type":"LineString","coordinates":[[-95.406924,29.645467],[-95.408069,29.642581],[-95.408555,29.641376],[-95.409004,29.640235],[-95.409368,29.639269],[-95.409626,29.63863],[-95.409636,29.638604]]},"properties":{"Full_Name":"ALMEDA RD","ped_crash_count":1,"ped_death_count":0,"total_crash_count":5,"MilesLength":0.49999998}},{"type":"Feature","geometry":{"type":"LineString","coordinates":[[-95.401462,29.659179],[-95.401958,29.657961],[-95.402085,29.657522],[-95.404198,29.652325]]},"properties":{"Full_Name":"ALMEDA RD","ped_crash_count":0,"ped_death_count":0,"total_crash_count":3,"MilesLength":0.50000001}},{"type":"Feature","geometry":{"type":"LineString","coordinates":[[-95.391047,29.686747],[-95.391123,29.686536],[-95.391508,29.685371],[-95.391708,29.684867],[-95.391953,29.68413],[-95.39222,29.683343],[-95.392536,29.682385],[-95.392778,29.681696],[-95.393049,29.680847],[-95.393138,29.680584],[-95.393242,29.680277],[-95.393253,29.680244],[-95.39336,29.680057],[-95.393442,29.679799]]},"properties":{"Full_Name":"ALMEDA RD","ped_crash_count":1,"ped_death_count":1,"total_crash_count":2,"MilesLength":0.49999997}},{"type":"Feature","geometry":{"type":"LineString","coordinates":[[-95.386288,29.700659],[-95.386465,29.700131],[-95.386825,29.699086],[-95.386897,29.698884],[-95.387322,29.697649],[-95.387385,29.697449],[-95.387898,29.696015],[-95.388089,29.695431],[-95.388184,29.695139],[-95.388267,29.694918],[-95.38849,29.69425],[-95.388624,29.693878],[-95.388682,29.693707]]},"properties":{"Full_Name":"ALMEDA RD","ped_crash_count":0,"ped_death_count":0,"total_crash_count":3,"MilesLength":0.49999999}},{"type":"Feature","geometry":{"type":"LineString","coordinates":[[-95.3792,29.72154],[-95.379421,29.720888],[-95.379744,29.719888],[-95.380089,29.718977],[-95.380308,29.718346],[-95.380556,29.717597],[-95.380932,29.716523],[-95.381327,29.71538],[-95.3816,29.71459]]},"properties":{"Full_Name":"ALMEDA RD","ped_crash_count":1,"ped_death_count":0,"total_crash_count":2,"MilesLength":0.49999999}},{"type":"Feature","geometry":{"type":"LineString","coordinates":[[-95.37682,29.728495],[-95.377041,29.727796],[-95.37735,29.726948],[-95.3776,29.726185],[-95.37783,29.725514],[-95.377931,29.725233],[-95.378123,29.724634],[-95.378263,29.724253],[-95.378369,29.723943],[-95.378565,29.723347],[-95.378631,29.72321],[-95.378923,29.722335],[-95.379164,29.721647],[-95.3792,29.72154]]},"properties":{"Full_Name":"ALMEDA RD","ped_crash_count":2,"ped_death_count":1,"total_crash_count":3,"MilesLength":0.49999996}},{"type":"Feature","geometry":{"type":"LineString","coordinates":[[-95.449517,29.606031],[-95.450939,29.606022],[-95.452017,29.606004],[-95.454855,29.605965],[-95.45499,29.605964],[-95.456369,29.60593],[-95.456823,29.60593],[-95.457823,29.605908]]},"properties":{"Full_Name":"ANDERSON RD","ped_crash_count":0,"ped_death_count":0,"total_crash_count":3,"MilesLength":0.50000001}},{"type":"Feature","geometry":{"type":"LineString","coordinates":[[-95.475429,29.778984],[-95.475514,29.781176],[-95.475543,29.782778],[-95.475558,29.783181],[-95.475532,29.783685],[-95.475524,29.783792],[-95.475517,29.783885],[-95.475511,29.783971],[-95.475513,29.784346],[-95.475553,29.784852],[-95.475608,29.785109],[-95.475724,29.785435],[-95.4759,29.785861],[-95.475964,29.786109],[-95.475983,29.786185]]},"properties":{"Full_Name":"ANTOINE DR","ped_crash_count":1,"ped_death_count":0,"total_crash_count":4,"MilesLength":0.49999998}},{"type":"Feature","geometry":{"type":"LineString","coordinates":[[-95.475526,29.80786],[-95.475525,29.807955],[-95.47548,29.808124],[-95.4754,29.808359],[-95.475266,29.808648],[-95.475201,29.808924],[-95.475209,29.810632],[-95.475211,29.811068],[-95.474778,29.811544],[-95.474407,29.811916],[-95.473966,29.81259],[-95.473658,29.813425],[-95.47361,29.814072],[-95.473625,29.814679]]},"properties":{"Full_Name":"ANTOINE DR","ped_crash_count":0,"ped_death_count":0,"total_crash_count":4,"MilesLength":0.50000001}},{"type":"Feature","geometry":{"type":"LineString","coordinates":[[-95.47335,29.858107],[-95.473352,29.859445],[-95.473357,29.859616],[-95.473423,29.860435],[-95.473422,29.861116],[-95.473422,29.861658],[-95.473421,29.86207],[-95.473419,29.863306],[-95.473343,29.864164],[-95.473322,29.864327],[-95.4733,29.864394],[-95.473202,29.864779],[-95.473026,29.865328]]},"properties":{"Full_Name":"ANTOINE DR","ped_crash_count":1,"ped_death_count":1,"total_crash_count":3,"MilesLength":0.49999999}},{"type":"Feature","geometry":{"type":"LineString","coordinates":[[-95.473324,29.850849],[-95.473324,29.851055],[-95.473349,29.851464],[-95.473332,29.852626],[-95.473309,29.852939],[-95.473303,29.853885],[-95.473315,29.854453],[-95.473306,29.854898],[-95.473309,29.854922],[-95.473319,29.855135],[-95.473322,29.855475],[-95.473327,29.855859],[-95.473334,29.856039],[-95.473329,29.856962],[-95.47335,29.857949],[-95.47335,29.858107]]},"properties":{"Full_Name":"ANTOINE DR","ped_crash_count":2,"ped_death_count":0,"total_crash_count":3,"MilesLength":0.49999999}},{"type":"Feature","geometry":{"type":"LineString","coordinates":[[-95.473234,29.843592],[-95.473235,29.843721],[-95.473232,29.843915],[-95.473233,29.844291],[-95.473233,29.84448],[-95.47323,29.845274],[-95.473235,29.845915],[-95.473235,29.846398],[-95.473236,29.846673],[-95.473242,29.846999],[-95.473307,29.847585],[-95.473301,29.848883],[-95.473324,29.849981],[-95.473324,29.850849]]},"properties":{"Full_Name":"ANTOINE DR","ped_crash_count":4,"ped_death_count":1,"total_crash_count":5,"MilesLength":0.50000002}},{"type":"Feature","geometry":{"type":"LineString","coordinates":[[-95.473025,29.836337],[-95.473026,29.836348],[-95.473081,29.836826],[-95.473121,29.837622],[-95.473128,29.837921],[-95.473187,29.839033],[-95.473198,29.840345],[-95.473202,29.840959],[-95.473203,29.841605],[-95.473213,29.842286],[-95.473225,29.842932],[-95.473227,29.843062],[-95.473234,29.843592]]},"properties":{"Full_Name":"ANTOINE DR","ped_crash_count":1,"ped_death_count":0,"total_crash_count":6,"MilesLength":0.50000003}},{"type":"Feature","geometry":{"type":"LineString","coordinates":[[-95.472863,29.829082],[-95.472866,29.829624],[-95.472876,29.830452],[-95.472872,29.830696],[-95.472876,29.830984],[-95.472864,29.831228],[-95.472882,29.831305],[-95.472895,29.831979],[-95.47293,29.832998],[-95.472934,29.833901],[-95.472948,29.834578],[-95.472953,29.834753],[-95.472958,29.835316],[-95.472964,29.835559],[-95.472994,29.836047],[-95.473025,29.836337]]},"properties":{"Full_Name":"ANTOINE DR","ped_crash_count":0,"ped_death_count":0,"total_crash_count":2,"MilesLength":0.49999995}},{"type":"Feature","geometry":{"type":"LineString","coordinates":[[-95.473625,29.814679],[-95.473652,29.815769],[-95.473688,29.817191],[-95.473727,29.818412],[-95.473759,29.819363],[-95.473835,29.821573],[-95.473796,29.821934]]},"properties":{"Full_Name":"ANTOINE DR","ped_crash_count":1,"ped_death_count":0,"total_crash_count":3,"MilesLength":0.5}},{"type":"Feature","geometry":{"type":"LineString","coordinates":[[-95.473822,29.879744],[-95.473838,29.880754],[-95.473863,29.882409],[-95.473882,29.883097],[-95.473908,29.884312],[-95.473918,29.884813],[-95.473919,29.884837]]},"properties":{"Full_Name":"ANTOINE DR","ped_crash_count":1,"ped_death_count":0,"total_crash_count":4,"MilesLength":0.3508242}},{"type":"Feature","geometry":{"type":"MultiLineString","coordinates":[[[-95.154536,29.896574],[-95.153222,29.899537],[-95.15304,29.899822],[-95.152304,29.900403],[-95.152159,29.900565],[-95.152093,29.900717],[-95.152126,29.901617],[-95.152107,29.90178]],[[-95.152097,29.901859],[-95.152058,29.902188],[-95.15162,29.903165]]]},"properties":{"Full_Name":"AQUEDUCT RD","ped_crash_count":0,"ped_death_count":0,"total_crash_count":4,"MilesLength":0.49451904}},{"type":"Feature","geometry":{"type":"LineString","coordinates":[[-95.367172,29.747694],[-95.3674,29.747406],[-95.367494,29.747276],[-95.367581,29.747156],[-95.367618,29.747104],[-95.36798,29.746664],[-95.368579,29.745922],[-95.368813,29.74563],[-95.369166,29.745189],[-95.369392,29.744906],[-95.369701,29.744489],[-95.369792,29.744376],[-95.369887,29.74426],[-95.37015,29.743925],[-95.370627,29.743321],[-95.371198,29.742602],[-95.371283,29.74251],[-95.371391,29.742389],[-95.371648,29.742037],[-95.371899,29.741721]]},"properties":{"Full_Name":"AUSTIN ST","ped_crash_count":0,"ped_death_count":0,"total_crash_count":3,"MilesLength":0.49999995}},{"type":"Feature","geometry":{"type":"LineString","coordinates":[[-95.357718,29.759642],[-95.357891,29.759429],[-95.358478,29.758675],[-95.359091,29.757894],[-95.359627,29.757211],[-95.359705,29.757113],[-95.360285,29.756372],[-95.360895,29.755612],[-95.361473,29.754876],[-95.362064,29.754132],[-95.362435,29.753661]]},"properties":{"Full_Name":"AUSTIN ST","ped_crash_count":1,"ped_death_count":1,"total_crash_count":2,"MilesLength":0.5}},{"type":"Feature","geometry":{"type":"LineString","coordinates":[[-95.308275,29.745233],[-95.307435,29.744954],[-95.307406,29.744945],[-95.305469,29.74434],[-95.303946,29.743855],[-95.303477,29.743713],[-95.303401,29.743688]]},"properties":{"Full_Name":"AVE K","ped_crash_count":2,"ped_death_count":1,"total_crash_count":2,"MilesLength":0.31164442}},{"type":"Feature","geometry":{"type":"LineString","coordinates":[[-95.29746,29.719636],[-95.297283,29.719587],[-95.297118,29.719563],[-95.294921,29.719568],[-95.293299,29.719586]]},"properties":{"Full_Name":"AZALEA ST","ped_crash_count":0,"ped_death_count":0,"total_crash_count":2,"MilesLength":0.25084821}},{"type":"Feature","geometry":{"type":"LineString","coordinates":[[-95.375436,29.753296],[-95.375991,29.752604],[-95.376592,29.751851],[-95.377177,29.751119],[-95.377318,29.75093],[-95.377739,29.750378],[-95.378307,29.749668],[-95.378757,29.749105],[-95.379234,29.748509],[-95.379796,29.747795],[-95.380166,29.747323]]},"properties":{"Full_Name":"BAGBY ST","ped_crash_count":0,"ped_death_count":0,"total_crash_count":3,"MilesLength":0.49999997}},{"type":"Feature","geometry":{"type":"LineString","coordinates":[[-95.351733,29.693909],[-95.350924,29.693676],[-95.350577,29.693567],[-95.350195,29.693442],[-95.349459,29.69322],[-95.348703,29.692972],[-95.347932,29.692743],[-95.347227,29.692526],[-95.346489,29.692295],[-95.345769,29.692081],[-95.345656,29.692036],[-95.345349,29.691992],[-95.344901,29.691908],[-95.344211,29.69171],[-95.34385,29.691623]]},"properties":{"Full_Name":"BALKIN ST","ped_crash_count":2,"ped_death_count":1,"total_crash_count":2,"MilesLength":0.49999999}},{"type":"Feature","geometry":{"type":"LineString","coordinates":[[-95.581281,29.693977],[-95.581298,29.693812],[-95.581288,29.693425],[-95.58129,29.692665],[-95.581283,29.69207],[-95.581279,29.6919],[-95.581276,29.691482],[-95.581266,29.691118],[-95.581255,29.690353],[-95.581229,29.689585],[-95.581248,29.688826]]},"properties":{"Full_Name":"BANEWAY DR","ped_crash_count":0,"ped_death_count":0,"total_crash_count":2,"MilesLength":0.3548287}},{"type":"Feature","geometry":{"type":"LineString","coordinates":[[-95.688447,29.798316],[-95.688446,29.798555],[-95.688475,29.800338],[-95.688399,29.801231],[-95.688352,29.801638],[-95.688128,29.80252],[-95.687499,29.8042],[-95.687362,29.8048],[-95.687239,29.805366],[-95.68724,29.80544]]},"properties":{"Full_Name":"BARKER CYPRESS RD","ped_crash_count":0,"ped_death_count":0,"total_crash_count":4,"MilesLength":0.49999998}},{"type":"Feature","geometry":{"type":"LineString","coordinates":[[-95.688359,29.785597],[-95.688337,29.786782],[-95.688329,29.78756],[-95.68835,29.788891],[-95.688345,29.7894],[-95.68837,29.790555],[-95.688377,29.790944],[-95.688379,29.791056]]},"properties":{"Full_Name":"BARKER CYPRESS RD","ped_crash_count":0,"ped_death_count":0,"total_crash_count":2,"MilesLength":0.37601421}},{"type":"Feature","geometry":{"type":"LineString","coordinates":[[-95.387287,29.84159],[-95.387316,29.843538],[-95.387329,29.844517],[-95.387353,29.845516],[-95.387356,29.845932],[-95.387358,29.846325]]},"properties":{"Full_Name":"BARRETT ST","ped_crash_count":0,"ped_death_count":0,"total_crash_count":2,"MilesLength":0.32614301}},{"type":"Feature","geometry":{"type":"LineString","coordinates":[[-95.535692,29.778597],[-95.535912,29.778596],[-95.536905,29.778584],[-95.53721,29.778579],[-95.537468,29.778577],[-95.537952,29.778572],[-95.538336,29.778569],[-95.539575,29.778569],[-95.539953,29.778567],[-95.540158,29.77855],[-95.540416,29.778474],[-95.54068,29.778351],[-95.541028,29.778299],[-95.541999,29.778298],[-95.542264,29.77828],[-95.54295,29.778122],[-95.543253,29.778093],[-95.543542,29.778125],[-95.543924,29.778184]]},"properties":{"Full_Name":"BARRYKNOLL LN","ped_crash_count":0,"ped_death_count":0,"total_crash_count":2,"MilesLength":0.49999997}},{"type":"Feature","geometry":{"type":"LineString","coordinates":[[-95.435288,29.618156],[-95.435281,29.617393],[-95.435281,29.617276],[-95.435276,29.616619],[-95.435252,29.615848],[-95.435252,29.615078],[-95.435249,29.613487],[-95.435226,29.612934],[-95.435294,29.612533],[-95.435412,29.61227],[-95.435678,29.611976],[-95.435064,29.611392],[-95.434957,29.611236]]},"properties":{"Full_Name":"BATHURST DR","ped_crash_count":1,"ped_death_count":0,"total_crash_count":3,"MilesLength":0.49999998}},{"type":"Feature","geometry":{"type":"LineString","coordinates":[[-95.37169,29.843173],[-95.37169,29.843324],[-95.371726,29.844633],[-95.371745,29.845179],[-95.371755,29.845456],[-95.371773,29.845675],[-95.371803,29.846161],[-95.371819,29.846602],[-95.371811,29.847136],[-95.371818,29.84757],[-95.371839,29.848661],[-95.371853,29.849112],[-95.371869,29.849771],[-95.371857,29.849821],[-95.371867,29.850429]]},"properties":{"Full_Name":"BAUMAN RD","ped_crash_count":0,"ped_death_count":0,"total_crash_count":2,"MilesLength":0.49999999}},{"type":"Feature","geometry":{"type":"LineString","coordinates":[[-95.243021,29.818588],[-95.242763,29.818698],[-95.24253,29.818805],[-95.242141,29.818964],[-95.240648,29.819578],[-95.238986,29.820335],[-95.236279,29.821466],[-95.235545,29.821782]]},"properties":{"Full_Name":"BEAUMONT HWY","ped_crash_count":0,"ped_death_count":0,"total_crash_count":3,"MilesLength":0.49999997}},{"type":"Feature","geometry":{"type":"LineString","coordinates":[[-95.592301,29.688872],[-95.592415,29.688872],[-95.592886,29.688913],[-95.593607,29.689003],[-95.593994,29.689054],[-95.595912,29.689092],[-95.598411,29.689053],[-95.600373,29.689084],[-95.6006,29.689076]]},"properties":{"Full_Name":"BEECHNUT ST","ped_crash_count":2,"ped_death_count":0,"total_crash_count":10,"MilesLength":0.5}},{"type":"Feature","geometry":{"type":"LineString","coordinates":[[-95.583987,29.688933],[-95.584774,29.688919],[-95.585499,29.688927],[-95.587594,29.688931],[-95.589035,29.688915],[-95.591505,29.68887],[-95.592301,29.688872]]},"properties":{"Full_Name":"BEECHNUT ST","ped_crash_count":1,"ped_death_count":0,"total_crash_count":5,"MilesLength":0.49999998}},{"type":"Feature","geometry":{"type":"LineString","coordinates":[[-95.575765,29.688044],[-95.575931,29.688045],[-95.576582,29.688055],[-95.577187,29.688108],[-95.577801,29.688208],[-95.577999,29.688245],[-95.578665,29.688364],[-95.579639,29.688531],[-95.580316,29.68866],[-95.581248,29.688826],[-95.581812,29.688893],[-95.58228,29.688921],[-95.582617,29.688935],[-95.582973,29.688946],[-95.583442,29.688943],[-95.583987,29.688933]]},"properties":{"Full_Name":"BEECHNUT ST","ped_crash_count":0,"ped_death_count":0,"total_crash_count":4,"MilesLength":0.50000001}},{"type":"Feature","geometry":{"type":"LineString","coordinates":[[-95.56756,29.68894],[-95.567569,29.688938],[-95.567798,29.688893],[-95.568202,29.688806],[-95.569537,29.688516],[-95.570263,29.68838],[-95.571225,29.688182],[-95.571934,29.688092],[-95.572002,29.688084],[-95.572581,29.688075],[-95.573003,29.688073],[-95.574034,29.688054],[-95.574658,29.68805],[-95.575493,29.688044],[-95.575765,29.688044]]},"properties":{"Full_Name":"BEECHNUT ST","ped_crash_count":10,"ped_death_count":1,"total_crash_count":13,"MilesLength":0.49999998}},{"type":"Feature","geometry":{"type":"LineString","coordinates":[[-95.55931,29.689658],[-95.559535,29.689668],[-95.560088,29.689662],[-95.561983,29.689382],[-95.562766,29.689258],[-95.563883,29.689233],[-95.564159,29.689232],[-95.564413,29.689231],[-95.565587,29.6892],[-95.565923,29.689175],[-95.567156,29.68902],[-95.56756,29.68894]]},"properties":{"Full_Name":"BEECHNUT ST","ped_crash_count":1,"ped_death_count":1,"total_crash_count":4,"MilesLength":0.50000005}},{"type":"Feature","geometry":{"type":"LineString","coordinates":[[-95.551233,29.690256],[-95.551615,29.690141],[-95.552294,29.689889],[-95.552759,29.689749],[-95.553844,29.689407],[-95.554513,29.68929],[-95.554865,29.689236],[-95.555339,29.68922],[-95.555439,29.689219],[-95.556087,29.689229],[-95.556881,29.689326],[-95.55713,29.689361],[-95.557287,29.689392],[-95.557481,29.689432],[-95.557917,29.689519],[-95.558838,29.689638],[-95.55931,29.689658]]},"properties":{"Full_Name":"BEECHNUT ST","ped_crash_count":2,"ped_death_count":1,"total_crash_count":10,"MilesLength":0.49999999}},{"type":"Feature","geometry":{"type":"LineString","coordinates":[[-95.486911,29.689027],[-95.48826,29.689006],[-95.489413,29.688826],[-95.490374,29.688582],[-95.491375,29.688334],[-95.49244,29.688288],[-95.49305,29.688284],[-95.494371,29.688264],[-95.495126,29.688258]]},"properties":{"Full_Name":"BEECHNUT ST","ped_crash_count":1,"ped_death_count":0,"total_crash_count":3,"MilesLength":0.50000002}},{"type":"Feature","geometry":{"type":"LineString","coordinates":[[-95.461976,29.689198],[-95.46369,29.689156],[-95.464723,29.68913],[-95.467521,29.689148],[-95.467863,29.689125],[-95.470289,29.689117]]},"properties":{"Full_Name":"BEECHNUT ST","ped_crash_count":2,"ped_death_count":0,"total_crash_count":3,"MilesLength":0.5}},{"type":"Feature","geometry":{"type":"LineString","coordinates":[[-95.610137,29.703434],[-95.61459,29.703507],[-95.614773,29.70351],[-95.616007,29.703536],[-95.616381,29.703544],[-95.616982,29.703557],[-95.618447,29.70355],[-95.618452,29.703551]]},"properties":{"Full_Name":"BELLAIRE BLVD","ped_crash_count":1,"ped_death_count":0,"total_crash_count":3,"MilesLength":0.49999999}},{"type":"Feature","geometry":{"type":"LineString","coordinates":[[-95.585193,29.703762],[-95.585614,29.70376],[-95.586337,29.703756],[-95.586918,29.703748],[-95.587162,29.703739],[-95.58787,29.703746],[-95.588886,29.70372],[-95.589222,29.70371],[-95.589683,29.703702],[-95.589927,29.703699],[-95.592578,29.703663],[-95.593391,29.703654],[-95.593507,29.703653]]},"properties":{"Full_Name":"BELLAIRE BLVD","ped_crash_count":1,"ped_death_count":0,"total_crash_count":4,"MilesLength":0.50000002}},{"type":"Feature","geometry":{"type":"LineString","coordinates":[[-95.576877,29.703838],[-95.577277,29.70383],[-95.578149,29.703826],[-95.579447,29.70381],[-95.58035,29.703804],[-95.580865,29.703798],[-95.581108,29.70379],[-95.581475,29.703784],[-95.581929,29.70378],[-95.583134,29.703782],[-95.584563,29.703764],[-95.585193,29.703762]]},"properties":{"Full_Name":"BELLAIRE BLVD","ped_crash_count":0,"ped_death_count":0,"total_crash_count":6,"MilesLength":0.49999999}},{"type":"Feature","geometry":{"type":"LineString","coordinates":[[-95.568563,29.703954],[-95.568922,29.703947],[-95.570051,29.703932],[-95.571219,29.703931],[-95.571776,29.703906],[-95.572021,29.703905],[-95.574755,29.703872],[-95.575388,29.70387],[-95.576877,29.703838]]},"properties":{"Full_Name":"BELLAIRE BLVD","ped_crash_count":3,"ped_death_count":1,"total_crash_count":5,"MilesLength":0.50000003}},{"type":"Feature","geometry":{"type":"LineString","coordinates":[[-95.560261,29.70437],[-95.561709,29.704293],[-95.563242,29.704212],[-95.564854,29.704127],[-95.56597,29.704061],[-95.566293,29.704044],[-95.566728,29.70402],[-95.567264,29.703991],[-95.567492,29.703977],[-95.567628,29.703975],[-95.568206,29.703962],[-95.568563,29.703954]]},"properties":{"Full_Name":"BELLAIRE BLVD","ped_crash_count":0,"ped_death_count":0,"total_crash_count":2,"MilesLength":0.49999999}},{"type":"Feature","geometry":{"type":"LineString","coordinates":[[-95.551959,29.704795],[-95.556611,29.704544],[-95.556781,29.704534],[-95.557209,29.704515],[-95.557386,29.704507],[-95.557825,29.704488],[-95.560201,29.704373],[-95.560261,29.70437]]},"properties":{"Full_Name":"BELLAIRE BLVD","ped_crash_count":1,"ped_death_count":1,"total_crash_count":5,"MilesLength":0.49999999}},{"type":"Feature","geometry":{"type":"LineString","coordinates":[[-95.543647,29.704947],[-95.54392,29.704944],[-95.544195,29.704946],[-95.545301,29.704944],[-95.545736,29.704942],[-95.54594,29.704941],[-95.546392,29.704911],[-95.546525,29.704909],[-95.54669,29.704906],[-95.547293,29.704906],[-95.54825,29.704896],[-95.549772,29.704887],[-95.550732,29.704856],[-95.551467,29.704821],[-95.551959,29.704795]]},"properties":{"Full_Name":"BELLAIRE BLVD","ped_crash_count":0,"ped_death_count":0,"total_crash_count":2,"MilesLength":0.49999997}},{"type":"Feature","geometry":{"type":"LineString","coordinates":[[-95.535331,29.705031],[-95.535953,29.705019],[-95.536158,29.705023],[-95.537586,29.705012],[-95.537986,29.705004],[-95.539953,29.70498],[-95.54123,29.704966],[-95.542515,29.704952],[-95.542752,29.704955],[-95.543647,29.704947]]},"properties":{"Full_Name":"BELLAIRE BLVD","ped_crash_count":4,"ped_death_count":3,"total_crash_count":8,"MilesLength":0.50000003}},{"type":"Feature","geometry":{"type":"LineString","coordinates":[[-95.527017,29.705105],[-95.527469,29.705106],[-95.528364,29.705096],[-95.530267,29.705082],[-95.531116,29.70505],[-95.532246,29.70505],[-95.532752,29.705053],[-95.5335,29.705046],[-95.534362,29.705054],[-95.535279,29.705032],[-95.535331,29.705031]]},"properties":{"Full_Name":"BELLAIRE BLVD","ped_crash_count":0,"ped_death_count":0,"total_crash_count":6,"MilesLength":0.50000002}},{"type":"Feature","geometry":{"type":"LineString","coordinates":[[-95.518702,29.705197],[-95.519234,29.705185],[-95.519321,29.705183],[-95.519811,29.705177],[-95.520569,29.705175],[-95.52131,29.705144],[-95.524872,29.705124],[-95.525253,29.705122],[-95.525636,29.705118],[-95.526358,29.705108],[-95.526566,29.705104],[-95.527017,29.705105]]},"properties":{"Full_Name":"BELLAIRE BLVD","ped_crash_count":4,"ped_death_count":1,"total_crash_count":8,"MilesLength":0.49999999}},{"type":"Feature","geometry":{"type":"LineString","coordinates":[[-95.51061,29.703841],[-95.510677,29.703845],[-95.511242,29.703884],[-95.512751,29.704244],[-95.512946,29.704304],[-95.513151,29.704368],[-95.513295,29.704412],[-95.513489,29.704508],[-95.514271,29.704747],[-95.514538,29.704813],[-95.514889,29.7049],[-95.5151,29.70495],[-95.515311,29.705005],[-95.516209,29.70515],[-95.516337,29.705162],[-95.516744,29.70519],[-95.5172,29.705194],[-95.518632,29.705198],[-95.518702,29.705197]]},"properties":{"Full_Name":"BELLAIRE BLVD","ped_crash_count":0,"ped_death_count":0,"total_crash_count":3,"MilesLength":0.49999997}},{"type":"Feature","geometry":{"type":"LineString","coordinates":[[-95.485931,29.705536],[-95.486726,29.705536],[-95.487516,29.705527],[-95.488818,29.705512],[-95.489584,29.7055],[-95.490903,29.705477],[-95.491748,29.70547],[-95.493057,29.705458],[-95.494247,29.70546]]},"properties":{"Full_Name":"BELLAIRE BLVD","ped_crash_count":6,"ped_death_count":1,"total_crash_count":9,"MilesLength":0.49999996}},{"type":"Feature","geometry":{"type":"LineString","coordinates":[[-95.477616,29.705619],[-95.477664,29.705619],[-95.477795,29.70562],[-95.47839,29.705625],[-95.478639,29.705622],[-95.478906,29.705619],[-95.479104,29.705617],[-95.479759,29.70561],[-95.480457,29.705602],[-95.480915,29.705598],[-95.481518,29.705587],[-95.481907,29.705568],[-95.482547,29.705563],[-95.484637,29.705536],[-95.485862,29.705536],[-95.485931,29.705536]]},"properties":{"Full_Name":"BELLAIRE BLVD","ped_crash_count":1,"ped_death_count":1,"total_crash_count":7,"MilesLength":0.50000001}},{"type":"Feature","geometry":{"type":"LineString","coordinates":[[-95.583162,29.705254],[-95.583152,29.704747],[-95.583137,29.703947],[-95.583134,29.703782],[-95.583095,29.703201],[-95.582987,29.702427],[-95.582933,29.702012],[-95.582921,29.701659],[-95.582909,29.700878],[-95.582896,29.700118],[-95.582892,29.699341],[-95.582871,29.698584],[-95.582868,29.698004]]},"properties":{"Full_Name":"BELLE PARK DR","ped_crash_count":0,"ped_death_count":0,"total_crash_count":2,"MilesLength":0.5}},{"type":"Feature","geometry":{"type":"LineString","coordinates":[[-95.513865,29.713065],[-95.514684,29.71305],[-95.515036,29.713044],[-95.515214,29.713053],[-95.515727,29.713054],[-95.517377,29.713035],[-95.518065,29.713023],[-95.518998,29.713014],[-95.519306,29.713017],[-95.520153,29.713001],[-95.52038,29.713031],[-95.520815,29.71318],[-95.521181,29.7133],[-95.521529,29.713352],[-95.522116,29.713368]]},"properties":{"Full_Name":"BELLERIVE DR","ped_crash_count":1,"ped_death_count":0,"total_crash_count":2,"MilesLength":0.49999998}},{"type":"Feature","geometry":{"type":"LineString","coordinates":[[-95.364658,29.669479],[-95.364343,29.669483],[-95.363889,29.669496],[-95.362284,29.669519],[-95.362058,29.669507],[-95.361721,29.669516],[-95.36168,29.669517],[-95.360337,29.669542],[-95.359432,29.669553],[-95.358987,29.669563],[-95.357481,29.669568],[-95.35695,29.669483],[-95.356387,29.669313]]},"properties":{"Full_Name":"BELLFORT ST","ped_crash_count":1,"ped_death_count":1,"total_crash_count":6,"MilesLength":0.49999999}},{"type":"Feature","geometry":{"type":"LineString","coordinates":[[-95.372969,29.669365],[-95.372769,29.669368],[-95.372077,29.669383],[-95.371945,29.669378],[-95.37052,29.6694],[-95.370317,29.669399],[-95.369489,29.669407],[-95.368677,29.669442],[-95.368113,29.669436],[-95.366608,29.669452],[-95.366034,29.669458],[-95.364658,29.669479]]},"properties":{"Full_Name":"BELLFORT ST","ped_crash_count":2,"ped_death_count":0,"total_crash_count":4,"MilesLength":0.50000002}},{"type":"Feature","geometry":{"type":"LineString","coordinates":[[-95.389308,29.667714],[-95.389123,29.667715],[-95.386839,29.667731],[-95.384857,29.667786],[-95.383933,29.667841],[-95.383427,29.667848],[-95.382884,29.667856],[-95.382327,29.667863],[-95.38114,29.667957],[-95.381011,29.667998]]},"properties":{"Full_Name":"BELLFORT ST","ped_crash_count":0,"ped_death_count":0,"total_crash_count":3,"MilesLength":0.50000004}},{"type":"Feature","geometry":{"type":"LineString","coordinates":[[-95.315721,29.666614],[-95.315484,29.66665],[-95.314502,29.666835],[-95.313264,29.667113],[-95.312261,29.667333],[-95.311362,29.667547],[-95.310464,29.667729],[-95.310226,29.667795],[-95.309985,29.667851],[-95.309767,29.667895],[-95.30958,29.667934],[-95.308739,29.668113],[-95.307674,29.668419]]},"properties":{"Full_Name":"BELLFORT ST","ped_crash_count":0,"ped_death_count":0,"total_crash_count":3,"MilesLength":0.49999998}},{"type":"Feature","geometry":{"type":"LineString","coordinates":[[-95.323888,29.666591],[-95.323729,29.666595],[-95.322189,29.66661],[-95.321933,29.666587],[-95.321622,29.666536],[-95.320956,29.666357],[-95.320096,29.666196],[-95.319228,29.66604],[-95.318205,29.666118],[-95.317316,29.66634],[-95.31684,29.666441],[-95.316267,29.666529],[-95.315721,29.666614]]},"properties":{"Full_Name":"BELLFORT ST","ped_crash_count":0,"ped_death_count":0,"total_crash_count":2,"MilesLength":0.49999998}},{"type":"Feature","geometry":{"type":"LineString","coordinates":[[-95.332199,29.666426],[-95.331429,29.666443],[-95.330911,29.666449],[-95.328685,29.666488],[-95.325208,29.66656],[-95.324588,29.666572],[-95.323888,29.666591]]},"properties":{"Full_Name":"BELLFORT ST","ped_crash_count":2,"ped_death_count":1,"total_crash_count":4,"MilesLength":0.50000003}},{"type":"Feature","geometry":{"type":"LineString","coordinates":[[-95.34051,29.666285],[-95.338273,29.666312],[-95.337926,29.666313],[-95.337651,29.666331],[-95.337202,29.666345],[-95.336307,29.666351],[-95.332748,29.666431],[-95.332237,29.666425],[-95.332199,29.666426]]},"properties":{"Full_Name":"BELLFORT ST","ped_crash_count":0,"ped_death_count":0,"total_crash_count":2,"MilesLength":0.49999998}},{"type":"Feature","geometry":{"type":"LineString","coordinates":[[-95.348713,29.666884],[-95.348496,29.666892],[-95.347607,29.66678],[-95.346834,29.666566],[-95.346038,29.666316],[-95.345348,29.666207],[-95.344469,29.666209],[-95.344171,29.666215],[-95.343586,29.666218],[-95.342701,29.666235],[-95.342008,29.666242],[-95.341823,29.666254],[-95.340748,29.666282],[-95.34051,29.666285]]},"properties":{"Full_Name":"BELLFORT ST","ped_crash_count":0,"ped_death_count":0,"total_crash_count":4,"MilesLength":0.50000004}},{"type":"Feature","geometry":{"type":"LineString","coordinates":[[-95.276336,29.672428],[-95.276253,29.67243],[-95.275683,29.672437],[-95.275466,29.672447],[-95.275173,29.672456],[-95.273402,29.672491],[-95.272656,29.672554],[-95.272007,29.672739],[-95.271454,29.672997],[-95.270908,29.673352],[-95.270546,29.673611],[-95.270212,29.673859],[-95.269976,29.674056],[-95.269448,29.674462],[-95.26892,29.674867]]},"properties":{"Full_Name":"BELLFORT ST","ped_crash_count":2,"ped_death_count":0,"total_crash_count":4,"MilesLength":0.50000003}},{"type":"Feature","geometry":{"type":"LineString","coordinates":[[-95.284645,29.672308],[-95.284342,29.672291],[-95.283745,29.672287],[-95.283103,29.672262],[-95.282422,29.672272],[-95.281453,29.672287],[-95.280373,29.672317],[-95.279104,29.67237],[-95.27712,29.67241],[-95.276336,29.672428]]},"properties":{"Full_Name":"BELLFORT ST","ped_crash_count":1,"ped_death_count":0,"total_crash_count":2,"MilesLength":0.49999995}},{"type":"Feature","geometry":{"type":"LineString","coordinates":[[-95.292723,29.673764],[-95.29175,29.673766],[-95.291021,29.673691],[-95.290551,29.673595],[-95.290065,29.673471],[-95.289391,29.673266],[-95.289195,29.673196],[-95.288404,29.672934],[-95.287791,29.672746],[-95.287526,29.672676],[-95.286225,29.672415],[-95.285632,29.672361],[-95.284645,29.672308]]},"properties":{"Full_Name":"BELLFORT ST","ped_crash_count":1,"ped_death_count":1,"total_crash_count":4,"MilesLength":0.50000003}},{"type":"Feature","geometry":{"type":"LineString","coordinates":[[-95.340134,29.822033],[-95.339638,29.822057],[-95.338789,29.822063],[-95.337619,29.822081],[-95.336842,29.822091],[-95.336368,29.822096],[-95.336112,29.822099],[-95.33587,29.822069],[-95.335594,29.822073],[-95.335305,29.822077],[-95.335173,29.822078],[-95.335059,29.82208],[-95.334657,29.822083],[-95.334394,29.822084],[-95.334232,29.822084],[-95.333379,29.822127],[-95.332358,29.822144],[-95.331813,29.82215]]},"properties":{"Full_Name":"BENNINGTON ST","ped_crash_count":2,"ped_death_count":0,"total_crash_count":7,"MilesLength":0.49999999}},{"type":"Feature","geometry":{"type":"LineString","coordinates":[[-95.384349,29.837247],[-95.383179,29.837253],[-95.381254,29.837281],[-95.377622,29.837341],[-95.377309,29.837349],[-95.377046,29.837385],[-95.376824,29.837445],[-95.376624,29.837508],[-95.376428,29.837553],[-95.376267,29.837576],[-95.376103,29.837579],[-95.376058,29.837579]]},"properties":{"Full_Name":"BERRY RD","ped_crash_count":3,"ped_death_count":0,"total_crash_count":4,"MilesLength":0.49999999}},{"type":"Feature","geometry":{"type":"LineString","coordinates":[[-95.351128,29.837706],[-95.351045,29.837708],[-95.350214,29.837718],[-95.350015,29.83772],[-95.348987,29.837724],[-95.34822,29.837736],[-95.34812,29.83774],[-95.347998,29.837738],[-95.347369,29.837741],[-95.346777,29.837747],[-95.346506,29.837749],[-95.346355,29.837749],[-95.345849,29.837754],[-95.345545,29.837754],[-95.345413,29.837757],[-95.344851,29.837762],[-95.344271,29.837763],[-95.344037,29.837767],[-95.343926,29.837771],[-95.343755,29.837773],[-95.343385,29.837774],[-95.342922,29.837782],[-95.342843,29.83781],[-95.34282,29.837833]]},"properties":{"Full_Name":"BERRY RD","ped_crash_count":0,"ped_death_count":0,"total_crash_count":3,"MilesLength":0.49999998}},{"type":"Feature","geometry":{"type":"LineString","coordinates":[[-95.367733,29.837592],[-95.366979,29.837597],[-95.366089,29.837604],[-95.365999,29.83761],[-95.365464,29.8376],[-95.364986,29.837607],[-95.361577,29.837625],[-95.360404,29.837641],[-95.359418,29.837513]]},"properties":{"Full_Name":"BERRY RD","ped_crash_count":0,"ped_death_count":0,"total_crash_count":4,"MilesLength":0.49999997}},{"type":"Feature","geometry":{"type":"LineString","coordinates":[[-95.488701,29.855878],[-95.488696,29.856781],[-95.488698,29.857883],[-95.488633,29.86049],[-95.48851,29.861052],[-95.488444,29.861302],[-95.488306,29.861661],[-95.488231,29.861823],[-95.4881,29.862076],[-95.487753,29.862746],[-95.487642,29.862979]]},"properties":{"Full_Name":"BINGLE RD","ped_crash_count":0,"ped_death_count":0,"total_crash_count":2,"MilesLength":0.49999997}},{"type":"Feature","geometry":{"type":"LineString","coordinates":[[-95.488876,29.84137],[-95.488875,29.841485],[-95.488862,29.842385],[-95.488855,29.843132],[-95.488852,29.843472],[-95.488854,29.843955],[-95.488857,29.844751],[-95.48886,29.845393],[-95.488864,29.846428],[-95.48887,29.847253],[-95.488869,29.848088],[-95.488872,29.848629]]},"properties":{"Full_Name":"BINGLE RD","ped_crash_count":0,"ped_death_count":0,"total_crash_count":3,"MilesLength":0.50000003}},{"type":"Feature","geometry":{"type":"LineString","coordinates":[[-95.490291,29.834354],[-95.490214,29.834518],[-95.489997,29.834941],[-95.489449,29.836011],[-95.489174,29.836496],[-95.489025,29.836916],[-95.488891,29.837556],[-95.488867,29.837995],[-95.488866,29.838032],[-95.488859,29.838139],[-95.488849,29.838296],[-95.488826,29.838635],[-95.488832,29.839504],[-95.488868,29.840342],[-95.488883,29.840924],[-95.488876,29.84137]]},"properties":{"Full_Name":"BINGLE RD","ped_crash_count":0,"ped_death_count":0,"total_crash_count":3,"MilesLength":0.50000001}},{"type":"Feature","geometry":{"type":"LineString","coordinates":[[-95.492188,29.827411],[-95.491789,29.8279],[-95.491513,29.828504],[-95.491397,29.829175],[-95.491318,29.829971],[-95.491229,29.830878],[-95.491185,29.831703],[-95.491183,29.831717],[-95.491083,29.832491],[-95.491022,29.832935],[-95.490833,29.833314],[-95.490433,29.834055],[-95.490291,29.834354]]},"properties":{"Full_Name":"BINGLE RD","ped_crash_count":0,"ped_death_count":0,"total_crash_count":3,"MilesLength":0.49999999}},{"type":"Feature","geometry":{"type":"LineString","coordinates":[[-95.539293,29.67603],[-95.541326,29.675953],[-95.541707,29.675919],[-95.541951,29.675898],[-95.54219,29.675877],[-95.542565,29.675844],[-95.54389,29.675767],[-95.546067,29.675592],[-95.547163,29.675531],[-95.547584,29.675508]]},"properties":{"Full_Name":"BISSONNET ST","ped_crash_count":0,"ped_death_count":0,"total_crash_count":9,"MilesLength":0.49999997}},{"type":"Feature","geometry":{"type":"LineString","coordinates":[[-95.597206,29.676496],[-95.597521,29.676583],[-95.598074,29.676737],[-95.598815,29.676943],[-95.598827,29.676947],[-95.599651,29.677188],[-95.600291,29.677359],[-95.602646,29.678051],[-95.603728,29.678351],[-95.605116,29.67873]]},"properties":{"Full_Name":"BISSONNET ST","ped_crash_count":2,"ped_death_count":0,"total_crash_count":7,"MilesLength":0.50000007}},{"type":"Feature","geometry":{"type":"LineString","coordinates":[[-95.589042,29.675339],[-95.590201,29.675416],[-95.591162,29.67548],[-95.592617,29.675604],[-95.593986,29.675705],[-95.594153,29.675713],[-95.594375,29.675744],[-95.594675,29.675802],[-95.595331,29.675969],[-95.595665,29.676067],[-95.595912,29.676136],[-95.596162,29.676205],[-95.596789,29.67638],[-95.597064,29.676456],[-95.597206,29.676496]]},"properties":{"Full_Name":"BISSONNET ST","ped_crash_count":0,"ped_death_count":0,"total_crash_count":2,"MilesLength":0.49999994}},{"type":"Feature","geometry":{"type":"LineString","coordinates":[[-95.58075,29.67483],[-95.580882,29.674842],[-95.58115,29.674864],[-95.581939,29.674911],[-95.583099,29.674989],[-95.583459,29.675018],[-95.58445,29.675078],[-95.585193,29.675124],[-95.587286,29.675222],[-95.588701,29.675316],[-95.589042,29.675339]]},"properties":{"Full_Name":"BISSONNET ST","ped_crash_count":1,"ped_death_count":0,"total_crash_count":6,"MilesLength":0.49999999}},{"type":"Feature","geometry":{"type":"LineString","coordinates":[[-95.56416,29.674396],[-95.568637,29.674139],[-95.569161,29.674152],[-95.569515,29.674169],[-95.569818,29.674176],[-95.570396,29.674225],[-95.571299,29.674284],[-95.571862,29.674301],[-95.572456,29.674341]]},"properties":{"Full_Name":"BISSONNET ST","ped_crash_count":3,"ped_death_count":0,"total_crash_count":8,"MilesLength":0.50000003}},{"type":"Feature","geometry":{"type":"LineString","coordinates":[[-95.555871,29.674942],[-95.556408,29.674908],[-95.556925,29.674876],[-95.557614,29.674823],[-95.557714,29.674818],[-95.55787,29.674808],[-95.558487,29.674766],[-95.559161,29.674705],[-95.55995,29.674659],[-95.560267,29.674643],[-95.560482,29.674632],[-95.560852,29.674612],[-95.562852,29.674471],[-95.56416,29.674396]]},"properties":{"Full_Name":"BISSONNET ST","ped_crash_count":2,"ped_death_count":1,"total_crash_count":4,"MilesLength":0.49999999}},{"type":"Feature","geometry":{"type":"LineString","coordinates":[[-95.547584,29.675508],[-95.547872,29.675492],[-95.548706,29.675447],[-95.549746,29.675381],[-95.55016,29.675353],[-95.550675,29.675309],[-95.55127,29.675255],[-95.551899,29.675217],[-95.552336,29.675171],[-95.552723,29.675158],[-95.553662,29.675091],[-95.553887,29.675088],[-95.554732,29.675032],[-95.555163,29.674987],[-95.555871,29.674942]]},"properties":{"Full_Name":"BISSONNET ST","ped_crash_count":5,"ped_death_count":1,"total_crash_count":12,"MilesLength":0.50000001}},{"type":"Feature","geometry":{"type":"LineString","coordinates":[[-95.524541,29.678815],[-95.524609,29.67878],[-95.525231,29.678475],[-95.525528,29.678329],[-95.526335,29.677918],[-95.526457,29.677856],[-95.527251,29.677451],[-95.527912,29.677087],[-95.528369,29.676893],[-95.52958,29.676472],[-95.529645,29.676469],[-95.530526,29.676424],[-95.531268,29.676388],[-95.53217,29.676357]]},"properties":{"Full_Name":"BISSONNET ST","ped_crash_count":1,"ped_death_count":0,"total_crash_count":5,"MilesLength":0.49999998}},{"type":"Feature","geometry":{"type":"LineString","coordinates":[[-95.517338,29.68244],[-95.517577,29.682321],[-95.517974,29.682124],[-95.518458,29.681886],[-95.518608,29.681812],[-95.518905,29.681666],[-95.519254,29.681495],[-95.51946,29.681393],[-95.5196,29.681323],[-95.519675,29.681284],[-95.520089,29.68108],[-95.521735,29.68025],[-95.522489,29.679877],[-95.524541,29.678815]]},"properties":{"Full_Name":"BISSONNET ST","ped_crash_count":0,"ped_death_count":0,"total_crash_count":6,"MilesLength":0.49999999}},{"type":"Feature","geometry":{"type":"LineString","coordinates":[[-95.502975,29.689755],[-95.503828,29.689292],[-95.504438,29.688988],[-95.505723,29.688324],[-95.505964,29.688205],[-95.507517,29.687425],[-95.508747,29.68679],[-95.509653,29.686325],[-95.510113,29.686089],[-95.510141,29.686074]]},"properties":{"Full_Name":"BISSONNET ST","ped_crash_count":0,"ped_death_count":0,"total_crash_count":3,"MilesLength":0.49999998}},{"type":"Feature","geometry":{"type":"LineString","coordinates":[[-95.422518,29.725424],[-95.424839,29.725371],[-95.426374,29.725361],[-95.426588,29.72536],[-95.427127,29.725341],[-95.427778,29.725341],[-95.428978,29.725297],[-95.430113,29.725306],[-95.430833,29.725295]]},"properties":{"Full_Name":"BISSONNET ST","ped_crash_count":0,"ped_death_count":0,"total_crash_count":4,"MilesLength":0.5}},{"type":"Feature","geometry":{"type":"LineString","coordinates":[[-95.266485,29.603939],[-95.265316,29.603966],[-95.265159,29.603976],[-95.265055,29.603987],[-95.264905,29.604012],[-95.264599,29.604093],[-95.26455,29.60411],[-95.264502,29.604128],[-95.264454,29.604147],[-95.264407,29.604167],[-95.26436,29.604187],[-95.264314,29.604209],[-95.264268,29.604232],[-95.264223,29.604256],[-95.264179,29.604281],[-95.264136,29.604306],[-95.264093,29.604333],[-95.264051,29.60436],[-95.264009,29.604388],[-95.263969,29.604418],[-95.263937,29.604441],[-95.263906,29.604465],[-95.263875,29.60449],[-95.263845,29.604515],[-95.263816,29.604541],[-95.263787,29.604567],[-95.263758,29.604594],[-95.263731,29.604621],[-95.263704,29.604649],[-95.263677,29.604677],[-95.263651,29.604705],[-95.263626,29.604734],[-95.263601,29.604764],[-95.263577,29.604793],[-95.263553,29.604824],[-95.263531,29.604854],[-95.263509,29.604885],[-95.263487,29.604916],[-95.263466,29.604948],[-95.263446,29.60498],[-95.263427,29.605012],[-95.263408,29.605045],[-95.26339,29.605077],[-95.263373,29.605111],[-95.263357,29.605144],[-95.263341,29.605178],[-95.263326,29.605212],[-95.263311,29.605246],[-95.263298,29.60528],[-95.263226,29.605468],[-95.263224,29.605474],[-95.263222,29.605479],[-95.26322,29.605485],[-95.263217,29.60549],[-95.263215,29.605495],[-95.263213,29.605501],[-95.263211,29.605506],[-95.263209,29.605511],[-95.263206,29.605517],[-95.263204,29.605522],[-95.263202,29.605527],[-95.2632,29.605533],[-95.263197,29.605538],[-95.263195,29.605543],[-95.263193,29.605549],[-95.26319,29.605554],[-95.263177,29.605601],[-95.263129,29.605675],[-95.263114,29.605701],[-95.263098,29.605727],[-95.263082,29.605753],[-95.263065,29.605778],[-95.263048,29.605803],[-95.26303,29.605828],[-95.263012,29.605853],[-95.262994,29.605877],[-95.262974,29.605901],[-95.262955,29.605925],[-95.262935,29.605948],[-95.262914,29.605971],[-95.262893,29.605994],[-95.262872,29.606016],[-95.26285,29.606039],[-95.262827,29.60606],[-95.262804,29.606082],[-95.262781,29.606103],[-95.262757,29.606123],[-95.262733,29.606144],[-95.262709,29.606164],[-95.262684,29.606183],[-95.262658,29.606202],[-95.262633,29.606221],[-95.262606,29.60624],[-95.26258,29.606258],[-95.262553,29.606275],[-95.262542,29.606282],[-95.262531,29.606289],[-95.26252,29.606296],[-95.262508,29.606303],[-95.262497,29.60631],[-95.262485,29.606317],[-95.262474,29.606323],[-95.262462,29.60633],[-95.262451,29.606337],[-95.262439,29.606343],[-95.262427,29.606349],[-95.262416,29.606356],[-95.262404,29.606362],[-95.262392,29.606368],[-95.26238,29.606374],[-95.262368,29.60638],[-95.262356,29.606386],[-95.262344,29.606392],[-95.262332,29.606398],[-95.262319,29.606403],[-95.262307,29.606409],[-95.262295,29.606415],[-95.262283,29.60642],[-95.26227,29.606425],[-95.262258,29.606431],[-95.262245,29.606436],[-95.262233,29.606441],[-95.26222,29.606446],[-95.262208,29.606451],[-95.262201,29.606454],[-95.262195,29.606456],[-95.262189,29.606458],[-95.262182,29.606461],[-95.262176,29.606463],[-95.262169,29.606466],[-95.262163,29.606468],[-95.262157,29.60647],[-95.26215,29.606473],[-95.262144,29.606475],[-95.262137,29.606477],[-95.262131,29.60648],[-95.262124,29.606482],[-95.262118,29.606484],[-95.262111,29.606486],[-95.262105,29.606488],[-95.262098,29.606491],[-95.262091,29.606493],[-95.262085,29.606495],[-95.262078,29.606497],[-95.262072,29.606499],[-95.262065,29.606501],[-95.262059,29.606503],[-95.262052,29.606505],[-95.262045,29.606507],[-95.262039,29.606509],[-95.262032,29.606511],[-95.262025,29.606513],[-95.262019,29.606515],[-95.262011,29.606517],[-95.262003,29.606519],[-95.261996,29.606521],[-95.261988,29.606523],[-95.26198,29.606525],[-95.261972,29.606527],[-95.261965,29.606529],[-95.261957,29.606531],[-95.261949,29.606533],[-95.261941,29.606535],[-95.261933,29.606537],[-95.261926,29.606539],[-95.261918,29.606541],[-95.26191,29.606543],[-95.261902,29.606544],[-95.261894,29.606546],[-95.261887,29.606548],[-95.261879,29.606549],[-95.261871,29.606551],[-95.261863,29.606553],[-95.261855,29.606554],[-95.261847,29.606556],[-95.261839,29.606557],[-95.261831,29.606559],[-95.261823,29.60656],[-95.261815,29.606562],[-95.261808,29.606563],[-95.2618,29.606565],[-95.261792,29.606566],[-95.261639,29.606588],[-95.261639,29.606588],[-95.261485,29.606611],[-95.261444,29.606617],[-95.261403,29.606625],[-95.261362,29.606634],[-95.261322,29.606643],[-95.261282,29.606653],[-95.261242,29.606664],[-95.261202,29.606676],[-95.261163,29.606688],[-95.261123,29.606702],[-95.261085,29.606716],[-95.261046,29.60673],[-95.261008,29.606746],[-95.260971,29.606762],[-95.260934,29.606779],[-95.260897,29.606796],[-95.260861,29.606815],[-95.260825,29.606834],[-95.26079,29.606853],[-95.260755,29.606874],[-95.260721,29.606895],[-95.260687,29.606917],[-95.260654,29.606939],[-95.260621,29.606962],[-95.260589,29.606986],[-95.260558,29.60701],[-95.260527,29.607035],[-95.260497,29.60706],[-95.260468,29.607086],[-95.260439,29.607113],[-95.260436,29.607116],[-95.260432,29.607119],[-95.260429,29.607122],[-95.260426,29.607126],[-95.260422,29.607129],[-95.260419,29.607132],[-95.260415,29.607135],[-95.260412,29.607139],[-95.260409,29.607142],[-95.260405,29.607145],[-95.260402,29.607149],[-95.260399,29.607152],[-95.260396,29.607155],[-95.260392,29.607158],[-95.260389,29.607162],[-95.260386,29.607165],[-95.260383,29.607169],[-95.260379,29.607172],[-95.260376,29.607175],[-95.260373,29.607179],[-95.26037,29.607182],[-95.260366,29.607185],[-95.260363,29.607189],[-95.26036,29.607192],[-95.260357,29.607196],[-95.260354,29.607199],[-95.260351,29.607202],[-95.260348,29.607206],[-95.260344,29.607209],[-95.260317,29.60724],[-95.260291,29.607272],[-95.260265,29.607304],[-95.26024,29.607336],[-95.260216,29.607369],[-95.260193,29.607403],[-95.260171,29.607437],[-95.26015,29.607471],[-95.26013,29.607506],[-95.260111,29.607542],[-95.260092,29.607577],[-95.260075,29.607613],[-95.260065,29.607635]]},"properties":{"Full_Name":"BLACKHAWK RIDGE LN","ped_crash_count":0,"ped_death_count":0,"total_crash_count":2,"MilesLength":0.49999999}},{"type":"Feature","geometry":{"type":"LineString","coordinates":[[-95.521267,29.784359],[-95.521248,29.784941],[-95.521278,29.785167],[-95.521291,29.785419],[-95.521343,29.785767],[-95.521552,29.786409],[-95.521727,29.786871],[-95.52177,29.787201],[-95.521784,29.788724],[-95.521785,29.788947],[-95.521786,29.789932],[-95.521795,29.790107],[-95.521788,29.790843],[-95.521786,29.791038]]},"properties":{"Full_Name":"BLALOCK RD","ped_crash_count":0,"ped_death_count":0,"total_crash_count":3,"MilesLength":0.4639342}},{"type":"Feature","geometry":{"type":"LineString","coordinates":[[-95.523898,29.797938],[-95.523928,29.798005],[-95.524024,29.798277],[-95.524112,29.798687],[-95.524183,29.799015],[-95.52419,29.799441],[-95.524214,29.799961],[-95.524223,29.800684],[-95.524239,29.80192],[-95.524324,29.804631],[-95.524333,29.805166]]},"properties":{"Full_Name":"BLALOCK RD","ped_crash_count":1,"ped_death_count":0,"total_crash_count":4,"MilesLength":0.5}},{"type":"Feature","geometry":{"type":"LineString","coordinates":[[-95.521786,29.791038],[-95.521778,29.791842],[-95.521787,29.791917],[-95.521787,29.791984],[-95.521817,29.792287],[-95.521865,29.79253],[-95.52198,29.792802],[-95.522171,29.793256],[-95.52311,29.794764],[-95.523284,29.795366],[-95.523334,29.796106],[-95.523445,29.796896],[-95.523496,29.797055],[-95.523898,29.797938]]},"properties":{"Full_Name":"BLALOCK RD","ped_crash_count":1,"ped_death_count":0,"total_crash_count":5,"MilesLength":0.49999998}},{"type":"Feature","geometry":{"type":"LineString","coordinates":[[-95.404442,29.767605],[-95.404818,29.767598],[-95.404966,29.767605],[-95.40547,29.767598],[-95.405738,29.767596],[-95.406006,29.767592],[-95.406091,29.767583],[-95.4072,29.767565],[-95.408307,29.767546],[-95.409425,29.767534],[-95.409898,29.767528],[-95.410559,29.767515],[-95.411476,29.767501],[-95.412446,29.767489],[-95.412762,29.767482]]},"properties":{"Full_Name":"BLOSSOM ST","ped_crash_count":0,"ped_death_count":0,"total_crash_count":2,"MilesLength":0.49999998}},{"type":"Feature","geometry":{"type":"LineString","coordinates":[[-95.500468,29.648758],[-95.500449,29.648253],[-95.500454,29.6476],[-95.500435,29.64693],[-95.500406,29.645971],[-95.500376,29.644377],[-95.500354,29.643736],[-95.500345,29.643462],[-95.500375,29.64317],[-95.500473,29.642953],[-95.500606,29.642662],[-95.500663,29.642487],[-95.500675,29.641973],[-95.500682,29.641762]]},"properties":{"Full_Name":"BOB WHITE DR","ped_crash_count":2,"ped_death_count":1,"total_crash_count":3,"MilesLength":0.48510463}},{"type":"Feature","geometry":{"type":"LineString","coordinates":[[-95.513828,29.691114],[-95.513799,29.690329],[-95.513801,29.690178],[-95.513782,29.689348],[-95.513769,29.68838],[-95.513782,29.687573],[-95.513759,29.68738],[-95.513732,29.687217],[-95.513671,29.687006],[-95.513563,29.686779],[-95.51353,29.686627],[-95.513514,29.686549],[-95.513519,29.686332],[-95.513499,29.685846],[-95.513488,29.685211],[-95.513474,29.684388]]},"properties":{"Full_Name":"BONHOMME RD","ped_crash_count":1,"ped_death_count":1,"total_crash_count":3,"MilesLength":0.46549411}},{"type":"Feature","geometry":{"type":"LineString","coordinates":[[-95.575048,29.694545],[-95.574893,29.693399],[-95.574763,29.692402],[-95.574723,29.691998],[-95.574708,29.691945],[-95.574694,29.691901],[-95.574682,29.691628],[-95.574683,29.691185],[-95.574657,29.69023],[-95.574659,29.689297],[-95.574663,29.688887],[-95.574658,29.68805],[-95.574637,29.687304]]},"properties":{"Full_Name":"BOONE RD","ped_crash_count":4,"ped_death_count":0,"total_crash_count":7,"MilesLength":0.50000002}},{"type":"Feature","geometry":{"type":"LineString","coordinates":[[-95.575616,29.71631],[-95.575597,29.715585],[-95.575592,29.715475],[-95.575592,29.715207],[-95.57558,29.715048],[-95.575575,29.714697],[-95.575582,29.714295],[-95.575571,29.713651],[-95.575553,29.712992],[-95.575554,29.712335],[-95.575531,29.711652],[-95.575522,29.711205],[-95.575517,29.710943],[-95.575514,29.710667],[-95.575502,29.710193],[-95.575492,29.709704],[-95.575487,29.70945],[-95.57548,29.709052]]},"properties":{"Full_Name":"BOONE RD","ped_crash_count":1,"ped_death_count":1,"total_crash_count":2,"MilesLength":0.49999995}},{"type":"Feature","geometry":{"type":"LineString","coordinates":[[-95.521784,29.684311],[-95.521769,29.683383],[-95.521761,29.682678],[-95.521755,29.682513],[-95.521735,29.68025]]},"properties":{"Full_Name":"BRAE ACRES RD","ped_crash_count":0,"ped_death_count":0,"total_crash_count":2,"MilesLength":0.27969046}},{"type":"Feature","geometry":{"type":"LineString","coordinates":[[-95.639916,29.736966],[-95.639935,29.736872],[-95.639978,29.736615],[-95.639996,29.736482],[-95.640022,29.736312],[-95.640031,29.736163],[-95.640038,29.735949],[-95.640037,29.735645],[-95.640028,29.734898],[-95.639997,29.734618],[-95.639948,29.734408],[-95.63988,29.734193],[-95.639796,29.733987],[-95.639692,29.733787],[-95.63956,29.733534],[-95.639484,29.733364],[-95.63942,29.733185],[-95.639352,29.732964],[-95.639308,29.732704],[-95.639293,29.73247],[-95.63929,29.732114],[-95.639282,29.73172],[-95.639248,29.730643],[-95.63924,29.729816]]},"properties":{"Full_Name":"BRIARGREEN DR","ped_crash_count":1,"ped_death_count":1,"total_crash_count":2,"MilesLength":0.49999995}},{"type":"Feature","geometry":{"type":"LineString","coordinates":[[-95.492887,29.741081],[-95.492888,29.740302],[-95.492878,29.739521],[-95.492872,29.738774],[-95.492864,29.737684],[-95.492851,29.737104],[-95.49282,29.735692],[-95.492812,29.735328],[-95.492788,29.734976],[-95.492784,29.734292]]},"properties":{"Full_Name":"BRIARHURST DR","ped_crash_count":0,"ped_death_count":0,"total_crash_count":2,"MilesLength":0.46764188}},{"type":"Feature","geometry":{"type":"LineString","coordinates":[[-95.548549,29.74233],[-95.548456,29.742222],[-95.548447,29.741553],[-95.548434,29.740742],[-95.548432,29.739968],[-95.548415,29.739192],[-95.548413,29.738548],[-95.548406,29.738422],[-95.548403,29.737651],[-95.548385,29.737069],[-95.548392,29.736327],[-95.548436,29.735917],[-95.54853,29.735548],[-95.548661,29.735124]]},"properties":{"Full_Name":"BRIARPARK DR","ped_crash_count":0,"ped_death_count":0,"total_crash_count":3,"MilesLength":0.49999998}},{"type":"Feature","geometry":{"type":"LineString","coordinates":[[-95.548661,29.735124],[-95.548697,29.735006],[-95.548853,29.734613],[-95.549,29.734104],[-95.549087,29.733535],[-95.549082,29.733117],[-95.549045,29.732003],[-95.549063,29.730545],[-95.548984,29.728758],[-95.548977,29.727914]]},"properties":{"Full_Name":"BRIARPARK DR","ped_crash_count":1,"ped_death_count":0,"total_crash_count":3,"MilesLength":0.50000002}},{"type":"Feature","geometry":{"type":"LineString","coordinates":[[-95.33402,29.779365],[-95.334023,29.779662],[-95.334144,29.779844],[-95.334184,29.779945],[-95.334196,29.780007],[-95.334199,29.78018],[-95.334222,29.780844],[-95.334224,29.781857],[-95.334252,29.782843],[-95.334249,29.783836],[-95.334261,29.784865],[-95.33428,29.785855],[-95.33428,29.786253],[-95.33428,29.786589]]},"properties":{"Full_Name":"BRINGHURST ST","ped_crash_count":0,"ped_death_count":0,"total_crash_count":4,"MilesLength":0.50000003}},{"type":"Feature","geometry":{"type":"LineString","coordinates":[[-95.569898,29.809708],[-95.5699,29.810073],[-95.569908,29.810886],[-95.569903,29.811275],[-95.569888,29.811584],[-95.569905,29.812792],[-95.569922,29.812933],[-95.569922,29.813332],[-95.569923,29.813931],[-95.569923,29.814532],[-95.569916,29.814852],[-95.569922,29.816087],[-95.569919,29.816966]]},"properties":{"Full_Name":"BRITTMOORE RD","ped_crash_count":0,"ped_death_count":0,"total_crash_count":4,"MilesLength":0.5}},{"type":"Feature","geometry":{"type":"LineString","coordinates":[[-95.569873,29.802448],[-95.569871,29.802626],[-95.56987,29.803965],[-95.56988,29.804645],[-95.569869,29.805503],[-95.569882,29.806243],[-95.569886,29.807977],[-95.569892,29.808819],[-95.569895,29.809162],[-95.569898,29.809708]]},"properties":{"Full_Name":"BRITTMOORE RD","ped_crash_count":0,"ped_death_count":0,"total_crash_count":2,"MilesLength":0.49999999}},{"type":"Feature","geometry":{"type":"LineString","coordinates":[[-95.569821,29.787929],[-95.569821,29.787989],[-95.569835,29.788399],[-95.569824,29.789438],[-95.569833,29.790327],[-95.569819,29.790802],[-95.569837,29.791389],[-95.569835,29.792499],[-95.569834,29.793107],[-95.569839,29.79509],[-95.569838,29.795188]]},"properties":{"Full_Name":"BRITTMOORE RD","ped_crash_count":1,"ped_death_count":1,"total_crash_count":3,"MilesLength":0.5}},{"type":"Feature","geometry":{"type":"LineString","coordinates":[[-95.569987,29.831486],[-95.569993,29.831867],[-95.569999,29.832411],[-95.569976,29.833742],[-95.56998,29.834232],[-95.569982,29.834442],[-95.569985,29.835273],[-95.569986,29.83558],[-95.569988,29.836033],[-95.569989,29.836329],[-95.569993,29.837165],[-95.569994,29.837257]]},"properties":{"Full_Name":"BRITTMOORE RD","ped_crash_count":0,"ped_death_count":0,"total_crash_count":3,"MilesLength":0.39751035}},{"type":"Feature","geometry":{"type":"LineString","coordinates":[[-95.276822,29.685364],[-95.277135,29.685111],[-95.277247,29.685021],[-95.27729,29.684986],[-95.277326,29.68494],[-95.277443,29.684786],[-95.277435,29.684505],[-95.277406,29.683964],[-95.277403,29.683719],[-95.277397,29.683514],[-95.277357,29.681938],[-95.277316,29.680233]]},"properties":{"Full_Name":"BROADWAY ST","ped_crash_count":0,"ped_death_count":0,"total_crash_count":2,"MilesLength":0.36857139}},{"type":"Feature","geometry":{"type":"LineString","coordinates":[[-95.277828,29.698691],[-95.277814,29.698324],[-95.277801,29.697895],[-95.277736,29.695734],[-95.277722,29.694642],[-95.277687,29.693572],[-95.277648,29.692472],[-95.277642,29.691433]]},"properties":{"Full_Name":"BROADWAY ST","ped_crash_count":0,"ped_death_count":0,"total_crash_count":3,"MilesLength":0.49999999}},{"type":"Feature","geometry":{"type":"LineString","coordinates":[[-95.278021,29.705947],[-95.278021,29.70588],[-95.278011,29.705684],[-95.278,29.705128],[-95.277976,29.704576],[-95.277935,29.703642],[-95.277877,29.702904],[-95.277888,29.702684],[-95.277906,29.7023],[-95.277916,29.702077],[-95.277902,29.701564],[-95.277878,29.700845],[-95.277854,29.699532],[-95.277842,29.69905],[-95.277828,29.698691]]},"properties":{"Full_Name":"BROADWAY ST","ped_crash_count":0,"ped_death_count":0,"total_crash_count":4,"MilesLength":0.50000001}},{"type":"Feature","geometry":{"type":"LineString","coordinates":[[-95.278189,29.713204],[-95.278177,29.712824],[-95.278159,29.712405],[-95.27814,29.71201],[-95.278134,29.711795],[-95.278131,29.711311],[-95.278118,29.710633],[-95.278086,29.709736],[-95.278101,29.708837],[-95.27808,29.708131],[-95.278061,29.707645],[-95.278056,29.707408],[-95.278034,29.706622],[-95.278021,29.706318],[-95.278021,29.705947]]},"properties":{"Full_Name":"BROADWAY ST","ped_crash_count":1,"ped_death_count":1,"total_crash_count":3,"MilesLength":0.50000001}},{"type":"Feature","geometry":{"type":"LineString","coordinates":[[-95.595731,29.679698],[-95.596058,29.679685],[-95.59639,29.679711],[-95.59691,29.679828],[-95.597297,29.679958],[-95.59763,29.680028],[-95.597868,29.680112],[-95.59809,29.680181],[-95.598296,29.680196],[-95.598476,29.680206],[-95.598706,29.680195],[-95.598996,29.680176],[-95.599128,29.680153],[-95.599462,29.680084],[-95.599957,29.679913],[-95.600224,29.67981],[-95.600509,29.679747],[-95.600822,29.679708],[-95.601038,29.679709],[-95.601279,29.67971],[-95.60199,29.679714],[-95.602719,29.679718],[-95.603005,29.679715],[-95.60382,29.679723],[-95.603868,29.679729]]},"properties":{"Full_Name":"BROOKGLADE CIR","ped_crash_count":0,"ped_death_count":0,"total_crash_count":3,"MilesLength":0.50000003}},{"type":"Feature","geometry":{"type":"LineString","coordinates":[[-95.339321,29.696213],[-95.337631,29.695689],[-95.336096,29.695241],[-95.335038,29.695004],[-95.33388,29.694722],[-95.332481,29.694297]]},"properties":{"Full_Name":"BROWNCROFT ST","ped_crash_count":0,"ped_death_count":0,"total_crash_count":2,"MilesLength":0.43216353}},{"type":"Feature","geometry":{"type":"LineString","coordinates":[[-95.327651,29.791935],[-95.3277,29.79273],[-95.327732,29.793521],[-95.32773,29.794384],[-95.327737,29.79521],[-95.32774,29.796027],[-95.327754,29.796891]]},"properties":{"Full_Name":"BROYLES ST","ped_crash_count":0,"ped_death_count":0,"total_crash_count":3,"MilesLength":0.34147332}},{"type":"Feature","geometry":{"type":"LineString","coordinates":[[-95.424921,29.670689],[-95.424925,29.670675],[-95.424954,29.670565],[-95.424986,29.670456],[-95.42502,29.670348],[-95.425057,29.670241],[-95.425097,29.670134],[-95.425139,29.670028],[-95.425183,29.669922],[-95.42523,29.669818],[-95.42528,29.669714],[-95.425332,29.669611],[-95.425386,29.669509],[-95.425442,29.669408],[-95.425501,29.669309],[-95.425563,29.66921],[-95.425626,29.669112],[-95.425692,29.669016],[-95.42576,29.66892],[-95.425939,29.668668],[-95.425965,29.668632],[-95.426346,29.668094],[-95.426444,29.66795],[-95.426538,29.667803],[-95.426626,29.667654],[-95.42671,29.667503],[-95.426787,29.667349],[-95.42686,29.667194],[-95.426927,29.667036],[-95.426988,29.666877],[-95.427044,29.666716],[-95.427094,29.666554],[-95.427139,29.66639],[-95.427178,29.666226],[-95.42721,29.66606],[-95.427238,29.665894],[-95.427259,29.665727],[-95.427275,29.66556],[-95.427284,29.665392],[-95.427288,29.665224],[-95.427286,29.665056],[-95.427278,29.664888],[-95.427264,29.66472],[-95.427244,29.664553],[-95.427178,29.664139],[-95.427153,29.663986],[-95.427128,29.663893]]},"properties":{"Full_Name":"BUFFALO SPEEDWAY","ped_crash_count":0,"ped_death_count":0,"total_crash_count":2,"MilesLength":0.49999998}},{"type":"Feature","geometry":{"type":"LineString","coordinates":[[-95.427212,29.684416],[-95.427209,29.684061],[-95.427206,29.68389],[-95.427192,29.683237],[-95.427167,29.682414],[-95.427164,29.681752],[-95.427042,29.681146],[-95.426893,29.680796],[-95.426548,29.680301],[-95.425874,29.679851],[-95.425764,29.679781],[-95.425325,29.679461],[-95.425215,29.679365],[-95.42504,29.67915],[-95.42482,29.67868],[-95.424722,29.678068],[-95.424729,29.677925]]},"properties":{"Full_Name":"BUFFALO SPEEDWAY","ped_crash_count":2,"ped_death_count":0,"total_crash_count":2,"MilesLength":0.49999998}},{"type":"Feature","geometry":{"type":"LineString","coordinates":[[-95.429597,29.73484],[-95.429272,29.733871],[-95.428667,29.732128],[-95.428471,29.731374],[-95.428336,29.730802],[-95.428205,29.730297],[-95.42817,29.730048],[-95.428148,29.729892],[-95.428128,29.729752],[-95.428092,29.729495],[-95.428059,29.729145],[-95.428014,29.728776],[-95.427965,29.728377],[-95.427887,29.727758]]},"properties":{"Full_Name":"BUFFALO SPEEDWAY","ped_crash_count":2,"ped_death_count":0,"total_crash_count":4,"MilesLength":0.50000004}},{"type":"Feature","geometry":{"type":"LineString","coordinates":[[-95.360072,29.63134],[-95.358383,29.631828],[-95.357549,29.632054],[-95.356841,29.632248],[-95.356689,29.632255],[-95.355882,29.632274],[-95.355717,29.632281]]},"properties":{"Full_Name":"BUNGALOW LN","ped_crash_count":1,"ped_death_count":1,"total_crash_count":2,"MilesLength":0.27189527}},{"type":"Feature","geometry":{"type":"LineString","coordinates":[[-95.516878,29.729855],[-95.516865,29.729286],[-95.516856,29.728149],[-95.516827,29.727314],[-95.516809,29.72645],[-95.516797,29.725899],[-95.516789,29.725594],[-95.51677,29.724747],[-95.516752,29.723899]]},"properties":{"Full_Name":"BUTTERCUP ST","ped_crash_count":1,"ped_death_count":0,"total_crash_count":3,"MilesLength":0.41031419}},{"type":"Feature","geometry":{"type":"LineString","coordinates":[[-95.349316,29.683515],[-95.349203,29.683256],[-95.349142,29.683083],[-95.349019,29.682771],[-95.348926,29.682318],[-95.34899,29.682033],[-95.34938,29.68119],[-95.349489,29.68094],[-95.349657,29.680754],[-95.349881,29.680554],[-95.350754,29.679924],[-95.350927,29.679773],[-95.351076,29.679595],[-95.351174,29.679442],[-95.351231,29.679257]]},"properties":{"Full_Name":"CALAIS RD","ped_crash_count":1,"ped_death_count":0,"total_crash_count":2,"MilesLength":0.34588148}},{"type":"Feature","geometry":{"type":"LineString","coordinates":[[-95.317243,29.864053],[-95.31618,29.864052],[-95.314528,29.864054],[-95.313703,29.864058],[-95.312676,29.864064],[-95.312163,29.864062],[-95.311706,29.864066],[-95.310686,29.864081],[-95.309683,29.864096],[-95.308914,29.864105]]},"properties":{"Full_Name":"CALGARY LN","ped_crash_count":0,"ped_death_count":0,"total_crash_count":3,"MilesLength":0.49999999}},{"type":"Feature","geometry":{"type":"LineString","coordinates":[[-95.307177,29.843367],[-95.3072,29.844967],[-95.307273,29.848395]]},"properties":{"Full_Name":"CAMAY DR","ped_crash_count":0,"ped_death_count":0,"total_crash_count":2,"MilesLength":0.34627186}},{"type":"Feature","geometry":{"type":"LineString","coordinates":[[-95.390175,29.706298],[-95.390174,29.706259],[-95.390233,29.705909],[-95.390252,29.705701],[-95.390416,29.705141],[-95.390738,29.704405],[-95.391223,29.703132],[-95.39154,29.702302],[-95.39187,29.701479],[-95.392437,29.700317],[-95.392799,29.699431]]},"properties":{"Full_Name":"CAMBRIDGE ST","ped_crash_count":0,"ped_death_count":0,"total_crash_count":4,"MilesLength":0.49999996}},{"type":"Feature","geometry":{"type":"LineString","coordinates":[[-95.393574,29.712674],[-95.393406,29.712215],[-95.393296,29.711989],[-95.393097,29.71167],[-95.392975,29.711485],[-95.392774,29.711265],[-95.392525,29.711001],[-95.392277,29.710771],[-95.391407,29.710113],[-95.390729,29.708937],[-95.390489,29.70827],[-95.390195,29.706923],[-95.390175,29.706298]]},"properties":{"Full_Name":"CAMBRIDGE ST","ped_crash_count":3,"ped_death_count":0,"total_crash_count":3,"MilesLength":0.50000004}},{"type":"Feature","geometry":{"type":"LineString","coordinates":[[-95.29752,29.738791],[-95.296376,29.738426],[-95.295282,29.738073],[-95.294423,29.737792],[-95.29246,29.737161],[-95.290515,29.736556],[-95.289701,29.736312]]},"properties":{"Full_Name":"CANAL ST","ped_crash_count":0,"ped_death_count":0,"total_crash_count":3,"MilesLength":0.50000003}},{"type":"Feature","geometry":{"type":"LineString","coordinates":[[-95.305334,29.741282],[-95.30457,29.741036],[-95.302598,29.74041],[-95.300635,29.739788],[-95.298949,29.739256],[-95.298343,29.739053],[-95.29752,29.738791]]},"properties":{"Full_Name":"CANAL ST","ped_crash_count":1,"ped_death_count":0,"total_crash_count":2,"MilesLength":0.49999995}},{"type":"Feature","geometry":{"type":"LineString","coordinates":[[-95.336251,29.751673],[-95.336229,29.75166],[-95.335588,29.751275],[-95.33536,29.751135],[-95.335161,29.751006],[-95.334968,29.750863],[-95.334817,29.75069],[-95.334728,29.750598],[-95.334584,29.750477],[-95.334445,29.750384],[-95.334364,29.75033],[-95.333579,29.750071],[-95.333086,29.749928],[-95.332847,29.749847],[-95.332375,29.749708],[-95.332072,29.749606],[-95.331619,29.74947],[-95.331298,29.749372],[-95.330891,29.749256],[-95.330517,29.749137],[-95.330243,29.74905],[-95.329732,29.748897],[-95.329642,29.748869],[-95.329554,29.748844],[-95.328879,29.748621],[-95.328837,29.748604]]},"properties":{"Full_Name":"CANAL ST","ped_crash_count":0,"ped_death_count":0,"total_crash_count":2,"MilesLength":0.49999998}},{"type":"Feature","geometry":{"type":"LineString","coordinates":[[-95.343087,29.75581],[-95.34289,29.755691],[-95.342035,29.755165],[-95.341147,29.754629],[-95.340393,29.754169],[-95.339299,29.753528],[-95.33901,29.75335],[-95.338394,29.752979],[-95.337925,29.752677],[-95.337065,29.75216],[-95.336251,29.751673]]},"properties":{"Full_Name":"CANAL ST","ped_crash_count":1,"ped_death_count":1,"total_crash_count":2,"MilesLength":0.49999996}},{"type":"Feature","geometry":{"type":"LineString","coordinates":[[-95.363786,29.753543],[-95.364104,29.753151],[-95.364696,29.752403],[-95.365301,29.75166],[-95.365875,29.750921],[-95.366479,29.750166],[-95.367063,29.749427],[-95.367651,29.748671],[-95.368242,29.747929],[-95.36835,29.747795],[-95.368444,29.747678],[-95.368488,29.747624],[-95.368526,29.747576]]},"properties":{"Full_Name":"CAROLINE ST","ped_crash_count":0,"ped_death_count":0,"total_crash_count":2,"MilesLength":0.49999999}},{"type":"Feature","geometry":{"type":"LineString","coordinates":[[-95.359073,29.759526],[-95.359331,29.759181],[-95.359948,29.758414],[-95.360556,29.757648],[-95.360873,29.757245],[-95.361151,29.756891],[-95.361751,29.756132],[-95.362333,29.755396],[-95.362923,29.754633],[-95.363499,29.753897],[-95.363786,29.753543]]},"properties":{"Full_Name":"CAROLINE ST","ped_crash_count":1,"ped_death_count":0,"total_crash_count":2,"MilesLength":0.5}},{"type":"Feature","geometry":{"type":"LineString","coordinates":[[-95.612714,29.69675],[-95.61272,29.69675],[-95.613636,29.696732],[-95.614674,29.696737],[-95.614884,29.696699],[-95.615299,29.696634],[-95.615446,29.696625],[-95.615577,29.69662],[-95.616236,29.696615],[-95.617019,29.696613],[-95.617808,29.696601],[-95.618592,29.6966],[-95.6188,29.696592],[-95.619229,29.696591],[-95.619876,29.696589]]},"properties":{"Full_Name":"CARVEL LN","ped_crash_count":0,"ped_death_count":0,"total_crash_count":2,"MilesLength":0.43137444}},{"type":"Feature","geometry":{"type":"LineString","coordinates":[[-95.445897,29.861418],[-95.445966,29.861588],[-95.446106,29.861891],[-95.446259,29.862208],[-95.446334,29.862392],[-95.446389,29.862589],[-95.446407,29.862823],[-95.446418,29.863375],[-95.44641,29.863484],[-95.446411,29.86439],[-95.446412,29.865313],[-95.446415,29.866015],[-95.44642,29.866218],[-95.446428,29.867121],[-95.446429,29.868096],[-95.446435,29.868599]]},"properties":{"Full_Name":"CARVER RD","ped_crash_count":0,"ped_death_count":0,"total_crash_count":5,"MilesLength":0.5}},{"type":"Feature","geometry":{"type":"LineString","coordinates":[[-95.372057,29.803887],[-95.371353,29.803844],[-95.370567,29.803764],[-95.370171,29.803693],[-95.369774,29.803576],[-95.36932,29.803439],[-95.368968,29.803353],[-95.368326,29.803243],[-95.367583,29.803244],[-95.367314,29.803247],[-95.366669,29.803266],[-95.365734,29.803267],[-95.364823,29.803284],[-95.363896,29.803303],[-95.363823,29.803304]]},"properties":{"Full_Name":"CAVALCADE ST","ped_crash_count":2,"ped_death_count":1,"total_crash_count":4,"MilesLength":0.50000002}},{"type":"Feature","geometry":{"type":"LineString","coordinates":[[-95.355504,29.803321],[-95.35537,29.803323],[-95.354386,29.803344],[-95.353424,29.803367],[-95.352446,29.803378],[-95.351466,29.803403],[-95.350526,29.803427],[-95.350194,29.803439],[-95.349574,29.803438],[-95.349127,29.803422],[-95.34886,29.803402],[-95.348453,29.803345],[-95.347265,29.803093],[-95.347224,29.803084]]},"properties":{"Full_Name":"CAVALCADE ST","ped_crash_count":0,"ped_death_count":0,"total_crash_count":3,"MilesLength":0.50000002}},{"type":"Feature","geometry":{"type":"LineString","coordinates":[[-95.31436,29.800425],[-95.313,29.800444],[-95.311726,29.800432],[-95.310472,29.800433],[-95.309221,29.800431],[-95.307953,29.800448],[-95.306623,29.800438],[-95.306037,29.800443]]},"properties":{"Full_Name":"CAVALCADE ST","ped_crash_count":0,"ped_death_count":0,"total_crash_count":2,"MilesLength":0.5}},{"type":"Feature","geometry":{"type":"LineString","coordinates":[[-95.322684,29.800338],[-95.32233,29.800343],[-95.320574,29.800367],[-95.318797,29.800385],[-95.31698,29.800388],[-95.31436,29.800425]]},"properties":{"Full_Name":"CAVALCADE ST","ped_crash_count":1,"ped_death_count":0,"total_crash_count":2,"MilesLength":0.49999997}},{"type":"Feature","geometry":{"type":"LineString","coordinates":[[-95.331006,29.800219],[-95.330608,29.800235],[-95.32957,29.800266],[-95.328219,29.800279],[-95.327139,29.800292],[-95.326093,29.800305],[-95.325864,29.800302],[-95.324102,29.800316],[-95.322684,29.800338]]},"properties":{"Full_Name":"CAVALCADE ST","ped_crash_count":1,"ped_death_count":0,"total_crash_count":2,"MilesLength":0.5}},{"type":"Feature","geometry":{"type":"LineString","coordinates":[[-95.405562,29.771276],[-95.406114,29.771328],[-95.406153,29.771296],[-95.406199,29.771264],[-95.407266,29.771242],[-95.408365,29.771234],[-95.409495,29.771202],[-95.409769,29.771187],[-95.410596,29.771182],[-95.410722,29.771191],[-95.411571,29.771183],[-95.412506,29.771172],[-95.413365,29.771161],[-95.41345,29.771175],[-95.41385,29.771172]]},"properties":{"Full_Name":"CENTER ST","ped_crash_count":1,"ped_death_count":1,"total_crash_count":2,"MilesLength":0.49999996}},{"type":"Feature","geometry":{"type":"LineString","coordinates":[[-95.55127,29.675255],[-95.551203,29.674651],[-95.551205,29.67444],[-95.551191,29.674332],[-95.551156,29.674045],[-95.551148,29.673913],[-95.551145,29.673696],[-95.551107,29.673366],[-95.5511,29.673041],[-95.5511,29.672538],[-95.551093,29.672369],[-95.551109,29.672163],[-95.551087,29.671759],[-95.551043,29.671416],[-95.550895,29.671141],[-95.550875,29.671094],[-95.550757,29.670934],[-95.550324,29.670619],[-95.550133,29.670518],[-95.549737,29.670309],[-95.549355,29.670054],[-95.549048,29.669822]]},"properties":{"Full_Name":"CENTRE PKWY","ped_crash_count":0,"ped_death_count":0,"total_crash_count":2,"MilesLength":0.43108368}},{"type":"Feature","geometry":{"type":"LineString","coordinates":[[-95.176977,29.600626],[-95.176612,29.600878],[-95.174452,29.602403],[-95.174232,29.602556],[-95.173959,29.602615],[-95.173628,29.602757],[-95.173534,29.602859],[-95.173428,29.602981],[-95.173423,29.60325]]},"properties":{"Full_Name":"CHALLENGER PKWY","ped_crash_count":0,"ped_death_count":0,"total_crash_count":2,"MilesLength":0.28922594}},{"type":"Feature","geometry":{"type":"LineString","coordinates":[[-95.354318,29.800349],[-95.354325,29.800851],[-95.35435,29.801704],[-95.354367,29.802562],[-95.354386,29.803344],[-95.354418,29.804258],[-95.354426,29.804393],[-95.354446,29.805108],[-95.354459,29.805961],[-95.354473,29.806141],[-95.354489,29.806815],[-95.354512,29.807607]]},"properties":{"Full_Name":"CHAPMAN ST","ped_crash_count":0,"ped_death_count":0,"total_crash_count":2,"MilesLength":0.49999997}},{"type":"Feature","geometry":{"type":"LineString","coordinates":[[-95.354512,29.807607],[-95.354514,29.80766],[-95.354532,29.808518],[-95.354543,29.809359],[-95.354579,29.810229],[-95.354597,29.811099],[-95.354625,29.811961],[-95.354634,29.812814],[-95.354662,29.812889],[-95.354667,29.813444]]},"properties":{"Full_Name":"CHAPMAN ST","ped_crash_count":0,"ped_death_count":0,"total_crash_count":3,"MilesLength":0.40233928}},{"type":"Feature","geometry":{"type":"LineString","coordinates":[[-95.361085,29.745804],[-95.361373,29.745428],[-95.361502,29.745282],[-95.361588,29.745189],[-95.361678,29.745091],[-95.362029,29.744601],[-95.362239,29.744307],[-95.362362,29.744133],[-95.362489,29.743951],[-95.362791,29.743522],[-95.362945,29.743278],[-95.363417,29.742531],[-95.36348,29.742346],[-95.363742,29.741911],[-95.364432,29.740977],[-95.365185,29.740035],[-95.36549,29.739664]]},"properties":{"Full_Name":"CHARTRES ST","ped_crash_count":0,"ped_death_count":0,"total_crash_count":4,"MilesLength":0.50000001}},{"type":"Feature","geometry":{"type":"LineString","coordinates":[[-95.35633,29.751761],[-95.356924,29.751031],[-95.357508,29.750291],[-95.358113,29.749543],[-95.358284,29.749336],[-95.35868,29.748792],[-95.359291,29.748036],[-95.359675,29.747543],[-95.359877,29.747286],[-95.360491,29.746551],[-95.361075,29.745817],[-95.361085,29.745804]]},"properties":{"Full_Name":"CHARTRES ST","ped_crash_count":0,"ped_death_count":0,"total_crash_count":4,"MilesLength":0.49999998}},{"type":"Feature","geometry":{"type":"LineString","coordinates":[[-95.351605,29.757736],[-95.352115,29.757085],[-95.352186,29.757009],[-95.352723,29.756311],[-95.35393,29.754795],[-95.354542,29.754028],[-95.355142,29.75326],[-95.355729,29.752533],[-95.356283,29.75182],[-95.35633,29.751761]]},"properties":{"Full_Name":"CHARTRES ST","ped_crash_count":0,"ped_death_count":0,"total_crash_count":3,"MilesLength":0.50000001}},{"type":"Feature","geometry":{"type":"LineString","coordinates":[[-95.262281,29.84308],[-95.261383,29.843082],[-95.258636,29.843089],[-95.255788,29.843101],[-95.254915,29.843126],[-95.253954,29.843125]]},"properties":{"Full_Name":"CHATWOOD DR","ped_crash_count":1,"ped_death_count":0,"total_crash_count":3,"MilesLength":0.49999997}},{"type":"Feature","geometry":{"type":"LineString","coordinates":[[-95.292851,29.871527],[-95.292877,29.873241],[-95.292877,29.873689],[-95.292883,29.874009],[-95.292903,29.874766],[-95.292939,29.87554],[-95.292947,29.876306],[-95.292963,29.877089],[-95.292969,29.877826],[-95.292989,29.878539]]},"properties":{"Full_Name":"CHEEVES DR","ped_crash_count":0,"ped_death_count":0,"total_crash_count":4,"MilesLength":0.48299426}},{"type":"Feature","geometry":{"type":"LineString","coordinates":[[-95.292989,29.878539],[-95.29299,29.87857],[-95.292999,29.87931],[-95.293006,29.879995],[-95.293012,29.880272],[-95.293032,29.88083],[-95.293052,29.882178],[-95.293059,29.88297],[-95.292986,29.883309],[-95.292867,29.883614]]},"properties":{"Full_Name":"CHEEVES DR","ped_crash_count":0,"ped_death_count":0,"total_crash_count":3,"MilesLength":0.35120432}},{"type":"Feature","geometry":{"type":"LineString","coordinates":[[-95.478426,29.709235],[-95.478425,29.707422],[-95.478404,29.706341],[-95.47839,29.705625],[-95.478357,29.703797],[-95.478352,29.703015],[-95.478327,29.702338]]},"properties":{"Full_Name":"CHETWOOD DR","ped_crash_count":0,"ped_death_count":0,"total_crash_count":2,"MilesLength":0.4750772}},{"type":"Feature","geometry":{"type":"LineString","coordinates":[[-95.218529,29.77776],[-95.218273,29.777763],[-95.217376,29.777722],[-95.216955,29.777769],[-95.216502,29.777862],[-95.216395,29.777875],[-95.214648,29.77792],[-95.214605,29.777923],[-95.214546,29.777927],[-95.214255,29.777947],[-95.213717,29.77801],[-95.213434,29.778061],[-95.213388,29.778068],[-95.2132,29.778075],[-95.213132,29.778058],[-95.213057,29.778025],[-95.21298,29.777981],[-95.212893,29.777917],[-95.212837,29.777868],[-95.212766,29.777802],[-95.212709,29.777686],[-95.212667,29.777556],[-95.212673,29.77719]]},"properties":{"Full_Name":"CHURCH RD","ped_crash_count":1,"ped_death_count":1,"total_crash_count":2,"MilesLength":0.39800539}},{"type":"Feature","geometry":{"type":"LineString","coordinates":[[-95.430126,29.748794],[-95.430157,29.747763],[-95.43007,29.747276],[-95.430054,29.747155],[-95.430052,29.746196],[-95.430047,29.745219],[-95.43005,29.744277],[-95.430047,29.743422],[-95.430045,29.742604],[-95.430035,29.742073]]},"properties":{"Full_Name":"CLAREMONT LN","ped_crash_count":0,"ped_death_count":0,"total_crash_count":3,"MilesLength":0.46342481}},{"type":"Feature","geometry":{"type":"LineString","coordinates":[[-95.511279,29.709194],[-95.511413,29.70925],[-95.512055,29.709489],[-95.51258,29.709635],[-95.512912,29.709686],[-95.513587,29.709766],[-95.513944,29.709762],[-95.515149,29.709746],[-95.515691,29.709751],[-95.51617,29.709742],[-95.518022,29.70973],[-95.518667,29.709715],[-95.519258,29.709709],[-95.519487,29.709708]]},"properties":{"Full_Name":"CLAREWOOD DR","ped_crash_count":0,"ped_death_count":0,"total_crash_count":3,"MilesLength":0.50000004}},{"type":"Feature","geometry":{"type":"LineString","coordinates":[[-95.243619,29.640698],[-95.244311,29.640144],[-95.244475,29.640011],[-95.24484,29.639716],[-95.245097,29.639524],[-95.245769,29.638671],[-95.246068,29.638003],[-95.24612,29.637738],[-95.246169,29.637538],[-95.246209,29.637313],[-95.24626,29.63665],[-95.246263,29.635969],[-95.246231,29.635646],[-95.246252,29.635313],[-95.246256,29.634603],[-95.246226,29.634256]]},"properties":{"Full_Name":"CLEARWOOD DR","ped_crash_count":5,"ped_death_count":2,"total_crash_count":8,"MilesLength":0.50000001}},{"type":"Feature","geometry":{"type":"LineString","coordinates":[[-95.246226,29.634256],[-95.246219,29.634171],[-95.246279,29.633529],[-95.246436,29.63284],[-95.246761,29.632118],[-95.247168,29.631421],[-95.247421,29.630921],[-95.247824,29.630313],[-95.248085,29.629919],[-95.24839,29.629118],[-95.248464,29.628858],[-95.248557,29.628008],[-95.248543,29.627409]]},"properties":{"Full_Name":"CLEARWOOD DR","ped_crash_count":0,"ped_death_count":0,"total_crash_count":4,"MilesLength":0.50000001}},{"type":"Feature","geometry":{"type":"LineString","coordinates":[[-95.35279,29.665347],[-95.352786,29.665],[-95.352774,29.664178],[-95.352763,29.663355],[-95.352751,29.662376],[-95.352749,29.662289],[-95.352731,29.661523],[-95.352723,29.660751],[-95.352719,29.660521],[-95.352706,29.660223],[-95.352703,29.659744],[-95.352676,29.658447],[-95.352669,29.658088]]},"properties":{"Full_Name":"COFFEE ST","ped_crash_count":0,"ped_death_count":0,"total_crash_count":3,"MilesLength":0.50000002}},{"type":"Feature","geometry":{"type":"LineString","coordinates":[[-95.338025,29.793913],[-95.337222,29.793923],[-95.336023,29.793935],[-95.33205,29.794011],[-95.331445,29.794019],[-95.331254,29.794009],[-95.330995,29.793977],[-95.330634,29.793845],[-95.330411,29.79375],[-95.330176,29.793652],[-95.329849,29.79356],[-95.329804,29.793559]]},"properties":{"Full_Name":"COLLINGSWORTH ST","ped_crash_count":0,"ped_death_count":0,"total_crash_count":3,"MilesLength":0.50000001}},{"type":"Feature","geometry":{"type":"LineString","coordinates":[[-95.346336,29.793663],[-95.346046,29.79367],[-95.345196,29.793707],[-95.344052,29.793726],[-95.343153,29.793734],[-95.342089,29.79375],[-95.341767,29.793752],[-95.341513,29.793756],[-95.341291,29.793777],[-95.341157,29.793796],[-95.340287,29.793899],[-95.340003,29.793908],[-95.339903,29.793911],[-95.339798,29.793909],[-95.339529,29.793903],[-95.339226,29.793896],[-95.338399,29.793908],[-95.338025,29.793913]]},"properties":{"Full_Name":"COLLINGSWORTH ST","ped_crash_count":1,"ped_death_count":0,"total_crash_count":4,"MilesLength":0.49999999}},{"type":"Feature","geometry":{"type":"LineString","coordinates":[[-95.354421,29.760671],[-95.354381,29.760645],[-95.353529,29.760137],[-95.352664,29.759632],[-95.35183,29.759099],[-95.351297,29.758771],[-95.351234,29.758732],[-95.351138,29.75867],[-95.350954,29.75855],[-95.350119,29.75807],[-95.349563,29.757768],[-95.349415,29.757673],[-95.349209,29.757541],[-95.348692,29.757267],[-95.347919,29.756778],[-95.347596,29.756585],[-95.347562,29.756566]]},"properties":{"Full_Name":"COMMERCE ST","ped_crash_count":0,"ped_death_count":0,"total_crash_count":3,"MilesLength":0.50000003}},{"type":"Feature","geometry":{"type":"LineString","coordinates":[[-95.555631,29.68401],[-95.555423,29.683518],[-95.555353,29.683255],[-95.555321,29.68284],[-95.555525,29.681742],[-95.555665,29.68103],[-95.555823,29.680344],[-95.555923,29.67986],[-95.555974,29.679591],[-95.555983,29.679492],[-95.556045,29.679237],[-95.55623,29.678425],[-95.556249,29.678122],[-95.556208,29.677519]]},"properties":{"Full_Name":"CONCOURSE DR","ped_crash_count":1,"ped_death_count":0,"total_crash_count":2,"MilesLength":0.45488049}},{"type":"Feature","geometry":{"type":"LineString","coordinates":[[-95.357893,29.76055],[-95.357281,29.760179],[-95.356425,29.759677],[-95.35557,29.759157],[-95.354715,29.758641],[-95.35385,29.758129],[-95.352998,29.757606],[-95.352452,29.757289],[-95.352413,29.757266],[-95.352283,29.757187],[-95.352115,29.757085],[-95.35197,29.757003],[-95.351279,29.756575],[-95.351041,29.756432]]},"properties":{"Full_Name":"CONGRESS ST","ped_crash_count":1,"ped_death_count":1,"total_crash_count":4,"MilesLength":0.49999999}},{"type":"Feature","geometry":{"type":"LineString","coordinates":[[-95.541503,29.674749],[-95.541493,29.673678],[-95.541474,29.67258],[-95.541455,29.67148],[-95.541426,29.670888]]},"properties":{"Full_Name":"CONSUELA DR","ped_crash_count":0,"ped_death_count":0,"total_crash_count":2,"MilesLength":0.26593552}},{"type":"Feature","geometry":{"type":"LineString","coordinates":[[-95.596373,29.714673],[-95.596377,29.714014],[-95.596337,29.71318],[-95.596342,29.712305],[-95.596307,29.710872],[-95.596281,29.709525],[-95.596275,29.70919],[-95.596273,29.709073],[-95.596266,29.708714],[-95.596253,29.708066],[-95.596249,29.707862]]},"properties":{"Full_Name":"COOK RD","ped_crash_count":1,"ped_death_count":0,"total_crash_count":2,"MilesLength":0.46918722}},{"type":"Feature","geometry":{"type":"LineString","coordinates":[[-95.595858,29.686085],[-95.595847,29.685829],[-95.595843,29.685546],[-95.595837,29.685243],[-95.59583,29.68484],[-95.595826,29.684699],[-95.595827,29.684442],[-95.595815,29.683955],[-95.595814,29.683879],[-95.595766,29.681865],[-95.595759,29.681019],[-95.595742,29.680608],[-95.595731,29.679698],[-95.595735,29.678826]]},"properties":{"Full_Name":"COOK RD","ped_crash_count":0,"ped_death_count":0,"total_crash_count":3,"MilesLength":0.50000004}},{"type":"Feature","geometry":{"type":"LineString","coordinates":[[-95.59598,29.693344],[-95.595973,29.693124],[-95.595976,29.692405],[-95.595957,29.692111],[-95.595934,29.690892],[-95.595923,29.690542],[-95.595924,29.690131],[-95.595915,29.689699],[-95.595912,29.689092],[-95.595884,29.687981],[-95.595868,29.68724],[-95.59587,29.686541],[-95.595867,29.686273],[-95.595858,29.686085]]},"properties":{"Full_Name":"COOK RD","ped_crash_count":1,"ped_death_count":0,"total_crash_count":4,"MilesLength":0.49999997}},{"type":"Feature","geometry":{"type":"LineString","coordinates":[[-95.596249,29.707862],[-95.596247,29.707741],[-95.596241,29.707405],[-95.596235,29.707081],[-95.596226,29.70656],[-95.596216,29.705934],[-95.596188,29.70428],[-95.596185,29.704168],[-95.596161,29.70362],[-95.596155,29.70285],[-95.59614,29.702307],[-95.596131,29.701573],[-95.59613,29.70099],[-95.596118,29.700603]]},"properties":{"Full_Name":"COOK RD","ped_crash_count":0,"ped_death_count":0,"total_crash_count":2,"MilesLength":0.49999998}},{"type":"Feature","geometry":{"type":"LineString","coordinates":[[-95.55224,29.698092],[-95.552232,29.697836],[-95.552232,29.697709],[-95.552206,29.696852],[-95.552202,29.696355],[-95.55218,29.695471],[-95.552164,29.69479],[-95.552148,29.694244],[-95.552141,29.694083],[-95.552125,29.693413],[-95.552106,29.693199],[-95.552085,29.692992],[-95.552038,29.692696],[-95.552012,29.692562],[-95.551683,29.691527],[-95.551598,29.691308],[-95.551512,29.691086],[-95.55145,29.690912]]},"properties":{"Full_Name":"CORPORATE DR","ped_crash_count":0,"ped_death_count":0,"total_crash_count":2,"MilesLength":0.5}},{"type":"Feature","geometry":{"type":"LineString","coordinates":[[-95.551469,29.705221],[-95.551467,29.704821],[-95.551455,29.704219],[-95.551508,29.703776],[-95.551765,29.703143],[-95.551793,29.703091],[-95.552041,29.702677],[-95.552116,29.702496],[-95.552275,29.701965],[-95.552297,29.701813],[-95.552308,29.701372],[-95.552297,29.700567],[-95.552274,29.699767],[-95.55227,29.699501],[-95.552263,29.699082],[-95.552244,29.698506],[-95.552248,29.69839],[-95.55224,29.698092]]},"properties":{"Full_Name":"CORPORATE DR","ped_crash_count":1,"ped_death_count":1,"total_crash_count":2,"MilesLength":0.49999999}},{"type":"Feature","geometry":{"type":"LineString","coordinates":[[-95.395287,29.926703],[-95.395311,29.927165],[-95.395312,29.927817],[-95.395314,29.928212],[-95.395315,29.928326],[-95.395321,29.92896],[-95.395346,29.929743],[-95.395354,29.930508],[-95.395365,29.931284],[-95.395367,29.931758],[-95.395367,29.931828],[-95.395368,29.931921],[-95.395371,29.932162],[-95.395377,29.932741],[-95.39538,29.933055],[-95.395404,29.933555],[-95.395386,29.933696],[-95.395402,29.93396]]},"properties":{"Full_Name":"COTILLION DR","ped_crash_count":1,"ped_death_count":0,"total_crash_count":3,"MilesLength":0.49999999}},{"type":"Feature","geometry":{"type":"LineString","coordinates":[[-95.340914,29.621007],[-95.340929,29.619509],[-95.34093,29.618248],[-95.340937,29.616579],[-95.340939,29.614728],[-95.340945,29.613747]]},"properties":{"Full_Name":"COTTINGHAM RD","ped_crash_count":0,"ped_death_count":0,"total_crash_count":4,"MilesLength":0.50000002}},{"type":"Feature","geometry":{"type":"LineString","coordinates":[[-95.341007,29.606489],[-95.341008,29.606422],[-95.340893,29.604536],[-95.34089,29.603098],[-95.340883,29.600527],[-95.340877,29.600228],[-95.340874,29.600077],[-95.340867,29.59969]]},"properties":{"Full_Name":"COTTINGHAM RD","ped_crash_count":1,"ped_death_count":1,"total_crash_count":2,"MilesLength":0.4684303}},{"type":"Feature","geometry":{"type":"LineString","coordinates":[[-95.583099,29.674989],[-95.583065,29.674049],[-95.583051,29.673627],[-95.58302,29.67286],[-95.582997,29.671723],[-95.582999,29.671595],[-95.583042,29.671421],[-95.583143,29.671136],[-95.583274,29.670786],[-95.583333,29.670671],[-95.583414,29.670644]]},"properties":{"Full_Name":"COURT GLEN DR","ped_crash_count":2,"ped_death_count":0,"total_crash_count":4,"MilesLength":0.30584126}},{"type":"Feature","geometry":{"type":"LineString","coordinates":[[-95.324455,29.796929],[-95.324045,29.796935],[-95.322273,29.796958],[-95.320501,29.796985],[-95.319436,29.796996],[-95.31874,29.796995],[-95.316917,29.797016],[-95.316132,29.797024]]},"properties":{"Full_Name":"CRANE ST","ped_crash_count":0,"ped_death_count":0,"total_crash_count":5,"MilesLength":0.50000002}},{"type":"Feature","geometry":{"type":"LineString","coordinates":[[-95.332767,29.796685],[-95.332147,29.796699],[-95.331256,29.796703],[-95.33049,29.796701],[-95.330146,29.796711],[-95.329954,29.796728],[-95.329731,29.796747],[-95.32945,29.796784],[-95.32932,29.796787],[-95.329088,29.79681],[-95.328853,29.796831],[-95.328722,29.796844],[-95.328414,29.79687],[-95.328205,29.796883],[-95.327754,29.796891],[-95.327064,29.796886],[-95.326964,29.796892],[-95.326883,29.796888],[-95.326216,29.796896],[-95.325807,29.796908],[-95.324455,29.796929]]},"properties":{"Full_Name":"CRANE ST","ped_crash_count":0,"ped_death_count":0,"total_crash_count":4,"MilesLength":0.5}},{"type":"Feature","geometry":{"type":"LineString","coordinates":[[-95.523922,29.665465],[-95.524319,29.665467],[-95.524962,29.665369],[-95.52546,29.665327],[-95.526093,29.665348],[-95.526316,29.665339],[-95.526517,29.665309],[-95.526783,29.665212],[-95.527038,29.665089],[-95.527321,29.664991],[-95.528109,29.664977]]},"properties":{"Full_Name":"CREEKBEND DR","ped_crash_count":0,"ped_death_count":0,"total_crash_count":2,"MilesLength":0.25756741}},{"type":"Feature","geometry":{"type":"LineString","coordinates":[[-95.585248,29.741256],[-95.585157,29.740889],[-95.585095,29.740432],[-95.585068,29.739699],[-95.585068,29.739487],[-95.585048,29.73853],[-95.585047,29.738362],[-95.585017,29.737332],[-95.585008,29.736558]]},"properties":{"Full_Name":"CRESCENT PARK DR","ped_crash_count":0,"ped_death_count":0,"total_crash_count":2,"MilesLength":0.32438633}},{"type":"Feature","geometry":{"type":"LineString","coordinates":[[-95.286963,29.837007],[-95.284451,29.837023],[-95.283429,29.837022],[-95.280288,29.837073],[-95.278637,29.837089]]},"properties":{"Full_Name":"CRESTVIEW DR","ped_crash_count":1,"ped_death_count":0,"total_crash_count":3,"MilesLength":0.49999998}},{"type":"Feature","geometry":{"type":"LineString","coordinates":[[-95.391509,29.828554],[-95.390928,29.828559],[-95.390702,29.828561],[-95.390014,29.82857],[-95.389094,29.828578],[-95.388244,29.82859],[-95.38746,29.828614],[-95.387077,29.828619],[-95.38667,29.82862],[-95.385889,29.828643],[-95.384266,29.82863],[-95.383736,29.828631],[-95.383184,29.828633]]},"properties":{"Full_Name":"CROSSTIMBERS ST","ped_crash_count":0,"ped_death_count":0,"total_crash_count":4,"MilesLength":0.50000001}},{"type":"Feature","geometry":{"type":"LineString","coordinates":[[-95.349307,29.710184],[-95.348863,29.709594],[-95.348709,29.709382],[-95.348512,29.709094],[-95.348417,29.708968],[-95.348306,29.708817],[-95.348213,29.708644],[-95.348159,29.708508],[-95.348131,29.70837],[-95.348105,29.708185],[-95.348108,29.707963],[-95.348135,29.707808],[-95.348187,29.707614],[-95.348264,29.707442],[-95.348387,29.707141],[-95.348516,29.70682],[-95.348809,29.706058],[-95.348902,29.705842],[-95.348978,29.705634],[-95.349019,29.705476],[-95.349039,29.705317],[-95.349053,29.705203],[-95.349049,29.705051],[-95.348983,29.704768],[-95.348664,29.704099],[-95.348415,29.703548],[-95.34838,29.703446]]},"properties":{"Full_Name":"CULLEN BLVD","ped_crash_count":0,"ped_death_count":0,"total_crash_count":4,"MilesLength":0.5}},{"type":"Feature","geometry":{"type":"LineString","coordinates":[[-95.355409,29.624818],[-95.355336,29.622454],[-95.355328,29.622175],[-95.355311,29.621043],[-95.355302,29.620699],[-95.355296,29.619918],[-95.355316,29.618844],[-95.355319,29.618286],[-95.355322,29.617559]]},"properties":{"Full_Name":"CULLEN BLVD","ped_crash_count":0,"ped_death_count":0,"total_crash_count":3,"MilesLength":0.5}},{"type":"Feature","geometry":{"type":"LineString","coordinates":[[-95.35571,29.632071],[-95.355613,29.62892],[-95.355586,29.628046],[-95.355559,29.62747],[-95.355566,29.626959],[-95.355521,29.626327],[-95.355441,29.625564],[-95.35541,29.624845],[-95.355409,29.624818]]},"properties":{"Full_Name":"CULLEN BLVD","ped_crash_count":0,"ped_death_count":0,"total_crash_count":5,"MilesLength":0.50000001}},{"type":"Feature","geometry":{"type":"LineString","coordinates":[[-95.355894,29.639329],[-95.355886,29.639055],[-95.355878,29.63896],[-95.355878,29.638799],[-95.355855,29.63821],[-95.355847,29.636978],[-95.355818,29.636105],[-95.355752,29.634077],[-95.355717,29.632281],[-95.35571,29.632071]]},"properties":{"Full_Name":"CULLEN BLVD","ped_crash_count":2,"ped_death_count":1,"total_crash_count":5,"MilesLength":0.49999999}},{"type":"Feature","geometry":{"type":"LineString","coordinates":[[-95.355384,29.653767],[-95.35538,29.653492],[-95.355454,29.652636],[-95.355549,29.652267],[-95.355841,29.65112],[-95.355976,29.650633],[-95.356013,29.650498],[-95.35615,29.650022],[-95.356248,29.649102],[-95.356226,29.648264],[-95.356224,29.648161],[-95.356208,29.647691],[-95.356168,29.646884],[-95.356146,29.646585]]},"properties":{"Full_Name":"CULLEN BLVD","ped_crash_count":0,"ped_death_count":0,"total_crash_count":4,"MilesLength":0.50000001}},{"type":"Feature","geometry":{"type":"LineString","coordinates":[[-95.355514,29.661026],[-95.355503,29.660587],[-95.355491,29.659868],[-95.355483,29.659158],[-95.355455,29.658428],[-95.355435,29.657618],[-95.355436,29.657132],[-95.355426,29.656677],[-95.355425,29.655913],[-95.355395,29.654639],[-95.355386,29.654249],[-95.355387,29.653942],[-95.355384,29.653767]]},"properties":{"Full_Name":"CULLEN BLVD","ped_crash_count":5,"ped_death_count":0,"total_crash_count":16,"MilesLength":0.49999996}},{"type":"Feature","geometry":{"type":"LineString","coordinates":[[-95.355652,29.668284],[-95.355646,29.667952],[-95.355654,29.667485],[-95.355634,29.666749],[-95.355613,29.666038],[-95.355603,29.665341],[-95.355586,29.664366],[-95.355543,29.66329],[-95.355555,29.662452],[-95.35554,29.662218],[-95.355521,29.661312],[-95.355514,29.661026]]},"properties":{"Full_Name":"CULLEN BLVD","ped_crash_count":1,"ped_death_count":1,"total_crash_count":4,"MilesLength":0.49999999}},{"type":"Feature","geometry":{"type":"LineString","coordinates":[[-95.355828,29.675542],[-95.355828,29.675536],[-95.355813,29.674863],[-95.355803,29.67456],[-95.3558,29.67429],[-95.355796,29.674096],[-95.35577,29.673345],[-95.355748,29.672578],[-95.355752,29.671787],[-95.355734,29.671031],[-95.355698,29.670245],[-95.355687,29.669486],[-95.355678,29.6691],[-95.355667,29.669004],[-95.355652,29.668284]]},"properties":{"Full_Name":"CULLEN BLVD","ped_crash_count":2,"ped_death_count":1,"total_crash_count":6,"MilesLength":0.50000004}},{"type":"Feature","geometry":{"type":"LineString","coordinates":[[-95.355915,29.682801],[-95.355917,29.682771],[-95.355899,29.681732],[-95.355888,29.681211],[-95.355891,29.680931],[-95.355893,29.680701],[-95.355896,29.680472],[-95.355893,29.680394],[-95.355883,29.678869],[-95.355876,29.678483],[-95.35583,29.677115],[-95.355828,29.676361],[-95.355828,29.675542]]},"properties":{"Full_Name":"CULLEN BLVD","ped_crash_count":1,"ped_death_count":1,"total_crash_count":8,"MilesLength":0.49999996}},{"type":"Feature","geometry":{"type":"LineString","coordinates":[[-95.350671,29.696543],[-95.350843,29.69613],[-95.350954,29.69587],[-95.351263,29.695084],[-95.351409,29.694701],[-95.351733,29.693909],[-95.351893,29.693538],[-95.352199,29.692772],[-95.352355,29.692392],[-95.352847,29.691131],[-95.352923,29.690936],[-95.35344,29.689698]]},"properties":{"Full_Name":"CULLEN BLVD","ped_crash_count":2,"ped_death_count":1,"total_crash_count":2,"MilesLength":0.49999996}},{"type":"Feature","geometry":{"type":"LineString","coordinates":[[-95.303969,29.691578],[-95.303211,29.691356],[-95.302872,29.691368],[-95.302596,29.691366],[-95.300848,29.691376],[-95.298805,29.691371]]},"properties":{"Full_Name":"CULMORE DR","ped_crash_count":1,"ped_death_count":0,"total_crash_count":2,"MilesLength":0.31304665}},{"type":"Feature","geometry":{"type":"LineString","coordinates":[[-95.606211,29.761199],[-95.606242,29.761892],[-95.606157,29.763124],[-95.606168,29.763684],[-95.60617,29.763888],[-95.606181,29.764647],[-95.606203,29.765454],[-95.606215,29.76626],[-95.60622,29.766675],[-95.606223,29.767033],[-95.606231,29.767454],[-95.606236,29.767813],[-95.606236,29.767835]]},"properties":{"Full_Name":"DAIRY ASHFORD RD","ped_crash_count":0,"ped_death_count":0,"total_crash_count":3,"MilesLength":0.45729143}},{"type":"Feature","geometry":{"type":"LineString","coordinates":[[-95.606309,29.775093],[-95.606298,29.775253],[-95.606296,29.775517],[-95.6063,29.775693],[-95.606319,29.776326],[-95.606346,29.777228],[-95.60635,29.777398],[-95.60638,29.777759],[-95.6064,29.777969],[-95.606402,29.778375],[-95.606397,29.778982],[-95.606419,29.779798],[-95.606438,29.780298],[-95.606447,29.780584],[-95.60645,29.781013],[-95.606457,29.781221],[-95.60645,29.781429],[-95.606462,29.781603],[-95.606463,29.781759],[-95.606467,29.782167],[-95.606464,29.782349]]},"properties":{"Full_Name":"DAIRY ASHFORD RD","ped_crash_count":0,"ped_death_count":0,"total_crash_count":2,"MilesLength":0.49999995}},{"type":"Feature","geometry":{"type":"LineString","coordinates":[[-95.297915,29.817739],[-95.297915,29.81791],[-95.297921,29.818844],[-95.297907,29.820007],[-95.297914,29.820778],[-95.297921,29.821599],[-95.297925,29.822701],[-95.297923,29.823357]]},"properties":{"Full_Name":"DARIEN ST","ped_crash_count":0,"ped_death_count":0,"total_crash_count":2,"MilesLength":0.38691382}},{"type":"Feature","geometry":{"type":"LineString","coordinates":[[-95.297968,29.829419],[-95.297997,29.831359],[-95.298012,29.832682],[-95.298036,29.834001],[-95.29803,29.834911],[-95.298034,29.835794],[-95.298047,29.83667],[-95.298047,29.836678]]},"properties":{"Full_Name":"DARIEN ST","ped_crash_count":0,"ped_death_count":0,"total_crash_count":3,"MilesLength":0.50000004}},{"type":"Feature","geometry":{"type":"LineString","coordinates":[[-95.488805,29.707316],[-95.48883,29.707316],[-95.489624,29.707318],[-95.490913,29.707304],[-95.491808,29.707284],[-95.49309,29.707271]]},"properties":{"Full_Name":"DASHWOOD DR","ped_crash_count":2,"ped_death_count":1,"total_crash_count":5,"MilesLength":0.2576224}},{"type":"Feature","geometry":{"type":"LineString","coordinates":[[-95.480489,29.707404],[-95.481647,29.70739],[-95.482578,29.707378],[-95.484679,29.707353],[-95.486147,29.707352],[-95.486753,29.707344],[-95.487605,29.707328],[-95.488805,29.707316]]},"properties":{"Full_Name":"DASHWOOD DR","ped_crash_count":0,"ped_death_count":0,"total_crash_count":2,"MilesLength":0.49999999}},{"type":"Feature","geometry":{"type":"LineString","coordinates":[[-95.371891,29.653854],[-95.368594,29.653927],[-95.368237,29.653941],[-95.367885,29.654044],[-95.367753,29.654066],[-95.367657,29.654078],[-95.364706,29.654093]]},"properties":{"Full_Name":"DAWSON LN","ped_crash_count":0,"ped_death_count":0,"total_crash_count":2,"MilesLength":0.43364403}},{"type":"Feature","geometry":{"type":"LineString","coordinates":[[-95.418141,29.862725],[-95.418145,29.863147],[-95.418155,29.864154],[-95.418159,29.864369],[-95.418161,29.864506],[-95.418181,29.864659],[-95.418215,29.86478],[-95.418252,29.864868],[-95.418445,29.865271],[-95.418574,29.865527],[-95.41868,29.865742],[-95.419194,29.866835],[-95.419417,29.867307],[-95.41958,29.867667],[-95.420157,29.868891],[-95.420503,29.869582]]},"properties":{"Full_Name":"DE PRIEST ST","ped_crash_count":0,"ped_death_count":0,"total_crash_count":5,"MilesLength":0.49999998}},{"type":"Feature","geometry":{"type":"LineString","coordinates":[[-95.465722,29.854538],[-95.466428,29.85451],[-95.467079,29.854504],[-95.46757,29.8545],[-95.468093,29.854497],[-95.46898,29.854493],[-95.469318,29.854478],[-95.469415,29.854478],[-95.469937,29.854478],[-95.470514,29.854476],[-95.47136,29.854475],[-95.471912,29.854472],[-95.47269,29.854462],[-95.472833,29.854462],[-95.473315,29.854453]]},"properties":{"Full_Name":"DE SOTO ST","ped_crash_count":2,"ped_death_count":0,"total_crash_count":3,"MilesLength":0.45593585}},{"type":"Feature","geometry":{"type":"LineString","coordinates":[[-95.446444,29.854559],[-95.446765,29.854556],[-95.447249,29.854554],[-95.447854,29.854554],[-95.448618,29.854534],[-95.450555,29.854516],[-95.451489,29.85451],[-95.452192,29.854506],[-95.45463,29.854473],[-95.454771,29.854472]]},"properties":{"Full_Name":"DE SOTO ST","ped_crash_count":1,"ped_death_count":0,"total_crash_count":2,"MilesLength":0.49999997}},{"type":"Feature","geometry":{"type":"LineString","coordinates":[[-95.331946,29.841814],[-95.331952,29.841947],[-95.33201,29.843062],[-95.332024,29.843458],[-95.332108,29.844949],[-95.332131,29.845514],[-95.33214,29.845704],[-95.332133,29.845903],[-95.332087,29.846312],[-95.331953,29.847224],[-95.331835,29.848147],[-95.331769,29.84874],[-95.331773,29.849052]]},"properties":{"Full_Name":"DODSON ST","ped_crash_count":0,"ped_death_count":0,"total_crash_count":2,"MilesLength":0.49999996}},{"type":"Feature","geometry":{"type":"LineString","coordinates":[[-95.419417,29.867307],[-95.420874,29.867284],[-95.422117,29.86727],[-95.423532,29.867259],[-95.423623,29.867253],[-95.426726,29.867217],[-95.42706,29.867219],[-95.427745,29.86721]]},"properties":{"Full_Name":"DOLLY WRIGHT ST","ped_crash_count":0,"ped_death_count":0,"total_crash_count":2,"MilesLength":0.49999998}},{"type":"Feature","geometry":{"type":"LineString","coordinates":[[-95.33868,29.671829],[-95.336965,29.671886],[-95.332362,29.671982],[-95.330711,29.672014],[-95.330369,29.672022]]},"properties":{"Full_Name":"DOULTON DR","ped_crash_count":0,"ped_death_count":0,"total_crash_count":4,"MilesLength":0.49999998}},{"type":"Feature","geometry":{"type":"LineString","coordinates":[[-95.358741,29.663616],[-95.358737,29.663262],[-95.358712,29.662186],[-95.35868,29.661269],[-95.358673,29.660564],[-95.358649,29.659844],[-95.358631,29.659129],[-95.358603,29.658376]]},"properties":{"Full_Name":"DUANE ST","ped_crash_count":1,"ped_death_count":0,"total_crash_count":2,"MilesLength":0.36095281}},{"type":"Feature","geometry":{"type":"LineString","coordinates":[[-95.402092,29.744669],[-95.402093,29.74377],[-95.402075,29.742792],[-95.402054,29.741974],[-95.402037,29.741221],[-95.402029,29.740379],[-95.402015,29.739518],[-95.401993,29.738658],[-95.401976,29.73741]]},"properties":{"Full_Name":"DUNLAVY ST","ped_crash_count":2,"ped_death_count":1,"total_crash_count":4,"MilesLength":0.49999998}},{"type":"Feature","geometry":{"type":"LineString","coordinates":[[-95.514202,29.737457],[-95.514193,29.736769],[-95.514195,29.736315],[-95.514197,29.736141],[-95.514189,29.735478],[-95.514183,29.73522],[-95.514167,29.734403],[-95.514152,29.733709],[-95.51413,29.733053],[-95.514123,29.732549],[-95.514112,29.731791],[-95.514101,29.731177],[-95.514094,29.730864],[-95.51408,29.730249],[-95.514078,29.730198]]},"properties":{"Full_Name":"DUNVALE RD","ped_crash_count":1,"ped_death_count":1,"total_crash_count":3,"MilesLength":0.50000001}},{"type":"Feature","geometry":{"type":"LineString","coordinates":[[-95.514078,29.730198],[-95.514069,29.729884],[-95.514066,29.729308],[-95.514065,29.729023],[-95.514061,29.728185],[-95.514061,29.727878],[-95.514048,29.727362],[-95.514028,29.726702],[-95.514028,29.726498],[-95.514029,29.725827],[-95.514024,29.725758],[-95.514031,29.725656],[-95.514027,29.725283],[-95.514023,29.724793],[-95.514014,29.724576],[-95.513988,29.723923],[-95.513983,29.72315],[-95.513976,29.722939]]},"properties":{"Full_Name":"DUNVALE RD","ped_crash_count":1,"ped_death_count":0,"total_crash_count":3,"MilesLength":0.5}},{"type":"Feature","geometry":{"type":"LineString","coordinates":[[-95.411951,29.921723],[-95.41103,29.921677],[-95.410388,29.921646],[-95.410142,29.921629],[-95.409875,29.92163],[-95.409572,29.921655],[-95.409138,29.921726],[-95.408768,29.921824],[-95.408201,29.921978],[-95.40756,29.922159],[-95.407167,29.922266],[-95.406749,29.922375],[-95.406531,29.922417],[-95.406235,29.92246],[-95.405833,29.922469],[-95.405623,29.922473]]},"properties":{"Full_Name":"DYNA DR","ped_crash_count":0,"ped_death_count":0,"total_crash_count":2,"MilesLength":0.38776415}},{"type":"Feature","geometry":{"type":"LineString","coordinates":[[-95.397661,29.788859],[-95.396371,29.788878],[-95.395272,29.788901],[-95.394171,29.788913],[-95.393067,29.788928],[-95.391974,29.788936],[-95.389929,29.788962],[-95.389339,29.788966]]},"properties":{"Full_Name":"E 10TH","ped_crash_count":1,"ped_death_count":0,"total_crash_count":3,"MilesLength":0.49999997}},{"type":"Feature","geometry":{"type":"LineString","coordinates":[[-95.397454,29.777799],[-95.396169,29.777809],[-95.395067,29.777834],[-95.395003,29.777829],[-95.394032,29.777851],[-95.393959,29.77784],[-95.392869,29.777857],[-95.39218,29.777869]]},"properties":{"Full_Name":"E 4TH ST","ped_crash_count":1,"ped_death_count":0,"total_crash_count":2,"MilesLength":0.3169904}},{"type":"Feature","geometry":{"type":"LineString","coordinates":[[-95.380675,29.828632],[-95.379669,29.828591],[-95.37943,29.828559],[-95.378101,29.828381],[-95.377393,29.828323],[-95.37622,29.828327],[-95.372372,29.828411]]},"properties":{"Full_Name":"E CROSSTIMBERS ST","ped_crash_count":0,"ped_death_count":0,"total_crash_count":5,"MilesLength":0.50000002}},{"type":"Feature","geometry":{"type":"LineString","coordinates":[[-95.355785,29.829007],[-95.355663,29.829005],[-95.355173,29.828946],[-95.354842,29.828901],[-95.354668,29.828878],[-95.354584,29.828863],[-95.354378,29.828827],[-95.353599,29.828691],[-95.352072,29.828683],[-95.350876,29.828704],[-95.350577,29.828689],[-95.347491,29.828686]]},"properties":{"Full_Name":"E CROSSTIMBERS ST","ped_crash_count":0,"ped_death_count":0,"total_crash_count":3,"MilesLength":0.50000002}},{"type":"Feature","geometry":{"type":"LineString","coordinates":[[-95.36411,29.828903],[-95.361303,29.828919],[-95.359042,29.828953],[-95.356896,29.828996],[-95.356462,29.829013],[-95.356074,29.829012],[-95.355785,29.829007]]},"properties":{"Full_Name":"E CROSSTIMBERS ST","ped_crash_count":0,"ped_death_count":0,"total_crash_count":4,"MilesLength":0.49999998}},{"type":"Feature","geometry":{"type":"LineString","coordinates":[[-95.372372,29.828411],[-95.371399,29.828433],[-95.37053,29.828441],[-95.369586,29.828445],[-95.368789,29.828444],[-95.367711,29.828456],[-95.367154,29.828502],[-95.366914,29.828559],[-95.366659,29.828637],[-95.366321,29.828732],[-95.366101,29.828786],[-95.365734,29.828859],[-95.365337,29.828891],[-95.365014,29.828898],[-95.36411,29.828903]]},"properties":{"Full_Name":"E CROSSTIMBERS ST","ped_crash_count":0,"ped_death_count":0,"total_crash_count":5,"MilesLength":0.49999999}},{"type":"Feature","geometry":{"type":"LineString","coordinates":[[-95.339214,29.829141],[-95.338687,29.82918],[-95.337725,29.829198],[-95.335689,29.829207],[-95.335382,29.829215],[-95.335149,29.829221],[-95.335024,29.829224],[-95.334924,29.829222],[-95.334679,29.829216],[-95.333919,29.829207],[-95.333428,29.829217],[-95.332433,29.829224],[-95.331663,29.829238],[-95.330891,29.829238]]},"properties":{"Full_Name":"E CROSSTIMBERS ST","ped_crash_count":0,"ped_death_count":0,"total_crash_count":3,"MilesLength":0.49999995}},{"type":"Feature","geometry":{"type":"LineString","coordinates":[[-95.353599,29.828691],[-95.353622,29.828983],[-95.353643,29.829141],[-95.353708,29.82931],[-95.3538,29.829494],[-95.353996,29.829838],[-95.35414,29.83011],[-95.354231,29.830322],[-95.354341,29.830607],[-95.354425,29.830824],[-95.354477,29.831026],[-95.354543,29.831257],[-95.354815,29.83233],[-95.354997,29.832962],[-95.355308,29.834066],[-95.35545,29.834504],[-95.355772,29.835673]]},"properties":{"Full_Name":"E HARDY RD","ped_crash_count":0,"ped_death_count":0,"total_crash_count":2,"MilesLength":0.49999998}},{"type":"Feature","geometry":{"type":"LineString","coordinates":[[-95.366362,29.878226],[-95.366452,29.878551],[-95.36678,29.879721],[-95.367066,29.880853],[-95.367384,29.88212],[-95.367547,29.882785],[-95.367717,29.883455],[-95.368074,29.884894],[-95.368177,29.885311]]},"properties":{"Full_Name":"E HARDY RD","ped_crash_count":1,"ped_death_count":0,"total_crash_count":3,"MilesLength":0.49999999}},{"type":"Feature","geometry":{"type":"MultiLineString","coordinates":[[[-95.364619,29.871132],[-95.36485,29.872075],[-95.364976,29.872536]],[[-95.365712,29.87576],[-95.365749,29.875919],[-95.365838,29.876313],[-95.366144,29.87743],[-95.366362,29.878226]]]},"properties":{"Full_Name":"E HARDY RD","ped_crash_count":0,"ped_death_count":0,"total_crash_count":2,"MilesLength":0.27333324}},{"type":"Feature","geometry":{"type":"LineString","coordinates":[[-95.36278,29.864056],[-95.362939,29.864766],[-95.363216,29.865721],[-95.36331,29.86591],[-95.363655,29.867208],[-95.364013,29.868666],[-95.36452,29.870732],[-95.364619,29.871132]]},"properties":{"Full_Name":"E HARDY RD","ped_crash_count":0,"ped_death_count":0,"total_crash_count":3,"MilesLength":0.5}},{"type":"Feature","geometry":{"type":"LineString","coordinates":[[-95.398804,29.869903],[-95.398753,29.869904],[-95.39853,29.869905],[-95.398371,29.869907],[-95.398081,29.869911],[-95.397835,29.869914],[-95.395601,29.869932],[-95.394561,29.869942],[-95.39122,29.869977],[-95.390734,29.869983],[-95.390475,29.869986]]},"properties":{"Full_Name":"E LITTLE YORK RD","ped_crash_count":0,"ped_death_count":0,"total_crash_count":3,"MilesLength":0.50000001}},{"type":"Feature","geometry":{"type":"LineString","coordinates":[[-95.390475,29.869986],[-95.390261,29.869988],[-95.388743,29.869997],[-95.388541,29.869998],[-95.386654,29.87002],[-95.38592,29.870028],[-95.385609,29.870038],[-95.385505,29.870046],[-95.385344,29.87005],[-95.385236,29.870052],[-95.38516,29.870053],[-95.384864,29.870055]]},"properties":{"Full_Name":"E LITTLE YORK RD","ped_crash_count":1,"ped_death_count":0,"total_crash_count":3,"MilesLength":0.33685219}},{"type":"Feature","geometry":{"type":"LineString","coordinates":[[-95.389391,29.85966],[-95.387784,29.859673],[-95.386526,29.859688],[-95.385976,29.859671],[-95.385668,29.859643],[-95.385292,29.859584],[-95.384669,29.859445],[-95.384553,29.859415],[-95.384401,29.859384],[-95.384185,29.859342],[-95.384064,29.859319],[-95.383931,29.8593],[-95.383588,29.859271],[-95.383428,29.859264],[-95.383303,29.859263],[-95.383199,29.859269],[-95.383094,29.859282],[-95.382986,29.859297],[-95.382781,29.859315],[-95.382544,29.85933],[-95.381116,29.85935]]},"properties":{"Full_Name":"E PARKER RD","ped_crash_count":1,"ped_death_count":0,"total_crash_count":2,"MilesLength":0.49999998}},{"type":"Feature","geometry":{"type":"LineString","coordinates":[[-95.38463,29.856758],[-95.384545,29.856715],[-95.384264,29.856724],[-95.383073,29.856745],[-95.382952,29.856758],[-95.381869,29.856776],[-95.38139,29.85678],[-95.380928,29.856793],[-95.380656,29.856803],[-95.380256,29.856846],[-95.379901,29.856877],[-95.379744,29.856888],[-95.376324,29.856989]]},"properties":{"Full_Name":"E SUNNYSIDE ST","ped_crash_count":2,"ped_death_count":1,"total_crash_count":2,"MilesLength":0.49999999}},{"type":"Feature","geometry":{"type":"LineString","coordinates":[[-95.4347,29.806116],[-95.435097,29.806474],[-95.435215,29.806566],[-95.435741,29.806881],[-95.436427,29.807213],[-95.437718,29.80779],[-95.438827,29.808278],[-95.439892,29.808934],[-95.440213,29.809153],[-95.440398,29.809279],[-95.440697,29.809483],[-95.441253,29.810143],[-95.441339,29.810315]]},"properties":{"Full_Name":"E T C JESTER BLVD","ped_crash_count":0,"ped_death_count":0,"total_crash_count":6,"MilesLength":0.50000005}},{"type":"Feature","geometry":{"type":"LineString","coordinates":[[-95.427201,29.803716],[-95.427252,29.803745],[-95.427706,29.803931],[-95.42805,29.804059],[-95.428591,29.804168],[-95.429269,29.804198],[-95.430748,29.804172],[-95.43185,29.804336],[-95.432572,29.804579],[-95.433619,29.805147],[-95.434465,29.805904],[-95.4347,29.806116]]},"properties":{"Full_Name":"E T C JESTER BLVD","ped_crash_count":0,"ped_death_count":0,"total_crash_count":2,"MilesLength":0.49999997}},{"type":"Feature","geometry":{"type":"LineString","coordinates":[[-95.400013,29.84525],[-95.3998,29.845253],[-95.399633,29.845254],[-95.399325,29.845258],[-95.399147,29.845265],[-95.398813,29.845282],[-95.398638,29.845296],[-95.39842,29.845326],[-95.397716,29.845408],[-95.397648,29.845419],[-95.397572,29.845431],[-95.397007,29.845456],[-95.396443,29.845463],[-95.396369,29.845464],[-95.396265,29.845461],[-95.39518,29.845469],[-95.394998,29.845474],[-95.394405,29.845505],[-95.394298,29.845512],[-95.393851,29.845546],[-95.393363,29.845553],[-95.393222,29.845539],[-95.392963,29.845531],[-95.392831,29.845535],[-95.392682,29.845536],[-95.392415,29.845539],[-95.392222,29.845537],[-95.391845,29.845534],[-95.391703,29.845538]]},"properties":{"Full_Name":"E TIDWELL RD","ped_crash_count":2,"ped_death_count":2,"total_crash_count":8,"MilesLength":0.50000001}},{"type":"Feature","geometry":{"type":"LineString","coordinates":[[-95.391703,29.845538],[-95.391283,29.845549],[-95.390844,29.84555],[-95.390571,29.845535],[-95.390047,29.845505],[-95.389788,29.845507],[-95.389572,29.845508],[-95.389174,29.845509],[-95.388603,29.845511],[-95.387353,29.845516],[-95.387253,29.845517],[-95.386491,29.845519],[-95.386478,29.845519],[-95.386327,29.845519],[-95.384443,29.845527]]},"properties":{"Full_Name":"E TIDWELL RD","ped_crash_count":1,"ped_death_count":0,"total_crash_count":2,"MilesLength":0.43600426}},{"type":"Feature","geometry":{"type":"LineString","coordinates":[[-95.398768,29.830546],[-95.398436,29.830552],[-95.397671,29.830565],[-95.396796,29.83057],[-95.396469,29.830572],[-95.395997,29.830575],[-95.39565,29.830578],[-95.394409,29.830587],[-95.393979,29.830592],[-95.39376,29.830593],[-95.392872,29.830598],[-95.392217,29.830606],[-95.391954,29.830609],[-95.390442,29.830623]]},"properties":{"Full_Name":"E WHITNEY ST","ped_crash_count":0,"ped_death_count":0,"total_crash_count":2,"MilesLength":0.49999998}},{"type":"Feature","geometry":{"type":"LineString","coordinates":[[-95.395699,29.850174],[-95.394993,29.850176],[-95.391096,29.850223]]},"properties":{"Full_Name":"E WITCHER LN","ped_crash_count":0,"ped_death_count":0,"total_crash_count":2,"MilesLength":0.27640806}},{"type":"Feature","geometry":{"type":"LineString","coordinates":[[-95.336093,29.813334],[-95.335978,29.813704],[-95.335819,29.81425],[-95.335726,29.814556],[-95.335696,29.81512],[-95.335696,29.815146],[-95.335696,29.815266],[-95.335698,29.815391],[-95.335704,29.815713],[-95.335712,29.816043],[-95.33573,29.816819],[-95.335735,29.817508],[-95.335734,29.817574],[-95.335732,29.817834],[-95.335747,29.818615],[-95.335781,29.819561]]},"properties":{"Full_Name":"EASTEX FWY","ped_crash_count":0,"ped_death_count":0,"total_crash_count":3,"MilesLength":0.43180861}},{"type":"Feature","geometry":{"type":"LineString","coordinates":[[-95.300269,29.930962],[-95.299831,29.932047],[-95.29934,29.93334],[-95.299094,29.933898],[-95.299,29.93409],[-95.298698,29.934769],[-95.298235,29.935976]]},"properties":{"Full_Name":"EASTEX FWY","ped_crash_count":0,"ped_death_count":0,"total_crash_count":2,"MilesLength":0.36633612}},{"type":"Feature","geometry":{"type":"LineString","coordinates":[[-95.280103,29.97655],[-95.280068,29.976658],[-95.279862,29.977111],[-95.279494,29.977656],[-95.279177,29.978204],[-95.27855,29.979767],[-95.278487,29.979859],[-95.278405,29.980315],[-95.278447,29.980704],[-95.278483,29.980995],[-95.27844,29.981475],[-95.278379,29.981745],[-95.278251,29.98199],[-95.277995,29.982601],[-95.277782,29.982833],[-95.277512,29.983312]]},"properties":{"Full_Name":"EASTEX FWY","ped_crash_count":2,"ped_death_count":0,"total_crash_count":3,"MilesLength":0.50000001}},{"type":"Feature","geometry":{"type":"LineString","coordinates":[[-95.28613,29.963015],[-95.285926,29.963479],[-95.285499,29.964479],[-95.285097,29.965381],[-95.284906,29.96581],[-95.284719,29.966225],[-95.283878,29.968084],[-95.283134,29.969789]]},"properties":{"Full_Name":"EASTEX FWY","ped_crash_count":0,"ped_death_count":0,"total_crash_count":3,"MilesLength":0.49999999}},{"type":"Feature","geometry":{"type":"LineString","coordinates":[[-95.338121,29.846368],[-95.338129,29.847621],[-95.338127,29.848261],[-95.338141,29.848391],[-95.338146,29.848569],[-95.338147,29.84888],[-95.338152,29.849165],[-95.338152,29.849465],[-95.33816,29.850399],[-95.338177,29.850704],[-95.338198,29.85084],[-95.338224,29.850963],[-95.338289,29.851122],[-95.338336,29.851211],[-95.338394,29.851278],[-95.338589,29.851451],[-95.338749,29.851601],[-95.338838,29.851725],[-95.338914,29.851871],[-95.338954,29.852018],[-95.338957,29.852156],[-95.338938,29.852298],[-95.338908,29.852421]]},"properties":{"Full_Name":"EDELL ST","ped_crash_count":1,"ped_death_count":1,"total_crash_count":2,"MilesLength":0.43130772}},{"type":"Feature","geometry":{"type":"LineString","coordinates":[[-95.237984,29.643826],[-95.238855,29.643419],[-95.23938,29.643172],[-95.240598,29.642601],[-95.240966,29.642428],[-95.241503,29.642176],[-95.242106,29.641832],[-95.243021,29.641184],[-95.243208,29.641032],[-95.243331,29.640933],[-95.243462,29.640826],[-95.243619,29.640698]]},"properties":{"Full_Name":"EDGEBROOK DR","ped_crash_count":4,"ped_death_count":4,"total_crash_count":5,"MilesLength":0.40362064}},{"type":"Feature","geometry":{"type":"LineString","coordinates":[[-95.230021,29.645344],[-95.230445,29.645345],[-95.233002,29.645314],[-95.234051,29.645231],[-95.235294,29.644985],[-95.23603,29.644731],[-95.236897,29.644326],[-95.237872,29.643878],[-95.237984,29.643826]]},"properties":{"Full_Name":"EDGEBROOK DR","ped_crash_count":0,"ped_death_count":0,"total_crash_count":3,"MilesLength":0.50000001}},{"type":"Feature","geometry":{"type":"LineString","coordinates":[[-95.222202,29.646988],[-95.222494,29.64672],[-95.222799,29.646506],[-95.223609,29.64608],[-95.224258,29.645789],[-95.225074,29.645561],[-95.225723,29.64544],[-95.226565,29.645389],[-95.22851,29.645358],[-95.229607,29.645343],[-95.230021,29.645344]]},"properties":{"Full_Name":"EDGEBROOK DR","ped_crash_count":1,"ped_death_count":0,"total_crash_count":2,"MilesLength":0.49999998}},{"type":"Feature","geometry":{"type":"LineString","coordinates":[[-95.14663,29.558044],[-95.146457,29.558157],[-95.145971,29.558474],[-95.145555,29.558758],[-95.145357,29.558872],[-95.144698,29.559284],[-95.14438,29.559484],[-95.144249,29.559569],[-95.143176,29.560209],[-95.142668,29.560532],[-95.141828,29.561066],[-95.141616,29.56119],[-95.140674,29.561891],[-95.140377,29.562084],[-95.139977,29.56238]]},"properties":{"Full_Name":"EL DORADO BLVD","ped_crash_count":1,"ped_death_count":0,"total_crash_count":7,"MilesLength":0.49999997}},{"type":"Feature","geometry":{"type":"LineString","coordinates":[[-95.293776,29.835739],[-95.293776,29.835798],[-95.29378,29.836681],[-95.293775,29.837568],[-95.293782,29.838222],[-95.293781,29.838506],[-95.293789,29.839444],[-95.293809,29.840371],[-95.293851,29.841583],[-95.293865,29.842555],[-95.293873,29.842998]]},"properties":{"Full_Name":"ELBERT ST","ped_crash_count":0,"ped_death_count":0,"total_crash_count":2,"MilesLength":0.5}},{"type":"Feature","geometry":{"type":"LineString","coordinates":[[-95.381702,29.744451],[-95.381327,29.744235],[-95.380495,29.743706],[-95.379646,29.743213],[-95.378791,29.742687],[-95.377936,29.742173],[-95.37719,29.74174],[-95.377047,29.741657],[-95.376615,29.741378],[-95.376187,29.741103],[-95.375329,29.740599],[-95.374861,29.740322]]},"properties":{"Full_Name":"ELGIN ST","ped_crash_count":2,"ped_death_count":0,"total_crash_count":4,"MilesLength":0.49999999}},{"type":"Feature","geometry":{"type":"LineString","coordinates":[[-95.374861,29.740322],[-95.374461,29.740085],[-95.373599,29.739573],[-95.372743,29.739052],[-95.371893,29.738536],[-95.371036,29.738006],[-95.370198,29.737507],[-95.369666,29.737182],[-95.369363,29.73699],[-95.369092,29.736832],[-95.368869,29.736702],[-95.368863,29.736699],[-95.368662,29.736581],[-95.368562,29.736523],[-95.36839,29.736421],[-95.368061,29.736228],[-95.368014,29.7362]]},"properties":{"Full_Name":"ELGIN ST","ped_crash_count":0,"ped_death_count":0,"total_crash_count":4,"MilesLength":0.49999999}},{"type":"Feature","geometry":{"type":"LineString","coordinates":[[-95.353702,29.728965],[-95.353403,29.728854],[-95.352015,29.728462],[-95.351614,29.728337],[-95.351135,29.728194],[-95.350398,29.727973],[-95.349899,29.727849],[-95.349739,29.727791],[-95.349559,29.727771],[-95.349354,29.727764],[-95.348897,29.727774],[-95.348493,29.727816],[-95.348097,29.727873],[-95.347634,29.727967],[-95.347264,29.728009],[-95.346874,29.728037],[-95.346443,29.727998],[-95.346176,29.72796],[-95.345881,29.72789],[-95.345814,29.727873],[-95.345664,29.727825]]},"properties":{"Full_Name":"ELGIN ST","ped_crash_count":1,"ped_death_count":0,"total_crash_count":2,"MilesLength":0.49999998}},{"type":"Feature","geometry":{"type":"LineString","coordinates":[[-95.429077,29.958459],[-95.429105,29.958994],[-95.429094,29.959923],[-95.429096,29.960195],[-95.429116,29.962663],[-95.429176,29.963771]]},"properties":{"Full_Name":"ELLA BLVD","ped_crash_count":0,"ped_death_count":0,"total_crash_count":2,"MilesLength":0.36599578}},{"type":"Feature","geometry":{"type":"LineString","coordinates":[[-95.43222,29.936968],[-95.43228,29.937279],[-95.432328,29.937631],[-95.432364,29.937899],[-95.432407,29.938213],[-95.432656,29.939248],[-95.432704,29.939674],[-95.432737,29.940119],[-95.432655,29.94088],[-95.432584,29.941412],[-95.43251,29.941795],[-95.43244,29.942118],[-95.432428,29.94251],[-95.432443,29.942887],[-95.432446,29.943063],[-95.43245,29.943244]]},"properties":{"Full_Name":"ELLA BLVD","ped_crash_count":1,"ped_death_count":0,"total_crash_count":2,"MilesLength":0.43604429}},{"type":"Feature","geometry":{"type":"LineString","coordinates":[[-95.429176,29.963771],[-95.429193,29.964097],[-95.429429,29.965064],[-95.429516,29.965303],[-95.429718,29.96577],[-95.429967,29.966171],[-95.430145,29.966611],[-95.43031,29.967039],[-95.430548,29.96773],[-95.430644,29.968005]]},"properties":{"Full_Name":"ELLA BLVD","ped_crash_count":0,"ped_death_count":0,"total_crash_count":4,"MilesLength":0.30633818}},{"type":"Feature","geometry":{"type":"LineString","coordinates":[[-95.543668,29.73713],[-95.543663,29.736401],[-95.543673,29.735945],[-95.543627,29.734835],[-95.543618,29.734722],[-95.543584,29.734509],[-95.543501,29.734171],[-95.543312,29.733735],[-95.543268,29.733632],[-95.543172,29.733274],[-95.54315,29.732893],[-95.543224,29.732461],[-95.543249,29.732352],[-95.543262,29.732256],[-95.543324,29.731835],[-95.543343,29.731528],[-95.543316,29.731213],[-95.543309,29.731044],[-95.543331,29.730451],[-95.54334,29.73035],[-95.543369,29.730212],[-95.543415,29.730017],[-95.543438,29.729951]]},"properties":{"Full_Name":"ELMSIDE DR","ped_crash_count":0,"ped_death_count":0,"total_crash_count":3,"MilesLength":0.50000003}},{"type":"Feature","geometry":{"type":"LineString","coordinates":[[-95.348815,29.754979],[-95.349208,29.754445],[-95.349338,29.75428],[-95.349918,29.753525],[-95.350464,29.752848],[-95.350589,29.752679],[-95.351157,29.751962],[-95.351741,29.75122],[-95.352343,29.750465],[-95.352935,29.749728],[-95.353505,29.748983]]},"properties":{"Full_Name":"EMANCIPATION AVE","ped_crash_count":0,"ped_death_count":0,"total_crash_count":2,"MilesLength":0.49999999}},{"type":"Feature","geometry":{"type":"LineString","coordinates":[[-95.367714,29.731081],[-95.367999,29.730709],[-95.368505,29.730075],[-95.368985,29.729459],[-95.369479,29.728823],[-95.369987,29.728179],[-95.370464,29.727574],[-95.370974,29.726947],[-95.371476,29.726308],[-95.37196,29.725702],[-95.372432,29.725102]]},"properties":{"Full_Name":"EMANCIPATION AVE","ped_crash_count":0,"ped_death_count":0,"total_crash_count":4,"MilesLength":0.49999998}},{"type":"Feature","geometry":{"type":"LineString","coordinates":[[-95.358239,29.743014],[-95.358259,29.742988],[-95.358354,29.742868],[-95.358435,29.742767],[-95.358549,29.742623],[-95.358598,29.742561],[-95.35885,29.742255],[-95.35944,29.74151],[-95.360013,29.740761],[-95.360603,29.740035],[-95.36133,29.739102],[-95.362088,29.738182],[-95.362508,29.737629],[-95.362796,29.737266],[-95.36292,29.737104],[-95.362969,29.737042]]},"properties":{"Full_Name":"EMANCIPATION AVE","ped_crash_count":1,"ped_death_count":1,"total_crash_count":5,"MilesLength":0.50000003}},{"type":"Feature","geometry":{"type":"LineString","coordinates":[[-95.500852,29.814923],[-95.501141,29.815134],[-95.501551,29.815339],[-95.501899,29.815442],[-95.502479,29.815421],[-95.507879,29.815284]]},"properties":{"Full_Name":"EMNORA LN","ped_crash_count":0,"ped_death_count":0,"total_crash_count":2,"MilesLength":0.43238029}},{"type":"Feature","geometry":{"type":"LineString","coordinates":[[-95.508618,29.815265],[-95.509008,29.815421],[-95.509259,29.815594],[-95.509424,29.815788],[-95.509589,29.816107],[-95.511513,29.816096],[-95.512583,29.816078],[-95.51307,29.816015],[-95.513596,29.815942],[-95.514112,29.81591],[-95.515734,29.815906]]},"properties":{"Full_Name":"EMNORA LN","ped_crash_count":0,"ped_death_count":0,"total_crash_count":2,"MilesLength":0.45560737}},{"type":"Feature","geometry":{"type":"LineString","coordinates":[[-95.524174,29.847487],[-95.524168,29.848505],[-95.524215,29.848984],[-95.524252,29.850337],[-95.524258,29.850556],[-95.524261,29.850865],[-95.524269,29.851422],[-95.524296,29.851844],[-95.524268,29.852929],[-95.524273,29.854094],[-95.524296,29.854744]]},"properties":{"Full_Name":"FAIRBANKS N HOUSTON RD","ped_crash_count":0,"ped_death_count":0,"total_crash_count":2,"MilesLength":0.49999998}},{"type":"Feature","geometry":{"type":"LineString","coordinates":[[-95.524296,29.854744],[-95.524298,29.854807],[-95.524327,29.855113],[-95.524353,29.855472],[-95.524357,29.856031],[-95.52437,29.856775],[-95.524383,29.857487],[-95.524333,29.858339],[-95.524335,29.858588],[-95.524346,29.858804],[-95.524339,29.85902],[-95.524357,29.859206],[-95.524355,29.85943],[-95.524364,29.859542],[-95.524364,29.859646],[-95.524385,29.859973],[-95.524396,29.860888],[-95.524398,29.86096]]},"properties":{"Full_Name":"FAIRBANKS N HOUSTON RD","ped_crash_count":0,"ped_death_count":0,"total_crash_count":4,"MilesLength":0.4284979}},{"type":"Feature","geometry":{"type":"LineString","coordinates":[[-95.403193,29.68091],[-95.40318,29.679275],[-95.403162,29.67909],[-95.40313,29.678745],[-95.403108,29.678518],[-95.403136,29.677947],[-95.403126,29.677602],[-95.403132,29.676947],[-95.403128,29.676448],[-95.403208,29.67573],[-95.403252,29.675171],[-95.403295,29.674862],[-95.403223,29.674065],[-95.40312,29.673745],[-95.403098,29.673677]]},"properties":{"Full_Name":"FANNIN ST","ped_crash_count":1,"ped_death_count":0,"total_crash_count":2,"MilesLength":0.5}},{"type":"Feature","geometry":{"type":"LineString","coordinates":[[-95.401794,29.708568],[-95.401999,29.708312],[-95.402624,29.70754],[-95.402736,29.70739],[-95.402877,29.707169],[-95.402978,29.706904],[-95.403017,29.706736],[-95.403024,29.706235],[-95.403001,29.704722],[-95.402957,29.704298],[-95.402849,29.703701],[-95.402455,29.702398],[-95.402303,29.701946],[-95.40222,29.7017]]},"properties":{"Full_Name":"FANNIN ST","ped_crash_count":1,"ped_death_count":0,"total_crash_count":4,"MilesLength":0.50000006}},{"type":"Feature","geometry":{"type":"LineString","coordinates":[[-95.38307,29.732396],[-95.383087,29.732376],[-95.383224,29.732212],[-95.38361,29.731751],[-95.384294,29.730872],[-95.384631,29.730446],[-95.385085,29.729873],[-95.385659,29.729161],[-95.386098,29.728591],[-95.386577,29.727994],[-95.387138,29.727288],[-95.387581,29.726727],[-95.387811,29.726431]]},"properties":{"Full_Name":"FANNIN ST","ped_crash_count":0,"ped_death_count":0,"total_crash_count":2,"MilesLength":0.49999997}},{"type":"Feature","geometry":{"type":"LineString","coordinates":[[-95.373618,29.744344],[-95.373769,29.744147],[-95.374216,29.743587],[-95.374692,29.742996],[-95.375247,29.742277],[-95.375701,29.741719],[-95.376187,29.741103],[-95.376724,29.740404],[-95.377184,29.739845],[-95.377658,29.739251],[-95.378237,29.738536],[-95.378359,29.738378]]},"properties":{"Full_Name":"FANNIN ST","ped_crash_count":0,"ped_death_count":0,"total_crash_count":3,"MilesLength":0.50000001}},{"type":"Feature","geometry":{"type":"LineString","coordinates":[[-95.368902,29.750324],[-95.369213,29.749926],[-95.369378,29.749715],[-95.369985,29.748955],[-95.370088,29.748825],[-95.37018,29.748707],[-95.370579,29.7482],[-95.371148,29.747475],[-95.371735,29.746736],[-95.372284,29.746048],[-95.372539,29.745731],[-95.372745,29.745481],[-95.373208,29.744878],[-95.373618,29.744344]]},"properties":{"Full_Name":"FANNIN ST","ped_crash_count":5,"ped_death_count":0,"total_crash_count":11,"MilesLength":0.50000003}},{"type":"Feature","geometry":{"type":"LineString","coordinates":[[-95.364169,29.756295],[-95.364646,29.755694],[-95.365243,29.754935],[-95.365826,29.754192],[-95.366413,29.753448],[-95.367005,29.752705],[-95.367606,29.751954],[-95.368198,29.751209],[-95.36879,29.750467],[-95.368902,29.750324]]},"properties":{"Full_Name":"FANNIN ST","ped_crash_count":1,"ped_death_count":0,"total_crash_count":5,"MilesLength":0.49999997}},{"type":"Feature","geometry":{"type":"LineString","coordinates":[[-95.213419,29.769495],[-95.21334,29.769165],[-95.213299,29.76882],[-95.213276,29.768432],[-95.213256,29.767803],[-95.213269,29.767252],[-95.213225,29.766613],[-95.213206,29.766358],[-95.213185,29.765836],[-95.213124,29.765026],[-95.213125,29.764981],[-95.213138,29.764229],[-95.213103,29.763434],[-95.213075,29.762633],[-95.213052,29.762302],[-95.213049,29.762251]]},"properties":{"Full_Name":"FEDERAL RD","ped_crash_count":1,"ped_death_count":0,"total_crash_count":4,"MilesLength":0.49999998}},{"type":"Feature","geometry":{"type":"LineString","coordinates":[[-95.217977,29.775312],[-95.217908,29.775192],[-95.217481,29.774696],[-95.21733,29.774482],[-95.217161,29.774347],[-95.213902,29.771387],[-95.213704,29.770997],[-95.213668,29.77074],[-95.213632,29.770482],[-95.213601,29.770256],[-95.213419,29.769495]]},"properties":{"Full_Name":"FEDERAL RD","ped_crash_count":2,"ped_death_count":0,"total_crash_count":10,"MilesLength":0.50000001}},{"type":"Feature","geometry":{"type":"LineString","coordinates":[[-95.402085,29.657522],[-95.403739,29.657694],[-95.405872,29.657726],[-95.407486,29.657721],[-95.410385,29.657718]]},"properties":{"Full_Name":"FELDMAN RD","ped_crash_count":0,"ped_death_count":0,"total_crash_count":3,"MilesLength":0.49999999}},{"type":"Feature","geometry":{"type":"LineString","coordinates":[[-95.421875,29.742174],[-95.42187,29.741811],[-95.421912,29.741603],[-95.421916,29.741369],[-95.421898,29.740103],[-95.421882,29.738437],[-95.421867,29.738125],[-95.421831,29.737875],[-95.421807,29.736552],[-95.421811,29.735225],[-95.421804,29.734919]]},"properties":{"Full_Name":"FERNDALE ST","ped_crash_count":1,"ped_death_count":0,"total_crash_count":2,"MilesLength":0.49999997}},{"type":"Feature","geometry":{"type":"LineString","coordinates":[[-95.2551,29.731988],[-95.255131,29.732724],[-95.255144,29.73284],[-95.255163,29.733414],[-95.255173,29.734104],[-95.255193,29.734794],[-95.255209,29.735476],[-95.25523,29.736165],[-95.255243,29.736856],[-95.255269,29.737545],[-95.255281,29.738221],[-95.255306,29.738913],[-95.255317,29.739245]]},"properties":{"Full_Name":"FIDELITY ST","ped_crash_count":0,"ped_death_count":0,"total_crash_count":3,"MilesLength":0.50000002}},{"type":"Feature","geometry":{"type":"LineString","coordinates":[[-95.28272,29.69345],[-95.280518,29.693483],[-95.277687,29.693572],[-95.276929,29.69357],[-95.274836,29.693623],[-95.274408,29.69363]]},"properties":{"Full_Name":"FINDLAY ST","ped_crash_count":1,"ped_death_count":0,"total_crash_count":3,"MilesLength":0.49999999}},{"type":"Feature","geometry":{"type":"LineString","coordinates":[[-95.308759,29.844952],[-95.308698,29.844953],[-95.3072,29.844967],[-95.305844,29.844992],[-95.304619,29.845013],[-95.303809,29.845014],[-95.303391,29.845023],[-95.302116,29.845031],[-95.30089,29.845051],[-95.300433,29.84507]]},"properties":{"Full_Name":"FIRNAT ST","ped_crash_count":0,"ped_death_count":0,"total_crash_count":4,"MilesLength":0.49999996}},{"type":"Feature","geometry":{"type":"LineString","coordinates":[[-95.408163,29.768281],[-95.408253,29.76828],[-95.408321,29.768274],[-95.409429,29.76827],[-95.409872,29.768267],[-95.410584,29.768255],[-95.411488,29.768238],[-95.412464,29.768226],[-95.413391,29.768196]]},"properties":{"Full_Name":"FLOYD ST","ped_crash_count":1,"ped_death_count":0,"total_crash_count":2,"MilesLength":0.31420788}},{"type":"Feature","geometry":{"type":"LineString","coordinates":[[-95.179762,29.593956],[-95.179853,29.593614],[-95.180244,29.592121],[-95.180329,29.591818],[-95.180449,29.591337],[-95.180652,29.590714],[-95.180951,29.590107],[-95.180994,29.590009],[-95.181377,29.589427],[-95.181448,29.589335],[-95.181842,29.588829],[-95.182026,29.588652],[-95.182174,29.588515],[-95.182939,29.587826],[-95.183257,29.58757]]},"properties":{"Full_Name":"FM 1959","ped_crash_count":0,"ped_death_count":0,"total_crash_count":2,"MilesLength":0.49999998}},{"type":"Feature","geometry":{"type":"LineString","coordinates":[[-95.548085,29.960239],[-95.549381,29.959111],[-95.550016,29.958567],[-95.552565,29.956478],[-95.553632,29.955528],[-95.553929,29.95526],[-95.55404,29.95516]]},"properties":{"Full_Name":"FM 1960 W","ped_crash_count":2,"ped_death_count":2,"total_crash_count":11,"MilesLength":0.50000001}},{"type":"Feature","geometry":{"type":"LineString","coordinates":[[-95.541585,29.964708],[-95.542701,29.964223],[-95.542849,29.964134],[-95.542851,29.964133],[-95.544707,29.963006],[-95.545577,29.962425],[-95.548085,29.960239]]},"properties":{"Full_Name":"FM 1960 W","ped_crash_count":0,"ped_death_count":0,"total_crash_count":4,"MilesLength":0.50000002}},{"type":"Feature","geometry":{"type":"LineString","coordinates":[[-95.522478,29.742081],[-95.522135,29.74209],[-95.521791,29.742063],[-95.521578,29.741936],[-95.521505,29.74181],[-95.521432,29.74155],[-95.521425,29.740893],[-95.521313,29.740058],[-95.521284,29.739337],[-95.52126,29.739048],[-95.521219,29.738521],[-95.521233,29.738127],[-95.521175,29.7374],[-95.521127,29.736624],[-95.521113,29.736497],[-95.521115,29.736435],[-95.521113,29.736225],[-95.521086,29.73601],[-95.520989,29.735546]]},"properties":{"Full_Name":"FONDREN RD","ped_crash_count":0,"ped_death_count":0,"total_crash_count":3,"MilesLength":0.49999998}},{"type":"Feature","geometry":{"type":"LineString","coordinates":[[-95.507552,29.623557],[-95.507606,29.623192],[-95.507859,29.622282],[-95.508149,29.621369],[-95.508239,29.62103],[-95.50836,29.62065],[-95.508415,29.620476],[-95.508514,29.620164],[-95.508619,29.619824],[-95.508751,29.619328],[-95.508768,29.619214],[-95.508922,29.61818],[-95.50902,29.616761],[-95.509036,29.61644]]},"properties":{"Full_Name":"FONDREN RD","ped_crash_count":0,"ped_death_count":0,"total_crash_count":11,"MilesLength":0.49999999}},{"type":"Feature","geometry":{"type":"LineString","coordinates":[[-95.507585,29.630797],[-95.507577,29.630768],[-95.507528,29.63033],[-95.507491,29.629988],[-95.507387,29.628845],[-95.507377,29.628377],[-95.507368,29.627947],[-95.507353,29.627489],[-95.507354,29.627271],[-95.507339,29.626809],[-95.507325,29.62634],[-95.507336,29.625877],[-95.507359,29.624881],[-95.507552,29.623557]]},"properties":{"Full_Name":"FONDREN RD","ped_crash_count":1,"ped_death_count":1,"total_crash_count":4,"MilesLength":0.50000001}},{"type":"Feature","geometry":{"type":"LineString","coordinates":[[-95.508252,29.637996],[-95.508204,29.636549],[-95.50819,29.635494],[-95.508202,29.634493],[-95.508205,29.634308],[-95.508121,29.632659],[-95.507955,29.631961],[-95.507817,29.631543],[-95.507663,29.631088],[-95.507585,29.630797]]},"properties":{"Full_Name":"FONDREN RD","ped_crash_count":1,"ped_death_count":1,"total_crash_count":2,"MilesLength":0.49999995}},{"type":"Feature","geometry":{"type":"MultiLineString","coordinates":[[[-95.508312,29.645255],[-95.508309,29.645038],[-95.508305,29.644717],[-95.5083,29.644237],[-95.508312,29.643786],[-95.508308,29.643181],[-95.50831,29.642864],[-95.508311,29.64272],[-95.508278,29.641235],[-95.508287,29.640858],[-95.508281,29.640391],[-95.508272,29.638795]],[[-95.508267,29.638443],[-95.508252,29.637996]]]},"properties":{"Full_Name":"FONDREN RD","ped_crash_count":3,"ped_death_count":0,"total_crash_count":7,"MilesLength":0.47579574}},{"type":"Feature","geometry":{"type":"LineString","coordinates":[[-95.508394,29.652514],[-95.508392,29.652132],[-95.508383,29.651532],[-95.50837,29.651143],[-95.508359,29.650519],[-95.508371,29.65037],[-95.508357,29.650081],[-95.508351,29.649422],[-95.508348,29.648866],[-95.508347,29.648501],[-95.508359,29.648395],[-95.508332,29.647396],[-95.508335,29.64731],[-95.50833,29.646904],[-95.508328,29.646713],[-95.508318,29.64582],[-95.508313,29.645382],[-95.508312,29.645255]]},"properties":{"Full_Name":"FONDREN RD","ped_crash_count":1,"ped_death_count":0,"total_crash_count":3,"MilesLength":0.49999998}},{"type":"Feature","geometry":{"type":"LineString","coordinates":[[-95.508462,29.659773],[-95.50845,29.659194],[-95.508446,29.658729],[-95.508443,29.658387],[-95.50844,29.658159],[-95.508435,29.657741],[-95.508428,29.657555],[-95.50842,29.656734],[-95.508419,29.656596],[-95.508433,29.656023],[-95.50842,29.65528],[-95.508418,29.654934],[-95.508417,29.654697],[-95.508415,29.654606],[-95.508411,29.654457],[-95.508399,29.653919],[-95.508397,29.653527],[-95.508396,29.653035],[-95.508394,29.652514]]},"properties":{"Full_Name":"FONDREN RD","ped_crash_count":3,"ped_death_count":0,"total_crash_count":4,"MilesLength":0.49999998}},{"type":"Feature","geometry":{"type":"LineString","coordinates":[[-95.508541,29.667031],[-95.508541,29.666565],[-95.508549,29.66564],[-95.50851,29.66466],[-95.508511,29.664031],[-95.508521,29.663591],[-95.508524,29.662795],[-95.508489,29.662209],[-95.508496,29.661691],[-95.508472,29.66103],[-95.508475,29.660617],[-95.508474,29.660401],[-95.508462,29.659773]]},"properties":{"Full_Name":"FONDREN RD","ped_crash_count":0,"ped_death_count":0,"total_crash_count":3,"MilesLength":0.5}},{"type":"Feature","geometry":{"type":"LineString","coordinates":[[-95.508721,29.68155],[-95.508721,29.681485],[-95.50871,29.680662],[-95.50871,29.680456],[-95.508695,29.679654],[-95.508668,29.67871],[-95.508676,29.678365],[-95.508674,29.677491],[-95.508655,29.676777],[-95.508648,29.676177],[-95.508642,29.675631],[-95.50863,29.674899],[-95.508623,29.674538],[-95.508619,29.674291]]},"properties":{"Full_Name":"FONDREN RD","ped_crash_count":0,"ped_death_count":0,"total_crash_count":4,"MilesLength":0.49999997}},{"type":"Feature","geometry":{"type":"LineString","coordinates":[[-95.518033,29.700545],[-95.518016,29.700531],[-95.51749,29.700027],[-95.516803,29.699435],[-95.51607,29.698803],[-95.515538,29.698366],[-95.515341,29.698201],[-95.513997,29.697004],[-95.512711,29.695964],[-95.512155,29.695414]]},"properties":{"Full_Name":"FONDREN RD","ped_crash_count":0,"ped_death_count":0,"total_crash_count":3,"MilesLength":0.50000001}},{"type":"Feature","geometry":{"type":"LineString","coordinates":[[-95.521301,29.706788],[-95.521295,29.706421],[-95.52131,29.705144],[-95.521249,29.704503],[-95.52113,29.704009],[-95.521025,29.703702],[-95.520954,29.70353],[-95.520896,29.703407],[-95.520702,29.703062],[-95.52054,29.702818],[-95.52038,29.70261],[-95.52027,29.702461],[-95.520139,29.702325],[-95.518868,29.701218],[-95.518484,29.700903],[-95.518033,29.700545]]},"properties":{"Full_Name":"FONDREN RD","ped_crash_count":5,"ped_death_count":1,"total_crash_count":7,"MilesLength":0.49999998}},{"type":"Feature","geometry":{"type":"LineString","coordinates":[[-95.520416,29.713905],[-95.520418,29.713901],[-95.520815,29.71318],[-95.521088,29.712542],[-95.521262,29.71188],[-95.521321,29.711341],[-95.521329,29.709395],[-95.521341,29.708984],[-95.521352,29.708418],[-95.52131,29.707434],[-95.521301,29.706788]]},"properties":{"Full_Name":"FONDREN RD","ped_crash_count":1,"ped_death_count":1,"total_crash_count":5,"MilesLength":0.50000003}},{"type":"Feature","geometry":{"type":"LineString","coordinates":[[-95.520213,29.7211],[-95.520146,29.720859],[-95.520095,29.720533],[-95.520033,29.72026],[-95.520014,29.719635],[-95.519998,29.717758],[-95.520004,29.717085],[-95.519975,29.71625],[-95.519982,29.715908],[-95.519984,29.715737],[-95.519994,29.715435],[-95.520037,29.715203],[-95.520136,29.714673],[-95.520296,29.714159],[-95.520416,29.713905]]},"properties":{"Full_Name":"FONDREN RD","ped_crash_count":3,"ped_death_count":0,"total_crash_count":6,"MilesLength":0.49999999}},{"type":"Feature","geometry":{"type":"LineString","coordinates":[[-95.520628,29.728335],[-95.520634,29.728247],[-95.520619,29.727985],[-95.520598,29.727564],[-95.520605,29.726831],[-95.520588,29.726143],[-95.520588,29.725997],[-95.520583,29.725545],[-95.520537,29.724112],[-95.52053,29.723792],[-95.520491,29.722474],[-95.520316,29.721468],[-95.520266,29.721292],[-95.520236,29.721182],[-95.520213,29.7211]]},"properties":{"Full_Name":"FONDREN RD","ped_crash_count":0,"ped_death_count":0,"total_crash_count":4,"MilesLength":0.5}},{"type":"Feature","geometry":{"type":"LineString","coordinates":[[-95.520989,29.735546],[-95.520966,29.735436],[-95.520709,29.734632],[-95.520614,29.73417],[-95.520567,29.733737],[-95.520544,29.732977],[-95.520532,29.73226],[-95.520524,29.731774],[-95.520495,29.731139],[-95.520492,29.730854],[-95.520489,29.730519],[-95.520485,29.730025],[-95.520532,29.729522],[-95.520566,29.729061],[-95.52062,29.728766],[-95.520622,29.728405],[-95.520628,29.728335]]},"properties":{"Full_Name":"FONDREN RD","ped_crash_count":0,"ped_death_count":0,"total_crash_count":4,"MilesLength":0.50000001}},{"type":"Feature","geometry":{"type":"LineString","coordinates":[[-95.503711,29.638571],[-95.5046,29.638559],[-95.505639,29.638558],[-95.506102,29.638552],[-95.506877,29.638533],[-95.508268,29.63852]]},"properties":{"Full_Name":"FONMEADOW DR","ped_crash_count":1,"ped_death_count":0,"total_crash_count":2,"MilesLength":0.27422362}},{"type":"Feature","geometry":{"type":"LineString","coordinates":[[-95.555163,29.674987],[-95.555105,29.674382],[-95.555022,29.673853],[-95.554988,29.6737],[-95.554972,29.673091],[-95.55497,29.67301],[-95.554969,29.672856],[-95.554955,29.672357],[-95.554942,29.671608],[-95.554941,29.671076],[-95.554932,29.670568],[-95.554931,29.670165],[-95.554919,29.669169],[-95.554917,29.669019],[-95.554912,29.668606],[-95.554907,29.668435],[-95.554899,29.668049],[-95.554896,29.667908],[-95.554934,29.667791]]},"properties":{"Full_Name":"FORUM PARK DR","ped_crash_count":2,"ped_death_count":0,"total_crash_count":3,"MilesLength":0.49663351}},{"type":"Feature","geometry":{"type":"LineString","coordinates":[[-95.354252,29.759462],[-95.354126,29.759385],[-95.353257,29.758873],[-95.352417,29.75835],[-95.351873,29.758032],[-95.351826,29.758005],[-95.351707,29.757932],[-95.351534,29.757827],[-95.350723,29.757334],[-95.350101,29.756952],[-95.34986,29.756804],[-95.34983,29.756784]]},"properties":{"Full_Name":"FRANKLIN ST","ped_crash_count":0,"ped_death_count":0,"total_crash_count":5,"MilesLength":0.32345506}},{"type":"Feature","geometry":{"type":"LineString","coordinates":[[-95.361102,29.763583],[-95.361018,29.763533],[-95.360156,29.763003],[-95.359355,29.76254],[-95.359267,29.762489],[-95.358399,29.76197],[-95.357557,29.761452],[-95.356698,29.760941],[-95.355828,29.760426],[-95.354977,29.759906],[-95.354252,29.759462]]},"properties":{"Full_Name":"FRANKLIN ST","ped_crash_count":1,"ped_death_count":0,"total_crash_count":3,"MilesLength":0.49999995}},{"type":"Feature","geometry":{"type":"LineString","coordinates":[[-95.368632,29.804226],[-95.36873,29.804781],[-95.368733,29.80482],[-95.368755,29.80489],[-95.368883,29.805569],[-95.36903,29.80632],[-95.369181,29.807062],[-95.369261,29.80748],[-95.369285,29.807584],[-95.369302,29.807715],[-95.369312,29.807801],[-95.369459,29.808548],[-95.36963,29.809362],[-95.369693,29.810012],[-95.369687,29.810648],[-95.369673,29.810844],[-95.369705,29.811408]]},"properties":{"Full_Name":"FULTON ST","ped_crash_count":0,"ped_death_count":0,"total_crash_count":2,"MilesLength":0.49999997}},{"type":"Feature","geometry":{"type":"LineString","coordinates":[[-95.367844,29.797074],[-95.367873,29.797136],[-95.367905,29.797228],[-95.367878,29.798192],[-95.367932,29.798758],[-95.367941,29.79933],[-95.367931,29.799967],[-95.367928,29.800794],[-95.367902,29.801555],[-95.367921,29.802076],[-95.367942,29.802289],[-95.367967,29.80238],[-95.367999,29.802474],[-95.368043,29.802567],[-95.368085,29.802638],[-95.368326,29.803243],[-95.368614,29.80413],[-95.368632,29.804226]]},"properties":{"Full_Name":"FULTON ST","ped_crash_count":1,"ped_death_count":0,"total_crash_count":3,"MilesLength":0.50000001}},{"type":"Feature","geometry":{"type":"LineString","coordinates":[[-95.361679,29.792237],[-95.361754,29.792317],[-95.361892,29.792434],[-95.362425,29.792779],[-95.362831,29.79305],[-95.364543,29.794402],[-95.366111,29.795679],[-95.366854,29.79619],[-95.367547,29.796694],[-95.367632,29.796766],[-95.367697,29.796834],[-95.367748,29.79689],[-95.367787,29.796956],[-95.367823,29.797028],[-95.367844,29.797074]]},"properties":{"Full_Name":"FULTON ST","ped_crash_count":0,"ped_death_count":0,"total_crash_count":2,"MilesLength":0.49999999}},{"type":"Feature","geometry":{"type":"LineString","coordinates":[[-95.376279,29.823737],[-95.376439,29.824145],[-95.376485,29.824317],[-95.376484,29.824442],[-95.376475,29.824706],[-95.37646,29.824958],[-95.376411,29.825654],[-95.376361,29.826223],[-95.3763,29.827121],[-95.37622,29.828327],[-95.376196,29.828644],[-95.376177,29.828997],[-95.37616,29.829322],[-95.376089,29.830222],[-95.376041,29.830957]]},"properties":{"Full_Name":"FULTON ST","ped_crash_count":0,"ped_death_count":0,"total_crash_count":3,"MilesLength":0.49999999}},{"type":"Feature","geometry":{"type":"LineString","coordinates":[[-95.369705,29.811408],[-95.369718,29.811625],[-95.369746,29.811728],[-95.369743,29.812285],[-95.369727,29.812913],[-95.369761,29.81347],[-95.369793,29.813669],[-95.369838,29.813948],[-95.369867,29.81413],[-95.36995,29.81443],[-95.370047,29.814678],[-95.370428,29.815499],[-95.370719,29.816239],[-95.370883,29.81667],[-95.371021,29.816992],[-95.371132,29.817263],[-95.37125,29.81743],[-95.371399,29.817604],[-95.371504,29.817748],[-95.371661,29.817899],[-95.371869,29.818051],[-95.372049,29.818137]]},"properties":{"Full_Name":"FULTON ST","ped_crash_count":1,"ped_death_count":0,"total_crash_count":3,"MilesLength":0.5}},{"type":"Feature","geometry":{"type":"LineString","coordinates":[[-95.502707,29.6004],[-95.503464,29.60072],[-95.504305,29.601064],[-95.505341,29.601357],[-95.506106,29.601438],[-95.506534,29.601458],[-95.506993,29.601431],[-95.507497,29.60144]]},"properties":{"Full_Name":"FUQUA ST","ped_crash_count":1,"ped_death_count":1,"total_crash_count":2,"MilesLength":0.30219257}},{"type":"Feature","geometry":{"type":"LineString","coordinates":[[-95.248098,29.611027],[-95.245205,29.611088],[-95.244695,29.611099],[-95.24406,29.611113],[-95.243075,29.611125],[-95.242181,29.611126],[-95.241315,29.611161],[-95.239792,29.611192]]},"properties":{"Full_Name":"FUQUA ST","ped_crash_count":0,"ped_death_count":0,"total_crash_count":3,"MilesLength":0.5}},{"type":"Feature","geometry":{"type":"LineString","coordinates":[[-95.201645,29.620979],[-95.201508,29.620991],[-95.201129,29.621023],[-95.200799,29.621057],[-95.20012,29.621243],[-95.199659,29.621421],[-95.199564,29.621461],[-95.198942,29.621731],[-95.19855,29.621949],[-95.198269,29.622131],[-95.197561,29.622515]]},"properties":{"Full_Name":"FUQUA ST","ped_crash_count":0,"ped_death_count":0,"total_crash_count":2,"MilesLength":0.27162665}},{"type":"Feature","geometry":{"type":"LineString","coordinates":[[-95.231485,29.611325],[-95.229987,29.611366],[-95.229765,29.611372],[-95.229541,29.611373],[-95.229187,29.611388],[-95.228733,29.611394],[-95.228218,29.611403],[-95.227905,29.611408],[-95.227637,29.611412],[-95.22735,29.611416],[-95.226607,29.611428],[-95.226481,29.611437],[-95.225748,29.611492],[-95.225131,29.611585],[-95.224827,29.611654],[-95.224394,29.611741],[-95.223989,29.611857],[-95.223285,29.612099]]},"properties":{"Full_Name":"FUQUA ST","ped_crash_count":1,"ped_death_count":1,"total_crash_count":3,"MilesLength":0.50000001}},{"type":"Feature","geometry":{"type":"LineString","coordinates":[[-95.239792,29.611192],[-95.239543,29.611197],[-95.23841,29.611218],[-95.238085,29.611224],[-95.235844,29.611267],[-95.234935,29.611273],[-95.2345,29.61128],[-95.233728,29.611286],[-95.23311,29.611296],[-95.232676,29.611302],[-95.231666,29.61132],[-95.231485,29.611325]]},"properties":{"Full_Name":"FUQUA ST","ped_crash_count":0,"ped_death_count":0,"total_crash_count":2,"MilesLength":0.49999997}},{"type":"Feature","geometry":{"type":"LineString","coordinates":[[-95.380249,29.617313],[-95.38025,29.617233],[-95.380239,29.616345],[-95.380243,29.615798],[-95.380246,29.614119],[-95.38025,29.61232]]},"properties":{"Full_Name":"FURMAN RD","ped_crash_count":0,"ped_death_count":0,"total_crash_count":6,"MilesLength":0.34386838}},{"type":"Feature","geometry":{"type":"LineString","coordinates":[[-95.225729,29.652605],[-95.225244,29.652125],[-95.224925,29.651823],[-95.224242,29.651104],[-95.223341,29.650115],[-95.222249,29.648955],[-95.221422,29.648046],[-95.221288,29.647893],[-95.22045,29.647]]},"properties":{"Full_Name":"GALVESTON RD","ped_crash_count":0,"ped_death_count":0,"total_crash_count":4,"MilesLength":0.49999999}},{"type":"Feature","geometry":{"type":"LineString","coordinates":[[-95.141523,29.562756],[-95.140674,29.561891],[-95.139399,29.560492],[-95.138914,29.55998],[-95.137686,29.55868],[-95.136243,29.557153]]},"properties":{"Full_Name":"GALVESTON RD","ped_crash_count":0,"ped_death_count":0,"total_crash_count":6,"MilesLength":0.50000001}},{"type":"Feature","geometry":{"type":"LineString","coordinates":[[-95.146764,29.568388],[-95.146543,29.568152],[-95.146103,29.56768],[-95.145532,29.567065],[-95.145155,29.566662],[-95.144702,29.566176],[-95.144099,29.565527],[-95.143659,29.565053],[-95.143258,29.564622],[-95.142658,29.563976],[-95.14154,29.562773],[-95.141523,29.562756]]},"properties":{"Full_Name":"GALVESTON RD","ped_crash_count":0,"ped_death_count":0,"total_crash_count":2,"MilesLength":0.49999999}},{"type":"Feature","geometry":{"type":"LineString","coordinates":[[-95.152034,29.574],[-95.151966,29.573928],[-95.151807,29.573759],[-95.151582,29.573521],[-95.151196,29.573112],[-95.150793,29.572685],[-95.149993,29.571838],[-95.148814,29.570589],[-95.147464,29.56914],[-95.146959,29.568599],[-95.146764,29.568388]]},"properties":{"Full_Name":"GALVESTON RD","ped_crash_count":0,"ped_death_count":0,"total_crash_count":3,"MilesLength":0.5}},{"type":"Feature","geometry":{"type":"LineString","coordinates":[[-95.188986,29.61323],[-95.188223,29.612579],[-95.186201,29.610405],[-95.185338,29.609446],[-95.18437,29.608442],[-95.183647,29.607674]]},"properties":{"Full_Name":"GALVESTON RD","ped_crash_count":1,"ped_death_count":1,"total_crash_count":3,"MilesLength":0.50000001}},{"type":"Feature","geometry":{"type":"LineString","coordinates":[[-95.199408,29.624525],[-95.199302,29.624411],[-95.198813,29.623885],[-95.198051,29.623058],[-95.197561,29.622515],[-95.194342,29.618771]]},"properties":{"Full_Name":"GALVESTON RD","ped_crash_count":0,"ped_death_count":0,"total_crash_count":6,"MilesLength":0.50000003}},{"type":"Feature","geometry":{"type":"LineString","coordinates":[[-95.204659,29.630151],[-95.204565,29.630052],[-95.203694,29.629144],[-95.202073,29.627392],[-95.200451,29.625649],[-95.199857,29.625007],[-95.199646,29.624778],[-95.199408,29.624525]]},"properties":{"Full_Name":"GALVESTON RD","ped_crash_count":0,"ped_death_count":0,"total_crash_count":2,"MilesLength":0.5}},{"type":"Feature","geometry":{"type":"LineString","coordinates":[[-95.209924,29.635766],[-95.209533,29.63536],[-95.209182,29.635005],[-95.208895,29.634714],[-95.208869,29.634688],[-95.208298,29.634047],[-95.208005,29.633708],[-95.207778,29.63349],[-95.207117,29.632778],[-95.206696,29.632325],[-95.20652,29.632143],[-95.206113,29.631712],[-95.206035,29.631612],[-95.205744,29.631314],[-95.205317,29.630864],[-95.204722,29.630217],[-95.204659,29.630151]]},"properties":{"Full_Name":"GALVESTON RD","ped_crash_count":0,"ped_death_count":0,"total_crash_count":2,"MilesLength":0.5}},{"type":"Feature","geometry":{"type":"LineString","coordinates":[[-95.22045,29.647],[-95.220327,29.646869],[-95.21966,29.6462],[-95.218914,29.645396],[-95.218648,29.64511],[-95.218327,29.644755],[-95.217327,29.643709],[-95.217269,29.643646],[-95.216883,29.643196],[-95.216078,29.64236],[-95.215236,29.64146],[-95.215174,29.641391]]},"properties":{"Full_Name":"GALVESTON RD","ped_crash_count":0,"ped_death_count":0,"total_crash_count":3,"MilesLength":0.49999999}},{"type":"Feature","geometry":{"type":"LineString","coordinates":[[-95.178383,29.602058],[-95.176977,29.600626],[-95.175443,29.598971],[-95.174773,29.598247],[-95.173083,29.596468]]},"properties":{"Full_Name":"GALVESTON RD","ped_crash_count":0,"ped_death_count":0,"total_crash_count":2,"MilesLength":0.5}},{"type":"Feature","geometry":{"type":"LineString","coordinates":[[-95.259653,29.689768],[-95.258,29.687953],[-95.256832,29.686717],[-95.255244,29.685056],[-95.254387,29.68415]]},"properties":{"Full_Name":"GALVESTON RD","ped_crash_count":0,"ped_death_count":0,"total_crash_count":2,"MilesLength":0.49999995}},{"type":"Feature","geometry":{"type":"LineString","coordinates":[[-95.26492,29.695385],[-95.264685,29.695138],[-95.264154,29.694564],[-95.263252,29.693584],[-95.261171,29.691355],[-95.260041,29.690195],[-95.259653,29.689768]]},"properties":{"Full_Name":"GALVESTON RD","ped_crash_count":1,"ped_death_count":0,"total_crash_count":4,"MilesLength":0.50000006}},{"type":"Feature","geometry":{"type":"LineString","coordinates":[[-95.270182,29.701007],[-95.267832,29.698476],[-95.267515,29.698129],[-95.264981,29.695449],[-95.26492,29.695385]]},"properties":{"Full_Name":"GALVESTON RD","ped_crash_count":0,"ped_death_count":0,"total_crash_count":2,"MilesLength":0.49999998}},{"type":"Feature","geometry":{"type":"LineString","coordinates":[[-95.27529,29.706733],[-95.274743,29.706165],[-95.274282,29.705673],[-95.274121,29.705487],[-95.273951,29.70529],[-95.273815,29.705133],[-95.272295,29.703493],[-95.271502,29.702552],[-95.270885,29.701781],[-95.270332,29.701169],[-95.270182,29.701007]]},"properties":{"Full_Name":"GALVESTON RD","ped_crash_count":0,"ped_death_count":0,"total_crash_count":3,"MilesLength":0.50000002}},{"type":"Feature","geometry":{"type":"LineString","coordinates":[[-95.449506,29.883528],[-95.45038,29.882862],[-95.45055,29.882799],[-95.450754,29.882778],[-95.452658,29.882775],[-95.452803,29.882787],[-95.452885,29.882851],[-95.45297,29.882959],[-95.453226,29.883701],[-95.453345,29.883952],[-95.453463,29.884269],[-95.453468,29.884281],[-95.453474,29.884294],[-95.45348,29.884306],[-95.453487,29.884318],[-95.453494,29.88433],[-95.453502,29.884342],[-95.453511,29.884353],[-95.45352,29.884364],[-95.453529,29.884374],[-95.45354,29.884384],[-95.45355,29.884394],[-95.453561,29.884403],[-95.453573,29.884412],[-95.453585,29.884421]]},"properties":{"Full_Name":"GARDEN CITY DR","ped_crash_count":1,"ped_death_count":1,"total_crash_count":3,"MilesLength":0.33969494}},{"type":"Feature","geometry":{"type":"LineString","coordinates":[[-95.294867,29.714364],[-95.294844,29.713693],[-95.294748,29.71307],[-95.294707,29.712743],[-95.294678,29.712417],[-95.294638,29.711894],[-95.294653,29.711592],[-95.294631,29.71082],[-95.29461,29.710043],[-95.294599,29.709285],[-95.294579,29.708516],[-95.294569,29.708103],[-95.294562,29.707757],[-95.294543,29.707116]]},"properties":{"Full_Name":"GARLAND DR","ped_crash_count":0,"ped_death_count":0,"total_crash_count":2,"MilesLength":0.5}},{"type":"Feature","geometry":{"type":"LineString","coordinates":[[-95.428372,29.948816],[-95.429047,29.948628],[-95.429112,29.948604],[-95.429397,29.948499],[-95.429655,29.94838],[-95.429804,29.948295],[-95.430027,29.948155],[-95.430312,29.947947],[-95.430617,29.947672],[-95.430987,29.947337],[-95.431253,29.947094],[-95.431538,29.946862],[-95.43173,29.946738],[-95.431977,29.946591],[-95.432248,29.946457],[-95.432436,29.946389],[-95.432651,29.946313],[-95.433467,29.946148]]},"properties":{"Full_Name":"GEARS LOOP","ped_crash_count":0,"ped_death_count":0,"total_crash_count":2,"MilesLength":0.36451627}},{"type":"Feature","geometry":{"type":"LineString","coordinates":[[-95.545175,29.808075],[-95.545176,29.808191],[-95.545194,29.808904],[-95.545201,29.809086],[-95.545195,29.809253],[-95.545198,29.809438],[-95.545196,29.810371],[-95.545197,29.8112],[-95.545217,29.812685]]},"properties":{"Full_Name":"GESSNER RD","ped_crash_count":0,"ped_death_count":0,"total_crash_count":4,"MilesLength":0.31749583}},{"type":"Feature","geometry":{"type":"LineString","coordinates":[[-95.544821,29.800832],[-95.544824,29.80095],[-95.544839,29.801807],[-95.54485,29.802634],[-95.544931,29.803426],[-95.544958,29.803585],[-95.545079,29.804176],[-95.545116,29.804514],[-95.545146,29.805078],[-95.545147,29.805332],[-95.545148,29.805645],[-95.54515,29.805806],[-95.545152,29.805889],[-95.54515,29.806015],[-95.545166,29.806802],[-95.545169,29.807458],[-95.545172,29.80781],[-95.545174,29.80799],[-95.545175,29.808075]]},"properties":{"Full_Name":"GESSNER RD","ped_crash_count":0,"ped_death_count":0,"total_crash_count":3,"MilesLength":0.50000003}},{"type":"Feature","geometry":{"type":"LineString","coordinates":[[-95.544055,29.786364],[-95.544096,29.787044],[-95.544127,29.787402],[-95.544227,29.787788],[-95.544303,29.788042],[-95.544412,29.788309],[-95.544487,29.788571],[-95.54454,29.788866],[-95.544563,29.789192],[-95.544577,29.789992],[-95.544584,29.790376],[-95.544607,29.790853],[-95.54462,29.791389],[-95.544628,29.791975],[-95.544639,29.792672],[-95.544659,29.793574]]},"properties":{"Full_Name":"GESSNER RD","ped_crash_count":1,"ped_death_count":1,"total_crash_count":3,"MilesLength":0.49999996}},{"type":"Feature","geometry":{"type":"LineString","coordinates":[[-95.544497,29.779149],[-95.544507,29.779653],[-95.544496,29.779973],[-95.544456,29.780526],[-95.544368,29.780949],[-95.544326,29.781103],[-95.544204,29.781608],[-95.544032,29.782199],[-95.544011,29.782527],[-95.543984,29.782853],[-95.543988,29.783515],[-95.543989,29.783722],[-95.543987,29.783913],[-95.543979,29.784112],[-95.543975,29.784206],[-95.543975,29.784214],[-95.543974,29.784315],[-95.543971,29.784516],[-95.543988,29.785081],[-95.544004,29.78546],[-95.544018,29.785755],[-95.544055,29.786364]]},"properties":{"Full_Name":"GESSNER RD","ped_crash_count":5,"ped_death_count":1,"total_crash_count":11,"MilesLength":0.50000006}},{"type":"Feature","geometry":{"type":"LineString","coordinates":[[-95.544406,29.771891],[-95.544406,29.771905],[-95.544404,29.772287],[-95.544425,29.772733],[-95.544433,29.773109],[-95.54443,29.773562],[-95.544446,29.773957],[-95.544441,29.774361],[-95.544457,29.774761],[-95.54446,29.775147],[-95.544465,29.775617],[-95.54446,29.775917],[-95.544456,29.77653],[-95.544451,29.776708],[-95.544475,29.777478],[-95.544485,29.778216],[-95.544496,29.779096],[-95.544497,29.779149]]},"properties":{"Full_Name":"GESSNER RD","ped_crash_count":7,"ped_death_count":1,"total_crash_count":8,"MilesLength":0.49999996}},{"type":"Feature","geometry":{"type":"LineString","coordinates":[[-95.545318,29.829861],[-95.545318,29.829878],[-95.545321,29.830499],[-95.545328,29.832243],[-95.545303,29.832582],[-95.545257,29.83284],[-95.545202,29.833106],[-95.545132,29.833316],[-95.545075,29.833568],[-95.545039,29.833945],[-95.545035,29.834066],[-95.545039,29.834186],[-95.545045,29.835287],[-95.545051,29.836286],[-95.545056,29.837098]]},"properties":{"Full_Name":"GESSNER RD","ped_crash_count":1,"ped_death_count":1,"total_crash_count":5,"MilesLength":0.49999999}},{"type":"Feature","geometry":{"type":"LineString","coordinates":[[-95.545206,29.815342],[-95.545205,29.815401],[-95.545216,29.816105],[-95.545219,29.816566],[-95.545235,29.817275],[-95.545226,29.817698],[-95.545229,29.818508],[-95.545233,29.819055],[-95.545244,29.819576],[-95.545243,29.820051],[-95.545253,29.820886],[-95.545261,29.821278],[-95.545266,29.822602]]},"properties":{"Full_Name":"GESSNER RD","ped_crash_count":2,"ped_death_count":0,"total_crash_count":2,"MilesLength":0.49999998}},{"type":"Feature","geometry":{"type":"LineString","coordinates":[[-95.408249,29.766831],[-95.408289,29.766831],[-95.408383,29.766827],[-95.409409,29.766816],[-95.409923,29.766806],[-95.410486,29.766799],[-95.410635,29.766783],[-95.411469,29.76677],[-95.412431,29.76676],[-95.413365,29.766751],[-95.415228,29.766704],[-95.416325,29.76669],[-95.416567,29.766683]]},"properties":{"Full_Name":"GIBSON ST","ped_crash_count":0,"ped_death_count":0,"total_crash_count":2,"MilesLength":0.49999999}},{"type":"Feature","geometry":{"type":"LineString","coordinates":[[-95.468291,29.593016],[-95.468648,29.593163],[-95.469307,29.593412],[-95.469748,29.593588],[-95.470899,29.594037],[-95.471658,29.594338],[-95.472291,29.594595],[-95.472416,29.594636],[-95.472894,29.594816],[-95.473204,29.59486],[-95.473342,29.594869]]},"properties":{"Full_Name":"GINERIDGE DR","ped_crash_count":0,"ped_death_count":0,"total_crash_count":2,"MilesLength":0.33079378}},{"type":"Feature","geometry":{"type":"LineString","coordinates":[[-95.34471,29.642352],[-95.344703,29.641833],[-95.344725,29.640096],[-95.344721,29.639334],[-95.344768,29.638959],[-95.344837,29.638746],[-95.344964,29.638501],[-95.345024,29.638412],[-95.345314,29.637905],[-95.345502,29.637601],[-95.345688,29.63719],[-95.345742,29.636861],[-95.34572,29.63646]]},"properties":{"Full_Name":"GLEN HOLLOW DR","ped_crash_count":1,"ped_death_count":0,"total_crash_count":2,"MilesLength":0.41851534}},{"type":"Feature","geometry":{"type":"LineString","coordinates":[[-95.480296,29.720122],[-95.480656,29.720121],[-95.481655,29.720106],[-95.482354,29.720095],[-95.482623,29.720091],[-95.482842,29.720087],[-95.483343,29.72008],[-95.484113,29.720068],[-95.484857,29.720056],[-95.486649,29.72004],[-95.487999,29.720028],[-95.488613,29.720016]]},"properties":{"Full_Name":"GLENMONT DR","ped_crash_count":2,"ped_death_count":0,"total_crash_count":3,"MilesLength":0.50000001}},{"type":"Feature","geometry":{"type":"LineString","coordinates":[[-95.471979,29.720191],[-95.472287,29.720187],[-95.473059,29.720188],[-95.473319,29.720185],[-95.473501,29.720182],[-95.473707,29.720179],[-95.474326,29.720167],[-95.474464,29.720164],[-95.475383,29.720148],[-95.475461,29.720147],[-95.476451,29.720147],[-95.476887,29.720134],[-95.477537,29.720132],[-95.477926,29.720131],[-95.478469,29.720129],[-95.479423,29.720126],[-95.480296,29.720122]]},"properties":{"Full_Name":"GLENMONT DR","ped_crash_count":3,"ped_death_count":0,"total_crash_count":7,"MilesLength":0.49999999}},{"type":"Feature","geometry":{"type":"LineString","coordinates":[[-95.411756,29.924651],[-95.411051,29.924613],[-95.410834,29.924605],[-95.409904,29.924596],[-95.409663,29.924659],[-95.409192,29.924787],[-95.408563,29.924954],[-95.408078,29.925093],[-95.407795,29.925134],[-95.405661,29.925161],[-95.405031,29.925169],[-95.404606,29.925174],[-95.404339,29.925177],[-95.403522,29.925187],[-95.403515,29.925187]]},"properties":{"Full_Name":"GOODSON DR","ped_crash_count":1,"ped_death_count":0,"total_crash_count":3,"MilesLength":0.49999999}},{"type":"Feature","geometry":{"type":"LineString","coordinates":[[-95.374634,29.750683],[-95.374024,29.750313],[-95.373193,29.749784],[-95.372313,29.749265],[-95.371424,29.748734],[-95.370579,29.7482],[-95.369719,29.747704],[-95.369301,29.747452],[-95.368842,29.747181],[-95.36798,29.746664],[-95.367793,29.746552]]},"properties":{"Full_Name":"GRAY ST","ped_crash_count":1,"ped_death_count":0,"total_crash_count":7,"MilesLength":0.50000003}},{"type":"Feature","geometry":{"type":"LineString","coordinates":[[-95.412893,29.734457],[-95.412889,29.734219],[-95.412876,29.733375],[-95.412861,29.732486],[-95.412866,29.731963],[-95.412819,29.731685],[-95.412829,29.731209],[-95.412834,29.731097],[-95.412841,29.730933],[-95.412846,29.730839],[-95.41285,29.730734],[-95.412854,29.730658],[-95.41286,29.73052],[-95.412863,29.730454],[-95.412839,29.729817],[-95.412834,29.729244],[-95.412827,29.728627],[-95.412805,29.727797],[-95.412804,29.727202]]},"properties":{"Full_Name":"GREENBRIAR DR","ped_crash_count":1,"ped_death_count":0,"total_crash_count":2,"MilesLength":0.49999996}},{"type":"Feature","geometry":{"type":"LineString","coordinates":[[-95.551451,29.685456],[-95.551863,29.685453],[-95.552173,29.685372],[-95.553587,29.684825],[-95.554042,29.684645],[-95.554831,29.684323],[-95.555631,29.68401],[-95.556224,29.683807],[-95.556672,29.683717],[-95.556764,29.683698],[-95.557315,29.683665],[-95.557333,29.683667],[-95.557348,29.683664],[-95.558176,29.683718]]},"properties":{"Full_Name":"GREENFORK DR","ped_crash_count":2,"ped_death_count":0,"total_crash_count":2,"MilesLength":0.42913103}},{"type":"Feature","geometry":{"type":"LineString","coordinates":[[-95.489859,29.73774],[-95.489851,29.737026],[-95.489824,29.73535],[-95.489824,29.734795],[-95.489824,29.734261],[-95.489818,29.732996],[-95.489802,29.732307]]},"properties":{"Full_Name":"GREENRIDGE DR","ped_crash_count":1,"ped_death_count":0,"total_crash_count":3,"MilesLength":0.37417646}},{"type":"Feature","geometry":{"type":"LineString","coordinates":[[-95.43401,29.943054],[-95.434456,29.943045],[-95.435329,29.942941],[-95.435984,29.942817],[-95.436587,29.94267],[-95.43726,29.94245],[-95.43762,29.942326],[-95.438085,29.942174],[-95.438311,29.942114],[-95.438977,29.941971],[-95.439272,29.941908],[-95.439934,29.941781],[-95.440227,29.941743],[-95.440479,29.941716],[-95.44071,29.941685],[-95.440989,29.941661],[-95.441175,29.941658],[-95.441717,29.941707],[-95.442016,29.941779],[-95.44211,29.941808]]},"properties":{"Full_Name":"GREENS PKWY","ped_crash_count":1,"ped_death_count":0,"total_crash_count":3,"MilesLength":0.49999998}},{"type":"Feature","geometry":{"type":"LineString","coordinates":[[-95.425681,29.943193],[-95.42587,29.943154],[-95.430595,29.94306],[-95.432446,29.943063],[-95.433421,29.943066],[-95.43401,29.943054]]},"properties":{"Full_Name":"GREENS PKWY","ped_crash_count":0,"ped_death_count":0,"total_crash_count":2,"MilesLength":0.49999997}},{"type":"Feature","geometry":{"type":"LineString","coordinates":[[-95.408419,29.950476],[-95.407703,29.950495],[-95.406706,29.950511],[-95.40506,29.950522],[-95.404769,29.95053],[-95.404083,29.950546],[-95.403442,29.950549],[-95.40332,29.950552],[-95.403081,29.950553],[-95.402526,29.95056],[-95.401918,29.950566],[-95.401435,29.950571],[-95.401213,29.950578],[-95.400504,29.950581],[-95.400231,29.950587],[-95.400084,29.95059]]},"properties":{"Full_Name":"GREENS RD","ped_crash_count":0,"ped_death_count":0,"total_crash_count":4,"MilesLength":0.49999999}},{"type":"Feature","geometry":{"type":"LineString","coordinates":[[-95.400084,29.95059],[-95.399483,29.950603],[-95.39812,29.950619],[-95.397073,29.950627],[-95.395702,29.950638],[-95.395491,29.950637],[-95.394167,29.950654],[-95.393192,29.95066],[-95.391749,29.950684]]},"properties":{"Full_Name":"GREENS RD","ped_crash_count":1,"ped_death_count":0,"total_crash_count":5,"MilesLength":0.5}},{"type":"Feature","geometry":{"type":"LineString","coordinates":[[-95.301321,29.952176],[-95.299917,29.95219],[-95.294429,29.952219],[-95.293848,29.952214],[-95.293614,29.952227],[-95.293047,29.952243],[-95.292986,29.952243]]},"properties":{"Full_Name":"GREENS RD","ped_crash_count":2,"ped_death_count":0,"total_crash_count":2,"MilesLength":0.49999996}},{"type":"Feature","geometry":{"type":"LineString","coordinates":[[-95.407319,29.931727],[-95.407406,29.934741],[-95.407423,29.935957],[-95.407447,29.936647],[-95.407452,29.937381],[-95.407464,29.937869],[-95.407468,29.938173],[-95.407516,29.938559],[-95.40752,29.938983]]},"properties":{"Full_Name":"GREENSPOINT DR","ped_crash_count":1,"ped_death_count":1,"total_crash_count":2,"MilesLength":0.49999997}},{"type":"Feature","geometry":{"type":"LineString","coordinates":[[-95.335778,29.778561],[-95.335781,29.778874],[-95.335783,29.779154],[-95.335789,29.779563],[-95.335798,29.779851],[-95.335804,29.780223],[-95.335815,29.780844],[-95.335829,29.781847],[-95.335837,29.78283],[-95.335836,29.783825],[-95.335854,29.784715],[-95.335863,29.785278],[-95.335857,29.785821]]},"properties":{"Full_Name":"GREGG ST","ped_crash_count":1,"ped_death_count":0,"total_crash_count":3,"MilesLength":0.50000001}},{"type":"Feature","geometry":{"type":"LineString","coordinates":[[-95.312829,29.704286],[-95.310301,29.70569],[-95.309061,29.706391],[-95.308826,29.706531],[-95.308221,29.706879],[-95.307384,29.707361],[-95.306551,29.707809],[-95.305846,29.708228]]},"properties":{"Full_Name":"GRIGGS RD","ped_crash_count":0,"ped_death_count":0,"total_crash_count":4,"MilesLength":0.5}},{"type":"Feature","geometry":{"type":"LineString","coordinates":[[-95.341704,29.699627],[-95.341531,29.699573],[-95.341173,29.699455],[-95.340749,29.699324],[-95.34046,29.699235],[-95.338947,29.698617],[-95.33777,29.698224],[-95.336773,29.697897],[-95.336708,29.697875],[-95.335925,29.697613],[-95.335207,29.69739],[-95.335009,29.697313],[-95.33404,29.696989],[-95.333971,29.696967]]},"properties":{"Full_Name":"GRIGGS RD","ped_crash_count":1,"ped_death_count":0,"total_crash_count":2,"MilesLength":0.49999998}},{"type":"Feature","geometry":{"type":"LineString","coordinates":[[-95.644494,29.782587],[-95.644769,29.782591],[-95.645163,29.7826],[-95.645436,29.782607],[-95.646337,29.782621],[-95.646813,29.782615],[-95.647065,29.782618],[-95.647288,29.782674],[-95.64751,29.782774],[-95.647755,29.782904],[-95.647982,29.782977],[-95.648177,29.782995],[-95.652721,29.782993]]},"properties":{"Full_Name":"GRISBY RD","ped_crash_count":0,"ped_death_count":0,"total_crash_count":3,"MilesLength":0.50000001}},{"type":"Feature","geometry":{"type":"LineString","coordinates":[[-95.514739,29.848329],[-95.514738,29.848527],[-95.514737,29.848732],[-95.514739,29.848997],[-95.514754,29.84915],[-95.514877,29.849541],[-95.515136,29.84995],[-95.515241,29.850115],[-95.515316,29.850278],[-95.515364,29.850385],[-95.515397,29.850599],[-95.515399,29.850931],[-95.515396,29.851934],[-95.51543,29.853856],[-95.515421,29.854097]]},"properties":{"Full_Name":"GUHN RD","ped_crash_count":0,"ped_death_count":0,"total_crash_count":3,"MilesLength":0.40548373}},{"type":"Feature","geometry":{"type":"LineString","coordinates":[[-95.468059,29.716597],[-95.469028,29.716596],[-95.469656,29.716595],[-95.469976,29.716594],[-95.470508,29.716594],[-95.470758,29.716576],[-95.471216,29.716573],[-95.472219,29.716565],[-95.473406,29.716549],[-95.473627,29.71655],[-95.473949,29.716544],[-95.474806,29.716536],[-95.47504,29.716531],[-95.476375,29.716532]]},"properties":{"Full_Name":"GULFTON DR","ped_crash_count":0,"ped_death_count":0,"total_crash_count":2,"MilesLength":0.49999999}},{"type":"Feature","geometry":{"type":"LineString","coordinates":[[-95.493007,29.716343],[-95.493116,29.716344],[-95.493325,29.716351],[-95.493997,29.716322],[-95.494281,29.716291],[-95.494544,29.716255],[-95.494929,29.716178],[-95.495239,29.716071],[-95.4957,29.715901],[-95.496223,29.715644],[-95.496419,29.715512],[-95.49661,29.715383],[-95.497135,29.714944],[-95.49785,29.714306],[-95.498504,29.713722]]},"properties":{"Full_Name":"GULFTON DR","ped_crash_count":2,"ped_death_count":0,"total_crash_count":4,"MilesLength":0.39351083}},{"type":"Feature","geometry":{"type":"LineString","coordinates":[[-95.484691,29.71643],[-95.484807,29.716429],[-95.485068,29.716426],[-95.486607,29.71641],[-95.486784,29.716408],[-95.487021,29.716405],[-95.487766,29.716398],[-95.488745,29.716387],[-95.488969,29.716386],[-95.490134,29.716372],[-95.491436,29.716358],[-95.491625,29.716356],[-95.492797,29.716343],[-95.493007,29.716343]]},"properties":{"Full_Name":"GULFTON DR","ped_crash_count":2,"ped_death_count":0,"total_crash_count":4,"MilesLength":0.5}},{"type":"Feature","geometry":{"type":"LineString","coordinates":[[-95.476375,29.716532],[-95.476421,29.716532],[-95.477593,29.716506],[-95.478582,29.716491],[-95.479351,29.716502],[-95.480613,29.716491],[-95.481004,29.716485],[-95.4816,29.716476],[-95.482215,29.716467],[-95.483174,29.716453],[-95.483778,29.716444],[-95.484346,29.716435],[-95.484691,29.71643]]},"properties":{"Full_Name":"GULFTON DR","ped_crash_count":0,"ped_death_count":0,"total_crash_count":2,"MilesLength":0.49999998}},{"type":"Feature","geometry":{"type":"LineString","coordinates":[[-95.397936,29.752415],[-95.397996,29.752265],[-95.39879,29.751882],[-95.400203,29.751232],[-95.400774,29.750955],[-95.400872,29.750902],[-95.400964,29.750864],[-95.401102,29.750824],[-95.401241,29.750805],[-95.401373,29.750798],[-95.402183,29.750799],[-95.402574,29.750795],[-95.403015,29.750792],[-95.403867,29.750778],[-95.404711,29.750776],[-95.404827,29.750765],[-95.405571,29.750754],[-95.405717,29.750753]]},"properties":{"Full_Name":"HADDON ST","ped_crash_count":1,"ped_death_count":0,"total_crash_count":3,"MilesLength":0.49999998}},{"type":"Feature","geometry":{"type":"LineString","coordinates":[[-95.365574,29.741782],[-95.365649,29.741688],[-95.366376,29.740763],[-95.366948,29.740043],[-95.367398,29.739471],[-95.367859,29.738873],[-95.368431,29.738151],[-95.368883,29.737594],[-95.369363,29.73699],[-95.369687,29.736596],[-95.369964,29.7363],[-95.370395,29.73587]]},"properties":{"Full_Name":"HAMILTON ST","ped_crash_count":0,"ped_death_count":0,"total_crash_count":6,"MilesLength":0.49999999}},{"type":"Feature","geometry":{"type":"LineString","coordinates":[[-95.360793,29.747721],[-95.361312,29.747051],[-95.361908,29.746316],[-95.362485,29.745575],[-95.362584,29.745459],[-95.362777,29.745232],[-95.362982,29.744989],[-95.363119,29.744828],[-95.363294,29.744573],[-95.363713,29.744087],[-95.363961,29.743796],[-95.36404,29.743703],[-95.364506,29.743121],[-95.364896,29.74263],[-95.365574,29.741782]]},"properties":{"Full_Name":"HAMILTON ST","ped_crash_count":2,"ped_death_count":0,"total_crash_count":9,"MilesLength":0.50000004}},{"type":"Feature","geometry":{"type":"LineString","coordinates":[[-95.35183,29.759099],[-95.352417,29.75835],[-95.352998,29.757606],[-95.353598,29.756837],[-95.354796,29.755322],[-95.355411,29.754772],[-95.355443,29.754765]]},"properties":{"Full_Name":"HAMILTON ST","ped_crash_count":1,"ped_death_count":0,"total_crash_count":3,"MilesLength":0.37027508}},{"type":"Feature","geometry":{"type":"LineString","coordinates":[[-95.475211,29.811068],[-95.475838,29.810892],[-95.47655,29.810858],[-95.477611,29.810859],[-95.478045,29.81086],[-95.478564,29.810808],[-95.479449,29.810629],[-95.479971,29.810603],[-95.480889,29.810601],[-95.481953,29.810606],[-95.482927,29.810595],[-95.483475,29.81059]]},"properties":{"Full_Name":"HAMMERLY BLVD","ped_crash_count":0,"ped_death_count":0,"total_crash_count":2,"MilesLength":0.49999997}},{"type":"Feature","geometry":{"type":"LineString","coordinates":[[-95.516667,29.810439],[-95.518071,29.81014],[-95.519283,29.809884],[-95.519466,29.809862],[-95.519657,29.809837],[-95.52045,29.809832],[-95.5228,29.809824],[-95.52448,29.809793],[-95.524911,29.809796]]},"properties":{"Full_Name":"HAMMERLY BLVD","ped_crash_count":0,"ped_death_count":0,"total_crash_count":2,"MilesLength":0.49999996}},{"type":"Feature","geometry":{"type":"LineString","coordinates":[[-95.508401,29.81106],[-95.509555,29.811078],[-95.510283,29.811071],[-95.510966,29.811056],[-95.511686,29.811053],[-95.511732,29.811049],[-95.512523,29.810981],[-95.513467,29.810854],[-95.51403,29.810839],[-95.514946,29.810757],[-95.515643,29.81065],[-95.516664,29.81044],[-95.516667,29.810439]]},"properties":{"Full_Name":"HAMMERLY BLVD","ped_crash_count":0,"ped_death_count":0,"total_crash_count":3,"MilesLength":0.50000004}},{"type":"Feature","geometry":{"type":"LineString","coordinates":[[-95.49179,29.810715],[-95.492598,29.810838],[-95.493491,29.811002],[-95.49436,29.811043],[-95.495395,29.811027],[-95.496279,29.811012],[-95.498247,29.810988],[-95.49947,29.810958],[-95.499678,29.810951],[-95.50008,29.810946]]},"properties":{"Full_Name":"HAMMERLY BLVD","ped_crash_count":0,"ped_death_count":0,"total_crash_count":3,"MilesLength":0.50000005}},{"type":"Feature","geometry":{"type":"LineString","coordinates":[[-95.483475,29.81059],[-95.484996,29.810577],[-95.485759,29.810581],[-95.486715,29.810618],[-95.487325,29.810695],[-95.488199,29.810708],[-95.489337,29.810678],[-95.491035,29.810673],[-95.491709,29.810702],[-95.49179,29.810715]]},"properties":{"Full_Name":"HAMMERLY BLVD","ped_crash_count":0,"ped_death_count":0,"total_crash_count":2,"MilesLength":0.5}},{"type":"Feature","geometry":{"type":"LineString","coordinates":[[-95.540348,29.812718],[-95.540702,29.812731],[-95.541233,29.812715],[-95.541894,29.812716],[-95.542251,29.812711],[-95.544098,29.812687],[-95.545216,29.812692]]},"properties":{"Full_Name":"HAMMERLY BLVD","ped_crash_count":1,"ped_death_count":0,"total_crash_count":4,"MilesLength":0.29241244}},{"type":"Feature","geometry":{"type":"LineString","coordinates":[[-95.556998,29.812673],[-95.557579,29.812671],[-95.55873,29.812662],[-95.560054,29.812675],[-95.561103,29.812683],[-95.562124,29.812691],[-95.562656,29.812705],[-95.563305,29.812712],[-95.563586,29.812702],[-95.563789,29.812696],[-95.564047,29.812687],[-95.565273,29.812678],[-95.565322,29.812678]]},"properties":{"Full_Name":"HAMMERLY BLVD","ped_crash_count":0,"ped_death_count":0,"total_crash_count":3,"MilesLength":0.49999998}},{"type":"Feature","geometry":{"type":"LineString","coordinates":[[-95.352075,29.767377],[-95.351997,29.767612],[-95.351959,29.767724],[-95.35191,29.767825],[-95.351835,29.767925],[-95.351422,29.768516],[-95.35134,29.768592],[-95.351332,29.768699],[-95.351324,29.768759],[-95.35131,29.768816],[-95.351285,29.768924],[-95.351274,29.769027],[-95.351271,29.769592],[-95.351272,29.769911],[-95.351274,29.770127],[-95.351276,29.770571],[-95.351303,29.771565],[-95.351309,29.772405],[-95.351275,29.772497]]},"properties":{"Full_Name":"HARDY RD","ped_crash_count":0,"ped_death_count":0,"total_crash_count":2,"MilesLength":0.36506915}},{"type":"Feature","geometry":{"type":"LineString","coordinates":[[-95.352229,29.795252],[-95.352241,29.795768],[-95.352263,29.796609],[-95.352299,29.797465],[-95.352316,29.798326],[-95.352333,29.799182],[-95.352351,29.800018],[-95.352372,29.800887],[-95.352397,29.801734],[-95.352416,29.80251]]},"properties":{"Full_Name":"HARDY ST","ped_crash_count":0,"ped_death_count":0,"total_crash_count":2,"MilesLength":0.49999996}},{"type":"Feature","geometry":{"type":"LineString","coordinates":[[-95.352615,29.809768],[-95.352634,29.81027],[-95.352648,29.811144],[-95.352667,29.811994],[-95.352669,29.812178],[-95.352667,29.812346],[-95.352656,29.812459],[-95.352631,29.812613],[-95.352552,29.812879],[-95.352426,29.813055],[-95.35242,29.813064],[-95.35225,29.813303],[-95.352145,29.813451]]},"properties":{"Full_Name":"HARDY ST","ped_crash_count":0,"ped_death_count":0,"total_crash_count":5,"MilesLength":0.26145306}},{"type":"Feature","geometry":{"type":"LineString","coordinates":[[-95.297399,29.734179],[-95.297244,29.734131],[-95.296046,29.733762],[-95.294074,29.733143],[-95.293026,29.732824],[-95.292156,29.732556],[-95.290981,29.732194],[-95.290432,29.73204],[-95.290121,29.731934],[-95.289555,29.731764]]},"properties":{"Full_Name":"HARRISBURG BLVD","ped_crash_count":1,"ped_death_count":0,"total_crash_count":3,"MilesLength":0.49999999}},{"type":"Feature","geometry":{"type":"LineString","coordinates":[[-95.305235,29.736614],[-95.304303,29.73634],[-95.30288,29.735903],[-95.302331,29.735726],[-95.301152,29.735337],[-95.299959,29.734964],[-95.298005,29.734367],[-95.297399,29.734179]]},"properties":{"Full_Name":"HARRISBURG BLVD","ped_crash_count":1,"ped_death_count":0,"total_crash_count":4,"MilesLength":0.5}},{"type":"Feature","geometry":{"type":"LineString","coordinates":[[-95.31309,29.739004],[-95.313071,29.738998],[-95.312862,29.738935],[-95.312702,29.738887],[-95.311669,29.73858],[-95.311428,29.738505],[-95.310243,29.73815],[-95.308278,29.737554],[-95.30771,29.737374],[-95.306307,29.736929],[-95.305235,29.736614]]},"properties":{"Full_Name":"HARRISBURG BLVD","ped_crash_count":0,"ped_death_count":0,"total_crash_count":5,"MilesLength":0.49999998}},{"type":"Feature","geometry":{"type":"LineString","coordinates":[[-95.295709,29.885199],[-95.295695,29.885198],[-95.295273,29.885145],[-95.294859,29.885074],[-95.294417,29.88498],[-95.293501,29.884712],[-95.291454,29.884061],[-95.291013,29.883929],[-95.290604,29.883858],[-95.29003,29.883835]]},"properties":{"Full_Name":"HARTWICK RD","ped_crash_count":0,"ped_death_count":0,"total_crash_count":2,"MilesLength":0.35529946}},{"type":"Feature","geometry":{"type":"LineString","coordinates":[[-95.304038,29.885151],[-95.302352,29.885162],[-95.30077,29.88519],[-95.298734,29.885207],[-95.296821,29.885233],[-95.296277,29.885233],[-95.295709,29.885199]]},"properties":{"Full_Name":"HARTWICK RD","ped_crash_count":0,"ped_death_count":0,"total_crash_count":5,"MilesLength":0.50000001}},{"type":"Feature","geometry":{"type":"LineString","coordinates":[[-95.570951,29.715576],[-95.571408,29.715535],[-95.572,29.715493],[-95.572256,29.715477],[-95.573056,29.715407],[-95.573368,29.715378],[-95.574257,29.715304],[-95.575592,29.715207],[-95.575981,29.715226],[-95.576148,29.715234],[-95.576521,29.715288],[-95.576889,29.715383],[-95.577528,29.715634],[-95.577957,29.715809],[-95.578351,29.715935],[-95.578538,29.715974],[-95.578887,29.716015]]},"properties":{"Full_Name":"HARWIN DR","ped_crash_count":2,"ped_death_count":1,"total_crash_count":7,"MilesLength":0.48802227}},{"type":"Feature","geometry":{"type":"LineString","coordinates":[[-95.554384,29.716782],[-95.554844,29.716803],[-95.555262,29.716823],[-95.555537,29.716817],[-95.556198,29.716768],[-95.556391,29.716752],[-95.556521,29.716738],[-95.556616,29.71673],[-95.556791,29.716716],[-95.557007,29.716705],[-95.557038,29.716702],[-95.557219,29.716684],[-95.557287,29.716678],[-95.557514,29.716656],[-95.557615,29.716648],[-95.557806,29.716633],[-95.557998,29.716617],[-95.559428,29.716469],[-95.561511,29.716309],[-95.562666,29.716214]]},"properties":{"Full_Name":"HARWIN DR","ped_crash_count":0,"ped_death_count":0,"total_crash_count":6,"MilesLength":0.49999995}},{"type":"Feature","geometry":{"type":"LineString","coordinates":[[-95.546206,29.717281],[-95.546726,29.717094],[-95.547625,29.716822],[-95.548731,29.716584],[-95.549596,29.716538],[-95.549882,29.71654],[-95.551104,29.716583],[-95.551602,29.716626],[-95.551866,29.716644],[-95.552534,29.716678],[-95.552806,29.716691],[-95.553022,29.716706],[-95.553903,29.71675],[-95.554244,29.716776],[-95.554384,29.716782]]},"properties":{"Full_Name":"HARWIN DR","ped_crash_count":0,"ped_death_count":0,"total_crash_count":4,"MilesLength":0.50000005}},{"type":"Feature","geometry":{"type":"LineString","coordinates":[[-95.538206,29.717708],[-95.538973,29.717692],[-95.539516,29.717714],[-95.539928,29.717781],[-95.540521,29.717932],[-95.541091,29.718099],[-95.541301,29.718152],[-95.541805,29.718268],[-95.542284,29.718303],[-95.54251,29.718315],[-95.542766,29.718317],[-95.542964,29.718305],[-95.543207,29.718277],[-95.543403,29.718248],[-95.543598,29.718215],[-95.544137,29.718084],[-95.546093,29.717322],[-95.546206,29.717281]]},"properties":{"Full_Name":"HARWIN DR","ped_crash_count":2,"ped_death_count":0,"total_crash_count":7,"MilesLength":0.49999996}},{"type":"Feature","geometry":{"type":"LineString","coordinates":[[-95.521609,29.717734],[-95.522138,29.717726],[-95.524462,29.717692],[-95.524776,29.717713],[-95.525184,29.717815],[-95.525567,29.717908],[-95.52623,29.717946],[-95.526467,29.717935],[-95.526975,29.717926],[-95.527548,29.717913],[-95.527791,29.717912],[-95.528344,29.717885],[-95.528815,29.71788],[-95.528852,29.717879],[-95.529304,29.717877],[-95.529825,29.717868],[-95.529891,29.717868]]},"properties":{"Full_Name":"HARWIN DR","ped_crash_count":0,"ped_death_count":0,"total_crash_count":4,"MilesLength":0.5}},{"type":"Feature","geometry":{"type":"LineString","coordinates":[[-95.513303,29.717728],[-95.513419,29.717726],[-95.513556,29.717724],[-95.514143,29.7177],[-95.514697,29.717678],[-95.514877,29.717671],[-95.515103,29.717678],[-95.515333,29.717672],[-95.515789,29.717675],[-95.516654,29.717665],[-95.517612,29.71764],[-95.517839,29.71763],[-95.518597,29.717632],[-95.518871,29.717644],[-95.519077,29.717654],[-95.519644,29.717718],[-95.519998,29.717758],[-95.521175,29.717741],[-95.521609,29.717734]]},"properties":{"Full_Name":"HARWIN DR","ped_crash_count":1,"ped_death_count":0,"total_crash_count":5,"MilesLength":0.49999999}},{"type":"Feature","geometry":{"type":"LineString","coordinates":[[-95.419137,29.682195],[-95.419147,29.681982],[-95.419154,29.681637],[-95.419168,29.680893],[-95.419185,29.680417],[-95.419203,29.679669],[-95.41921,29.679478],[-95.419214,29.67922],[-95.419219,29.679011],[-95.419225,29.678847],[-95.419233,29.678435],[-95.419188,29.678256],[-95.419194,29.678054]]},"properties":{"Full_Name":"HEARTH DR","ped_crash_count":1,"ped_death_count":0,"total_crash_count":2,"MilesLength":0.28561776}},{"type":"Feature","geometry":{"type":"LineString","coordinates":[[-95.465299,29.621688],[-95.465794,29.6217],[-95.466197,29.621738],[-95.466793,29.62185],[-95.467216,29.621873],[-95.469062,29.621923],[-95.469727,29.621899],[-95.471286,29.62144],[-95.471512,29.621395],[-95.471718,29.621393],[-95.472332,29.621373],[-95.473112,29.621367],[-95.473497,29.62136]]},"properties":{"Full_Name":"HEATHERBROOK DR","ped_crash_count":0,"ped_death_count":0,"total_crash_count":2,"MilesLength":0.49999999}},{"type":"Feature","geometry":{"type":"LineString","coordinates":[[-95.390725,29.723935],[-95.390249,29.723649],[-95.390075,29.723579],[-95.389942,29.723527],[-95.389271,29.723113],[-95.388328,29.722553],[-95.388232,29.722493],[-95.387474,29.722023],[-95.386657,29.721525],[-95.385777,29.721012],[-95.384913,29.720493],[-95.384785,29.720402],[-95.384632,29.720244],[-95.384497,29.720057],[-95.384239,29.719552]]},"properties":{"Full_Name":"HERMANN DR","ped_crash_count":1,"ped_death_count":1,"total_crash_count":3,"MilesLength":0.50000003}},{"type":"Feature","geometry":{"type":"LineString","coordinates":[[-95.591699,29.710945],[-95.592381,29.710926],[-95.592982,29.710921],[-95.593497,29.710917],[-95.593717,29.710914],[-95.594306,29.710909],[-95.594681,29.710902],[-95.595611,29.710887],[-95.595775,29.710883],[-95.596307,29.710872],[-95.596882,29.710866],[-95.597088,29.710864],[-95.597621,29.710859],[-95.597684,29.710858],[-95.598112,29.710851],[-95.598275,29.710849],[-95.598677,29.710843],[-95.599369,29.710832],[-95.600015,29.710823]]},"properties":{"Full_Name":"HIGH STAR DR","ped_crash_count":1,"ped_death_count":0,"total_crash_count":3,"MilesLength":0.50000001}},{"type":"Feature","geometry":{"type":"LineString","coordinates":[[-95.492931,29.6188],[-95.492866,29.617988],[-95.49287,29.616504],[-95.493024,29.616096],[-95.493317,29.615714],[-95.493617,29.615332],[-95.494197,29.61459],[-95.494402,29.61431],[-95.49458,29.614082],[-95.494627,29.614016],[-95.494747,29.613848],[-95.494991,29.613505],[-95.495056,29.613399],[-95.495445,29.612765],[-95.495745,29.612244]]},"properties":{"Full_Name":"HILLCROFT AVE","ped_crash_count":0,"ped_death_count":0,"total_crash_count":4,"MilesLength":0.50000003}},{"type":"Feature","geometry":{"type":"LineString","coordinates":[[-95.500913,29.737599],[-95.500912,29.737315],[-95.500887,29.737063],[-95.500913,29.736178],[-95.501001,29.735357],[-95.501075,29.734902],[-95.501232,29.734048],[-95.50124,29.73283],[-95.501193,29.731667],[-95.50119,29.731506]]},"properties":{"Full_Name":"HILLCROFT AVE","ped_crash_count":1,"ped_death_count":0,"total_crash_count":8,"MilesLength":0.42113002}},{"type":"Feature","geometry":{"type":"LineString","coordinates":[[-95.492263,29.669069],[-95.492258,29.6686],[-95.492252,29.668147],[-95.492242,29.667413],[-95.492228,29.666359],[-95.492222,29.666106],[-95.492178,29.663073],[-95.492154,29.661809]]},"properties":{"Full_Name":"HILLCROFT AVE","ped_crash_count":0,"ped_death_count":0,"total_crash_count":3,"MilesLength":0.49999996}},{"type":"Feature","geometry":{"type":"LineString","coordinates":[[-95.493957,29.712079],[-95.493791,29.711865],[-95.493442,29.711281],[-95.493287,29.710837],[-95.49315,29.710189],[-95.493128,29.709062],[-95.4931,29.708185],[-95.49309,29.707271],[-95.493074,29.706398],[-95.493057,29.705458],[-95.493054,29.704969]]},"properties":{"Full_Name":"HILLCROFT AVE","ped_crash_count":6,"ped_death_count":1,"total_crash_count":9,"MilesLength":0.49999999}},{"type":"Feature","geometry":{"type":"LineString","coordinates":[[-95.499745,29.717282],[-95.499504,29.71705],[-95.499407,29.716958],[-95.499295,29.716847],[-95.499292,29.716844],[-95.499177,29.716731],[-95.499075,29.71663],[-95.498905,29.716463],[-95.498392,29.716043],[-95.498,29.715698],[-95.497609,29.715354],[-95.497135,29.714944],[-95.496393,29.714312],[-95.496178,29.714128],[-95.495898,29.71389],[-95.495726,29.713743],[-95.495455,29.713511],[-95.494769,29.712916],[-95.494408,29.712595],[-95.494256,29.712429],[-95.494078,29.712234],[-95.493957,29.712079]]},"properties":{"Full_Name":"HILLCROFT AVE","ped_crash_count":3,"ped_death_count":0,"total_crash_count":5,"MilesLength":0.49999997}},{"type":"Feature","geometry":{"type":"LineString","coordinates":[[-95.501074,29.724247],[-95.501068,29.723834],[-95.501044,29.723302],[-95.501046,29.723009],[-95.501048,29.722866],[-95.501049,29.722786],[-95.501051,29.722683],[-95.50105,29.721748],[-95.501044,29.721485],[-95.501004,29.719654],[-95.500919,29.719132],[-95.500757,29.718765],[-95.500522,29.71823],[-95.500446,29.718059],[-95.500145,29.717717],[-95.499861,29.717394],[-95.499745,29.717282]]},"properties":{"Full_Name":"HILLCROFT AVE","ped_crash_count":2,"ped_death_count":1,"total_crash_count":4,"MilesLength":0.50000003}},{"type":"Feature","geometry":{"type":"LineString","coordinates":[[-95.50119,29.731506],[-95.501167,29.730468],[-95.501163,29.729638],[-95.501162,29.729376],[-95.501161,29.729106],[-95.501159,29.728589],[-95.501157,29.728105],[-95.501152,29.727435],[-95.501141,29.726819],[-95.501115,29.725747],[-95.501105,29.72549],[-95.501081,29.724587],[-95.501075,29.724379],[-95.501074,29.724247]]},"properties":{"Full_Name":"HILLCROFT AVE","ped_crash_count":1,"ped_death_count":0,"total_crash_count":4,"MilesLength":0.50000002}},{"type":"Feature","geometry":{"type":"LineString","coordinates":[[-95.445949,29.616182],[-95.445948,29.61611],[-95.445897,29.613335],[-95.446031,29.612165],[-95.446058,29.611735],[-95.446041,29.611177],[-95.446057,29.610453],[-95.446032,29.609709],[-95.446015,29.608985],[-95.446016,29.608929]]},"properties":{"Full_Name":"HIRAM CLARKE RD","ped_crash_count":2,"ped_death_count":1,"total_crash_count":3,"MilesLength":0.50000003}},{"type":"Feature","geometry":{"type":"LineString","coordinates":[[-95.446233,29.6307],[-95.446232,29.630636],[-95.446217,29.629398],[-95.446187,29.62876],[-95.446184,29.627759],[-95.446073,29.623441]]},"properties":{"Full_Name":"HIRAM CLARKE RD","ped_crash_count":0,"ped_death_count":0,"total_crash_count":3,"MilesLength":0.5}},{"type":"Feature","geometry":{"type":"LineString","coordinates":[[-95.327754,29.796891],[-95.327755,29.797026],[-95.327769,29.797169],[-95.327799,29.797332],[-95.327828,29.797448],[-95.327863,29.797567],[-95.32791,29.797693],[-95.327973,29.797851],[-95.32814,29.798337],[-95.328193,29.798766],[-95.328201,29.79903],[-95.328219,29.800279],[-95.328238,29.801418]]},"properties":{"Full_Name":"HIRSCH RD","ped_crash_count":1,"ped_death_count":0,"total_crash_count":4,"MilesLength":0.31515729}},{"type":"Feature","geometry":{"type":"LineString","coordinates":[[-95.328238,29.801418],[-95.328276,29.803679],[-95.328273,29.803835],[-95.32832,29.805815],[-95.32833,29.806952],[-95.328352,29.807337],[-95.328405,29.807771],[-95.328475,29.808194],[-95.328502,29.808469],[-95.328521,29.808669]]},"properties":{"Full_Name":"HIRSCH RD","ped_crash_count":0,"ped_death_count":0,"total_crash_count":2,"MilesLength":0.49999997}},{"type":"Feature","geometry":{"type":"LineString","coordinates":[[-95.325305,29.844414],[-95.325077,29.844989],[-95.324644,29.846052],[-95.324423,29.846624],[-95.324229,29.847084],[-95.323813,29.848103],[-95.323255,29.849505],[-95.322979,29.850193],[-95.322711,29.850849],[-95.322544,29.851263]]},"properties":{"Full_Name":"HIRSCH RD","ped_crash_count":0,"ped_death_count":0,"total_crash_count":3,"MilesLength":0.50000002}},{"type":"Feature","geometry":{"type":"LineString","coordinates":[[-95.328722,29.815923],[-95.328723,29.816032],[-95.328724,29.81688],[-95.328739,29.818007],[-95.32874,29.818957],[-95.328744,29.819667],[-95.328771,29.820744],[-95.328784,29.82147],[-95.328784,29.822184],[-95.328806,29.823113],[-95.328807,29.823182]]},"properties":{"Full_Name":"HIRSCH RD","ped_crash_count":1,"ped_death_count":0,"total_crash_count":2,"MilesLength":0.5}},{"type":"Feature","geometry":{"type":"LineString","coordinates":[[-95.328521,29.808669],[-95.328526,29.808714],[-95.328551,29.808977],[-95.328577,29.80914],[-95.328608,29.809341],[-95.328638,29.809665],[-95.328659,29.811088],[-95.328668,29.811992],[-95.32869,29.813412],[-95.328692,29.814029],[-95.328698,29.814334],[-95.328715,29.815191],[-95.328717,29.815323],[-95.328718,29.815522],[-95.328722,29.815923]]},"properties":{"Full_Name":"HIRSCH RD","ped_crash_count":0,"ped_death_count":0,"total_crash_count":6,"MilesLength":0.50000003}},{"type":"Feature","geometry":{"type":"LineString","coordinates":[[-95.396757,29.706237],[-95.395776,29.706234],[-95.394644,29.706222],[-95.393842,29.706185],[-95.393277,29.706113],[-95.39291,29.706029],[-95.39229,29.705895],[-95.391629,29.705775],[-95.391427,29.705764],[-95.390941,29.705778],[-95.390233,29.705909],[-95.389752,29.706146],[-95.389254,29.706396],[-95.388868,29.706529],[-95.388693,29.706573]]},"properties":{"Full_Name":"HOLCOMBE BLVD","ped_crash_count":2,"ped_death_count":0,"total_crash_count":8,"MilesLength":0.50000001}},{"type":"Feature","geometry":{"type":"LineString","coordinates":[[-95.509225,29.826713],[-95.509225,29.826716],[-95.509236,29.827258],[-95.509251,29.827818],[-95.509278,29.829343],[-95.509302,29.830318],[-95.509276,29.831957],[-95.509077,29.83272]]},"properties":{"Full_Name":"HOLLISTER ST","ped_crash_count":1,"ped_death_count":0,"total_crash_count":2,"MilesLength":0.41515055}},{"type":"Feature","geometry":{"type":"LineString","coordinates":[[-95.403234,29.685242],[-95.402227,29.685252],[-95.399991,29.685279],[-95.39839,29.685302],[-95.397069,29.685303],[-95.396417,29.685308],[-95.395533,29.685315],[-95.39492,29.685332]]},"properties":{"Full_Name":"HOLLY HALL ST","ped_crash_count":2,"ped_death_count":0,"total_crash_count":6,"MilesLength":0.49999999}},{"type":"Feature","geometry":{"type":"LineString","coordinates":[[-95.382604,29.742448],[-95.382355,29.742338],[-95.382071,29.742194],[-95.381946,29.74204],[-95.381715,29.741754],[-95.381597,29.741609],[-95.381132,29.741334],[-95.380259,29.740812],[-95.379418,29.740303],[-95.378536,29.739766],[-95.377658,29.739251],[-95.37706,29.738891]]},"properties":{"Full_Name":"HOLMAN ST","ped_crash_count":0,"ped_death_count":0,"total_crash_count":2,"MilesLength":0.41657967}},{"type":"Feature","geometry":{"type":"LineString","coordinates":[[-95.429925,29.660538],[-95.428303,29.661012],[-95.426331,29.661588],[-95.422061,29.662892]]},"properties":{"Full_Name":"HOLMES RD","ped_crash_count":0,"ped_death_count":0,"total_crash_count":3,"MilesLength":0.49999999}},{"type":"Feature","geometry":{"type":"LineString","coordinates":[[-95.359178,29.681785],[-95.358202,29.682065],[-95.355917,29.682771],[-95.355789,29.68281],[-95.355515,29.682894],[-95.354914,29.683015],[-95.35447,29.683039],[-95.353815,29.683001],[-95.353415,29.682903],[-95.353086,29.682796],[-95.352785,29.682708],[-95.352542,29.682675],[-95.352123,29.682678],[-95.351583,29.682703],[-95.351216,29.682788],[-95.351172,29.682809]]},"properties":{"Full_Name":"HOLMES RD","ped_crash_count":0,"ped_death_count":0,"total_crash_count":3,"MilesLength":0.49999999}},{"type":"Feature","geometry":{"type":"LineString","coordinates":[[-95.301817,29.793918],[-95.301825,29.795737],[-95.301855,29.800491],[-95.301856,29.800969]]},"properties":{"Full_Name":"HOMESTEAD RD","ped_crash_count":0,"ped_death_count":0,"total_crash_count":2,"MilesLength":0.48562613}},{"type":"Feature","geometry":{"type":"LineString","coordinates":[[-95.302106,29.844526],[-95.302116,29.845031],[-95.302158,29.848495],[-95.302083,29.848996],[-95.301911,29.849453],[-95.301816,29.849609],[-95.30134,29.850261],[-95.301,29.850679],[-95.300767,29.851018],[-95.300634,29.85145]]},"properties":{"Full_Name":"HOMESTEAD RD","ped_crash_count":3,"ped_death_count":0,"total_crash_count":11,"MilesLength":0.50000001}},{"type":"Feature","geometry":{"type":"LineString","coordinates":[[-95.302044,29.837267],[-95.302048,29.837537],[-95.302027,29.83845],[-95.302027,29.838473],[-95.302037,29.839452],[-95.302057,29.840749],[-95.302046,29.841641],[-95.302106,29.844526]]},"properties":{"Full_Name":"HOMESTEAD RD","ped_crash_count":1,"ped_death_count":0,"total_crash_count":4,"MilesLength":0.50000002}},{"type":"Feature","geometry":{"type":"LineString","coordinates":[[-95.302003,29.830007],[-95.301997,29.830313],[-95.302019,29.831374],[-95.302011,29.83227],[-95.30201,29.832696],[-95.302012,29.833138],[-95.302019,29.834013],[-95.302027,29.8349],[-95.302031,29.835779],[-95.302035,29.836654],[-95.302044,29.837267]]},"properties":{"Full_Name":"HOMESTEAD RD","ped_crash_count":1,"ped_death_count":0,"total_crash_count":11,"MilesLength":0.49999999}},{"type":"Feature","geometry":{"type":"LineString","coordinates":[[-95.301927,29.815489],[-95.301936,29.816776],[-95.30193,29.817149],[-95.301946,29.818574],[-95.301947,29.819471],[-95.301945,29.820005],[-95.30195,29.820392],[-95.301944,29.820897],[-95.301973,29.822688],[-95.301973,29.822748]]},"properties":{"Full_Name":"HOMESTEAD RD","ped_crash_count":2,"ped_death_count":0,"total_crash_count":7,"MilesLength":0.49999997}},{"type":"Feature","geometry":{"type":"MultiLineString","coordinates":[[[-95.300864,29.894983],[-95.300842,29.895227],[-95.300896,29.897049],[-95.300917,29.897746],[-95.300947,29.898746],[-95.300964,29.899305],[-95.30096,29.899401]],[[-95.300958,29.899445],[-95.300931,29.900088],[-95.300931,29.900109]]]},"properties":{"Full_Name":"HOMESTEAD RD","ped_crash_count":0,"ped_death_count":0,"total_crash_count":3,"MilesLength":0.35020066}},{"type":"Feature","geometry":{"type":"MultiLineString","coordinates":[[[-95.300867,29.88773],[-95.300878,29.888639],[-95.300968,29.890687],[-95.300947,29.89104]],[[-95.30094,29.891345],[-95.30095,29.892221],[-95.300976,29.89322],[-95.30098,29.893758],[-95.300934,29.894232],[-95.300864,29.894983]]]},"properties":{"Full_Name":"HOMESTEAD RD","ped_crash_count":0,"ped_death_count":0,"total_crash_count":6,"MilesLength":0.47902136}},{"type":"Feature","geometry":{"type":"LineString","coordinates":[[-95.300618,29.880476],[-95.300635,29.881798],[-95.300687,29.883519],[-95.300755,29.884357],[-95.30077,29.88519],[-95.300786,29.885738],[-95.30079,29.886194],[-95.300861,29.887184],[-95.300867,29.88773]]},"properties":{"Full_Name":"HOMESTEAD RD","ped_crash_count":0,"ped_death_count":0,"total_crash_count":8,"MilesLength":0.50000001}},{"type":"Feature","geometry":{"type":"LineString","coordinates":[[-95.300615,29.873216],[-95.300611,29.873903],[-95.300593,29.875924],[-95.300617,29.877649],[-95.300609,29.879686],[-95.300618,29.880476]]},"properties":{"Full_Name":"HOMESTEAD RD","ped_crash_count":1,"ped_death_count":1,"total_crash_count":9,"MilesLength":0.5}},{"type":"Feature","geometry":{"type":"LineString","coordinates":[[-95.300568,29.865956],[-95.300569,29.866875],[-95.300611,29.871382],[-95.300615,29.87319],[-95.300615,29.873216]]},"properties":{"Full_Name":"HOMESTEAD RD","ped_crash_count":2,"ped_death_count":0,"total_crash_count":11,"MilesLength":0.49999996}},{"type":"Feature","geometry":{"type":"LineString","coordinates":[[-95.300519,29.858697],[-95.30054,29.860774],[-95.300562,29.862071],[-95.300566,29.86426],[-95.300568,29.865956]]},"properties":{"Full_Name":"HOMESTEAD RD","ped_crash_count":1,"ped_death_count":0,"total_crash_count":6,"MilesLength":0.50000001}},{"type":"Feature","geometry":{"type":"LineString","coordinates":[[-95.262272,29.842247],[-95.261405,29.842255],[-95.258631,29.842278],[-95.255776,29.842287],[-95.255744,29.842287]]},"properties":{"Full_Name":"HOMEWOOD LN","ped_crash_count":0,"ped_death_count":0,"total_crash_count":2,"MilesLength":0.39194851}},{"type":"Feature","geometry":{"type":"LineString","coordinates":[[-95.303788,29.879666],[-95.302552,29.879674],[-95.301962,29.879673],[-95.300609,29.879686],[-95.296382,29.879712]]},"properties":{"Full_Name":"HOPPER RD","ped_crash_count":0,"ped_death_count":0,"total_crash_count":2,"MilesLength":0.44457929}},{"type":"Feature","geometry":{"type":"LineString","coordinates":[[-95.52279,29.807059],[-95.522791,29.80842],[-95.522794,29.808867],[-95.5228,29.809824],[-95.522826,29.811701],[-95.522847,29.814318]]},"properties":{"Full_Name":"HOSKINS DR","ped_crash_count":0,"ped_death_count":0,"total_crash_count":2,"MilesLength":0.5}},{"type":"Feature","geometry":{"type":"LineString","coordinates":[[-95.402444,29.926938],[-95.402567,29.927706],[-95.402694,29.928468],[-95.402729,29.929386],[-95.402697,29.929799],[-95.40262,29.930055],[-95.402511,29.930306],[-95.40219,29.931138],[-95.402131,29.931773],[-95.402131,29.931781]]},"properties":{"Full_Name":"IMPERIAL VALLEY DR","ped_crash_count":0,"ped_death_count":0,"total_crash_count":4,"MilesLength":0.33978054}},{"type":"Feature","geometry":{"type":"LineString","coordinates":[[-95.399496,29.950663],[-95.399678,29.951483],[-95.399701,29.951707],[-95.399748,29.952322],[-95.399768,29.952544],[-95.39979,29.952721],[-95.399847,29.95333],[-95.399868,29.953583],[-95.399888,29.953823],[-95.399905,29.95417],[-95.399996,29.954623],[-95.400073,29.954978],[-95.40018,29.955294],[-95.400268,29.955512],[-95.400343,29.955681],[-95.400358,29.955713]]},"properties":{"Full_Name":"IMPERIAL VALLEY DR","ped_crash_count":0,"ped_death_count":0,"total_crash_count":3,"MilesLength":0.35318661}},{"type":"Feature","geometry":{"type":"LineString","coordinates":[[-95.395854,29.944268],[-95.395866,29.94435],[-95.395898,29.944558],[-95.395965,29.944938],[-95.396155,29.945603],[-95.396374,29.946216],[-95.396436,29.94634],[-95.39657,29.946597],[-95.396713,29.94684],[-95.397054,29.947307],[-95.397257,29.947515],[-95.397764,29.948055],[-95.398078,29.948394],[-95.39822,29.948555],[-95.39855,29.948929],[-95.398642,29.949047],[-95.398732,29.94916],[-95.398947,29.949475],[-95.399194,29.949907],[-95.399306,29.950152],[-95.399409,29.950385],[-95.399483,29.950603],[-95.399496,29.950663]]},"properties":{"Full_Name":"IMPERIAL VALLEY DR","ped_crash_count":0,"ped_death_count":0,"total_crash_count":3,"MilesLength":0.50000002}},{"type":"Feature","geometry":{"type":"LineString","coordinates":[[-95.397769,29.937232],[-95.397691,29.93747],[-95.397668,29.937547],[-95.397219,29.938923],[-95.397148,29.93913],[-95.397048,29.939418],[-95.396984,29.939605],[-95.396823,29.940213],[-95.396604,29.940835],[-95.39649,29.941207],[-95.396323,29.94175],[-95.396063,29.942581],[-95.395889,29.943447],[-95.39583,29.943683],[-95.395821,29.943941],[-95.395839,29.944168],[-95.395854,29.944268]]},"properties":{"Full_Name":"IMPERIAL VALLEY DR","ped_crash_count":1,"ped_death_count":0,"total_crash_count":3,"MilesLength":0.49999998}},{"type":"Feature","geometry":{"type":"LineString","coordinates":[[-95.402131,29.931781],[-95.402136,29.932263],[-95.402149,29.932703],[-95.40205,29.933091],[-95.401907,29.933392],[-95.401738,29.933653],[-95.40163,29.933777],[-95.401418,29.933987],[-95.401082,29.934235],[-95.400917,29.93433],[-95.400694,29.934424],[-95.400276,29.93457],[-95.399845,29.934661],[-95.399468,29.934773],[-95.399054,29.934994],[-95.39861,29.935351],[-95.398349,29.935714],[-95.398181,29.936004],[-95.398091,29.936207],[-95.397964,29.936637],[-95.397769,29.937232]]},"properties":{"Full_Name":"IMPERIAL VALLEY DR","ped_crash_count":0,"ped_death_count":0,"total_crash_count":4,"MilesLength":0.50000002}},{"type":"Feature","geometry":{"type":"LineString","coordinates":[[-95.360749,29.790871],[-95.360901,29.791475],[-95.360905,29.792738],[-95.360914,29.793176],[-95.360946,29.794872],[-95.360975,29.796583],[-95.360945,29.797653],[-95.360986,29.798114]]},"properties":{"Full_Name":"IRVINGTON BLVD","ped_crash_count":0,"ped_death_count":0,"total_crash_count":2,"MilesLength":0.49999998}},{"type":"Feature","geometry":{"type":"LineString","coordinates":[[-95.361107,29.80537],[-95.361111,29.80569],[-95.361124,29.806437],[-95.361126,29.807188],[-95.361135,29.807936],[-95.361157,29.808687],[-95.361166,29.809434],[-95.361176,29.810178],[-95.361185,29.81093],[-95.361191,29.811673],[-95.361208,29.81242],[-95.361211,29.812629]]},"properties":{"Full_Name":"IRVINGTON BLVD","ped_crash_count":0,"ped_death_count":0,"total_crash_count":2,"MilesLength":0.49999998}},{"type":"Feature","geometry":{"type":"LineString","coordinates":[[-95.360986,29.798114],[-95.361001,29.798283],[-95.361014,29.799979],[-95.361051,29.801694],[-95.36109,29.80322],[-95.361063,29.803324],[-95.361089,29.804237],[-95.361088,29.804574],[-95.361101,29.804946],[-95.361107,29.80537]]},"properties":{"Full_Name":"IRVINGTON BLVD","ped_crash_count":0,"ped_death_count":0,"total_crash_count":3,"MilesLength":0.50000004}},{"type":"Feature","geometry":{"type":"LineString","coordinates":[[-95.362216,29.841573],[-95.362227,29.841599],[-95.362371,29.84192],[-95.362478,29.842188],[-95.362533,29.842419],[-95.362587,29.8427],[-95.362657,29.844385],[-95.362691,29.846247],[-95.362651,29.846635],[-95.362597,29.84689],[-95.362516,29.847167],[-95.362446,29.847506],[-95.362401,29.847894],[-95.362414,29.84876]]},"properties":{"Full_Name":"IRVINGTON BLVD","ped_crash_count":1,"ped_death_count":1,"total_crash_count":3,"MilesLength":0.49999999}},{"type":"Feature","geometry":{"type":"LineString","coordinates":[[-95.36141,29.834403],[-95.361427,29.834932],[-95.361504,29.835921],[-95.36155,29.836935],[-95.361577,29.837625],[-95.361566,29.838777],[-95.361566,29.839141],[-95.361563,29.839321],[-95.361573,29.839484],[-95.361587,29.839653],[-95.361605,29.8398],[-95.361641,29.840081],[-95.36166,29.840162],[-95.361823,29.840622],[-95.362216,29.841573]]},"properties":{"Full_Name":"IRVINGTON BLVD","ped_crash_count":0,"ped_death_count":0,"total_crash_count":3,"MilesLength":0.49999998}},{"type":"Feature","geometry":{"type":"LineString","coordinates":[[-95.361277,29.827145],[-95.361276,29.827678],[-95.361294,29.828241],[-95.361303,29.828919],[-95.361325,29.830036],[-95.361364,29.83128],[-95.361382,29.832512],[-95.361388,29.833748],[-95.36141,29.834403]]},"properties":{"Full_Name":"IRVINGTON BLVD","ped_crash_count":0,"ped_death_count":0,"total_crash_count":4,"MilesLength":0.49999997}},{"type":"Feature","geometry":{"type":"LineString","coordinates":[[-95.524383,29.857487],[-95.524665,29.857487],[-95.525142,29.857489],[-95.525581,29.857484],[-95.525807,29.857481],[-95.52623,29.857477],[-95.526729,29.857471],[-95.527045,29.85747],[-95.527832,29.857471],[-95.528624,29.857468],[-95.528877,29.85747],[-95.52933,29.857472],[-95.529545,29.857464]]},"properties":{"Full_Name":"JAMEEL RD","ped_crash_count":0,"ped_death_count":0,"total_crash_count":2,"MilesLength":0.30990891}},{"type":"Feature","geometry":{"type":"LineString","coordinates":[[-95.367816,29.749871],[-95.367063,29.749427],[-95.366208,29.748904],[-95.365377,29.748386],[-95.364499,29.747869],[-95.363643,29.747357],[-95.362773,29.746828],[-95.361908,29.746316],[-95.361742,29.746216],[-95.361652,29.746162],[-95.361506,29.746074],[-95.361498,29.74607],[-95.361451,29.746042],[-95.361376,29.745997],[-95.361075,29.745817],[-95.360966,29.745751]]},"properties":{"Full_Name":"JEFFERSON ST","ped_crash_count":1,"ped_death_count":0,"total_crash_count":5,"MilesLength":0.50000005}},{"type":"Feature","geometry":{"type":"LineString","coordinates":[[-95.374507,29.754146],[-95.374369,29.753972],[-95.374199,29.753808],[-95.373941,29.753617],[-95.373878,29.75354],[-95.37311,29.753074],[-95.372251,29.752555],[-95.371407,29.752038],[-95.370545,29.75152],[-95.369659,29.750993],[-95.369185,29.750695],[-95.36879,29.750467],[-95.367923,29.749934],[-95.367816,29.749871]]},"properties":{"Full_Name":"JEFFERSON ST","ped_crash_count":2,"ped_death_count":0,"total_crash_count":8,"MilesLength":0.49999999}},{"type":"Feature","geometry":{"type":"LineString","coordinates":[[-95.343284,29.762126],[-95.343046,29.762682],[-95.343015,29.762764],[-95.343002,29.762847],[-95.342999,29.763032],[-95.342997,29.763685],[-95.342991,29.764364],[-95.34299,29.764654],[-95.342996,29.765004],[-95.343004,29.765419],[-95.343013,29.765927],[-95.343008,29.766329],[-95.343026,29.766998],[-95.342999,29.767686],[-95.343026,29.767773],[-95.343053,29.767862],[-95.343122,29.76803],[-95.343128,29.768046],[-95.34314,29.76807]]},"properties":{"Full_Name":"JENSEN DR","ped_crash_count":0,"ped_death_count":0,"total_crash_count":2,"MilesLength":0.41372403}},{"type":"Feature","geometry":{"type":"LineString","coordinates":[[-95.33965,29.853934],[-95.339314,29.854493],[-95.339043,29.854925],[-95.338429,29.855945],[-95.338027,29.856623],[-95.337781,29.857022],[-95.337162,29.858063],[-95.336291,29.859515],[-95.335779,29.860362]]},"properties":{"Full_Name":"JENSEN DR","ped_crash_count":0,"ped_death_count":0,"total_crash_count":4,"MilesLength":0.49999997}},{"type":"Feature","geometry":{"type":"LineString","coordinates":[[-95.342954,29.847351],[-95.342957,29.847689],[-95.342943,29.847902],[-95.34291,29.848156],[-95.342843,29.848371],[-95.342779,29.848589],[-95.342698,29.848804],[-95.342567,29.849057],[-95.342369,29.849421],[-95.34213,29.849789],[-95.341445,29.850941],[-95.341223,29.851356],[-95.340539,29.852491],[-95.339721,29.853816],[-95.33965,29.853934]]},"properties":{"Full_Name":"JENSEN DR","ped_crash_count":1,"ped_death_count":0,"total_crash_count":3,"MilesLength":0.50000004}},{"type":"Feature","geometry":{"type":"LineString","coordinates":[[-95.342812,29.840093],[-95.342813,29.840447],[-95.342827,29.841157],[-95.342842,29.841869],[-95.342845,29.842066],[-95.342844,29.842498],[-95.34286,29.842887],[-95.342867,29.843407],[-95.342886,29.844593],[-95.342905,29.845428],[-95.342913,29.846176],[-95.34293,29.846878],[-95.342938,29.847017],[-95.342954,29.847321],[-95.342954,29.847351]]},"properties":{"Full_Name":"JENSEN DR","ped_crash_count":1,"ped_death_count":0,"total_crash_count":2,"MilesLength":0.49999999}},{"type":"Feature","geometry":{"type":"LineString","coordinates":[[-95.342491,29.818317],[-95.342484,29.819109],[-95.342495,29.819854],[-95.342501,29.820374],[-95.342531,29.821165],[-95.34253,29.821905],[-95.342591,29.824913],[-95.342598,29.825575]]},"properties":{"Full_Name":"JENSEN DR","ped_crash_count":3,"ped_death_count":1,"total_crash_count":7,"MilesLength":0.49999999}},{"type":"Feature","geometry":{"type":"LineString","coordinates":[[-95.342356,29.811058],[-95.34237,29.812348],[-95.342387,29.813282],[-95.342404,29.81419],[-95.342424,29.814805],[-95.342435,29.815326],[-95.342445,29.815897],[-95.342445,29.815913],[-95.342444,29.816345],[-95.342463,29.816982],[-95.342494,29.817943],[-95.342491,29.818317]]},"properties":{"Full_Name":"JENSEN DR","ped_crash_count":0,"ped_death_count":0,"total_crash_count":2,"MilesLength":0.49999996}},{"type":"Feature","geometry":{"type":"LineString","coordinates":[[-95.592897,29.706217],[-95.592794,29.706069],[-95.592723,29.705961],[-95.592664,29.705829],[-95.59263,29.705688],[-95.592615,29.705538],[-95.592584,29.704188],[-95.592578,29.703663],[-95.592548,29.703122],[-95.592516,29.702923],[-95.592424,29.70275],[-95.592233,29.70249],[-95.592165,29.702376],[-95.592087,29.702155],[-95.592081,29.702003],[-95.592049,29.701253],[-95.592073,29.700962],[-95.592131,29.70074],[-95.592225,29.700573],[-95.592366,29.700364],[-95.592434,29.700194],[-95.592441,29.700109],[-95.592438,29.70001],[-95.592425,29.69963],[-95.592422,29.699249],[-95.592423,29.699177]]},"properties":{"Full_Name":"JETTY LN","ped_crash_count":0,"ped_death_count":0,"total_crash_count":2,"MilesLength":0.49999997}},{"type":"Feature","geometry":{"type":"LineString","coordinates":[[-95.482774,29.797264],[-95.482807,29.798123],[-95.482837,29.79939],[-95.482877,29.800953],[-95.482901,29.802826],[-95.482888,29.803276],[-95.482852,29.803742],[-95.482848,29.804521]]},"properties":{"Full_Name":"JOHANNA DR","ped_crash_count":0,"ped_death_count":0,"total_crash_count":3,"MilesLength":0.50000001}},{"type":"Feature","geometry":{"type":"LineString","coordinates":[[-95.331743,29.941207],[-95.331722,29.940036],[-95.331723,29.939797],[-95.331724,29.939549],[-95.331722,29.939359],[-95.331722,29.939327],[-95.331722,29.939105],[-95.331722,29.939054],[-95.331731,29.938901],[-95.331745,29.938501],[-95.33172,29.938141],[-95.331676,29.93772],[-95.331642,29.937352],[-95.331633,29.936024],[-95.331619,29.933951]]},"properties":{"Full_Name":"JOHN F KENNEDY BLVD","ped_crash_count":0,"ped_death_count":0,"total_crash_count":2,"MilesLength":0.5}},{"type":"Feature","geometry":{"type":"LineString","coordinates":[[-95.339187,29.971489],[-95.339244,29.971583],[-95.340353,29.973334],[-95.341026,29.974441],[-95.341246,29.974916],[-95.341357,29.975311],[-95.34133,29.975679],[-95.341375,29.978224],[-95.341405,29.978288]]},"properties":{"Full_Name":"JOHN F KENNEDY SERVICE RD","ped_crash_count":0,"ped_death_count":0,"total_crash_count":3,"MilesLength":0.49999997}},{"type":"Feature","geometry":{"type":"LineString","coordinates":[[-95.335474,29.963522],[-95.336325,29.964913],[-95.336491,29.965201],[-95.336703,29.965551],[-95.339183,29.969603],[-95.339385,29.969933]]},"properties":{"Full_Name":"JOHN F KENNEDY SERVICE RD","ped_crash_count":0,"ped_death_count":0,"total_crash_count":2,"MilesLength":0.49999998}},{"type":"Feature","geometry":{"type":"LineString","coordinates":[[-95.348992,29.664171],[-95.348973,29.663391],[-95.348955,29.662317],[-95.348957,29.662272],[-95.348932,29.661056],[-95.348911,29.659789],[-95.348894,29.658492],[-95.348888,29.657932],[-95.348869,29.65721],[-95.348861,29.656912]]},"properties":{"Full_Name":"JUTLAND RD","ped_crash_count":1,"ped_death_count":0,"total_crash_count":4,"MilesLength":0.5}},{"type":"Feature","geometry":{"type":"LineString","coordinates":[[-95.34685,29.671151],[-95.346957,29.670971],[-95.347096,29.670569],[-95.347277,29.670102],[-95.347508,29.669537],[-95.347567,29.669373],[-95.347844,29.668622],[-95.348136,29.667875],[-95.348182,29.667749],[-95.348496,29.666892],[-95.348933,29.665038],[-95.348991,29.664611],[-95.348993,29.66421],[-95.348992,29.664171]]},"properties":{"Full_Name":"JUTLAND RD","ped_crash_count":0,"ped_death_count":0,"total_crash_count":4,"MilesLength":0.50000001}},{"type":"Feature","geometry":{"type":"LineString","coordinates":[[-95.325222,29.813454],[-95.324295,29.813456],[-95.32253,29.813473],[-95.320765,29.813493],[-95.319019,29.813513],[-95.317179,29.813538],[-95.316898,29.813541]]},"properties":{"Full_Name":"KELLEY ST","ped_crash_count":0,"ped_death_count":0,"total_crash_count":3,"MilesLength":0.49999996}},{"type":"Feature","geometry":{"type":"LineString","coordinates":[[-95.341869,29.813288],[-95.340591,29.813304],[-95.340362,29.813303],[-95.338108,29.813287],[-95.337613,29.813303],[-95.336981,29.813322],[-95.336093,29.813334],[-95.335328,29.813342],[-95.335078,29.813345],[-95.334988,29.813348],[-95.334529,29.813364],[-95.333609,29.813368],[-95.333546,29.813368]]},"properties":{"Full_Name":"KELLEY ST","ped_crash_count":0,"ped_death_count":0,"total_crash_count":3,"MilesLength":0.50000004}},{"type":"Feature","geometry":{"type":"LineString","coordinates":[[-95.483273,29.818341],[-95.483651,29.817984],[-95.483954,29.817697],[-95.484186,29.817528],[-95.484767,29.817207],[-95.485004,29.817126],[-95.485321,29.817048],[-95.486202,29.816988],[-95.487104,29.816993],[-95.487938,29.817068],[-95.488371,29.817145],[-95.490401,29.817694],[-95.490791,29.817742],[-95.490951,29.817754]]},"properties":{"Full_Name":"KEMPWOOD DR","ped_crash_count":0,"ped_death_count":0,"total_crash_count":3,"MilesLength":0.49999997}},{"type":"Feature","geometry":{"type":"LineString","coordinates":[[-95.52312,29.82198],[-95.523379,29.821975],[-95.52385,29.821966],[-95.525199,29.821944],[-95.526288,29.82195],[-95.527141,29.821941],[-95.527372,29.821939],[-95.528239,29.82193],[-95.529539,29.821917],[-95.529881,29.821915],[-95.530861,29.82191],[-95.531444,29.821895]]},"properties":{"Full_Name":"KEMPWOOD DR","ped_crash_count":2,"ped_death_count":0,"total_crash_count":3,"MilesLength":0.50000001}},{"type":"Feature","geometry":{"type":"LineString","coordinates":[[-95.514944,29.82107],[-95.515057,29.821068],[-95.516245,29.821054],[-95.516497,29.821061],[-95.516863,29.821081],[-95.517409,29.821134],[-95.518544,29.821404],[-95.51901,29.821588],[-95.519772,29.821805],[-95.520691,29.82197],[-95.521596,29.821977],[-95.522595,29.821989],[-95.52312,29.82198]]},"properties":{"Full_Name":"KEMPWOOD DR","ped_crash_count":2,"ped_death_count":0,"total_crash_count":3,"MilesLength":0.49999998}},{"type":"Feature","geometry":{"type":"LineString","coordinates":[[-95.287161,29.815251],[-95.284621,29.815283],[-95.28448,29.815356],[-95.284219,29.81536],[-95.280932,29.815368],[-95.280046,29.815382],[-95.279192,29.815393],[-95.27886,29.815399]]},"properties":{"Full_Name":"KENTON ST","ped_crash_count":1,"ped_death_count":1,"total_crash_count":2,"MilesLength":0.49999997}},{"type":"Feature","geometry":{"type":"LineString","coordinates":[[-95.36296,29.624761],[-95.360033,29.62487],[-95.35541,29.624845],[-95.355131,29.624833],[-95.354966,29.624854]]},"properties":{"Full_Name":"KILKENNY DR","ped_crash_count":0,"ped_death_count":0,"total_crash_count":3,"MilesLength":0.48132194}},{"type":"Feature","geometry":{"type":"LineString","coordinates":[[-95.544496,29.779096],[-95.545014,29.779098],[-95.546339,29.7791],[-95.54734,29.779114],[-95.547591,29.779143],[-95.547787,29.779174],[-95.54803,29.779206],[-95.548215,29.779283],[-95.548458,29.77941],[-95.548636,29.779482]]},"properties":{"Full_Name":"KINGSRIDE LN","ped_crash_count":4,"ped_death_count":1,"total_crash_count":4,"MilesLength":0.25399509}},{"type":"Feature","geometry":{"type":"LineString","coordinates":[[-95.417747,29.696857],[-95.417577,29.696645],[-95.41733,29.696365],[-95.417232,29.696279],[-95.416831,29.696007],[-95.416757,29.69596],[-95.416262,29.695625],[-95.41437,29.694454],[-95.413913,29.694001],[-95.413732,29.69376],[-95.41307,29.692784],[-95.412996,29.692622],[-95.412764,29.692044],[-95.412711,29.691899],[-95.412629,29.691438]]},"properties":{"Full_Name":"KIRBY DR","ped_crash_count":2,"ped_death_count":0,"total_crash_count":5,"MilesLength":0.50000003}},{"type":"Feature","geometry":{"type":"LineString","coordinates":[[-95.412393,29.684184],[-95.412379,29.683725],[-95.412376,29.683131],[-95.41237,29.682061],[-95.412273,29.678344],[-95.412279,29.678113],[-95.412288,29.677774],[-95.412293,29.677561],[-95.412271,29.676925]]},"properties":{"Full_Name":"KIRBY DR","ped_crash_count":0,"ped_death_count":0,"total_crash_count":4,"MilesLength":0.49999994}},{"type":"Feature","geometry":{"type":"LineString","coordinates":[[-95.418676,29.733067],[-95.418673,29.732764],[-95.418656,29.732057],[-95.418669,29.730991],[-95.418664,29.730759],[-95.418664,29.730747],[-95.41866,29.730585],[-95.418657,29.730446],[-95.418652,29.730206],[-95.41864,29.729341],[-95.418629,29.728599],[-95.418619,29.727874],[-95.418613,29.727654],[-95.418609,29.727206],[-95.418609,29.726364],[-95.418595,29.725807]]},"properties":{"Full_Name":"KIRBY DR","ped_crash_count":0,"ped_death_count":0,"total_crash_count":3,"MilesLength":0.49999998}},{"type":"Feature","geometry":{"type":"LineString","coordinates":[[-95.411329,29.758914],[-95.411601,29.758882],[-95.412972,29.758794],[-95.4136,29.758713],[-95.413748,29.758671],[-95.414253,29.758395],[-95.414808,29.757908],[-95.415298,29.757393],[-95.415911,29.756673],[-95.416615,29.755728],[-95.41668,29.755615],[-95.416732,29.755535],[-95.41727,29.754637]]},"properties":{"Full_Name":"KIRBY DR","ped_crash_count":0,"ped_death_count":0,"total_crash_count":3,"MilesLength":0.50000004}},{"type":"Feature","geometry":{"type":"LineString","coordinates":[[-95.514272,29.660481],[-95.514256,29.65934],[-95.51425,29.658579],[-95.514232,29.657867],[-95.514215,29.657151],[-95.514217,29.656481],[-95.514186,29.655833]]},"properties":{"Full_Name":"KITTY BROOK DR","ped_crash_count":0,"ped_death_count":0,"total_crash_count":2,"MilesLength":0.32017809}},{"type":"Feature","geometry":{"type":"LineString","coordinates":[[-95.230687,29.627681],[-95.230376,29.627486],[-95.229967,29.62693],[-95.229781,29.626512],[-95.22971,29.626137],[-95.229694,29.625848],[-95.229685,29.625502],[-95.229675,29.625212],[-95.229648,29.624581],[-95.229641,29.624474],[-95.229585,29.623467],[-95.229573,29.623024],[-95.229517,29.62182],[-95.229513,29.621523],[-95.229484,29.621138],[-95.229473,29.620972],[-95.229453,29.620706]]},"properties":{"Full_Name":"KLECKLEY DR","ped_crash_count":2,"ped_death_count":0,"total_crash_count":4,"MilesLength":0.49999998}},{"type":"Feature","geometry":{"type":"LineString","coordinates":[[-95.400039,29.687899],[-95.40003,29.687318],[-95.400013,29.686416],[-95.399991,29.685279],[-95.39999,29.684592],[-95.399978,29.684128],[-95.399967,29.683217],[-95.399967,29.683058],[-95.399965,29.682723],[-95.399952,29.682284],[-95.399943,29.681584],[-95.39993,29.680899],[-95.399925,29.680639]]},"properties":{"Full_Name":"KNIGHT RD","ped_crash_count":2,"ped_death_count":1,"total_crash_count":5,"MilesLength":0.5}},{"type":"Feature","geometry":{"type":"LineString","coordinates":[[-95.355246,29.761179],[-95.355828,29.760426],[-95.356425,29.759677],[-95.357027,29.758906],[-95.357608,29.758157],[-95.358241,29.757383],[-95.358409,29.757178],[-95.358853,29.756601],[-95.359436,29.755867],[-95.359953,29.755193]]},"properties":{"Full_Name":"LA BRANCH ST","ped_crash_count":1,"ped_death_count":1,"total_crash_count":3,"MilesLength":0.50000002}},{"type":"Feature","geometry":{"type":"LineString","coordinates":[[-95.359953,29.755193],[-95.360021,29.755104],[-95.360614,29.75436],[-95.361208,29.753604],[-95.361785,29.752878],[-95.362423,29.752134],[-95.362983,29.751386],[-95.363571,29.750623],[-95.364163,29.749888],[-95.364692,29.749227]]},"properties":{"Full_Name":"LA BRANCH ST","ped_crash_count":1,"ped_death_count":0,"total_crash_count":3,"MilesLength":0.49999997}},{"type":"Feature","geometry":{"type":"LineString","coordinates":[[-95.262295,29.843575],[-95.261906,29.843649],[-95.261312,29.843926],[-95.261139,29.84436],[-95.261133,29.84476],[-95.261141,29.845425],[-95.261264,29.845752],[-95.261577,29.846026],[-95.261889,29.846338],[-95.262313,29.846419]]},"properties":{"Full_Name":"LAKE PARK DR","ped_crash_count":0,"ped_death_count":0,"total_crash_count":5,"MilesLength":0.27426066}},{"type":"Feature","geometry":{"type":"LineString","coordinates":[[-95.418255,29.677357],[-95.418245,29.676901],[-95.418272,29.676542],[-95.418312,29.676407],[-95.418407,29.67627],[-95.418562,29.676125],[-95.418694,29.675988],[-95.418986,29.675758],[-95.419245,29.675394],[-95.41943,29.675024],[-95.419463,29.674884],[-95.419509,29.674455],[-95.419504,29.674212],[-95.41949,29.673894],[-95.419461,29.672985],[-95.419454,29.672208],[-95.419433,29.671991],[-95.41945,29.671507],[-95.419611,29.671176],[-95.419854,29.670931],[-95.419936,29.670719],[-95.419949,29.67056]]},"properties":{"Full_Name":"LAKES AT 610 DR","ped_crash_count":1,"ped_death_count":0,"total_crash_count":2,"MilesLength":0.5}},{"type":"Feature","geometry":{"type":"LineString","coordinates":[[-95.501247,29.835241],[-95.50141,29.835718],[-95.501463,29.835894],[-95.501556,29.83639],[-95.501611,29.836923],[-95.501618,29.837283],[-95.501608,29.838427],[-95.501611,29.838808],[-95.501616,29.839298],[-95.50161,29.839923],[-95.50163,29.84135],[-95.501634,29.841749],[-95.501641,29.842208],[-95.501624,29.842465]]},"properties":{"Full_Name":"LANGFIELD RD","ped_crash_count":0,"ped_death_count":0,"total_crash_count":3,"MilesLength":0.5}},{"type":"Feature","geometry":{"type":"LineString","coordinates":[[-95.258628,29.841658],[-95.258631,29.842278],[-95.258636,29.843089],[-95.258641,29.843935],[-95.258659,29.844759],[-95.258634,29.845188],[-95.258541,29.845508]]},"properties":{"Full_Name":"LAS CRUCES ST","ped_crash_count":1,"ped_death_count":0,"total_crash_count":2,"MilesLength":0.26590882}},{"type":"Feature","geometry":{"type":"LineString","coordinates":[[-95.301177,29.780282],[-95.30118,29.780149],[-95.301174,29.779999],[-95.301172,29.779327],[-95.301171,29.779272],[-95.301169,29.778634],[-95.301173,29.77832],[-95.301179,29.777938],[-95.30118,29.777255],[-95.301191,29.77651],[-95.301166,29.775896],[-95.301124,29.775205],[-95.301104,29.774766],[-95.301109,29.774475],[-95.301113,29.774268],[-95.30112,29.773884],[-95.301123,29.773708],[-95.301121,29.773024]]},"properties":{"Full_Name":"LATHROP ST","ped_crash_count":1,"ped_death_count":0,"total_crash_count":5,"MilesLength":0.49999995}},{"type":"Feature","geometry":{"type":"LineString","coordinates":[[-95.30956,29.840681],[-95.308623,29.840698],[-95.307139,29.840709],[-95.305774,29.840712],[-95.304552,29.840729],[-95.303965,29.840733],[-95.303331,29.840741],[-95.302057,29.840749]]},"properties":{"Full_Name":"LAURA KOPPE RD","ped_crash_count":1,"ped_death_count":0,"total_crash_count":2,"MilesLength":0.4505201}},{"type":"Feature","geometry":{"type":"LineString","coordinates":[[-95.326212,29.840432],[-95.324646,29.840455],[-95.324393,29.840459],[-95.324208,29.840461],[-95.323888,29.840467],[-95.323654,29.840471],[-95.323253,29.840477],[-95.322613,29.840479],[-95.321508,29.840499],[-95.319932,29.840516],[-95.318949,29.840538],[-95.318012,29.840553],[-95.317886,29.840555]]},"properties":{"Full_Name":"LAURA KOPPE RD","ped_crash_count":1,"ped_death_count":0,"total_crash_count":3,"MilesLength":0.50000004}},{"type":"Feature","geometry":{"type":"LineString","coordinates":[[-95.334492,29.840725],[-95.333978,29.84075],[-95.333674,29.840765],[-95.333437,29.840768],[-95.333191,29.840771],[-95.332957,29.840774],[-95.331905,29.84082],[-95.331423,29.840838],[-95.331223,29.840837],[-95.330878,29.840829],[-95.33076,29.84082],[-95.330505,29.840799],[-95.330263,29.840771],[-95.330149,29.840755],[-95.329407,29.840621],[-95.328911,29.84052],[-95.328638,29.840472],[-95.328485,29.840451],[-95.328291,29.840433],[-95.328023,29.840416],[-95.327561,29.840425],[-95.326912,29.840421],[-95.326212,29.840432]]},"properties":{"Full_Name":"LAURA KOPPE RD","ped_crash_count":0,"ped_death_count":0,"total_crash_count":5,"MilesLength":0.49999997}},{"type":"Feature","geometry":{"type":"LineString","coordinates":[[-95.326358,29.729245],[-95.324983,29.728846],[-95.323169,29.728301],[-95.321663,29.727845],[-95.321295,29.727754],[-95.320945,29.727655],[-95.320318,29.727461],[-95.320164,29.727412],[-95.319733,29.727282],[-95.318515,29.726926],[-95.318481,29.726916]]},"properties":{"Full_Name":"LAWNDALE ST","ped_crash_count":1,"ped_death_count":0,"total_crash_count":2,"MilesLength":0.49999998}},{"type":"Feature","geometry":{"type":"LineString","coordinates":[[-95.517296,29.741252],[-95.517153,29.740845],[-95.51714,29.740105],[-95.517155,29.739294],[-95.517136,29.738461],[-95.517133,29.737931],[-95.517135,29.737738],[-95.517132,29.737695],[-95.517116,29.737432]]},"properties":{"Full_Name":"LAZY HOLLOW DR","ped_crash_count":3,"ped_death_count":2,"total_crash_count":6,"MilesLength":0.26443076}},{"type":"Feature","geometry":{"type":"LineString","coordinates":[[-95.303506,29.941257],[-95.30351,29.94134],[-95.303572,29.942341],[-95.303627,29.943494],[-95.30364,29.943986],[-95.303695,29.94497],[-95.303697,29.945264],[-95.303705,29.945416]]},"properties":{"Full_Name":"LEE RD","ped_crash_count":0,"ped_death_count":0,"total_crash_count":2,"MilesLength":0.28677186}},{"type":"Feature","geometry":{"type":"LineString","coordinates":[[-95.3715,29.690585],[-95.371326,29.690524],[-95.369694,29.690022],[-95.369618,29.689952],[-95.363866,29.688178]]},"properties":{"Full_Name":"LEHALL ST","ped_crash_count":0,"ped_death_count":0,"total_crash_count":2,"MilesLength":0.48882119}},{"type":"Feature","geometry":{"type":"LineString","coordinates":[[-95.302019,29.831374],[-95.297997,29.831359],[-95.293744,29.831355],[-95.293693,29.831355]]},"properties":{"Full_Name":"LEY RD","ped_crash_count":2,"ped_death_count":0,"total_crash_count":10,"MilesLength":0.49999998}},{"type":"Feature","geometry":{"type":"LineString","coordinates":[[-95.26873,29.831325],[-95.267633,29.830931],[-95.267177,29.830817],[-95.266582,29.830743],[-95.265185,29.830741],[-95.261991,29.830777],[-95.261309,29.830786],[-95.260518,29.830797]]},"properties":{"Full_Name":"LEY RD","ped_crash_count":0,"ped_death_count":0,"total_crash_count":3,"MilesLength":0.49999998}},{"type":"Feature","geometry":{"type":"LineString","coordinates":[[-95.285367,29.831337],[-95.285044,29.831332],[-95.284369,29.831334],[-95.283683,29.831333],[-95.280368,29.831362],[-95.277954,29.831386],[-95.277041,29.831395]]},"properties":{"Full_Name":"LEY RD","ped_crash_count":1,"ped_death_count":0,"total_crash_count":4,"MilesLength":0.50000003}},{"type":"Feature","geometry":{"type":"LineString","coordinates":[[-95.262224,29.83895],[-95.261736,29.838952],[-95.258607,29.838964],[-95.255059,29.838988]]},"properties":{"Full_Name":"LINDA VISTA RD","ped_crash_count":1,"ped_death_count":0,"total_crash_count":2,"MilesLength":0.43023377}},{"type":"Feature","geometry":{"type":"LineString","coordinates":[[-95.369285,29.807584],[-95.370201,29.807578],[-95.371022,29.807577],[-95.371878,29.807561],[-95.372718,29.80754],[-95.373088,29.807583],[-95.373209,29.807597],[-95.37336,29.807615],[-95.373601,29.807643],[-95.374955,29.807816],[-95.375459,29.80789],[-95.376914,29.808089],[-95.377281,29.808142],[-95.377553,29.808179]]},"properties":{"Full_Name":"LINK RD","ped_crash_count":0,"ped_death_count":0,"total_crash_count":2,"MilesLength":0.49999998}},{"type":"Feature","geometry":{"type":"LineString","coordinates":[[-95.384864,29.870055],[-95.383784,29.870052],[-95.38283,29.870064],[-95.380017,29.870113],[-95.379518,29.870113],[-95.378608,29.870123],[-95.377711,29.870134],[-95.376851,29.870148],[-95.376536,29.870153]]},"properties":{"Full_Name":"LITTLE YORK RD","ped_crash_count":1,"ped_death_count":0,"total_crash_count":5,"MilesLength":0.49999997}},{"type":"Feature","geometry":{"type":"LineString","coordinates":[[-95.376536,29.870153],[-95.37523,29.870175],[-95.374038,29.870191],[-95.372981,29.870197],[-95.372862,29.870213],[-95.371945,29.870216],[-95.370201,29.870243],[-95.369544,29.87023],[-95.36883,29.870252],[-95.368452,29.870249],[-95.368209,29.870263]]},"properties":{"Full_Name":"LITTLE YORK RD","ped_crash_count":0,"ped_death_count":0,"total_crash_count":3,"MilesLength":0.50000002}},{"type":"Feature","geometry":{"type":"LineString","coordinates":[[-95.29372,29.871511],[-95.292851,29.871527],[-95.291975,29.871537],[-95.289185,29.871587],[-95.287865,29.871608],[-95.287019,29.871614],[-95.285474,29.871649],[-95.285391,29.871649]]},"properties":{"Full_Name":"LITTLE YORK RD","ped_crash_count":0,"ped_death_count":0,"total_crash_count":5,"MilesLength":0.50000002}},{"type":"Feature","geometry":{"type":"LineString","coordinates":[[-95.302048,29.871364],[-95.3019,29.871367],[-95.300611,29.871382],[-95.298885,29.871415],[-95.297398,29.871443],[-95.29372,29.871511]]},"properties":{"Full_Name":"LITTLE YORK RD","ped_crash_count":0,"ped_death_count":0,"total_crash_count":3,"MilesLength":0.50000001}},{"type":"Feature","geometry":{"type":"LineString","coordinates":[[-95.310364,29.871114],[-95.310183,29.871157],[-95.309481,29.871236],[-95.30884,29.871239],[-95.307367,29.871271],[-95.304378,29.871321],[-95.302854,29.871349],[-95.302048,29.871364]]},"properties":{"Full_Name":"LITTLE YORK RD","ped_crash_count":0,"ped_death_count":0,"total_crash_count":2,"MilesLength":0.5}},{"type":"Feature","geometry":{"type":"LineString","coordinates":[[-95.341236,29.871013],[-95.337944,29.871022],[-95.337287,29.871026],[-95.33668,29.871037],[-95.335422,29.870926],[-95.334952,29.870941]]},"properties":{"Full_Name":"LITTLE YORK RD","ped_crash_count":1,"ped_death_count":0,"total_crash_count":4,"MilesLength":0.37765168}},{"type":"Feature","geometry":{"type":"LineString","coordinates":[[-95.285391,29.871649],[-95.284544,29.871657],[-95.282164,29.871698],[-95.281456,29.871725],[-95.277063,29.871789]]},"properties":{"Full_Name":"LITTLE YORK RD","ped_crash_count":0,"ped_death_count":0,"total_crash_count":3,"MilesLength":0.5}},{"type":"Feature","geometry":{"type":"LineString","coordinates":[[-95.368355,29.727063],[-95.368762,29.726538],[-95.369264,29.725905],[-95.369759,29.725279],[-95.370105,29.724843],[-95.37024,29.724667],[-95.37075,29.72403],[-95.371303,29.723325],[-95.371789,29.722714],[-95.372245,29.72214],[-95.372304,29.722062],[-95.372427,29.721911],[-95.372728,29.721539],[-95.373047,29.721123],[-95.373006,29.721097]]},"properties":{"Full_Name":"LIVE OAK ST","ped_crash_count":0,"ped_death_count":0,"total_crash_count":2,"MilesLength":0.49999999}},{"type":"Feature","geometry":{"type":"LineString","coordinates":[[-95.363617,29.733028],[-95.363765,29.732846],[-95.364169,29.732354],[-95.364275,29.732195],[-95.364499,29.731907],[-95.364784,29.73154],[-95.365278,29.730924],[-95.365316,29.730877],[-95.365346,29.730836],[-95.365756,29.730314],[-95.365799,29.730253],[-95.366279,29.729671],[-95.366801,29.729036],[-95.367279,29.728415],[-95.367765,29.727789],[-95.368283,29.727156],[-95.368355,29.727063]]},"properties":{"Full_Name":"LIVE OAK ST","ped_crash_count":0,"ped_death_count":0,"total_crash_count":2,"MilesLength":0.49999999}},{"type":"Feature","geometry":{"type":"LineString","coordinates":[[-95.517657,29.803871],[-95.517588,29.804144],[-95.517589,29.804991],[-95.517635,29.805187],[-95.517698,29.805294],[-95.517779,29.805389],[-95.517872,29.805455],[-95.518099,29.805541],[-95.518723,29.805662],[-95.519,29.805719],[-95.520205,29.805957],[-95.522206,29.806037],[-95.522409,29.806091],[-95.52254,29.806153],[-95.52267,29.806268],[-95.522738,29.806368],[-95.522785,29.806552],[-95.52279,29.807059]]},"properties":{"Full_Name":"LIVERNOIS RD","ped_crash_count":0,"ped_death_count":0,"total_crash_count":2,"MilesLength":0.46858805}},{"type":"Feature","geometry":{"type":"LineString","coordinates":[[-95.380239,29.616345],[-95.380084,29.616482],[-95.379953,29.616589],[-95.379824,29.616651],[-95.379681,29.616693],[-95.37952,29.616709],[-95.374571,29.616698],[-95.374137,29.616684]]},"properties":{"Full_Name":"LOCKCREST ST","ped_crash_count":0,"ped_death_count":0,"total_crash_count":3,"MilesLength":0.37571251}},{"type":"Feature","geometry":{"type":"LineString","coordinates":[[-95.317022,29.803434],[-95.317028,29.803956],[-95.317071,29.805946],[-95.317083,29.807492],[-95.317078,29.807957],[-95.317093,29.808984],[-95.317105,29.809318],[-95.317112,29.809499],[-95.317122,29.809792],[-95.317133,29.810693]]},"properties":{"Full_Name":"LOCKWOOD DR","ped_crash_count":1,"ped_death_count":1,"total_crash_count":5,"MilesLength":0.49999999}},{"type":"Feature","geometry":{"type":"LineString","coordinates":[[-95.3169,29.796175],[-95.316917,29.797016],[-95.316954,29.798682],[-95.31698,29.800388],[-95.316996,29.802201],[-95.317021,29.80337],[-95.317022,29.803434]]},"properties":{"Full_Name":"LOCKWOOD DR","ped_crash_count":2,"ped_death_count":0,"total_crash_count":5,"MilesLength":0.49999999}},{"type":"Feature","geometry":{"type":"LineString","coordinates":[[-95.315953,29.789059],[-95.315955,29.789419],[-95.315979,29.789799],[-95.31598,29.789804],[-95.316001,29.790537],[-95.316103,29.791514],[-95.316104,29.791751],[-95.316166,29.793684],[-95.316274,29.793893],[-95.316594,29.794403],[-95.316819,29.79485],[-95.316853,29.794987],[-95.316881,29.795142],[-95.316886,29.795475],[-95.3169,29.796175]]},"properties":{"Full_Name":"LOCKWOOD DR","ped_crash_count":1,"ped_death_count":0,"total_crash_count":4,"MilesLength":0.50000002}},{"type":"Feature","geometry":{"type":"LineString","coordinates":[[-95.318937,29.839579],[-95.318949,29.840538],[-95.318994,29.841781],[-95.319012,29.842798],[-95.319038,29.843807],[-95.319057,29.844809],[-95.319071,29.845928],[-95.319094,29.846838]]},"properties":{"Full_Name":"LOCKWOOD DR","ped_crash_count":3,"ped_death_count":0,"total_crash_count":6,"MilesLength":0.50000001}},{"type":"Feature","geometry":{"type":"LineString","coordinates":[[-95.318862,29.83232],[-95.318867,29.834175],[-95.318886,29.834922],[-95.318878,29.835673],[-95.31888,29.836423],[-95.318898,29.837089],[-95.318906,29.837783],[-95.318928,29.838915],[-95.318937,29.839579]]},"properties":{"Full_Name":"LOCKWOOD DR","ped_crash_count":2,"ped_death_count":0,"total_crash_count":3,"MilesLength":0.49999999}},{"type":"Feature","geometry":{"type":"LineString","coordinates":[[-95.317711,29.817915],[-95.317891,29.818454],[-95.318252,29.819285],[-95.318497,29.820245],[-95.318548,29.820975],[-95.318546,29.822367],[-95.318568,29.823119],[-95.318574,29.823762],[-95.318577,29.824054],[-95.318602,29.825069]]},"properties":{"Full_Name":"LOCKWOOD DR","ped_crash_count":2,"ped_death_count":0,"total_crash_count":3,"MilesLength":0.50000003}},{"type":"Feature","geometry":{"type":"LineString","coordinates":[[-95.317133,29.810693],[-95.317137,29.811051],[-95.317157,29.812325],[-95.317179,29.813538],[-95.317311,29.815095],[-95.317368,29.8157],[-95.317522,29.816587],[-95.317505,29.817124],[-95.31753,29.817249],[-95.317593,29.817563],[-95.317711,29.817915]]},"properties":{"Full_Name":"LOCKWOOD DR","ped_crash_count":1,"ped_death_count":1,"total_crash_count":5,"MilesLength":0.49999998}},{"type":"Feature","geometry":{"type":"LineString","coordinates":[[-95.20804,29.818663],[-95.20734,29.818645],[-95.206859,29.819048],[-95.206564,29.819401],[-95.206529,29.820019],[-95.206551,29.821737]]},"properties":{"Full_Name":"LODGEPOLE RD","ped_crash_count":0,"ped_death_count":0,"total_crash_count":3,"MilesLength":0.27316401}},{"type":"Feature","geometry":{"type":"LineString","coordinates":[[-95.319199,29.692489],[-95.319169,29.69248],[-95.318352,29.692238],[-95.316841,29.691776],[-95.316423,29.691648],[-95.316193,29.691564],[-95.315111,29.691246],[-95.31446,29.690967],[-95.313909,29.690661],[-95.312775,29.689771],[-95.31196,29.689148]]},"properties":{"Full_Name":"LONG DR","ped_crash_count":0,"ped_death_count":0,"total_crash_count":4,"MilesLength":0.50000002}},{"type":"Feature","geometry":{"type":"LineString","coordinates":[[-95.377218,29.746257],[-95.377227,29.746246],[-95.377538,29.745866],[-95.37768,29.745687],[-95.37816,29.745083],[-95.378737,29.744362],[-95.379172,29.743796],[-95.379646,29.743213],[-95.380204,29.742492],[-95.380654,29.741928],[-95.381132,29.741334],[-95.3817,29.740639]]},"properties":{"Full_Name":"LOUISIANA ST","ped_crash_count":0,"ped_death_count":0,"total_crash_count":2,"MilesLength":0.47146185}},{"type":"Feature","geometry":{"type":"LineString","coordinates":[[-95.372496,29.752234],[-95.372825,29.751803],[-95.37306,29.751524],[-95.373413,29.751095],[-95.373486,29.751001],[-95.373583,29.750878],[-95.374024,29.750313],[-95.374606,29.749567],[-95.375194,29.748833],[-95.375738,29.748146],[-95.376669,29.746966],[-95.377218,29.746257]]},"properties":{"Full_Name":"LOUISIANA ST","ped_crash_count":1,"ped_death_count":0,"total_crash_count":3,"MilesLength":0.5}},{"type":"Feature","geometry":{"type":"LineString","coordinates":[[-95.367772,29.75821],[-95.368121,29.757776],[-95.368379,29.757449],[-95.368706,29.757037],[-95.368972,29.756678],[-95.369286,29.756297],[-95.369886,29.755536],[-95.370475,29.754795],[-95.371063,29.754053],[-95.371665,29.753303],[-95.372251,29.752555],[-95.372496,29.752234]]},"properties":{"Full_Name":"LOUISIANA ST","ped_crash_count":0,"ped_death_count":0,"total_crash_count":3,"MilesLength":0.49999997}},{"type":"Feature","geometry":{"type":"LineString","coordinates":[[-95.363049,29.764187],[-95.363334,29.763824],[-95.363922,29.763055],[-95.36452,29.762317],[-95.365134,29.761531],[-95.365758,29.760761],[-95.366362,29.760016],[-95.36693,29.759271],[-95.367517,29.758526],[-95.367772,29.75821]]},"properties":{"Full_Name":"LOUISIANA ST","ped_crash_count":2,"ped_death_count":0,"total_crash_count":4,"MilesLength":0.50000002}},{"type":"Feature","geometry":{"type":"LineString","coordinates":[[-95.311889,29.77652],[-95.311547,29.776524],[-95.311487,29.776523],[-95.31102,29.776522],[-95.310502,29.776509],[-95.309999,29.776514],[-95.309476,29.77652],[-95.308968,29.776514],[-95.308441,29.776519],[-95.307942,29.776518],[-95.307406,29.776519],[-95.306847,29.776516],[-95.306319,29.776514],[-95.306293,29.776516],[-95.305906,29.776518],[-95.305294,29.776509],[-95.304674,29.776513],[-95.30427,29.776512],[-95.303749,29.776508],[-95.303568,29.77651]]},"properties":{"Full_Name":"LYONS AVE","ped_crash_count":1,"ped_death_count":1,"total_crash_count":3,"MilesLength":0.49999997}},{"type":"Feature","geometry":{"type":"LineString","coordinates":[[-95.320205,29.77628],[-95.319438,29.77631],[-95.318613,29.776339],[-95.317792,29.77636],[-95.317513,29.776369],[-95.315738,29.776432],[-95.315358,29.776459],[-95.314962,29.776464],[-95.314136,29.776494],[-95.313523,29.776516],[-95.312513,29.776513],[-95.311889,29.77652]]},"properties":{"Full_Name":"LYONS AVE","ped_crash_count":1,"ped_death_count":0,"total_crash_count":3,"MilesLength":0.49999999}},{"type":"Feature","geometry":{"type":"LineString","coordinates":[[-95.328522,29.776069],[-95.328481,29.776069],[-95.328133,29.776077],[-95.327312,29.776114],[-95.326964,29.776129],[-95.326422,29.776162],[-95.325725,29.776191],[-95.324808,29.776225],[-95.323841,29.776227],[-95.322861,29.776244],[-95.32189,29.776245],[-95.321107,29.77626],[-95.320282,29.776277],[-95.320205,29.77628]]},"properties":{"Full_Name":"LYONS AVE","ped_crash_count":2,"ped_death_count":0,"total_crash_count":5,"MilesLength":0.49999999}},{"type":"Feature","geometry":{"type":"LineString","coordinates":[[-95.252263,29.857883],[-95.251416,29.857885],[-95.247885,29.857908]]},"properties":{"Full_Name":"MADERA RD","ped_crash_count":0,"ped_death_count":0,"total_crash_count":2,"MilesLength":0.26282458}},{"type":"Feature","geometry":{"type":"LineString","coordinates":[[-95.362068,29.662141],[-95.361917,29.662143],[-95.358712,29.662186],[-95.35554,29.662218]]},"properties":{"Full_Name":"MAGGIE ST","ped_crash_count":2,"ped_death_count":1,"total_crash_count":2,"MilesLength":0.39265064}},{"type":"Feature","geometry":{"type":"LineString","coordinates":[[-95.515061,29.627441],[-95.517438,29.626515],[-95.517824,29.626365],[-95.518,29.626296],[-95.51911,29.625866]]},"properties":{"Full_Name":"MAIN ST","ped_crash_count":0,"ped_death_count":0,"total_crash_count":6,"MilesLength":0.26667988}},{"type":"Feature","geometry":{"type":"LineString","coordinates":[[-95.507543,29.630521],[-95.510127,29.629496],[-95.511885,29.628823],[-95.513183,29.628318],[-95.514455,29.627677],[-95.515061,29.627441]]},"properties":{"Full_Name":"MAIN ST","ped_crash_count":0,"ped_death_count":0,"total_crash_count":5,"MilesLength":0.49999995}},{"type":"Feature","geometry":{"type":"LineString","coordinates":[[-95.499937,29.633443],[-95.500336,29.633292],[-95.501908,29.63269],[-95.502479,29.632471],[-95.502821,29.632341],[-95.503493,29.632069],[-95.504579,29.631659],[-95.505154,29.631415],[-95.505688,29.631214],[-95.505922,29.631119],[-95.506358,29.630982],[-95.506502,29.630917],[-95.507529,29.630527],[-95.507543,29.630521]]},"properties":{"Full_Name":"MAIN ST","ped_crash_count":0,"ped_death_count":0,"total_crash_count":3,"MilesLength":0.50000001}},{"type":"Feature","geometry":{"type":"LineString","coordinates":[[-95.469524,29.645158],[-95.470784,29.644672],[-95.471241,29.644494],[-95.471635,29.644331],[-95.476151,29.642535],[-95.4771,29.642173]]},"properties":{"Full_Name":"MAIN ST","ped_crash_count":0,"ped_death_count":0,"total_crash_count":2,"MilesLength":0.49999999}},{"type":"Feature","geometry":{"type":"LineString","coordinates":[[-95.46192,29.648089],[-95.469524,29.645158]]},"properties":{"Full_Name":"MAIN ST","ped_crash_count":0,"ped_death_count":0,"total_crash_count":6,"MilesLength":0.50000001}},{"type":"Feature","geometry":{"type":"LineString","coordinates":[[-95.5103,29.629559],[-95.512972,29.628551],[-95.516771,29.626924],[-95.517839,29.626511]]},"properties":{"Full_Name":"MAIN ST","ped_crash_count":0,"ped_death_count":0,"total_crash_count":6,"MilesLength":0.50000002}},{"type":"Feature","geometry":{"type":"LineString","coordinates":[[-95.502716,29.632526],[-95.502884,29.632461],[-95.503588,29.632192],[-95.504621,29.631768],[-95.504689,29.631741],[-95.505983,29.631249],[-95.506939,29.630889],[-95.507553,29.630659],[-95.507555,29.630658],[-95.508296,29.630362],[-95.510215,29.629591],[-95.5103,29.629559]]},"properties":{"Full_Name":"MAIN ST","ped_crash_count":0,"ped_death_count":0,"total_crash_count":7,"MilesLength":0.49999998}},{"type":"Feature","geometry":{"type":"LineString","coordinates":[[-95.495081,29.635389],[-95.496029,29.635014],[-95.497269,29.634604],[-95.498481,29.634164],[-95.500499,29.633392],[-95.501756,29.632895],[-95.502716,29.632526]]},"properties":{"Full_Name":"MAIN ST","ped_crash_count":1,"ped_death_count":1,"total_crash_count":4,"MilesLength":0.49999997}},{"type":"Feature","geometry":{"type":"LineString","coordinates":[[-95.487488,29.638337],[-95.489184,29.637662],[-95.49304,29.636167],[-95.493055,29.636162],[-95.493343,29.636076],[-95.495081,29.635389]]},"properties":{"Full_Name":"MAIN ST","ped_crash_count":1,"ped_death_count":1,"total_crash_count":3,"MilesLength":0.49999999}},{"type":"Feature","geometry":{"type":"LineString","coordinates":[[-95.479965,29.641419],[-95.480281,29.641304],[-95.481165,29.640909],[-95.481213,29.640888],[-95.482255,29.640422],[-95.482455,29.640353],[-95.485531,29.639121],[-95.48727,29.638424],[-95.487488,29.638337]]},"properties":{"Full_Name":"MAIN ST","ped_crash_count":0,"ped_death_count":0,"total_crash_count":3,"MilesLength":0.49999999}},{"type":"Feature","geometry":{"type":"LineString","coordinates":[[-95.464717,29.647195],[-95.470212,29.645071],[-95.472315,29.644252]]},"properties":{"Full_Name":"MAIN ST","ped_crash_count":0,"ped_death_count":0,"total_crash_count":6,"MilesLength":0.49999997}},{"type":"Feature","geometry":{"type":"LineString","coordinates":[[-95.436884,29.665873],[-95.437687,29.66484],[-95.437829,29.664668],[-95.438029,29.664414],[-95.438271,29.664106],[-95.439279,29.662825],[-95.439327,29.662765],[-95.439717,29.662283],[-95.440897,29.660831],[-95.441502,29.660086],[-95.441584,29.659893]]},"properties":{"Full_Name":"MAIN ST","ped_crash_count":0,"ped_death_count":0,"total_crash_count":5,"MilesLength":0.50000002}},{"type":"Feature","geometry":{"type":"LineString","coordinates":[[-95.432152,29.671842],[-95.432617,29.671251],[-95.433953,29.669578],[-95.434356,29.669075],[-95.434762,29.668591],[-95.43517,29.668061],[-95.43667,29.666148],[-95.436884,29.665873]]},"properties":{"Full_Name":"MAIN ST","ped_crash_count":0,"ped_death_count":0,"total_crash_count":4,"MilesLength":0.5}},{"type":"Feature","geometry":{"type":"LineString","coordinates":[[-95.427452,29.67783],[-95.427498,29.677774],[-95.427498,29.677774],[-95.427741,29.677479],[-95.427906,29.677279],[-95.428385,29.676652],[-95.428501,29.6765],[-95.429454,29.675258],[-95.429861,29.674783],[-95.431214,29.67306],[-95.431961,29.672086],[-95.432152,29.671842]]},"properties":{"Full_Name":"MAIN ST","ped_crash_count":5,"ped_death_count":2,"total_crash_count":14,"MilesLength":0.49999997}},{"type":"Feature","geometry":{"type":"LineString","coordinates":[[-95.422717,29.683797],[-95.422998,29.683435],[-95.423739,29.682483],[-95.423871,29.682336],[-95.424074,29.682078],[-95.424303,29.681797],[-95.424688,29.681303],[-95.425874,29.679851],[-95.426512,29.679029],[-95.427303,29.678011],[-95.427452,29.67783]]},"properties":{"Full_Name":"MAIN ST","ped_crash_count":4,"ped_death_count":1,"total_crash_count":9,"MilesLength":0.5}},{"type":"Feature","geometry":{"type":"LineString","coordinates":[[-95.417967,29.689755],[-95.418694,29.688865],[-95.41974,29.687551],[-95.42023,29.686948],[-95.420872,29.686143],[-95.421185,29.685729],[-95.42139,29.685465],[-95.421552,29.685284],[-95.421883,29.684866],[-95.422377,29.684234],[-95.422717,29.683797]]},"properties":{"Full_Name":"MAIN ST","ped_crash_count":1,"ped_death_count":0,"total_crash_count":6,"MilesLength":0.50000001}},{"type":"Feature","geometry":{"type":"LineString","coordinates":[[-95.391174,29.723668],[-95.391326,29.723582],[-95.391664,29.723157],[-95.392112,29.722598],[-95.392648,29.721914],[-95.393662,29.720643],[-95.394996,29.718947]]},"properties":{"Full_Name":"MAIN ST","ped_crash_count":2,"ped_death_count":0,"total_crash_count":3,"MilesLength":0.39895042}},{"type":"Feature","geometry":{"type":"LineString","coordinates":[[-95.409183,29.70103],[-95.409637,29.700445],[-95.410457,29.699429],[-95.411335,29.69834],[-95.41179,29.697754],[-95.412089,29.69737],[-95.412397,29.697003],[-95.413211,29.695927],[-95.41336,29.695759],[-95.413905,29.695055]]},"properties":{"Full_Name":"MAIN ST","ped_crash_count":1,"ped_death_count":0,"total_crash_count":4,"MilesLength":0.49999999}},{"type":"Feature","geometry":{"type":"LineString","coordinates":[[-95.404462,29.707007],[-95.405073,29.706251],[-95.405919,29.705162],[-95.406659,29.704221],[-95.407257,29.703447],[-95.407838,29.702735],[-95.409007,29.701257],[-95.409183,29.70103]]},"properties":{"Full_Name":"MAIN ST","ped_crash_count":0,"ped_death_count":0,"total_crash_count":2,"MilesLength":0.49999999}},{"type":"Feature","geometry":{"type":"LineString","coordinates":[[-95.368354,29.752643],[-95.368475,29.752489],[-95.369061,29.751736],[-95.369152,29.751625],[-95.369659,29.750993],[-95.370252,29.750235],[-95.370824,29.749488],[-95.370954,29.749325],[-95.371045,29.74921],[-95.371424,29.748734],[-95.372025,29.748013],[-95.372614,29.747263],[-95.373081,29.746669]]},"properties":{"Full_Name":"MAIN ST","ped_crash_count":4,"ped_death_count":1,"total_crash_count":8,"MilesLength":0.49999999}},{"type":"Feature","geometry":{"type":"LineString","coordinates":[[-95.377324,29.686735],[-95.377255,29.686704],[-95.374732,29.685909],[-95.371661,29.684952],[-95.371526,29.684904],[-95.371522,29.684903]]},"properties":{"Full_Name":"MAINER ST","ped_crash_count":1,"ped_death_count":0,"total_crash_count":3,"MilesLength":0.37106219}},{"type":"Feature","geometry":{"type":"LineString","coordinates":[[-95.371522,29.684903],[-95.368273,29.683903],[-95.36582,29.683113]]},"properties":{"Full_Name":"MAINER ST","ped_crash_count":1,"ped_death_count":0,"total_crash_count":3,"MilesLength":0.36439719}},{"type":"Feature","geometry":{"type":"LineString","coordinates":[[-95.359737,29.65983],[-95.358649,29.659844],[-95.355491,29.659868],[-95.355315,29.659892],[-95.354912,29.65987],[-95.354575,29.659852],[-95.353547,29.659777],[-95.353232,29.659749],[-95.352703,29.659744],[-95.351785,29.659756],[-95.351434,29.65976]]},"properties":{"Full_Name":"MALLOW ST","ped_crash_count":0,"ped_death_count":0,"total_crash_count":2,"MilesLength":0.49999999}},{"type":"Feature","geometry":{"type":"LineString","coordinates":[[-95.278704,29.718147],[-95.278364,29.718141],[-95.277041,29.718157],[-95.275772,29.718176],[-95.274511,29.718191],[-95.273167,29.71823],[-95.272016,29.718255],[-95.271184,29.718278],[-95.270389,29.718299]]},"properties":{"Full_Name":"MANCHESTER ST","ped_crash_count":0,"ped_death_count":0,"total_crash_count":3,"MilesLength":0.50000002}},{"type":"Feature","geometry":{"type":"LineString","coordinates":[[-95.458887,29.807664],[-95.458904,29.807952],[-95.458912,29.808332],[-95.458986,29.809802],[-95.458978,29.810246],[-95.458981,29.81041],[-95.458984,29.81058],[-95.458974,29.811136],[-95.458967,29.811256],[-95.459103,29.811929],[-95.459169,29.812405],[-95.459259,29.814092],[-95.459286,29.814906]]},"properties":{"Full_Name":"MANGUM RD","ped_crash_count":2,"ped_death_count":0,"total_crash_count":3,"MilesLength":0.50000004}},{"type":"Feature","geometry":{"type":"LineString","coordinates":[[-95.462669,29.835527],[-95.462717,29.836209],[-95.462728,29.836385],[-95.462785,29.836952],[-95.462862,29.838029],[-95.462903,29.838463],[-95.462965,29.839129],[-95.463005,29.83985],[-95.463033,29.840345],[-95.463045,29.841009],[-95.46304,29.84166],[-95.463042,29.842315],[-95.463036,29.842776]]},"properties":{"Full_Name":"MANGUM RD","ped_crash_count":0,"ped_death_count":0,"total_crash_count":3,"MilesLength":0.50000002}},{"type":"Feature","geometry":{"type":"LineString","coordinates":[[-95.265693,29.798926],[-95.265738,29.801216],[-95.26582,29.801552],[-95.265982,29.801778],[-95.266246,29.801965],[-95.266857,29.802365],[-95.267205,29.802599]]},"properties":{"Full_Name":"MANITOU DR","ped_crash_count":0,"ped_death_count":0,"total_crash_count":3,"MilesLength":0.29250703}},{"type":"Feature","geometry":{"type":"LineString","coordinates":[[-95.297112,29.77266],[-95.296713,29.772559],[-95.296516,29.772536],[-95.296224,29.772528],[-95.294625,29.772573],[-95.293023,29.772605],[-95.292651,29.772619],[-95.292201,29.772706],[-95.291423,29.772902],[-95.291132,29.772883],[-95.289913,29.772846],[-95.289519,29.772838],[-95.28917,29.772795],[-95.288861,29.772761]]},"properties":{"Full_Name":"MARKET ST","ped_crash_count":0,"ped_death_count":0,"total_crash_count":3,"MilesLength":0.50000005}},{"type":"Feature","geometry":{"type":"LineString","coordinates":[[-95.272409,29.770632],[-95.272054,29.770581],[-95.27081,29.770372],[-95.269502,29.770179],[-95.267458,29.769864],[-95.267042,29.76981],[-95.266745,29.769764],[-95.265802,29.769675],[-95.265411,29.769623],[-95.265147,29.769588],[-95.264817,29.769544],[-95.264202,29.769443]]},"properties":{"Full_Name":"MARKET ST","ped_crash_count":0,"ped_death_count":0,"total_crash_count":2,"MilesLength":0.49999999}},{"type":"Feature","geometry":{"type":"LineString","coordinates":[[-95.206304,29.76758],[-95.206089,29.767585],[-95.204802,29.767641],[-95.204343,29.767654],[-95.204143,29.76767],[-95.203775,29.767702],[-95.203329,29.767704],[-95.202132,29.767757],[-95.201915,29.767766],[-95.200583,29.76783],[-95.199622,29.767878],[-95.19909,29.767897],[-95.198917,29.767911],[-95.198644,29.767922],[-95.19841,29.767934],[-95.19803,29.767949],[-95.197995,29.767951]]},"properties":{"Full_Name":"MARKET ST","ped_crash_count":0,"ped_death_count":0,"total_crash_count":3,"MilesLength":0.49999997}},{"type":"Feature","geometry":{"type":"LineString","coordinates":[[-95.214613,29.76721],[-95.214322,29.76722],[-95.213269,29.767252],[-95.212492,29.7673],[-95.212007,29.767329],[-95.211665,29.76735],[-95.211401,29.76736],[-95.207788,29.767494],[-95.207062,29.767566],[-95.206304,29.76758]]},"properties":{"Full_Name":"MARKET ST","ped_crash_count":2,"ped_death_count":0,"total_crash_count":3,"MilesLength":0.50000001}},{"type":"Feature","geometry":{"type":"LineString","coordinates":[[-95.335748,29.707969],[-95.335323,29.707129],[-95.334937,29.706336],[-95.334465,29.705428],[-95.334385,29.705276],[-95.334315,29.705124],[-95.334249,29.704947],[-95.334213,29.704758],[-95.334198,29.704583],[-95.334212,29.704383],[-95.334251,29.704202],[-95.334311,29.704023],[-95.335158,29.701909],[-95.33545,29.701162]]},"properties":{"Full_Name":"MARTIN LUTHER KING BLVD","ped_crash_count":1,"ped_death_count":0,"total_crash_count":4,"MilesLength":0.49999998}},{"type":"Feature","geometry":{"type":"LineString","coordinates":[[-95.336396,29.652447],[-95.336397,29.652327],[-95.336388,29.651847],[-95.336432,29.651412],[-95.336507,29.650922],[-95.336823,29.65011],[-95.336995,29.64969],[-95.337223,29.648837],[-95.337291,29.648018],[-95.33723,29.647182],[-95.337132,29.646366],[-95.337068,29.645807],[-95.337032,29.6453]]},"properties":{"Full_Name":"MARTIN LUTHER KING BLVD","ped_crash_count":0,"ped_death_count":0,"total_crash_count":2,"MilesLength":0.49999998}},{"type":"Feature","geometry":{"type":"LineString","coordinates":[[-95.336551,29.659706],[-95.33652,29.658628],[-95.336511,29.65792],[-95.336512,29.657727],[-95.33648,29.656941],[-95.336456,29.656161],[-95.336447,29.655388],[-95.336437,29.654621],[-95.336413,29.653848],[-95.336396,29.653081],[-95.336396,29.652447]]},"properties":{"Full_Name":"MARTIN LUTHER KING BLVD","ped_crash_count":2,"ped_death_count":2,"total_crash_count":5,"MilesLength":0.50000005}},{"type":"Feature","geometry":{"type":"LineString","coordinates":[[-95.337216,29.666913],[-95.337202,29.666345],[-95.337195,29.66586],[-95.337193,29.66544],[-95.337164,29.664663],[-95.337139,29.663906],[-95.33704,29.663165],[-95.336824,29.662419],[-95.33667,29.661937],[-95.336622,29.661685],[-95.336611,29.661159],[-95.336577,29.660741],[-95.336559,29.65998],[-95.336551,29.659706]]},"properties":{"Full_Name":"MARTIN LUTHER KING BLVD","ped_crash_count":0,"ped_death_count":0,"total_crash_count":5,"MilesLength":0.49999999}},{"type":"Feature","geometry":{"type":"LineString","coordinates":[[-95.336415,29.674079],[-95.336413,29.673879],[-95.336443,29.673762],[-95.336564,29.672968],[-95.336827,29.672245],[-95.336965,29.671886],[-95.337242,29.670783],[-95.33731,29.669985],[-95.337294,29.669198],[-95.337259,29.668408],[-95.337234,29.667604],[-95.337229,29.667385],[-95.337217,29.666935],[-95.337216,29.666913]]},"properties":{"Full_Name":"MARTIN LUTHER KING BLVD","ped_crash_count":2,"ped_death_count":0,"total_crash_count":7,"MilesLength":0.50000002}},{"type":"Feature","geometry":{"type":"LineString","coordinates":[[-95.338684,29.680636],[-95.338592,29.680525],[-95.33782,29.679946],[-95.337133,29.679352],[-95.336833,29.678949],[-95.336619,29.678455],[-95.336509,29.676973],[-95.336453,29.676208],[-95.336444,29.675424],[-95.336411,29.674685],[-95.336417,29.67423],[-95.336415,29.674079]]},"properties":{"Full_Name":"MARTIN LUTHER KING BLVD","ped_crash_count":3,"ped_death_count":1,"total_crash_count":8,"MilesLength":0.49999996}},{"type":"Feature","geometry":{"type":"LineString","coordinates":[[-95.340908,29.687448],[-95.341043,29.687128],[-95.341137,29.686794],[-95.341138,29.686427],[-95.341043,29.685995],[-95.340948,29.685712],[-95.34089,29.68554],[-95.340789,29.685238],[-95.340606,29.6848],[-95.340321,29.684067],[-95.340059,29.683345],[-95.339763,29.682614],[-95.339468,29.681884],[-95.339117,29.681165],[-95.338684,29.680636]]},"properties":{"Full_Name":"MARTIN LUTHER KING BLVD","ped_crash_count":1,"ped_death_count":1,"total_crash_count":12,"MilesLength":0.49999999}},{"type":"Feature","geometry":{"type":"LineString","coordinates":[[-95.338181,29.694305],[-95.3382,29.69426],[-95.338505,29.693513],[-95.338778,29.69278],[-95.339084,29.692073],[-95.33937,29.691342],[-95.339654,29.690598],[-95.33994,29.689881],[-95.340208,29.689115],[-95.340437,29.688563],[-95.340896,29.687476],[-95.340908,29.687448]]},"properties":{"Full_Name":"MARTIN LUTHER KING BLVD","ped_crash_count":0,"ped_death_count":0,"total_crash_count":6,"MilesLength":0.50000003}},{"type":"Feature","geometry":{"type":"LineString","coordinates":[[-95.33545,29.701162],[-95.335495,29.701046],[-95.335804,29.700281],[-95.336571,29.698375],[-95.336773,29.697897],[-95.33696,29.697438],[-95.337043,29.697212],[-95.337338,29.696439],[-95.337444,29.696166],[-95.337631,29.695689],[-95.337915,29.694971],[-95.338181,29.694305]]},"properties":{"Full_Name":"MARTIN LUTHER KING BLVD","ped_crash_count":1,"ped_death_count":0,"total_crash_count":5,"MilesLength":0.50000001}},{"type":"Feature","geometry":{"type":"LineString","coordinates":[[-95.218918,29.802617],[-95.218888,29.800637],[-95.21885,29.799653],[-95.218835,29.798355]]},"properties":{"Full_Name":"MAXEY RD","ped_crash_count":0,"ped_death_count":0,"total_crash_count":3,"MilesLength":0.29355378}},{"type":"Feature","geometry":{"type":"LineString","coordinates":[[-95.218499,29.776579],[-95.218498,29.77653],[-95.21828,29.775843],[-95.218269,29.775457],[-95.218455,29.775281],[-95.218429,29.774285],[-95.218425,29.773976],[-95.218414,29.77345],[-95.218395,29.772925],[-95.218361,29.771174],[-95.218356,29.770699]]},"properties":{"Full_Name":"MAXEY RD","ped_crash_count":3,"ped_death_count":0,"total_crash_count":5,"MilesLength":0.41114139}},{"type":"Feature","geometry":{"type":"LineString","coordinates":[[-95.218655,29.783837],[-95.218651,29.783635],[-95.218598,29.780652],[-95.218585,29.780094],[-95.218582,29.779977],[-95.218563,29.779161],[-95.218561,29.779076],[-95.218551,29.778651],[-95.21854,29.778172],[-95.218537,29.778041],[-95.218529,29.77776],[-95.218525,29.777549],[-95.218509,29.776964],[-95.218499,29.776579]]},"properties":{"Full_Name":"MAXEY RD","ped_crash_count":2,"ped_death_count":2,"total_crash_count":4,"MilesLength":0.49999999}},{"type":"Feature","geometry":{"type":"LineString","coordinates":[[-95.218687,29.791096],[-95.218658,29.7888],[-95.218694,29.787971],[-95.218698,29.786617],[-95.218662,29.78415],[-95.218655,29.783837]]},"properties":{"Full_Name":"MAXEY RD","ped_crash_count":1,"ped_death_count":0,"total_crash_count":6,"MilesLength":0.50000002}},{"type":"Feature","geometry":{"type":"LineString","coordinates":[[-95.406217,29.774167],[-95.407327,29.774151],[-95.408425,29.774136],[-95.409559,29.774125],[-95.409666,29.774116],[-95.410659,29.774105],[-95.411616,29.774085],[-95.412572,29.774074],[-95.413535,29.774054],[-95.41423,29.774049],[-95.414334,29.774078]]},"properties":{"Full_Name":"MAXIE ST","ped_crash_count":0,"ped_death_count":0,"total_crash_count":2,"MilesLength":0.4880898}},{"type":"Feature","geometry":{"type":"LineString","coordinates":[[-95.364811,29.739819],[-95.364625,29.739712],[-95.363785,29.739198],[-95.363445,29.739],[-95.362931,29.738677],[-95.362088,29.738182],[-95.361224,29.737657],[-95.360371,29.73714],[-95.359522,29.736629],[-95.358678,29.736116],[-95.357963,29.735697]]},"properties":{"Full_Name":"MC GOWEN ST","ped_crash_count":1,"ped_death_count":0,"total_crash_count":4,"MilesLength":0.49999999}},{"type":"Feature","geometry":{"type":"LineString","coordinates":[[-95.37166,29.743938],[-95.37149,29.743836],[-95.370627,29.743321],[-95.369775,29.742806],[-95.369473,29.742621],[-95.368909,29.742282],[-95.368074,29.741768],[-95.367195,29.741263],[-95.366376,29.740763],[-95.366088,29.740587],[-95.365869,29.740453],[-95.365714,29.740358],[-95.36548,29.740215],[-95.365185,29.740035],[-95.364811,29.739819]]},"properties":{"Full_Name":"MC GOWEN ST","ped_crash_count":0,"ped_death_count":0,"total_crash_count":7,"MilesLength":0.50000001}},{"type":"Feature","geometry":{"type":"LineString","coordinates":[[-95.378501,29.748067],[-95.378386,29.747998],[-95.377521,29.747476],[-95.376669,29.746966],[-95.375812,29.746447],[-95.374953,29.745935],[-95.374698,29.745789],[-95.374584,29.74572],[-95.37408,29.745417],[-95.373952,29.745322],[-95.373208,29.744878],[-95.373082,29.744788],[-95.372348,29.744351],[-95.37166,29.743938]]},"properties":{"Full_Name":"MC GOWEN ST","ped_crash_count":0,"ped_death_count":0,"total_crash_count":2,"MilesLength":0.49999997}},{"type":"Feature","geometry":{"type":"LineString","coordinates":[[-95.52022,29.579985],[-95.519575,29.579986],[-95.519518,29.579994],[-95.518304,29.580002],[-95.514536,29.580074],[-95.513181,29.580093]]},"properties":{"Full_Name":"MC HARD RD","ped_crash_count":1,"ped_death_count":1,"total_crash_count":3,"MilesLength":0.42386638}},{"type":"Feature","geometry":{"type":"LineString","coordinates":[[-95.290954,29.69135],[-95.290867,29.691367],[-95.290517,29.691409],[-95.289988,29.691536],[-95.289482,29.691741],[-95.289039,29.692068],[-95.288694,29.692436],[-95.288646,29.692493],[-95.288416,29.692742],[-95.288152,29.692986],[-95.287816,29.693182],[-95.287381,29.693336],[-95.286955,29.69337],[-95.286616,29.693474],[-95.286255,29.69371]]},"properties":{"Full_Name":"MC HENRY ST","ped_crash_count":2,"ped_death_count":0,"total_crash_count":2,"MilesLength":0.33777427}},{"type":"Feature","geometry":{"type":"LineString","coordinates":[[-95.282594,29.784334],[-95.283386,29.783431],[-95.283811,29.782708],[-95.284057,29.781888],[-95.284089,29.780992],[-95.284086,29.780299],[-95.284082,29.779602],[-95.284058,29.778932],[-95.284054,29.778798],[-95.284051,29.778417],[-95.284044,29.778143],[-95.284039,29.777974],[-95.284029,29.777616],[-95.284027,29.777426]]},"properties":{"Full_Name":"MCCARTY ST","ped_crash_count":0,"ped_death_count":0,"total_crash_count":6,"MilesLength":0.50000001}},{"type":"Feature","geometry":{"type":"LineString","coordinates":[[-95.34497,29.744915],[-95.344351,29.744558],[-95.343512,29.744047],[-95.343354,29.743947],[-95.34323,29.743893],[-95.342627,29.743758],[-95.341597,29.743537],[-95.340885,29.74338],[-95.339826,29.743042],[-95.338801,29.742718],[-95.337772,29.742387],[-95.337311,29.742246]]},"properties":{"Full_Name":"MCKINNEY ST","ped_crash_count":0,"ped_death_count":0,"total_crash_count":3,"MilesLength":0.50000002}},{"type":"Feature","geometry":{"type":"LineString","coordinates":[[-95.363734,29.756239],[-95.363199,29.755913],[-95.362333,29.755396],[-95.361473,29.754876],[-95.360614,29.75436],[-95.360396,29.754244],[-95.360237,29.754186],[-95.360068,29.754159],[-95.359893,29.754162],[-95.359477,29.754214],[-95.359098,29.754235],[-95.35891,29.754245],[-95.358754,29.754226],[-95.358482,29.754142],[-95.358379,29.754152]]},"properties":{"Full_Name":"MCKINNEY ST","ped_crash_count":1,"ped_death_count":0,"total_crash_count":3,"MilesLength":0.36675731}},{"type":"Feature","geometry":{"type":"LineString","coordinates":[[-95.567821,29.732619],[-95.567884,29.732642],[-95.568186,29.732742],[-95.568482,29.732824],[-95.568624,29.732861],[-95.568972,29.732934],[-95.569289,29.73298],[-95.569655,29.733022],[-95.57004,29.733042],[-95.570157,29.733047],[-95.570267,29.733048],[-95.571203,29.733033],[-95.571712,29.733022],[-95.572507,29.733013],[-95.572913,29.73301],[-95.57349,29.733007],[-95.573651,29.733003],[-95.573919,29.73299],[-95.574112,29.732976],[-95.574433,29.732937],[-95.57487,29.732856],[-95.575685,29.732707],[-95.576038,29.732661]]},"properties":{"Full_Name":"MEADOWGLEN LN","ped_crash_count":0,"ped_death_count":0,"total_crash_count":3,"MilesLength":0.49999997}},{"type":"Feature","geometry":{"type":"LineString","coordinates":[[-95.345758,29.816903],[-95.345388,29.816907],[-95.342589,29.816921],[-95.34251,29.81693],[-95.342463,29.816982],[-95.342422,29.817041],[-95.34236,29.817064],[-95.339508,29.817091],[-95.337506,29.817114]]},"properties":{"Full_Name":"MELBOURNE ST","ped_crash_count":0,"ped_death_count":0,"total_crash_count":2,"MilesLength":0.49999998}},{"type":"Feature","geometry":{"type":"LineString","coordinates":[[-95.574563,29.772618],[-95.574969,29.772608],[-95.575193,29.772603],[-95.575941,29.772598],[-95.578772,29.77258],[-95.579276,29.772593],[-95.579689,29.772635],[-95.580033,29.772693],[-95.580423,29.772779],[-95.580803,29.772883],[-95.581615,29.773112],[-95.582027,29.773194],[-95.582422,29.773251],[-95.582787,29.773274]]},"properties":{"Full_Name":"MEMORIAL DR","ped_crash_count":1,"ped_death_count":0,"total_crash_count":3,"MilesLength":0.50000002}},{"type":"Feature","geometry":{"type":"LineString","coordinates":[[-95.558482,29.771405],[-95.55871,29.771704],[-95.559094,29.772024],[-95.559538,29.772338],[-95.559953,29.772519],[-95.560381,29.772678],[-95.560701,29.77275],[-95.561068,29.7728],[-95.561423,29.772813],[-95.562424,29.772798],[-95.562685,29.772787],[-95.562883,29.772779],[-95.563165,29.772767],[-95.565817,29.772713],[-95.566242,29.772705]]},"properties":{"Full_Name":"MEMORIAL DR","ped_crash_count":0,"ped_death_count":0,"total_crash_count":3,"MilesLength":0.49999998}},{"type":"Feature","geometry":{"type":"LineString","coordinates":[[-95.412974,29.762905],[-95.41342,29.762901],[-95.414283,29.762721],[-95.414598,29.762531],[-95.415583,29.761717],[-95.416217,29.761487],[-95.416943,29.761416],[-95.41757,29.761383],[-95.418386,29.761374],[-95.419211,29.761369],[-95.420085,29.761359],[-95.420772,29.761363]]},"properties":{"Full_Name":"MEMORIAL DR","ped_crash_count":1,"ped_death_count":0,"total_crash_count":3,"MilesLength":0.5}},{"type":"Feature","geometry":{"type":"LineString","coordinates":[[-95.258828,29.792615],[-95.258857,29.793575],[-95.258813,29.7941],[-95.258832,29.795385],[-95.258839,29.796164],[-95.258852,29.796924],[-95.258872,29.797691],[-95.25888,29.798455],[-95.258893,29.799098]]},"properties":{"Full_Name":"MESA DR","ped_crash_count":0,"ped_death_count":0,"total_crash_count":2,"MilesLength":0.44667247}},{"type":"Feature","geometry":{"type":"LineString","coordinates":[[-95.260567,29.809599],[-95.261027,29.810017],[-95.261288,29.810343],[-95.2615,29.810714],[-95.262053,29.811762],[-95.262268,29.812508],[-95.262351,29.813111],[-95.262377,29.813688],[-95.262379,29.813827],[-95.262379,29.814425],[-95.262395,29.81557]]},"properties":{"Full_Name":"MESA DR","ped_crash_count":0,"ped_death_count":0,"total_crash_count":2,"MilesLength":0.4394671}},{"type":"Feature","geometry":{"type":"LineString","coordinates":[[-95.262389,29.851827],[-95.262401,29.852515],[-95.262396,29.85288],[-95.262393,29.853518],[-95.262404,29.85495],[-95.262407,29.855187],[-95.262413,29.855723],[-95.262421,29.856433],[-95.262427,29.856982],[-95.26243,29.857862],[-95.262424,29.858729],[-95.262429,29.859087]]},"properties":{"Full_Name":"MESA DR","ped_crash_count":2,"ped_death_count":0,"total_crash_count":8,"MilesLength":0.50000002}},{"type":"Feature","geometry":{"type":"LineString","coordinates":[[-95.262311,29.84457],[-95.262317,29.844922],[-95.262316,29.845283],[-95.262321,29.846069],[-95.262313,29.846419],[-95.262334,29.846932],[-95.262323,29.848175],[-95.262341,29.848389],[-95.262355,29.848828],[-95.262374,29.849181],[-95.262367,29.849377],[-95.262343,29.850059],[-95.262378,29.851178],[-95.262389,29.851827]]},"properties":{"Full_Name":"MESA DR","ped_crash_count":1,"ped_death_count":0,"total_crash_count":9,"MilesLength":0.49999998}},{"type":"Feature","geometry":{"type":"LineString","coordinates":[[-95.26222,29.837311],[-95.26222,29.837346],[-95.262226,29.83807],[-95.262224,29.83895],[-95.262241,29.839769],[-95.262261,29.840592],[-95.262262,29.841263],[-95.262261,29.841427],[-95.262268,29.841707],[-95.262272,29.842247],[-95.262276,29.842603],[-95.262281,29.84308],[-95.262295,29.843575],[-95.262304,29.844145],[-95.262311,29.84457]]},"properties":{"Full_Name":"MESA DR","ped_crash_count":2,"ped_death_count":1,"total_crash_count":11,"MilesLength":0.49999999}},{"type":"Feature","geometry":{"type":"LineString","coordinates":[[-95.261989,29.830058],[-95.261991,29.830777],[-95.262015,29.832261],[-95.262023,29.832658],[-95.262029,29.832857],[-95.262048,29.834197],[-95.262045,29.834429],[-95.262043,29.834543],[-95.262061,29.834825],[-95.262093,29.835683],[-95.262159,29.836089],[-95.262182,29.836332],[-95.262207,29.836598],[-95.262215,29.836985],[-95.262221,29.837192],[-95.26222,29.837311]]},"properties":{"Full_Name":"MESA DR","ped_crash_count":0,"ped_death_count":0,"total_crash_count":5,"MilesLength":0.50000001}},{"type":"Feature","geometry":{"type":"LineString","coordinates":[[-95.261889,29.822799],[-95.261885,29.823087],[-95.261931,29.825507],[-95.261931,29.825775],[-95.261931,29.826256],[-95.261945,29.826763],[-95.261954,29.827232],[-95.261958,29.827403],[-95.261961,29.827616],[-95.261975,29.828672],[-95.261982,29.829536],[-95.261988,29.829773],[-95.261989,29.830058]]},"properties":{"Full_Name":"MESA DR","ped_crash_count":0,"ped_death_count":0,"total_crash_count":3,"MilesLength":0.49999998}},{"type":"Feature","geometry":{"type":"LineString","coordinates":[[-95.262429,29.859087],[-95.262437,29.859629],[-95.262443,29.860499],[-95.262463,29.861014],[-95.262456,29.861822],[-95.262458,29.862285],[-95.262471,29.863082],[-95.262477,29.864743],[-95.262499,29.866346]]},"properties":{"Full_Name":"MESA DR","ped_crash_count":0,"ped_death_count":0,"total_crash_count":4,"MilesLength":0.50000001}},{"type":"Feature","geometry":{"type":"LineString","coordinates":[[-95.360996,29.76709],[-95.360883,29.766895],[-95.36081,29.766688],[-95.360758,29.766486],[-95.360735,29.766247],[-95.360752,29.766061],[-95.36082,29.765802],[-95.360992,29.765317],[-95.361123,29.765039],[-95.361263,29.764802],[-95.361883,29.764046],[-95.362481,29.7633],[-95.363071,29.762545],[-95.363125,29.762477]]},"properties":{"Full_Name":"MILAM ST","ped_crash_count":0,"ped_death_count":0,"total_crash_count":2,"MilesLength":0.36128376}},{"type":"Feature","geometry":{"type":"LineString","coordinates":[[-95.377313,29.744559],[-95.377865,29.743858],[-95.378311,29.743288],[-95.378791,29.742687],[-95.379348,29.741979],[-95.379811,29.741407],[-95.380259,29.740812],[-95.380833,29.740095],[-95.381287,29.739523],[-95.381814,29.738876],[-95.382088,29.738619]]},"properties":{"Full_Name":"MILAM ST","ped_crash_count":3,"ped_death_count":0,"total_crash_count":3,"MilesLength":0.49999999}},{"type":"Feature","geometry":{"type":"LineString","coordinates":[[-95.367855,29.756504],[-95.368433,29.755764],[-95.369023,29.755033],[-95.369031,29.755022],[-95.369623,29.754283],[-95.370209,29.753543],[-95.37081,29.75279],[-95.371407,29.752038],[-95.371986,29.751288],[-95.372066,29.751202],[-95.372588,29.750537],[-95.37259,29.750535]]},"properties":{"Full_Name":"MILAM ST","ped_crash_count":3,"ped_death_count":0,"total_crash_count":6,"MilesLength":0.5}},{"type":"Feature","geometry":{"type":"LineString","coordinates":[[-95.30193,29.817149],[-95.301057,29.817151],[-95.3007,29.817129],[-95.300308,29.817031],[-95.30001,29.816971],[-95.297916,29.816969],[-95.293659,29.816976],[-95.29363,29.816977]]},"properties":{"Full_Name":"MILEY ST","ped_crash_count":1,"ped_death_count":0,"total_crash_count":4,"MilesLength":0.5}},{"type":"Feature","geometry":{"type":"LineString","coordinates":[[-95.578261,29.657795],[-95.578558,29.656979],[-95.5786,29.656728],[-95.578621,29.656511],[-95.578552,29.655862],[-95.57834,29.655124],[-95.57815,29.654363],[-95.578014,29.653616],[-95.578107,29.652951],[-95.578284,29.652464]]},"properties":{"Full_Name":"MISTY GLEN LN","ped_crash_count":0,"ped_death_count":0,"total_crash_count":2,"MilesLength":0.37586175}},{"type":"Feature","geometry":{"type":"LineString","coordinates":[[-95.471753,29.813467],[-95.472628,29.813445],[-95.473658,29.813425],[-95.476398,29.81336]]},"properties":{"Full_Name":"MITCHELLDALE ST","ped_crash_count":0,"ped_death_count":0,"total_crash_count":2,"MilesLength":0.2790677}},{"type":"Feature","geometry":{"type":"LineString","coordinates":[[-95.306351,29.877609],[-95.306102,29.877611],[-95.304452,29.877623],[-95.302626,29.877636],[-95.301958,29.877643],[-95.300617,29.877649],[-95.300376,29.877666],[-95.298021,29.877682]]},"properties":{"Full_Name":"MOHAWK ST","ped_crash_count":0,"ped_death_count":0,"total_crash_count":2,"MilesLength":0.49999999}},{"type":"Feature","geometry":{"type":"LineString","coordinates":[[-95.260433,29.670131],[-95.260832,29.669936],[-95.261349,29.669696],[-95.262032,29.669354],[-95.262185,29.669271],[-95.262375,29.669169],[-95.262476,29.669115],[-95.262662,29.669014],[-95.263047,29.668567],[-95.263193,29.66793],[-95.263173,29.667101],[-95.263177,29.666287],[-95.263159,29.665458],[-95.26315,29.664636],[-95.263144,29.664124]]},"properties":{"Full_Name":"MONROE RD","ped_crash_count":0,"ped_death_count":0,"total_crash_count":2,"MilesLength":0.49999997}},{"type":"Feature","geometry":{"type":"LineString","coordinates":[[-95.266767,29.621194],[-95.266763,29.620977],[-95.266745,29.619922],[-95.26673,29.618872],[-95.266725,29.617811],[-95.266714,29.616754],[-95.266699,29.615698],[-95.266628,29.614409],[-95.266623,29.613936]]},"properties":{"Full_Name":"MONROE RD","ped_crash_count":0,"ped_death_count":0,"total_crash_count":2,"MilesLength":0.49999997}},{"type":"Feature","geometry":{"type":"LineString","coordinates":[[-95.264958,29.64987],[-95.264946,29.648909],[-95.264914,29.648122],[-95.264913,29.647709],[-95.264882,29.646592],[-95.26486,29.645552],[-95.264857,29.6454],[-95.264843,29.644759],[-95.264809,29.643222],[-95.264793,29.642611]]},"properties":{"Full_Name":"MONROE RD","ped_crash_count":0,"ped_death_count":0,"total_crash_count":6,"MilesLength":0.49999998}},{"type":"Feature","geometry":{"type":"LineString","coordinates":[[-95.391157,29.737159],[-95.391154,29.737027],[-95.39115,29.736173],[-95.391138,29.735317],[-95.391137,29.734481],[-95.391135,29.734402],[-95.391112,29.73336],[-95.391101,29.732569],[-95.391094,29.731974],[-95.391091,29.731735],[-95.391081,29.73095],[-95.39108,29.730683],[-95.391077,29.730145],[-95.391072,29.729899]]},"properties":{"Full_Name":"MONTROSE BLVD","ped_crash_count":0,"ped_death_count":0,"total_crash_count":3,"MilesLength":0.49999999}},{"type":"Feature","geometry":{"type":"LineString","coordinates":[[-95.391259,29.744418],[-95.391253,29.743459],[-95.391225,29.742371],[-95.391216,29.74134],[-95.391202,29.740484],[-95.391197,29.739636],[-95.391181,29.738782],[-95.391172,29.737873],[-95.391157,29.737159]]},"properties":{"Full_Name":"MONTROSE BLVD","ped_crash_count":4,"ped_death_count":0,"total_crash_count":5,"MilesLength":0.49999996}},{"type":"Feature","geometry":{"type":"LineString","coordinates":[[-95.392359,29.758839],[-95.392334,29.758096],[-95.392278,29.757468],[-95.392189,29.755492],[-95.392124,29.753334],[-95.392129,29.75295],[-95.392135,29.752529],[-95.392129,29.751777],[-95.392121,29.751583]]},"properties":{"Full_Name":"MONTROSE BLVD","ped_crash_count":1,"ped_death_count":0,"total_crash_count":3,"MilesLength":0.50000003}},{"type":"Feature","geometry":{"type":"LineString","coordinates":[[-95.425975,29.863608],[-95.426262,29.864234],[-95.42637,29.864253],[-95.426471,29.864277],[-95.426554,29.864448],[-95.426647,29.864674],[-95.42668,29.864823],[-95.426686,29.865395],[-95.426692,29.865491],[-95.4267,29.866062],[-95.426726,29.867217],[-95.426748,29.868815],[-95.426762,29.869983],[-95.426764,29.870644]]},"properties":{"Full_Name":"MOUNT ST","ped_crash_count":0,"ped_death_count":0,"total_crash_count":2,"MilesLength":0.49999997}},{"type":"Feature","geometry":{"type":"LineString","coordinates":[[-95.420703,29.685236],[-95.420918,29.685239],[-95.421283,29.685258],[-95.421552,29.685284],[-95.422148,29.685335],[-95.422483,29.685361],[-95.422824,29.685368],[-95.424002,29.685394],[-95.424484,29.685401],[-95.425074,29.685473],[-95.425507,29.685606],[-95.425736,29.685693],[-95.426027,29.685774],[-95.426304,29.685837],[-95.426589,29.685868],[-95.427051,29.685882],[-95.427227,29.685889]]},"properties":{"Full_Name":"MURWORTH DR","ped_crash_count":0,"ped_death_count":0,"total_crash_count":2,"MilesLength":0.39750028}},{"type":"Feature","geometry":{"type":"LineString","coordinates":[[-95.305966,29.625145],[-95.305419,29.623376],[-95.305005,29.622003],[-95.304671,29.620863],[-95.304344,29.619756],[-95.303979,29.618549],[-95.30385,29.618124]]},"properties":{"Full_Name":"MYKAWA RD","ped_crash_count":0,"ped_death_count":0,"total_crash_count":2,"MilesLength":0.49999998}},{"type":"Feature","geometry":{"type":"LineString","coordinates":[[-95.312317,29.646206],[-95.312219,29.645862],[-95.311432,29.643453],[-95.311056,29.642189],[-95.310776,29.641248],[-95.310576,29.640601],[-95.310155,29.639196]]},"properties":{"Full_Name":"MYKAWA RD","ped_crash_count":0,"ped_death_count":0,"total_crash_count":2,"MilesLength":0.49999994}},{"type":"Feature","geometry":{"type":"LineString","coordinates":[[-95.459386,29.681982],[-95.460061,29.681914],[-95.460371,29.681843],[-95.460982,29.681561],[-95.461633,29.680988],[-95.462196,29.680583],[-95.462848,29.680298],[-95.463729,29.680076],[-95.465922,29.679878],[-95.467019,29.679687]]},"properties":{"Full_Name":"N BRAESWOOD BLVD","ped_crash_count":0,"ped_death_count":0,"total_crash_count":3,"MilesLength":0.49999997}},{"type":"Feature","geometry":{"type":"LineString","coordinates":[[-95.308278,29.737554],[-95.307908,29.738445],[-95.307733,29.738875],[-95.307647,29.739108],[-95.307491,29.73949],[-95.307432,29.739583],[-95.307146,29.740302],[-95.306853,29.740962],[-95.306565,29.741677],[-95.306279,29.742348],[-95.306006,29.743006],[-95.30573,29.743672],[-95.305644,29.743902],[-95.305469,29.74434],[-95.305452,29.74438]]},"properties":{"Full_Name":"N CESAR CHAVEZ BLVD","ped_crash_count":2,"ped_death_count":0,"total_crash_count":3,"MilesLength":0.49999997}},{"type":"Feature","geometry":{"type":"LineString","coordinates":[[-95.305452,29.74438],[-95.305189,29.744991],[-95.304868,29.745767],[-95.304592,29.746432],[-95.304307,29.747096],[-95.304035,29.747758],[-95.30377,29.748406],[-95.303488,29.749068],[-95.303226,29.749721],[-95.302949,29.750388],[-95.302666,29.751044],[-95.302602,29.7512]]},"properties":{"Full_Name":"N CESAR CHAVEZ BLVD","ped_crash_count":1,"ped_death_count":0,"total_crash_count":3,"MilesLength":0.50000001}},{"type":"Feature","geometry":{"type":"LineString","coordinates":[[-95.349137,29.763876],[-95.349314,29.763138],[-95.349396,29.762258],[-95.349458,29.761542],[-95.349579,29.760668],[-95.349629,29.760468],[-95.349714,29.760266],[-95.349816,29.760032],[-95.349964,29.759846],[-95.350309,29.759377]]},"properties":{"Full_Name":"N CHARTRES ST","ped_crash_count":1,"ped_death_count":1,"total_crash_count":3,"MilesLength":0.32298485}},{"type":"Feature","geometry":{"type":"LineString","coordinates":[[-95.352664,29.759632],[-95.35207,29.760369],[-95.351053,29.761851],[-95.350953,29.762052],[-95.350985,29.762228],[-95.35109,29.762324],[-95.351329,29.762539],[-95.351761,29.762929],[-95.352055,29.763195]]},"properties":{"Full_Name":"N CHENEVERT ST","ped_crash_count":0,"ped_death_count":0,"total_crash_count":2,"MilesLength":0.30093764}},{"type":"Feature","geometry":{"type":"LineString","coordinates":[[-95.613002,29.78565],[-95.613244,29.785656],[-95.613512,29.785669],[-95.613743,29.785719],[-95.613966,29.785788],[-95.614245,29.785916],[-95.614473,29.786061],[-95.614777,29.786303],[-95.614987,29.786555],[-95.615177,29.786719],[-95.615304,29.786842],[-95.615523,29.787038],[-95.615637,29.787098],[-95.615796,29.787178],[-95.616005,29.787288],[-95.61618,29.787356],[-95.616439,29.78744],[-95.617152,29.787494],[-95.617669,29.787486],[-95.618697,29.787488]]},"properties":{"Full_Name":"N DAIRY ASHFORD RD","ped_crash_count":1,"ped_death_count":1,"total_crash_count":3,"MilesLength":0.38514945}},{"type":"Feature","geometry":{"type":"LineString","coordinates":[[-95.343996,29.754459],[-95.343918,29.754483],[-95.343827,29.754538],[-95.343764,29.754593],[-95.343683,29.75469],[-95.34289,29.755691],[-95.342068,29.756733],[-95.341921,29.756902],[-95.341429,29.757522]]},"properties":{"Full_Name":"N DELANO ST","ped_crash_count":0,"ped_death_count":0,"total_crash_count":2,"MilesLength":0.26269982}},{"type":"Feature","geometry":{"type":"LineString","coordinates":[[-95.412324,29.806833],[-95.412349,29.807828],[-95.412357,29.808843],[-95.412383,29.809874],[-95.412398,29.81089],[-95.412396,29.811136],[-95.412379,29.811431],[-95.412294,29.811915],[-95.412232,29.812043],[-95.412109,29.812346],[-95.41206,29.81246],[-95.411876,29.812744],[-95.411736,29.812961],[-95.411609,29.813156],[-95.411164,29.813844]]},"properties":{"Full_Name":"N DURHAM DR","ped_crash_count":0,"ped_death_count":0,"total_crash_count":5,"MilesLength":0.49999998}},{"type":"Feature","geometry":{"type":"LineString","coordinates":[[-95.411703,29.799647],[-95.411705,29.799707],[-95.411808,29.800019],[-95.41205,29.800485],[-95.412114,29.800715],[-95.412188,29.800997],[-95.41223,29.801728],[-95.412244,29.802745],[-95.412263,29.803769],[-95.412283,29.80478],[-95.4123,29.8058],[-95.412303,29.805955],[-95.412324,29.806812],[-95.412324,29.806833]]},"properties":{"Full_Name":"N DURHAM DR","ped_crash_count":1,"ped_death_count":0,"total_crash_count":4,"MilesLength":0.5}},{"type":"Feature","geometry":{"type":"LineString","coordinates":[[-95.621333,29.771382],[-95.620793,29.772002],[-95.620326,29.772696],[-95.620096,29.773258],[-95.619885,29.773803],[-95.619558,29.774352],[-95.619266,29.77476],[-95.619094,29.775014],[-95.619053,29.775081],[-95.618984,29.775207],[-95.618774,29.775639],[-95.618686,29.775819],[-95.618682,29.77583],[-95.618537,29.776252],[-95.618398,29.776703],[-95.618323,29.777028],[-95.61824,29.777661],[-95.618177,29.777998]]},"properties":{"Full_Name":"N ELDRIDGE PKWY","ped_crash_count":0,"ped_death_count":0,"total_crash_count":3,"MilesLength":0.5}},{"type":"Feature","geometry":{"type":"LineString","coordinates":[[-95.617742,29.785106],[-95.617742,29.78534],[-95.617753,29.786682],[-95.617669,29.787486],[-95.617647,29.787644],[-95.617631,29.787732],[-95.617495,29.788187],[-95.617437,29.788445],[-95.617362,29.788641],[-95.617239,29.78945],[-95.617239,29.790609],[-95.617286,29.792322]]},"properties":{"Full_Name":"N ELDRIDGE PKWY","ped_crash_count":1,"ped_death_count":1,"total_crash_count":4,"MilesLength":0.49999999}},{"type":"Feature","geometry":{"type":"LineString","coordinates":[[-95.618177,29.777998],[-95.61805,29.778682],[-95.617603,29.779671],[-95.617322,29.780614],[-95.617277,29.780966],[-95.617329,29.78175],[-95.61751,29.782489],[-95.617717,29.783413],[-95.617726,29.783732],[-95.617744,29.784058],[-95.617744,29.784332],[-95.617743,29.784549],[-95.617743,29.784631],[-95.617743,29.784729],[-95.617742,29.784938],[-95.617742,29.785106]]},"properties":{"Full_Name":"N ELDRIDGE PKWY","ped_crash_count":0,"ped_death_count":0,"total_crash_count":3,"MilesLength":0.50000001}},{"type":"Feature","geometry":{"type":"LineString","coordinates":[[-95.60485,29.832256],[-95.604821,29.832817],[-95.60488,29.833842],[-95.604861,29.834322],[-95.604873,29.834631],[-95.604961,29.839513]]},"properties":{"Full_Name":"N ELDRIDGE PKWY","ped_crash_count":0,"ped_death_count":0,"total_crash_count":3,"MilesLength":0.50000003}},{"type":"Feature","geometry":{"type":"LineString","coordinates":[[-95.494452,29.887396],[-95.49444,29.888516],[-95.494437,29.888802],[-95.494419,29.889327],[-95.494451,29.890103],[-95.494526,29.890615],[-95.494619,29.890944],[-95.494756,29.891307]]},"properties":{"Full_Name":"N HOUSTON ROSSLYN RD","ped_crash_count":0,"ped_death_count":0,"total_crash_count":5,"MilesLength":0.27164924}},{"type":"Feature","geometry":{"type":"LineString","coordinates":[[-95.487932,29.867443],[-95.488059,29.867586],[-95.488139,29.867697],[-95.48903,29.868696],[-95.489742,29.86954],[-95.49207,29.872189],[-95.492419,29.872602],[-95.492712,29.872915],[-95.492978,29.873218]]},"properties":{"Full_Name":"N HOUSTON ROSSLYN RD","ped_crash_count":1,"ped_death_count":1,"total_crash_count":6,"MilesLength":0.50000001}},{"type":"Feature","geometry":{"type":"LineString","coordinates":[[-95.482954,29.861721],[-95.483305,29.862109],[-95.484099,29.863012],[-95.484409,29.863377],[-95.484645,29.863648],[-95.48533,29.864412],[-95.485711,29.864815],[-95.486411,29.86562],[-95.486602,29.865692],[-95.486779,29.865758],[-95.486849,29.865938],[-95.48687,29.865994],[-95.486911,29.866104],[-95.48697,29.866234],[-95.487141,29.866549],[-95.487403,29.866855],[-95.487624,29.867096],[-95.487932,29.867443]]},"properties":{"Full_Name":"N HOUSTON ROSSLYN RD","ped_crash_count":0,"ped_death_count":0,"total_crash_count":3,"MilesLength":0.50000002}},{"type":"Feature","geometry":{"type":"LineString","coordinates":[[-95.590239,29.7817],[-95.590255,29.782269],[-95.590258,29.782697],[-95.59026,29.783104],[-95.590262,29.78344],[-95.590263,29.783653],[-95.590271,29.784178],[-95.590299,29.785201],[-95.590307,29.785805],[-95.590295,29.7862],[-95.590294,29.786457],[-95.590293,29.786933],[-95.590291,29.787046],[-95.59028,29.787887],[-95.590285,29.788593]]},"properties":{"Full_Name":"N KIRKWOOD RD","ped_crash_count":0,"ped_death_count":0,"total_crash_count":3,"MilesLength":0.47477942}},{"type":"Feature","geometry":{"type":"LineString","coordinates":[[-95.590062,29.774442],[-95.590073,29.774865],[-95.590081,29.775105],[-95.590096,29.775764],[-95.590111,29.776609],[-95.590135,29.777499],[-95.590164,29.778305],[-95.590173,29.779163],[-95.590188,29.77996],[-95.590196,29.780755],[-95.590214,29.781241],[-95.590234,29.781523],[-95.590239,29.7817]]},"properties":{"Full_Name":"N KIRKWOOD RD","ped_crash_count":0,"ped_death_count":0,"total_crash_count":2,"MilesLength":0.49999998}},{"type":"Feature","geometry":{"type":"LineString","coordinates":[[-95.359071,29.710765],[-95.358994,29.710796],[-95.358688,29.710954],[-95.358485,29.711028],[-95.358326,29.711074],[-95.358041,29.711111],[-95.357837,29.711094],[-95.357643,29.711058],[-95.357398,29.71097],[-95.357207,29.710868],[-95.35686,29.710591],[-95.35635,29.710233],[-95.356117,29.710144],[-95.356025,29.710115],[-95.355902,29.71008],[-95.355651,29.710019],[-95.355394,29.710001],[-95.355251,29.710003],[-95.35507,29.71001],[-95.354851,29.710036],[-95.354703,29.71007],[-95.354533,29.710113],[-95.354213,29.710232],[-95.353933,29.710352],[-95.353764,29.710408],[-95.353556,29.710454],[-95.353397,29.710466],[-95.353184,29.710468],[-95.352985,29.710439],[-95.352663,29.710372],[-95.352428,29.710354],[-95.35223,29.710366],[-95.352094,29.710393],[-95.351861,29.710447],[-95.351366,29.710622]]},"properties":{"Full_Name":"N MACGREGOR WAY","ped_crash_count":2,"ped_death_count":0,"total_crash_count":4,"MilesLength":0.49999997}},{"type":"Feature","geometry":{"type":"LineString","coordinates":[[-95.388942,29.806567],[-95.389002,29.80673],[-95.389082,29.806907],[-95.389239,29.807339],[-95.389537,29.808166],[-95.389842,29.808996],[-95.390149,29.809817],[-95.390432,29.810642],[-95.390739,29.811471],[-95.391031,29.812293],[-95.391341,29.813114],[-95.391471,29.813483]]},"properties":{"Full_Name":"N MAIN ST","ped_crash_count":1,"ped_death_count":0,"total_crash_count":3,"MilesLength":0.49999998}},{"type":"Feature","geometry":{"type":"LineString","coordinates":[[-95.366435,29.785815],[-95.366984,29.786239],[-95.36761,29.786721],[-95.367895,29.786934],[-95.368057,29.787054],[-95.368227,29.787192],[-95.368352,29.78728],[-95.368881,29.787681],[-95.369471,29.788121],[-95.370002,29.78854],[-95.370496,29.788919],[-95.371468,29.789648],[-95.37167,29.789814],[-95.371796,29.789917],[-95.371899,29.790002],[-95.372116,29.79018],[-95.372694,29.790599]]},"properties":{"Full_Name":"N MAIN ST","ped_crash_count":0,"ped_death_count":0,"total_crash_count":3,"MilesLength":0.49999998}},{"type":"Feature","geometry":{"type":"LineString","coordinates":[[-95.393976,29.820406],[-95.394032,29.82057],[-95.394332,29.821393],[-95.394629,29.822211],[-95.394854,29.82285],[-95.395096,29.823442],[-95.395147,29.823512],[-95.395523,29.82418],[-95.39592,29.824887],[-95.396363,29.825679],[-95.396745,29.826451],[-95.397011,29.826985],[-95.397078,29.827125]]},"properties":{"Full_Name":"N MAIN ST","ped_crash_count":2,"ped_death_count":2,"total_crash_count":3,"MilesLength":0.5}},{"type":"Feature","geometry":{"type":"LineString","coordinates":[[-95.391471,29.813483],[-95.391519,29.81362],[-95.391618,29.813882],[-95.391681,29.814046],[-95.39169,29.814071],[-95.391785,29.814321],[-95.391945,29.814789],[-95.392233,29.815611],[-95.392551,29.816433],[-95.392839,29.817245],[-95.392851,29.817263],[-95.393031,29.817767],[-95.393142,29.818079],[-95.393441,29.818911],[-95.393561,29.819249],[-95.393747,29.819736],[-95.393976,29.820406]]},"properties":{"Full_Name":"N MAIN ST","ped_crash_count":0,"ped_death_count":0,"total_crash_count":2,"MilesLength":0.49999999}},{"type":"Feature","geometry":{"type":"LineString","coordinates":[[-95.267483,29.801672],[-95.267438,29.801724],[-95.267188,29.801991],[-95.266857,29.802365],[-95.264779,29.804755],[-95.263905,29.805747],[-95.263365,29.806367],[-95.263056,29.806717],[-95.26243,29.807442]]},"properties":{"Full_Name":"N MCCARTY ST","ped_crash_count":0,"ped_death_count":0,"total_crash_count":6,"MilesLength":0.50000003}},{"type":"Feature","geometry":{"type":"LineString","coordinates":[[-95.272518,29.795891],[-95.271848,29.796662],[-95.271677,29.796857],[-95.271537,29.797018],[-95.271266,29.797328],[-95.270098,29.798668],[-95.267483,29.801672]]},"properties":{"Full_Name":"N MCCARTY ST","ped_crash_count":1,"ped_death_count":1,"total_crash_count":3,"MilesLength":0.49999999}},{"type":"Feature","geometry":{"type":"LineString","coordinates":[[-95.26243,29.807442],[-95.260567,29.809599],[-95.258792,29.811533],[-95.257956,29.812171]]},"properties":{"Full_Name":"N MCCARTY ST","ped_crash_count":1,"ped_death_count":1,"total_crash_count":4,"MilesLength":0.42335045}},{"type":"Feature","geometry":{"type":"LineString","coordinates":[[-95.303334,29.939573],[-95.302836,29.939568],[-95.301611,29.939571],[-95.300659,29.93957],[-95.300376,29.939572],[-95.299504,29.939616],[-95.29921,29.939641],[-95.298559,29.939697],[-95.298248,29.939724],[-95.297951,29.939723],[-95.297202,29.93972],[-95.29678,29.939725],[-95.296445,29.939729]]},"properties":{"Full_Name":"N SAM HOUSTON PKWY E","ped_crash_count":0,"ped_death_count":0,"total_crash_count":2,"MilesLength":0.41366702}},{"type":"Feature","geometry":{"type":"LineString","coordinates":[[-95.338073,29.938828],[-95.33734,29.938835],[-95.33371,29.938885],[-95.332189,29.938892],[-95.331731,29.938901],[-95.331277,29.938908],[-95.330771,29.938908],[-95.329739,29.938906]]},"properties":{"Full_Name":"N SAM HOUSTON PKWY E","ped_crash_count":0,"ped_death_count":0,"total_crash_count":2,"MilesLength":0.5}},{"type":"Feature","geometry":{"type":"LineString","coordinates":[[-95.426123,29.939702],[-95.427624,29.939315],[-95.429137,29.938903],[-95.432011,29.938242],[-95.432167,29.938228],[-95.432407,29.938213],[-95.432609,29.938186],[-95.432881,29.93815],[-95.43385,29.93805],[-95.434209,29.938038]]},"properties":{"Full_Name":"N SAM HOUSTON PKWY W","ped_crash_count":0,"ped_death_count":0,"total_crash_count":2,"MilesLength":0.49999997}},{"type":"Feature","geometry":{"type":"LineString","coordinates":[[-95.410181,29.805645],[-95.410185,29.805829],[-95.410188,29.805898],[-95.410215,29.806849],[-95.410223,29.80787],[-95.410239,29.808377],[-95.410245,29.808876],[-95.410254,29.809398],[-95.410264,29.8099],[-95.410287,29.810923],[-95.410314,29.811926],[-95.41032,29.812505],[-95.410323,29.812758],[-95.410324,29.812904]]},"properties":{"Full_Name":"N SHEPHERD DR","ped_crash_count":0,"ped_death_count":0,"total_crash_count":4,"MilesLength":0.49999997}},{"type":"Feature","geometry":{"type":"LineString","coordinates":[[-95.412371,29.856353],[-95.412373,29.857124],[-95.412413,29.858752],[-95.412449,29.859736],[-95.412475,29.860703],[-95.412486,29.862183],[-95.412494,29.863184],[-95.412499,29.863611]]},"properties":{"Full_Name":"N SHEPHERD DR","ped_crash_count":1,"ped_death_count":1,"total_crash_count":2,"MilesLength":0.49999999}},{"type":"Feature","geometry":{"type":"LineString","coordinates":[[-95.411541,29.849156],[-95.411562,29.849253],[-95.411602,29.849459],[-95.411781,29.850108],[-95.411974,29.851],[-95.412149,29.851673],[-95.412233,29.852397],[-95.41227,29.852672],[-95.412289,29.85299],[-95.412311,29.853277],[-95.412367,29.855212],[-95.412371,29.856353]]},"properties":{"Full_Name":"N SHEPHERD DR","ped_crash_count":1,"ped_death_count":1,"total_crash_count":6,"MilesLength":0.5}},{"type":"Feature","geometry":{"type":"LineString","coordinates":[[-95.41092,29.841934],[-95.410926,29.842224],[-95.410932,29.842959],[-95.410962,29.843837],[-95.410969,29.844118],[-95.410982,29.845442],[-95.411124,29.847164],[-95.411208,29.847656],[-95.411541,29.849156]]},"properties":{"Full_Name":"N SHEPHERD DR","ped_crash_count":3,"ped_death_count":0,"total_crash_count":4,"MilesLength":0.49999996}},{"type":"Feature","geometry":{"type":"LineString","coordinates":[[-95.410766,29.834676],[-95.410767,29.834725],[-95.41078,29.835214],[-95.410785,29.835689],[-95.410834,29.837264],[-95.410845,29.838045],[-95.410848,29.838247],[-95.410855,29.838823],[-95.410912,29.841154],[-95.410917,29.841409],[-95.410914,29.841667],[-95.41092,29.841934]]},"properties":{"Full_Name":"N SHEPHERD DR","ped_crash_count":2,"ped_death_count":1,"total_crash_count":5,"MilesLength":0.5}},{"type":"Feature","geometry":{"type":"LineString","coordinates":[[-95.410617,29.827417],[-95.410632,29.828019],[-95.410652,29.829241],[-95.410651,29.829571],[-95.41065,29.829631],[-95.410688,29.830938],[-95.410696,29.831401],[-95.410719,29.832524],[-95.410766,29.834676]]},"properties":{"Full_Name":"N SHEPHERD DR","ped_crash_count":2,"ped_death_count":1,"total_crash_count":6,"MilesLength":0.50000003}},{"type":"Feature","geometry":{"type":"LineString","coordinates":[[-95.410474,29.820159],[-95.410487,29.820966],[-95.410513,29.822136],[-95.410534,29.823366],[-95.410557,29.824624],[-95.410568,29.82573],[-95.410615,29.827345],[-95.410617,29.827417]]},"properties":{"Full_Name":"N SHEPHERD DR","ped_crash_count":1,"ped_death_count":0,"total_crash_count":4,"MilesLength":0.49999997}},{"type":"Feature","geometry":{"type":"LineString","coordinates":[[-95.410324,29.812904],[-95.410324,29.81298],[-95.410326,29.813173],[-95.410342,29.813904],[-95.410338,29.815281],[-95.410391,29.815568],[-95.410446,29.817427],[-95.410438,29.817735],[-95.410443,29.818418],[-95.410446,29.819104],[-95.410468,29.819823],[-95.410474,29.820159]]},"properties":{"Full_Name":"N SHEPHERD DR","ped_crash_count":1,"ped_death_count":0,"total_crash_count":5,"MilesLength":0.50000005}},{"type":"Feature","geometry":{"type":"LineString","coordinates":[[-95.412604,29.870868],[-95.412598,29.870931],[-95.41254,29.871949],[-95.412425,29.872881],[-95.412393,29.873216],[-95.41233,29.873826],[-95.412323,29.874044],[-95.412233,29.874777],[-95.412208,29.875429],[-95.412192,29.875866]]},"properties":{"Full_Name":"N SHEPHERD DR","ped_crash_count":0,"ped_death_count":0,"total_crash_count":3,"MilesLength":0.34525954}},{"type":"Feature","geometry":{"type":"LineString","coordinates":[[-95.412499,29.863611],[-95.412507,29.864182],[-95.412543,29.865113],[-95.412539,29.865559],[-95.412571,29.866625],[-95.412578,29.867859],[-95.412582,29.868165],[-95.412586,29.868424],[-95.41259,29.868772],[-95.412596,29.869246],[-95.412635,29.869909],[-95.412635,29.870379],[-95.412632,29.870551],[-95.412604,29.870868]]},"properties":{"Full_Name":"N SHEPHERD DR","ped_crash_count":0,"ped_death_count":0,"total_crash_count":5,"MilesLength":0.5}},{"type":"Feature","geometry":{"type":"LineString","coordinates":[[-95.409459,29.697308],[-95.409419,29.697028],[-95.408959,29.696102],[-95.408779,29.695741],[-95.408423,29.694964],[-95.408217,29.694574],[-95.408047,29.694124],[-95.408005,29.694011],[-95.407929,29.693636],[-95.407866,29.693338],[-95.407812,29.692993],[-95.407797,29.692521],[-95.407795,29.691947],[-95.407791,29.691308],[-95.407799,29.690309]]},"properties":{"Full_Name":"N STADIUM DR","ped_crash_count":1,"ped_death_count":0,"total_crash_count":3,"MilesLength":0.49999998}},{"type":"Feature","geometry":{"type":"LineString","coordinates":[[-95.410478,29.869846],[-95.411048,29.869977],[-95.411592,29.870124],[-95.412127,29.870324],[-95.412632,29.870551],[-95.413162,29.870722],[-95.413438,29.870806],[-95.41372,29.870853],[-95.414088,29.870891],[-95.414886,29.870937],[-95.414956,29.87103],[-95.415408,29.871025],[-95.417386,29.871023],[-95.418533,29.871015]]},"properties":{"Full_Name":"N VICTORY DR","ped_crash_count":0,"ped_death_count":0,"total_crash_count":4,"MilesLength":0.49999998}},{"type":"Feature","geometry":{"type":"LineString","coordinates":[[-95.294898,29.756987],[-95.294867,29.757328],[-95.294849,29.75758],[-95.294571,29.760059],[-95.294543,29.760455],[-95.294523,29.7609],[-95.294547,29.762919],[-95.294556,29.763626],[-95.294565,29.764232]]},"properties":{"Full_Name":"N WAYSIDE DR","ped_crash_count":1,"ped_death_count":1,"total_crash_count":4,"MilesLength":0.49999998}},{"type":"Feature","geometry":{"type":"LineString","coordinates":[[-95.284577,29.805112],[-95.284578,29.805221],[-95.284574,29.805626],[-95.284567,29.80612],[-95.284543,29.806982],[-95.284538,29.807943],[-95.284531,29.808742],[-95.284517,29.809449],[-95.284513,29.810164],[-95.284506,29.810968],[-95.2845,29.811723],[-95.284503,29.812074],[-95.284492,29.812372]]},"properties":{"Full_Name":"N WAYSIDE DR","ped_crash_count":2,"ped_death_count":0,"total_crash_count":3,"MilesLength":0.49999998}},{"type":"Feature","geometry":{"type":"LineString","coordinates":[[-95.292159,29.770919],[-95.291939,29.771237],[-95.291813,29.77143],[-95.291716,29.771603],[-95.291585,29.771924],[-95.291503,29.772235],[-95.291443,29.772478],[-95.291423,29.772902],[-95.291413,29.773309],[-95.291411,29.77345],[-95.291447,29.773999],[-95.291474,29.774676],[-95.2915,29.77537],[-95.291458,29.776072],[-95.291524,29.776737],[-95.291524,29.777387],[-95.291541,29.77766],[-95.291553,29.777838],[-95.291565,29.778037]]},"properties":{"Full_Name":"N WAYSIDE DR","ped_crash_count":0,"ped_death_count":0,"total_crash_count":4,"MilesLength":0.5}},{"type":"Feature","geometry":{"type":"LineString","coordinates":[[-95.284873,29.848625],[-95.284875,29.848768],[-95.284859,29.848995],[-95.284538,29.849797],[-95.284512,29.849836],[-95.284284,29.850252],[-95.283778,29.851283],[-95.283531,29.851847],[-95.283208,29.852429],[-95.282899,29.853037],[-95.282841,29.853125],[-95.282688,29.853396],[-95.282335,29.854035],[-95.282084,29.854698],[-95.281889,29.855363]]},"properties":{"Full_Name":"N WAYSIDE DR","ped_crash_count":1,"ped_death_count":0,"total_crash_count":6,"MilesLength":0.50000005}},{"type":"Feature","geometry":{"type":"LineString","coordinates":[[-95.284502,29.841401],[-95.284503,29.841435],[-95.284512,29.842314],[-95.28452,29.843197],[-95.284529,29.844077],[-95.284547,29.844949],[-95.284564,29.845828],[-95.284573,29.846708],[-95.284578,29.84713],[-95.284593,29.84728],[-95.284623,29.847456],[-95.284865,29.848127],[-95.284873,29.848625]]},"properties":{"Full_Name":"N WAYSIDE DR","ped_crash_count":1,"ped_death_count":0,"total_crash_count":5,"MilesLength":0.49999997}},{"type":"Feature","geometry":{"type":"LineString","coordinates":[[-95.28444,29.826887],[-95.284438,29.827079],[-95.284434,29.82802],[-95.284418,29.828673],[-95.284414,29.829169],[-95.28439,29.829718],[-95.284369,29.831334],[-95.284368,29.833159],[-95.284355,29.833934],[-95.284356,29.834146]]},"properties":{"Full_Name":"N WAYSIDE DR","ped_crash_count":1,"ped_death_count":0,"total_crash_count":3,"MilesLength":0.50000001}},{"type":"Feature","geometry":{"type":"LineString","coordinates":[[-95.284481,29.819631],[-95.284481,29.819678],[-95.284435,29.820356],[-95.284418,29.820748],[-95.284417,29.821424],[-95.284415,29.821829],[-95.284414,29.823203],[-95.284438,29.823444],[-95.284453,29.823928],[-95.284453,29.824244],[-95.284466,29.824621],[-95.284458,29.824872],[-95.284456,29.825564],[-95.284451,29.826133],[-95.284443,29.826429],[-95.284446,29.826496],[-95.28444,29.826887]]},"properties":{"Full_Name":"N WAYSIDE DR","ped_crash_count":0,"ped_death_count":0,"total_crash_count":6,"MilesLength":0.49999998}},{"type":"Feature","geometry":{"type":"LineString","coordinates":[[-95.284492,29.812372],[-95.284489,29.812467],[-95.284504,29.813131],[-95.284504,29.813802],[-95.2845,29.813917],[-95.284506,29.814212],[-95.284507,29.814304],[-95.284496,29.814621],[-95.28448,29.815356],[-95.284487,29.816091],[-95.284492,29.816385],[-95.284482,29.816935],[-95.28449,29.817499],[-95.284477,29.817839],[-95.284487,29.818571],[-95.284479,29.819243],[-95.284481,29.819631]]},"properties":{"Full_Name":"N WAYSIDE DR","ped_crash_count":1,"ped_death_count":1,"total_crash_count":4,"MilesLength":0.50000004}},{"type":"Feature","geometry":{"type":"LineString","coordinates":[[-95.576019,29.765866],[-95.575949,29.766529],[-95.575721,29.767348],[-95.575629,29.767664],[-95.575555,29.767998],[-95.575519,29.76833],[-95.575508,29.768715],[-95.575509,29.769497],[-95.575524,29.769871],[-95.575559,29.770334],[-95.575762,29.771171],[-95.575928,29.772004],[-95.575951,29.772275],[-95.575941,29.772598],[-95.575931,29.773049]]},"properties":{"Full_Name":"N WILCREST DR","ped_crash_count":1,"ped_death_count":0,"total_crash_count":6,"MilesLength":0.50000002}},{"type":"Feature","geometry":{"type":"LineString","coordinates":[[-95.575643,29.780286],[-95.575646,29.780498],[-95.575635,29.780876],[-95.575623,29.781296],[-95.575642,29.782111],[-95.575646,29.783064],[-95.575648,29.783532],[-95.57566,29.784093],[-95.575657,29.784313],[-95.575656,29.784399],[-95.575656,29.784407],[-95.575655,29.784492],[-95.575672,29.785246]]},"properties":{"Full_Name":"N WILCREST DR","ped_crash_count":0,"ped_death_count":0,"total_crash_count":2,"MilesLength":0.34167259}},{"type":"Feature","geometry":{"type":"LineString","coordinates":[[-95.305265,29.745895],[-95.304868,29.745767],[-95.302904,29.745112],[-95.300906,29.744464],[-95.299095,29.74389],[-95.298898,29.743821],[-95.298547,29.743706],[-95.298247,29.743606],[-95.297467,29.743366]]},"properties":{"Full_Name":"NAVIGATION BLVD","ped_crash_count":1,"ped_death_count":1,"total_crash_count":5,"MilesLength":0.49999996}},{"type":"Feature","geometry":{"type":"LineString","coordinates":[[-95.320681,29.750088],[-95.320628,29.750073],[-95.319921,29.74979],[-95.3194,29.749292],[-95.319306,29.749205],[-95.318896,29.748827],[-95.318298,29.748415],[-95.31781,29.748155],[-95.316881,29.747882],[-95.316213,29.747796],[-95.315482,29.747791],[-95.31366,29.747838],[-95.313223,29.747845]]},"properties":{"Full_Name":"NAVIGATION BLVD","ped_crash_count":0,"ped_death_count":0,"total_crash_count":2,"MilesLength":0.49999998}},{"type":"Feature","geometry":{"type":"LineString","coordinates":[[-95.289621,29.740952],[-95.288841,29.740707],[-95.286959,29.740137],[-95.28684,29.740105],[-95.285384,29.73966],[-95.284893,29.739445]]},"properties":{"Full_Name":"NAVIGATION BLVD","ped_crash_count":2,"ped_death_count":2,"total_crash_count":4,"MilesLength":0.30276669}},{"type":"Feature","geometry":{"type":"LineString","coordinates":[[-95.343467,29.757825],[-95.343438,29.757807],[-95.342614,29.75733],[-95.341921,29.756902],[-95.341632,29.756721],[-95.341051,29.7564],[-95.340168,29.755863],[-95.339402,29.755425],[-95.338895,29.75516],[-95.338673,29.755076],[-95.338366,29.755053],[-95.338051,29.755071],[-95.337528,29.755181],[-95.336983,29.755312],[-95.33672,29.755332],[-95.336487,29.75535],[-95.336136,29.755321]]},"properties":{"Full_Name":"NAVIGATION BLVD","ped_crash_count":0,"ped_death_count":0,"total_crash_count":4,"MilesLength":0.50000001}},{"type":"Feature","geometry":{"type":"LineString","coordinates":[[-95.406175,29.771983],[-95.407288,29.771975],[-95.408299,29.771952],[-95.408376,29.771956],[-95.4095,29.771944],[-95.409742,29.771934],[-95.410619,29.771928],[-95.410677,29.771926]]},"properties":{"Full_Name":"NETT ST","ped_crash_count":0,"ped_death_count":0,"total_crash_count":2,"MilesLength":0.27056797}},{"type":"Feature","geometry":{"type":"LineString","coordinates":[[-95.451865,29.731796],[-95.451511,29.731395],[-95.451443,29.731281],[-95.451418,29.73103],[-95.451414,29.730574],[-95.451413,29.7303],[-95.451412,29.730159],[-95.451412,29.729979],[-95.45141,29.729637],[-95.451392,29.729191],[-95.451378,29.728319],[-95.451377,29.727783],[-95.451478,29.727273],[-95.451619,29.726918],[-95.451833,29.726515],[-95.451983,29.72585],[-95.451983,29.725158],[-95.451984,29.724739]]},"properties":{"Full_Name":"NEWCASTLE ST","ped_crash_count":0,"ped_death_count":0,"total_crash_count":2,"MilesLength":0.49999999}},{"type":"Feature","geometry":{"type":"LineString","coordinates":[[-95.344373,29.662951],[-95.344352,29.662372],[-95.344347,29.662147],[-95.344323,29.661102],[-95.344293,29.659833],[-95.344308,29.658792],[-95.344306,29.65855],[-95.344265,29.656636],[-95.344242,29.655692]]},"properties":{"Full_Name":"NOEL ST","ped_crash_count":1,"ped_death_count":1,"total_crash_count":2,"MilesLength":0.49999997}},{"type":"Feature","geometry":{"type":"LineString","coordinates":[[-95.206389,29.775512],[-95.206388,29.775499],[-95.206381,29.775309],[-95.206334,29.774127],[-95.20631,29.773343],[-95.206291,29.772607],[-95.206228,29.771687],[-95.206214,29.771406],[-95.206204,29.771203],[-95.20619,29.770916],[-95.206184,29.770706]]},"properties":{"Full_Name":"NORMANDY ST","ped_crash_count":0,"ped_death_count":0,"total_crash_count":5,"MilesLength":0.33127098}},{"type":"Feature","geometry":{"type":"LineString","coordinates":[[-95.381052,29.827307],[-95.381164,29.827813],[-95.381306,29.828265],[-95.381468,29.828638],[-95.381529,29.828788],[-95.38165,29.829032],[-95.381806,29.829308],[-95.381957,29.829521],[-95.382095,29.829641],[-95.382487,29.830099],[-95.382837,29.830517],[-95.383122,29.830926],[-95.383431,29.831451],[-95.3844,29.832702],[-95.385096,29.833567]]},"properties":{"Full_Name":"NORTH FWY","ped_crash_count":1,"ped_death_count":1,"total_crash_count":2,"MilesLength":0.49999994}},{"type":"Feature","geometry":{"type":"LineString","coordinates":[[-95.372124,29.78722],[-95.37205,29.787411],[-95.371951,29.787605],[-95.371882,29.78776],[-95.371852,29.787904],[-95.371847,29.788037],[-95.37185,29.788126],[-95.371915,29.788323],[-95.372026,29.788603],[-95.37207,29.788831],[-95.372116,29.788983],[-95.372126,29.789425],[-95.372134,29.789792],[-95.372116,29.79018],[-95.372112,29.79075],[-95.372115,29.791275],[-95.372122,29.791611],[-95.372078,29.792201],[-95.372077,29.792218]]},"properties":{"Full_Name":"NORTH FWY","ped_crash_count":0,"ped_death_count":0,"total_crash_count":3,"MilesLength":0.34953323}},{"type":"Feature","geometry":{"type":"LineString","coordinates":[[-95.500175,29.863211],[-95.501761,29.863229],[-95.502355,29.863213],[-95.502929,29.863149],[-95.503269,29.863046],[-95.503582,29.862951],[-95.505591,29.862056],[-95.506511,29.861617],[-95.50694,29.861433],[-95.507286,29.861363],[-95.507613,29.861336],[-95.508025,29.861333]]},"properties":{"Full_Name":"NORTHCOURT RD","ped_crash_count":0,"ped_death_count":0,"total_crash_count":2,"MilesLength":0.5}},{"type":"Feature","geometry":{"type":"LineString","coordinates":[[-95.314684,29.671853],[-95.314639,29.671702],[-95.314434,29.67101],[-95.314226,29.670318],[-95.314014,29.669619],[-95.313871,29.669147],[-95.313733,29.668679],[-95.313512,29.667944],[-95.313264,29.667113],[-95.313141,29.666774],[-95.313073,29.666499],[-95.313014,29.666286],[-95.31297,29.666168],[-95.312787,29.665552],[-95.312577,29.66483]]},"properties":{"Full_Name":"NORTHDALE ST","ped_crash_count":0,"ped_death_count":0,"total_crash_count":2,"MilesLength":0.49999999}},{"type":"Feature","geometry":{"type":"LineString","coordinates":[[-95.186956,30.068158],[-95.186863,30.068177],[-95.183951,30.069156],[-95.183143,30.069539],[-95.181954,30.07007],[-95.181034,30.070631],[-95.180394,30.071098],[-95.179749,30.07166]]},"properties":{"Full_Name":"NORTHPARK DR","ped_crash_count":0,"ped_death_count":0,"total_crash_count":3,"MilesLength":0.49999996}},{"type":"Feature","geometry":{"type":"LineString","coordinates":[[-95.211792,30.068608],[-95.21136,30.068615],[-95.210712,30.068603],[-95.209774,30.068586],[-95.208145,30.068556],[-95.207123,30.068491],[-95.203943,30.068647],[-95.203454,30.068657]]},"properties":{"Full_Name":"NORTHPARK DR","ped_crash_count":0,"ped_death_count":0,"total_crash_count":2,"MilesLength":0.49999998}},{"type":"Feature","geometry":{"type":"LineString","coordinates":[[-95.48587,29.872117],[-95.486214,29.871949],[-95.486728,29.871647],[-95.487585,29.871075],[-95.489742,29.86954]]},"properties":{"Full_Name":"OAKNUT DR","ped_crash_count":1,"ped_death_count":0,"total_crash_count":2,"MilesLength":0.29281533}},{"type":"Feature","geometry":{"type":"LineString","coordinates":[[-95.510086,29.737511],[-95.51009,29.737555],[-95.51009,29.738565],[-95.510305,29.739462],[-95.510593,29.739972],[-95.510698,29.740125],[-95.511048,29.740556],[-95.511391,29.740965],[-95.512169,29.741399],[-95.513202,29.741674],[-95.514056,29.741742],[-95.514917,29.741718],[-95.515214,29.741703]]},"properties":{"Full_Name":"OLD FARM RD","ped_crash_count":2,"ped_death_count":2,"total_crash_count":3,"MilesLength":0.50000002}},{"type":"Feature","geometry":{"type":"LineString","coordinates":[[-95.417374,29.690538],[-95.41702,29.690915],[-95.416026,29.691653],[-95.415658,29.691883],[-95.415543,29.691955],[-95.415112,29.692159],[-95.414651,29.692363],[-95.414441,29.692427],[-95.41307,29.692784],[-95.412523,29.692908],[-95.411652,29.693113],[-95.411308,29.693194],[-95.410693,29.693346],[-95.409986,29.693522]]},"properties":{"Full_Name":"OLD SPANISH TRL","ped_crash_count":4,"ped_death_count":1,"total_crash_count":8,"MilesLength":0.49999998}},{"type":"Feature","geometry":{"type":"LineString","coordinates":[[-95.36131,29.702184],[-95.361304,29.702184],[-95.360324,29.702257],[-95.359449,29.702301],[-95.358547,29.702358],[-95.358147,29.702393],[-95.357325,29.70243],[-95.354901,29.702559],[-95.353982,29.702622],[-95.353511,29.702672],[-95.353185,29.702709],[-95.35302,29.702734]]},"properties":{"Full_Name":"OLD SPANISH TRL","ped_crash_count":1,"ped_death_count":0,"total_crash_count":5,"MilesLength":0.49999998}},{"type":"Feature","geometry":{"type":"LineString","coordinates":[[-95.377741,29.700593],[-95.377061,29.700713],[-95.375799,29.700932],[-95.375438,29.700953],[-95.374775,29.700993],[-95.374306,29.701022],[-95.37416,29.70106],[-95.37388,29.701144],[-95.373624,29.70127],[-95.373353,29.701426],[-95.373212,29.701491],[-95.373039,29.701503],[-95.372341,29.70154],[-95.371814,29.701578],[-95.370931,29.701631],[-95.37071,29.701644],[-95.369819,29.701714],[-95.369609,29.701725]]},"properties":{"Full_Name":"OLD SPANISH TRL","ped_crash_count":1,"ped_death_count":0,"total_crash_count":8,"MilesLength":0.50000004}},{"type":"Feature","geometry":{"type":"LineString","coordinates":[[-95.393961,29.697398],[-95.393597,29.697484],[-95.393038,29.697615],[-95.392077,29.697835],[-95.391544,29.697964],[-95.390621,29.698159],[-95.389781,29.698321],[-95.386897,29.698884],[-95.385872,29.699074]]},"properties":{"Full_Name":"OLD SPANISH TRL","ped_crash_count":0,"ped_death_count":0,"total_crash_count":6,"MilesLength":0.49999999}},{"type":"Feature","geometry":{"type":"LineString","coordinates":[[-95.409986,29.693522],[-95.409805,29.693566],[-95.409571,29.693624],[-95.409196,29.693716],[-95.409051,29.693751],[-95.408578,29.693866],[-95.408005,29.694011],[-95.404772,29.694789],[-95.40413,29.694953],[-95.402275,29.695391],[-95.401974,29.695466]]},"properties":{"Full_Name":"OLD SPANISH TRL","ped_crash_count":2,"ped_death_count":0,"total_crash_count":7,"MilesLength":0.50000001}},{"type":"Feature","geometry":{"type":"LineString","coordinates":[[-95.35302,29.702734],[-95.352645,29.70279],[-95.352526,29.702814],[-95.352225,29.702874],[-95.351963,29.702933],[-95.351906,29.702945],[-95.350937,29.703251],[-95.350221,29.703515],[-95.349722,29.70371],[-95.348664,29.704099],[-95.346919,29.704793],[-95.346042,29.70512],[-95.345313,29.70541]]},"properties":{"Full_Name":"OLD SPANISH TRL","ped_crash_count":1,"ped_death_count":1,"total_crash_count":9,"MilesLength":0.49999997}},{"type":"Feature","geometry":{"type":"LineString","coordinates":[[-95.337732,29.708394],[-95.337346,29.708575],[-95.336997,29.708725],[-95.336717,29.708835],[-95.33582,29.709134],[-95.335497,29.709229],[-95.334976,29.70936],[-95.33467,29.709437],[-95.334264,29.70953],[-95.332984,29.709829],[-95.332138,29.710046],[-95.331261,29.710227],[-95.331089,29.710265],[-95.330276,29.710461],[-95.329818,29.710562]]},"properties":{"Full_Name":"OLD SPANISH TRL","ped_crash_count":0,"ped_death_count":0,"total_crash_count":4,"MilesLength":0.5}},{"type":"Feature","geometry":{"type":"LineString","coordinates":[[-95.592612,29.736383],[-95.592586,29.735441],[-95.592569,29.734393],[-95.592564,29.733736],[-95.592515,29.731681],[-95.592509,29.731133],[-95.592505,29.73073],[-95.592489,29.729862],[-95.592481,29.729124]]},"properties":{"Full_Name":"OLD WESTHEIMER RD","ped_crash_count":1,"ped_death_count":1,"total_crash_count":3,"MilesLength":0.50000002}},{"type":"Feature","geometry":{"type":"LineString","coordinates":[[-95.293495,29.628717],[-95.293321,29.628676],[-95.291959,29.627984],[-95.291303,29.627508],[-95.290589,29.626989],[-95.288963,29.626003],[-95.287718,29.625602],[-95.286846,29.625482],[-95.286263,29.625473]]},"properties":{"Full_Name":"OREM RD","ped_crash_count":0,"ped_death_count":0,"total_crash_count":3,"MilesLength":0.49999999}},{"type":"Feature","geometry":{"type":"LineString","coordinates":[[-95.322471,29.805889],[-95.32242,29.80589],[-95.320647,29.805911],[-95.318893,29.805927],[-95.317071,29.805946],[-95.314147,29.805985]]},"properties":{"Full_Name":"PARDEE ST","ped_crash_count":0,"ped_death_count":0,"total_crash_count":3,"MilesLength":0.49999996}},{"type":"Feature","geometry":{"type":"LineString","coordinates":[[-95.282254,29.685451],[-95.281708,29.68546],[-95.280299,29.685491],[-95.278925,29.685503],[-95.278505,29.685535],[-95.278322,29.685632],[-95.278119,29.685756],[-95.278037,29.685806],[-95.278023,29.685815],[-95.277901,29.685898],[-95.277779,29.685982],[-95.277655,29.686066]]},"properties":{"Full_Name":"PARK PLACE BLVD","ped_crash_count":1,"ped_death_count":0,"total_crash_count":4,"MilesLength":0.2884349}},{"type":"Feature","geometry":{"type":"LineString","coordinates":[[-95.642317,29.788269],[-95.642429,29.788199],[-95.642992,29.788039],[-95.643349,29.787977],[-95.643567,29.787967],[-95.643778,29.787957],[-95.644083,29.787945],[-95.644285,29.78795],[-95.644868,29.787966],[-95.646131,29.788016],[-95.646332,29.788058],[-95.646627,29.78811],[-95.646868,29.788204],[-95.647281,29.788379],[-95.64765,29.788613],[-95.647936,29.788765],[-95.648365,29.788943],[-95.648964,29.789069],[-95.649442,29.789121],[-95.649615,29.78913],[-95.650291,29.789136]]},"properties":{"Full_Name":"PARK ROW DR","ped_crash_count":0,"ped_death_count":0,"total_crash_count":2,"MilesLength":0.49999996}},{"type":"Feature","geometry":{"type":"LineString","coordinates":[[-95.266214,29.594625],[-95.266317,29.598301],[-95.266279,29.599876],[-95.26628,29.600253],[-95.26628,29.600417],[-95.266281,29.600795]]},"properties":{"Full_Name":"PEARLAND PKWY","ped_crash_count":0,"ped_death_count":0,"total_crash_count":3,"MilesLength":0.42503014}},{"type":"Feature","geometry":{"type":"LineString","coordinates":[[-95.374413,29.755792],[-95.374276,29.755301],[-95.374083,29.75494],[-95.373831,29.754693],[-95.373385,29.754335],[-95.372523,29.753814],[-95.371665,29.753303],[-95.37081,29.75279],[-95.369949,29.752261],[-95.369405,29.751941]]},"properties":{"Full_Name":"PEASE ST","ped_crash_count":0,"ped_death_count":0,"total_crash_count":4,"MilesLength":0.41188866}},{"type":"Feature","geometry":{"type":"LineString","coordinates":[[-95.369405,29.751941],[-95.369147,29.751789],[-95.369061,29.751736],[-95.368198,29.751209],[-95.367337,29.750682],[-95.366479,29.750166],[-95.365624,29.749656],[-95.364762,29.74914],[-95.363907,29.748624],[-95.363541,29.7484],[-95.36306,29.748104],[-95.362569,29.747804]]},"properties":{"Full_Name":"PEASE ST","ped_crash_count":1,"ped_death_count":0,"total_crash_count":5,"MilesLength":0.49999997}},{"type":"Feature","geometry":{"type":"LineString","coordinates":[[-95.393011,29.752513],[-95.393704,29.752501],[-95.395893,29.752465],[-95.397223,29.752433],[-95.397936,29.752415]]},"properties":{"Full_Name":"PEDEN ST","ped_crash_count":1,"ped_death_count":0,"total_crash_count":2,"MilesLength":0.29605764}},{"type":"Feature","geometry":{"type":"LineString","coordinates":[[-95.348632,29.622455],[-95.348584,29.620461],[-95.348564,29.61988],[-95.348544,29.619261],[-95.348496,29.61843],[-95.348444,29.617049],[-95.348498,29.61661]]},"properties":{"Full_Name":"PEMBROKE","ped_crash_count":0,"ped_death_count":0,"total_crash_count":2,"MilesLength":0.40287766}},{"type":"Feature","geometry":{"type":"LineString","coordinates":[[-95.309869,29.81945],[-95.3092,29.819472],[-95.308357,29.819426],[-95.307814,29.819411],[-95.307045,29.819481],[-95.306585,29.819526],[-95.305553,29.819452],[-95.305082,29.819486],[-95.304734,29.819526],[-95.304483,29.819531],[-95.304078,29.819502],[-95.303607,29.819478],[-95.301947,29.819471]]},"properties":{"Full_Name":"PEYTON","ped_crash_count":1,"ped_death_count":0,"total_crash_count":2,"MilesLength":0.47696619}},{"type":"Feature","geometry":{"type":"LineString","coordinates":[[-95.378667,29.753923],[-95.378181,29.753919],[-95.37792,29.753779],[-95.377664,29.753608],[-95.376842,29.753121],[-95.376787,29.753076],[-95.375991,29.752604],[-95.375144,29.752075],[-95.37429,29.751579],[-95.374065,29.751455],[-95.373756,29.751284],[-95.373413,29.751095],[-95.372588,29.750537],[-95.371739,29.750036]]},"properties":{"Full_Name":"PIERCE ST","ped_crash_count":2,"ped_death_count":0,"total_crash_count":5,"MilesLength":0.50000001}},{"type":"Feature","geometry":{"type":"LineString","coordinates":[[-95.364889,29.745917],[-95.364817,29.745874],[-95.364177,29.745504],[-95.363987,29.745372],[-95.36398,29.745367],[-95.363119,29.744828],[-95.362806,29.744643],[-95.362511,29.744468],[-95.362239,29.744307],[-95.361886,29.744079],[-95.361414,29.743772],[-95.360783,29.743409],[-95.360563,29.743282],[-95.359695,29.74278],[-95.35885,29.742255],[-95.358054,29.74178]]},"properties":{"Full_Name":"PIERCE ST","ped_crash_count":2,"ped_death_count":0,"total_crash_count":11,"MilesLength":0.50000003}},{"type":"Feature","geometry":{"type":"LineString","coordinates":[[-95.371739,29.750036],[-95.37172,29.750025],[-95.370824,29.749488],[-95.369985,29.748955],[-95.369263,29.748531],[-95.369121,29.748441],[-95.368242,29.747929],[-95.3674,29.747406],[-95.366542,29.746887],[-95.365676,29.746377],[-95.364889,29.745917]]},"properties":{"Full_Name":"PIERCE ST","ped_crash_count":4,"ped_death_count":0,"total_crash_count":11,"MilesLength":0.49999998}},{"type":"Feature","geometry":{"type":"LineString","coordinates":[[-95.493875,29.841442],[-95.494765,29.84143],[-95.494915,29.841424],[-95.495194,29.841436],[-95.49554,29.841414],[-95.496806,29.841413],[-95.497334,29.841402],[-95.498547,29.841384],[-95.498884,29.841383],[-95.499416,29.841377],[-95.500383,29.841367],[-95.500594,29.841378],[-95.501212,29.841364],[-95.50163,29.84135],[-95.501881,29.841366],[-95.502199,29.841362]]},"properties":{"Full_Name":"PINEMONT DR","ped_crash_count":0,"ped_death_count":0,"total_crash_count":3,"MilesLength":0.49999996}},{"type":"Feature","geometry":{"type":"LineString","coordinates":[[-95.469186,29.840965],[-95.469321,29.840971],[-95.47111,29.840944],[-95.473202,29.840959],[-95.47386,29.8409],[-95.474118,29.840841],[-95.474344,29.84078],[-95.474745,29.840669],[-95.475095,29.840556],[-95.475469,29.840483],[-95.476089,29.840364],[-95.477423,29.840359]]},"properties":{"Full_Name":"PINEMONT DR","ped_crash_count":0,"ped_death_count":0,"total_crash_count":3,"MilesLength":0.49999995}},{"type":"Feature","geometry":{"type":"LineString","coordinates":[[-95.639287,29.740432],[-95.63933,29.74044],[-95.639548,29.740457],[-95.639708,29.740471],[-95.639902,29.740476],[-95.641973,29.740462],[-95.642382,29.74046],[-95.642538,29.740467],[-95.642737,29.740492],[-95.642844,29.740504],[-95.642994,29.740522],[-95.643125,29.740518],[-95.643267,29.740493],[-95.643503,29.740448],[-95.643676,29.740429],[-95.643838,29.74042],[-95.643995,29.740418],[-95.64416,29.740419],[-95.644783,29.740401],[-95.644955,29.740405],[-95.645124,29.740451],[-95.645281,29.740542],[-95.645653,29.740739],[-95.645978,29.740789],[-95.647057,29.74083]]},"properties":{"Full_Name":"PIPING ROCK LN","ped_crash_count":3,"ped_death_count":1,"total_crash_count":5,"MilesLength":0.47459364}},{"type":"Feature","geometry":{"type":"LineString","coordinates":[[-95.540521,29.717932],[-95.540756,29.717275],[-95.540919,29.716839],[-95.541016,29.716431],[-95.541045,29.716289],[-95.541058,29.716117],[-95.541068,29.715984],[-95.541067,29.715755],[-95.541061,29.715592],[-95.541065,29.715315],[-95.541086,29.715132],[-95.541228,29.714702],[-95.541469,29.71411],[-95.541537,29.713942]]},"properties":{"Full_Name":"POINT WEST DR","ped_crash_count":0,"ped_death_count":0,"total_crash_count":2,"MilesLength":0.28375442}},{"type":"Feature","geometry":{"type":"LineString","coordinates":[[-95.372202,29.756782],[-95.371566,29.756566],[-95.371183,29.756505],[-95.370764,29.756501],[-95.370362,29.756517],[-95.370171,29.75652],[-95.369889,29.756494],[-95.369644,29.756436],[-95.369286,29.756297],[-95.368993,29.756109],[-95.368433,29.755764],[-95.367588,29.755256],[-95.366704,29.754724],[-95.365826,29.754192],[-95.36497,29.753663],[-95.364937,29.753644]]},"properties":{"Full_Name":"POLK ST","ped_crash_count":1,"ped_death_count":0,"total_crash_count":5,"MilesLength":0.49999999}},{"type":"Feature","geometry":{"type":"LineString","coordinates":[[-95.358085,29.749526],[-95.357249,29.749019],[-95.356408,29.748512],[-95.356059,29.748301],[-95.355601,29.748015],[-95.355558,29.747988],[-95.354708,29.747477],[-95.353857,29.746961],[-95.353008,29.746447],[-95.352146,29.745927],[-95.351284,29.745416],[-95.351245,29.745393]]},"properties":{"Full_Name":"POLK ST","ped_crash_count":0,"ped_death_count":0,"total_crash_count":4,"MilesLength":0.50000004}},{"type":"Feature","geometry":{"type":"LineString","coordinates":[[-95.364937,29.753644],[-95.364104,29.753151],[-95.363248,29.752646],[-95.362423,29.752134],[-95.361532,29.751606],[-95.361176,29.751389],[-95.360677,29.751086],[-95.360121,29.750759],[-95.359983,29.750677],[-95.359813,29.750575],[-95.358972,29.750052],[-95.358649,29.749861],[-95.358585,29.749823],[-95.358496,29.74977],[-95.358314,29.749663],[-95.358113,29.749543],[-95.358085,29.749526]]},"properties":{"Full_Name":"POLK ST","ped_crash_count":0,"ped_death_count":0,"total_crash_count":5,"MilesLength":0.49999997}},{"type":"Feature","geometry":{"type":"LineString","coordinates":[[-95.395708,29.704196],[-95.396097,29.704363],[-95.396306,29.704375],[-95.396642,29.704384],[-95.397453,29.704393],[-95.398508,29.704416],[-95.398984,29.704416],[-95.399278,29.7044],[-95.399475,29.704374],[-95.40039,29.704204],[-95.401884,29.703912],[-95.402849,29.703701],[-95.403823,29.703499],[-95.403861,29.703494]]},"properties":{"Full_Name":"PRESSLER ST","ped_crash_count":1,"ped_death_count":0,"total_crash_count":2,"MilesLength":0.5}},{"type":"Feature","geometry":{"type":"LineString","coordinates":[[-95.369316,29.779352],[-95.369287,29.779348],[-95.369052,29.779327],[-95.368931,29.779317],[-95.368812,29.779306],[-95.368466,29.779299],[-95.368445,29.779299],[-95.368256,29.779316],[-95.36825,29.779316],[-95.368201,29.779323],[-95.368166,29.779328],[-95.368018,29.779347],[-95.367721,29.779397],[-95.367449,29.779466],[-95.367306,29.779516],[-95.366555,29.779792],[-95.365911,29.780028],[-95.365169,29.780299],[-95.364691,29.780472],[-95.363861,29.780776],[-95.363347,29.780974],[-95.363074,29.781075],[-95.362276,29.781357],[-95.361517,29.781634]]},"properties":{"Full_Name":"QUITMAN ST","ped_crash_count":1,"ped_death_count":0,"total_crash_count":2,"MilesLength":0.49999997}},{"type":"Feature","geometry":{"type":"LineString","coordinates":[[-95.353582,29.78335],[-95.353055,29.783359],[-95.352238,29.783358],[-95.351433,29.783377],[-95.350607,29.78338],[-95.349793,29.783396],[-95.348977,29.783434],[-95.347595,29.783472],[-95.34741,29.783474],[-95.347359,29.783475],[-95.347205,29.783474],[-95.345837,29.783509],[-95.345263,29.783514]]},"properties":{"Full_Name":"QUITMAN ST","ped_crash_count":1,"ped_death_count":0,"total_crash_count":3,"MilesLength":0.50000003}},{"type":"Feature","geometry":{"type":"LineString","coordinates":[[-95.345263,29.783514],[-95.345057,29.783516],[-95.344983,29.783517],[-95.343977,29.783513],[-95.342919,29.783519],[-95.342817,29.783527],[-95.342716,29.783529],[-95.341897,29.78353],[-95.341385,29.783556],[-95.340841,29.783624],[-95.340378,29.783738],[-95.340207,29.783784],[-95.340095,29.783815],[-95.339656,29.783934],[-95.339317,29.784026],[-95.339077,29.784165],[-95.338856,29.784308],[-95.338614,29.7845],[-95.338357,29.784665]]},"properties":{"Full_Name":"QUITMAN ST","ped_crash_count":1,"ped_death_count":0,"total_crash_count":4,"MilesLength":0.43440834}},{"type":"Feature","geometry":{"type":"LineString","coordinates":[[-95.332848,29.784888],[-95.332851,29.785587],[-95.332858,29.786268],[-95.332869,29.786928],[-95.332869,29.787605],[-95.332877,29.788282],[-95.332883,29.788958],[-95.332905,29.78963]]},"properties":{"Full_Name":"RALSTON ST","ped_crash_count":1,"ped_death_count":1,"total_crash_count":2,"MilesLength":0.32657349}},{"type":"Feature","geometry":{"type":"LineString","coordinates":[[-95.488901,29.712691],[-95.488907,29.712159],[-95.488892,29.711862],[-95.488892,29.7117],[-95.488887,29.711298],[-95.488879,29.71094],[-95.488857,29.710039],[-95.488867,29.709137],[-95.48883,29.708225],[-95.48883,29.707316],[-95.488823,29.706472],[-95.488818,29.705512],[-95.488817,29.705433]]},"properties":{"Full_Name":"RAMPART ST","ped_crash_count":3,"ped_death_count":1,"total_crash_count":4,"MilesLength":0.49999999}},{"type":"Feature","geometry":{"type":"LineString","coordinates":[[-95.489009,29.719951],[-95.488997,29.719259],[-95.488981,29.718328],[-95.48898,29.718168],[-95.488974,29.717159],[-95.488969,29.716386],[-95.488936,29.714642],[-95.488937,29.71445],[-95.488906,29.71334],[-95.4889,29.712752],[-95.488901,29.712691]]},"properties":{"Full_Name":"RAMPART ST","ped_crash_count":2,"ped_death_count":1,"total_crash_count":2,"MilesLength":0.49999999}},{"type":"Feature","geometry":{"type":"LineString","coordinates":[[-95.548861,29.718802],[-95.548862,29.718634],[-95.548824,29.717238],[-95.548769,29.716799],[-95.548731,29.716584],[-95.548661,29.716392],[-95.548547,29.716058],[-95.548436,29.715813],[-95.548348,29.715639],[-95.548251,29.715479],[-95.548177,29.715361],[-95.547952,29.715055],[-95.547806,29.714871],[-95.547506,29.714571],[-95.547455,29.714515],[-95.547355,29.714419],[-95.547252,29.714318],[-95.546826,29.713944],[-95.546463,29.713546],[-95.546007,29.712894],[-95.545778,29.712345],[-95.545774,29.712334]]},"properties":{"Full_Name":"RANCHESTER DR","ped_crash_count":1,"ped_death_count":0,"total_crash_count":3,"MilesLength":0.49999999}},{"type":"Feature","geometry":{"type":"LineString","coordinates":[[-95.536236,29.711605],[-95.536208,29.709808],[-95.53621,29.708992],[-95.536187,29.708164],[-95.536178,29.707343],[-95.536166,29.706508],[-95.536158,29.705023]]},"properties":{"Full_Name":"REDDING RD","ped_crash_count":2,"ped_death_count":2,"total_crash_count":3,"MilesLength":0.45331818}},{"type":"Feature","geometry":{"type":"LineString","coordinates":[[-95.359096,29.658372],[-95.358603,29.658376],[-95.355455,29.658428],[-95.354964,29.658426],[-95.352676,29.658447],[-95.35175,29.658452],[-95.350784,29.658465]]},"properties":{"Full_Name":"REED RD","ped_crash_count":1,"ped_death_count":0,"total_crash_count":6,"MilesLength":0.50000002}},{"type":"Feature","geometry":{"type":"LineString","coordinates":[[-95.367407,29.658274],[-95.365907,29.658296],[-95.364914,29.658323],[-95.364435,29.658315],[-95.361827,29.658349],[-95.359096,29.658372]]},"properties":{"Full_Name":"REED RD","ped_crash_count":1,"ped_death_count":1,"total_crash_count":2,"MilesLength":0.49999994}},{"type":"Feature","geometry":{"type":"LineString","coordinates":[[-95.375718,29.658141],[-95.375496,29.658147],[-95.372474,29.658224],[-95.371992,29.658225],[-95.370928,29.65823],[-95.370301,29.658241],[-95.369824,29.658236],[-95.369224,29.658237],[-95.368697,29.658245],[-95.36802,29.658265],[-95.367407,29.658274]]},"properties":{"Full_Name":"REED RD","ped_crash_count":2,"ped_death_count":1,"total_crash_count":3,"MilesLength":0.50000005}},{"type":"Feature","geometry":{"type":"LineString","coordinates":[[-95.384025,29.657894],[-95.383695,29.657911],[-95.380918,29.658024],[-95.378729,29.658067],[-95.376314,29.658126],[-95.375718,29.658141]]},"properties":{"Full_Name":"REED RD","ped_crash_count":1,"ped_death_count":1,"total_crash_count":2,"MilesLength":0.49999999}},{"type":"Feature","geometry":{"type":"LineString","coordinates":[[-95.342474,29.658571],[-95.341549,29.658581],[-95.340293,29.658595],[-95.339778,29.6586],[-95.337819,29.658624],[-95.337315,29.658639],[-95.33652,29.658628],[-95.335401,29.658645],[-95.334966,29.658589],[-95.334616,29.658552],[-95.33417,29.658558]]},"properties":{"Full_Name":"REED RD","ped_crash_count":1,"ped_death_count":1,"total_crash_count":3,"MilesLength":0.50000001}},{"type":"Feature","geometry":{"type":"LineString","coordinates":[[-95.350784,29.658465],[-95.348894,29.658492],[-95.346139,29.658486],[-95.345439,29.658499],[-95.344306,29.65855],[-95.343094,29.658565],[-95.342474,29.658571]]},"properties":{"Full_Name":"REED RD","ped_crash_count":2,"ped_death_count":2,"total_crash_count":5,"MilesLength":0.50000001}},{"type":"Feature","geometry":{"type":"LineString","coordinates":[[-95.484285,29.724293],[-95.484307,29.72422],[-95.484351,29.724074],[-95.484355,29.724058],[-95.484369,29.724015],[-95.484425,29.723844],[-95.484536,29.723542],[-95.48467,29.723092],[-95.484825,29.722387],[-95.48485,29.722019],[-95.484869,29.721795],[-95.484865,29.721283],[-95.484861,29.720628]]},"properties":{"Full_Name":"RENWICK DR","ped_crash_count":2,"ped_death_count":0,"total_crash_count":3,"MilesLength":0.25658999}},{"type":"Feature","geometry":{"type":"LineString","coordinates":[[-95.48465,29.706109],[-95.484637,29.705536],[-95.484627,29.703736],[-95.484613,29.70192],[-95.484611,29.701397],[-95.48461,29.701163],[-95.484579,29.699199],[-95.484573,29.69885]]},"properties":{"Full_Name":"RENWICK DR","ped_crash_count":1,"ped_death_count":1,"total_crash_count":2,"MilesLength":0.49999997}},{"type":"Feature","geometry":{"type":"LineString","coordinates":[[-95.484779,29.713368],[-95.484778,29.713232],[-95.484768,29.712802],[-95.484732,29.71191],[-95.484724,29.710985],[-95.484718,29.710101],[-95.48469,29.709182],[-95.484686,29.708265],[-95.484674,29.707732],[-95.484679,29.707353],[-95.48465,29.706109]]},"properties":{"Full_Name":"RENWICK DR","ped_crash_count":1,"ped_death_count":1,"total_crash_count":4,"MilesLength":0.50000001}},{"type":"Feature","geometry":{"type":"LineString","coordinates":[[-95.484861,29.720628],[-95.484858,29.720229],[-95.484857,29.720056],[-95.484838,29.718684],[-95.484821,29.717423],[-95.484818,29.717175],[-95.484812,29.716782],[-95.484807,29.716429],[-95.484798,29.715444],[-95.484791,29.714697],[-95.48479,29.714563],[-95.484782,29.713745],[-95.484779,29.713368]]},"properties":{"Full_Name":"RENWICK DR","ped_crash_count":3,"ped_death_count":0,"total_crash_count":4,"MilesLength":0.50000005}},{"type":"Feature","geometry":{"type":"LineString","coordinates":[[-95.291546,29.695131],[-95.291366,29.69466],[-95.291099,29.693967],[-95.290795,29.693229],[-95.290597,29.692405],[-95.290517,29.691409],[-95.290506,29.690611],[-95.290495,29.689785],[-95.290478,29.688901],[-95.290467,29.688713],[-95.290457,29.688342],[-95.290427,29.688003]]},"properties":{"Full_Name":"REVEILLE ST","ped_crash_count":3,"ped_death_count":0,"total_crash_count":5,"MilesLength":0.49999998}},{"type":"Feature","geometry":{"type":"LineString","coordinates":[[-95.290008,29.68076],[-95.289898,29.680285],[-95.28973,29.679509],[-95.28949,29.678524],[-95.289306,29.677529],[-95.289255,29.677023],[-95.289251,29.676025],[-95.289252,29.675814],[-95.289224,29.674538]]},"properties":{"Full_Name":"REVEILLE ST","ped_crash_count":0,"ped_death_count":0,"total_crash_count":7,"MilesLength":0.43269707}},{"type":"Feature","geometry":{"type":"LineString","coordinates":[[-95.382983,29.734133],[-95.383526,29.734458],[-95.383905,29.734557],[-95.384421,29.734581],[-95.38489,29.734551],[-95.385217,29.734542],[-95.385449,29.734536],[-95.385756,29.734527],[-95.386163,29.734499],[-95.386905,29.734478],[-95.387873,29.734479],[-95.388448,29.734514],[-95.388852,29.73452],[-95.389825,29.734519],[-95.390297,29.734507],[-95.390411,29.734505],[-95.391137,29.734481],[-95.391163,29.734481]]},"properties":{"Full_Name":"RICHMOND AVE","ped_crash_count":1,"ped_death_count":0,"total_crash_count":5,"MilesLength":0.5}},{"type":"Feature","geometry":{"type":"LineString","coordinates":[[-95.572663,29.727732],[-95.572901,29.727733],[-95.573456,29.72773],[-95.573596,29.72773],[-95.57397,29.727725],[-95.574969,29.727783],[-95.575374,29.727815],[-95.57608,29.727863],[-95.576471,29.727866],[-95.577346,29.727866],[-95.578586,29.727843],[-95.579228,29.727849],[-95.579841,29.727923],[-95.580286,29.728001],[-95.58093,29.728175]]},"properties":{"Full_Name":"RICHMOND AVE","ped_crash_count":0,"ped_death_count":0,"total_crash_count":3,"MilesLength":0.49999999}},{"type":"Feature","geometry":{"type":"LineString","coordinates":[[-95.556037,29.727631],[-95.556989,29.727639],[-95.557394,29.727637],[-95.557628,29.727635],[-95.558023,29.727633],[-95.559685,29.727619],[-95.560473,29.727621],[-95.561314,29.727654],[-95.561715,29.727683],[-95.562603,29.727746],[-95.562778,29.727759],[-95.563259,29.727793],[-95.563554,29.727814],[-95.563907,29.72781],[-95.564346,29.727805]]},"properties":{"Full_Name":"RICHMOND AVE","ped_crash_count":0,"ped_death_count":0,"total_crash_count":6,"MilesLength":0.50000001}},{"type":"Feature","geometry":{"type":"LineString","coordinates":[[-95.547891,29.728809],[-95.548462,29.728782],[-95.548984,29.728758],[-95.549255,29.728739],[-95.549781,29.728689],[-95.550215,29.728605],[-95.550588,29.728533],[-95.551109,29.728418],[-95.552049,29.728168],[-95.552646,29.727971],[-95.552991,29.727875],[-95.553149,29.727832],[-95.553504,29.727765],[-95.553649,29.727738],[-95.55402,29.727664],[-95.554545,29.727634],[-95.555013,29.727622],[-95.555529,29.727624],[-95.555832,29.72763],[-95.555868,29.727629],[-95.556037,29.727631]]},"properties":{"Full_Name":"RICHMOND AVE","ped_crash_count":2,"ped_death_count":0,"total_crash_count":6,"MilesLength":0.50000002}},{"type":"Feature","geometry":{"type":"LineString","coordinates":[[-95.53973,29.727722],[-95.540458,29.727688],[-95.540866,29.727682],[-95.541587,29.727736],[-95.541839,29.727765],[-95.541992,29.727791],[-95.542154,29.727819],[-95.54295,29.728029],[-95.543146,29.728081],[-95.543337,29.728142],[-95.544097,29.72836],[-95.544415,29.728434],[-95.544885,29.728532],[-95.545258,29.72861],[-95.545464,29.72864],[-95.54576,29.728675],[-95.546509,29.728751],[-95.547317,29.728804],[-95.547549,29.72881],[-95.547766,29.728815],[-95.547891,29.728809]]},"properties":{"Full_Name":"RICHMOND AVE","ped_crash_count":0,"ped_death_count":0,"total_crash_count":3,"MilesLength":0.50000002}},{"type":"Feature","geometry":{"type":"LineString","coordinates":[[-95.531641,29.729003],[-95.532527,29.728974],[-95.533971,29.728951],[-95.534537,29.728853],[-95.53515,29.728657],[-95.535309,29.728601],[-95.536948,29.728047],[-95.53762,29.727851],[-95.538148,29.727767],[-95.538654,29.727732],[-95.539159,29.727733],[-95.539681,29.727724],[-95.53973,29.727722]]},"properties":{"Full_Name":"RICHMOND AVE","ped_crash_count":0,"ped_death_count":0,"total_crash_count":4,"MilesLength":0.49999998}},{"type":"Feature","geometry":{"type":"LineString","coordinates":[[-95.523324,29.729043],[-95.52349,29.72904],[-95.524139,29.729036],[-95.524699,29.729035],[-95.525156,29.729039],[-95.52606,29.729024],[-95.526925,29.729011],[-95.527788,29.728999],[-95.52869,29.728995],[-95.529593,29.728991],[-95.530495,29.728995],[-95.531403,29.72901],[-95.531641,29.729003]]},"properties":{"Full_Name":"RICHMOND AVE","ped_crash_count":1,"ped_death_count":0,"total_crash_count":7,"MilesLength":0.5}},{"type":"Feature","geometry":{"type":"LineString","coordinates":[[-95.515018,29.729287],[-95.515139,29.729284],[-95.515673,29.729293],[-95.516865,29.729286],[-95.519581,29.729068],[-95.520566,29.729061],[-95.521023,29.72906],[-95.5218,29.729053],[-95.521981,29.729051],[-95.522529,29.729062],[-95.523324,29.729043]]},"properties":{"Full_Name":"RICHMOND AVE","ped_crash_count":0,"ped_death_count":0,"total_crash_count":6,"MilesLength":0.50000001}},{"type":"Feature","geometry":{"type":"LineString","coordinates":[[-95.50682,29.729969],[-95.507671,29.729634],[-95.508428,29.729467],[-95.509123,29.729346],[-95.510214,29.729336],[-95.510411,29.729334],[-95.510518,29.72933],[-95.511017,29.729333],[-95.511607,29.729337],[-95.512211,29.72933],[-95.512365,29.729328],[-95.51243,29.729328],[-95.512604,29.729326],[-95.512779,29.729324],[-95.513937,29.72931],[-95.514066,29.729308],[-95.514481,29.7293],[-95.515018,29.729287]]},"properties":{"Full_Name":"RICHMOND AVE","ped_crash_count":1,"ped_death_count":0,"total_crash_count":3,"MilesLength":0.5}},{"type":"Feature","geometry":{"type":"LineString","coordinates":[[-95.498878,29.731709],[-95.499074,29.731705],[-95.499839,29.731689],[-95.50003,29.731685],[-95.501193,29.731667],[-95.501833,29.731641],[-95.502657,29.731518],[-95.50365,29.731175],[-95.505555,29.730465],[-95.506476,29.730104],[-95.50682,29.729969]]},"properties":{"Full_Name":"RICHMOND AVE","ped_crash_count":1,"ped_death_count":1,"total_crash_count":6,"MilesLength":0.49999998}},{"type":"Feature","geometry":{"type":"LineString","coordinates":[[-95.49056,29.731791],[-95.493242,29.731768],[-95.493749,29.731764],[-95.494149,29.731761],[-95.49482,29.731758],[-95.49517,29.731752],[-95.495305,29.731751],[-95.495834,29.731747],[-95.496529,29.731743],[-95.49688,29.73174],[-95.497425,29.731734],[-95.497817,29.73173],[-95.497943,29.731729],[-95.498427,29.731719],[-95.498878,29.731709]]},"properties":{"Full_Name":"RICHMOND AVE","ped_crash_count":0,"ped_death_count":0,"total_crash_count":4,"MilesLength":0.50000001}},{"type":"Feature","geometry":{"type":"LineString","coordinates":[[-95.482262,29.731521],[-95.482844,29.731519],[-95.483728,29.731516],[-95.484212,29.731514],[-95.48487,29.731551],[-95.485407,29.731581],[-95.485704,29.73162],[-95.486468,29.731721],[-95.486929,29.731782],[-95.486975,29.731782],[-95.489789,29.731797],[-95.49056,29.731791]]},"properties":{"Full_Name":"RICHMOND AVE","ped_crash_count":1,"ped_death_count":1,"total_crash_count":5,"MilesLength":0.5}},{"type":"Feature","geometry":{"type":"LineString","coordinates":[[-95.465628,29.731633],[-95.465653,29.73163],[-95.466627,29.731574],[-95.468261,29.731529],[-95.468935,29.731519],[-95.469915,29.731515],[-95.470503,29.731513],[-95.471003,29.731511],[-95.471707,29.731523],[-95.473109,29.731525],[-95.473943,29.731526]]},"properties":{"Full_Name":"RICHMOND AVE","ped_crash_count":1,"ped_death_count":0,"total_crash_count":2,"MilesLength":0.49999996}},{"type":"Feature","geometry":{"type":"LineString","coordinates":[[-95.399481,29.734425],[-95.399489,29.734425],[-95.400616,29.734396],[-95.402072,29.734326],[-95.404466,29.734302],[-95.406241,29.734269],[-95.407054,29.734271],[-95.407796,29.734268]]},"properties":{"Full_Name":"RICHMOND AVE","ped_crash_count":2,"ped_death_count":0,"total_crash_count":3,"MilesLength":0.49999996}},{"type":"Feature","geometry":{"type":"LineString","coordinates":[[-95.391163,29.734481],[-95.392509,29.734487],[-95.393697,29.734488],[-95.3941,29.734482],[-95.394653,29.73446],[-95.396494,29.734454],[-95.396748,29.73445],[-95.397002,29.734446],[-95.39788,29.734435],[-95.399481,29.734425]]},"properties":{"Full_Name":"RICHMOND AVE","ped_crash_count":1,"ped_death_count":0,"total_crash_count":4,"MilesLength":0.50000002}},{"type":"Feature","geometry":{"type":"LineString","coordinates":[[-95.637175,29.729213],[-95.63763,29.729209],[-95.639235,29.729189],[-95.642077,29.729177],[-95.642624,29.729156],[-95.642996,29.729158],[-95.643543,29.729145],[-95.643857,29.729143],[-95.643968,29.729142],[-95.645492,29.729131]]},"properties":{"Full_Name":"RICHMOND AVE","ped_crash_count":0,"ped_death_count":0,"total_crash_count":2,"MilesLength":0.49999995}},{"type":"Feature","geometry":{"type":"LineString","coordinates":[[-95.356987,29.786729],[-95.357003,29.7881],[-95.357021,29.789717],[-95.356985,29.789761],[-95.356926,29.789787],[-95.35695,29.790632],[-95.356982,29.79149],[-95.357,29.792335],[-95.357012,29.792632],[-95.357033,29.793144],[-95.357061,29.793946]]},"properties":{"Full_Name":"ROBERTSON ST","ped_crash_count":1,"ped_death_count":1,"total_crash_count":3,"MilesLength":0.50000002}},{"type":"Feature","geometry":{"type":"LineString","coordinates":[[-95.276803,29.665565],[-95.276234,29.665575],[-95.275267,29.66559],[-95.275018,29.665594],[-95.273149,29.665634],[-95.27287,29.66564],[-95.272041,29.665636],[-95.271027,29.665458],[-95.270663,29.665387],[-95.270344,29.665344],[-95.269804,29.665319],[-95.269043,29.665345],[-95.268526,29.665358]]},"properties":{"Full_Name":"ROCKHILL ST","ped_crash_count":1,"ped_death_count":0,"total_crash_count":2,"MilesLength":0.49999998}},{"type":"Feature","geometry":{"type":"LineString","coordinates":[[-95.484122,29.609018],[-95.484166,29.608945],[-95.484363,29.608623],[-95.484411,29.60854],[-95.484622,29.60818],[-95.484689,29.608046],[-95.484712,29.607869],[-95.484731,29.607666],[-95.484714,29.607422],[-95.484618,29.607132],[-95.484565,29.60694],[-95.484544,29.606611],[-95.484499,29.606193],[-95.484497,29.60545],[-95.484525,29.604735]]},"properties":{"Full_Name":"ROCKWELL BLVD","ped_crash_count":0,"ped_death_count":0,"total_crash_count":2,"MilesLength":0.30470724}},{"type":"Feature","geometry":{"type":"LineString","coordinates":[[-95.559758,29.739698],[-95.559844,29.739313],[-95.559884,29.739041],[-95.559891,29.738843],[-95.559871,29.738041],[-95.559875,29.737255],[-95.559859,29.736924],[-95.559858,29.736051],[-95.559835,29.735216],[-95.559819,29.734098],[-95.559805,29.733234],[-95.559793,29.732762],[-95.559787,29.732449]]},"properties":{"Full_Name":"ROGERDALE RD","ped_crash_count":0,"ped_death_count":0,"total_crash_count":3,"MilesLength":0.50000003}},{"type":"Feature","geometry":{"type":"LineString","coordinates":[[-95.51572,29.737456],[-95.515712,29.736696],[-95.515706,29.736258],[-95.515705,29.736119],[-95.515702,29.735922],[-95.515696,29.735387],[-95.515686,29.735209],[-95.515683,29.734812],[-95.51568,29.734379],[-95.515676,29.733666]]},"properties":{"Full_Name":"ROLIDO DR","ped_crash_count":1,"ped_death_count":1,"total_crash_count":2,"MilesLength":0.26101487}},{"type":"Feature","geometry":{"type":"LineString","coordinates":[[-95.49696,29.711457],[-95.496889,29.711148],[-95.496834,29.710643],[-95.496847,29.710265],[-95.496844,29.708886],[-95.496841,29.708572],[-95.496801,29.707224],[-95.496838,29.706826],[-95.496923,29.706565],[-95.497091,29.70628],[-95.497199,29.705988],[-95.497243,29.70542],[-95.497185,29.704458],[-95.49718,29.704271]]},"properties":{"Full_Name":"ROOKIN","ped_crash_count":0,"ped_death_count":0,"total_crash_count":2,"MilesLength":0.49999999}},{"type":"Feature","geometry":{"type":"LineString","coordinates":[[-95.387289,29.730821],[-95.38717,29.73075],[-95.386846,29.730557],[-95.386258,29.730209],[-95.386154,29.730221],[-95.386029,29.730285],[-95.385952,29.730329],[-95.385846,29.730338],[-95.38551,29.730133],[-95.385085,29.729873],[-95.384234,29.729361],[-95.383368,29.728846],[-95.382505,29.728323],[-95.381677,29.727822],[-95.380806,29.727297],[-95.380397,29.727051]]},"properties":{"Full_Name":"ROSEDALE ST","ped_crash_count":0,"ped_death_count":0,"total_crash_count":2,"MilesLength":0.49999999}},{"type":"Feature","geometry":{"type":"LineString","coordinates":[[-95.441872,29.842535],[-95.441871,29.842933],[-95.44187,29.84352],[-95.441901,29.844017],[-95.441949,29.844239],[-95.442002,29.844416],[-95.442052,29.844573],[-95.442131,29.84475],[-95.442145,29.844784],[-95.442268,29.84501],[-95.44245,29.845384],[-95.442508,29.845503],[-95.442536,29.845608],[-95.442683,29.846082],[-95.442728,29.846343],[-95.442748,29.846652],[-95.442734,29.846897],[-95.442751,29.848137]]},"properties":{"Full_Name":"ROSSLYN RD","ped_crash_count":0,"ped_death_count":0,"total_crash_count":2,"MilesLength":0.39424397}},{"type":"Feature","geometry":{"type":"LineString","coordinates":[[-95.585008,29.736558],[-95.584936,29.736007],[-95.584667,29.735119],[-95.584844,29.734635],[-95.584987,29.73425],[-95.585044,29.733853],[-95.58507,29.73348],[-95.585007,29.733255],[-95.584618,29.732122],[-95.58456,29.731794],[-95.584575,29.731495],[-95.584757,29.731035],[-95.584987,29.73063],[-95.585245,29.730081]]},"properties":{"Full_Name":"ROYAL OAKS CLUB DR","ped_crash_count":0,"ped_death_count":0,"total_crash_count":2,"MilesLength":0.46403103}},{"type":"Feature","geometry":{"type":"LineString","coordinates":[[-95.363825,29.758499],[-95.363749,29.758453],[-95.362871,29.75793],[-95.362008,29.7574],[-95.361781,29.75727],[-95.361151,29.756891],[-95.360285,29.756372],[-95.359436,29.755867],[-95.358584,29.755342],[-95.357722,29.754829],[-95.357174,29.754477],[-95.356985,29.754366]]},"properties":{"Full_Name":"RUSK ST","ped_crash_count":0,"ped_death_count":0,"total_crash_count":3,"MilesLength":0.49999999}},{"type":"Feature","geometry":{"type":"LineString","coordinates":[[-95.381387,29.731295],[-95.380538,29.730791],[-95.379707,29.730288],[-95.378947,29.72983],[-95.37884,29.729778],[-95.37871,29.72977],[-95.377936,29.729303],[-95.376787,29.728602],[-95.375381,29.727768],[-95.374869,29.727466],[-95.374777,29.727403]]},"properties":{"Full_Name":"RUTH ST","ped_crash_count":0,"ped_death_count":0,"total_crash_count":3,"MilesLength":0.48045385}},{"type":"Feature","geometry":{"type":"LineString","coordinates":[[-95.309867,29.739036],[-95.310243,29.73815],[-95.310256,29.738035],[-95.310502,29.737405],[-95.310707,29.73689],[-95.310971,29.736287],[-95.311229,29.735704],[-95.311769,29.734383],[-95.312116,29.733516],[-95.312486,29.732585]]},"properties":{"Full_Name":"S 66TH ST","ped_crash_count":0,"ped_death_count":0,"total_crash_count":2,"MilesLength":0.47164898}},{"type":"Feature","geometry":{"type":"LineString","coordinates":[[-95.292156,29.732556],[-95.292453,29.731815],[-95.292642,29.731343],[-95.292704,29.731186],[-95.29299,29.730456],[-95.293155,29.730231],[-95.293241,29.730139],[-95.293626,29.729783],[-95.294125,29.72925],[-95.294593,29.728725],[-95.294626,29.728687],[-95.294874,29.728038],[-95.295591,29.726057]]},"properties":{"Full_Name":"S 75TH ST","ped_crash_count":0,"ped_death_count":0,"total_crash_count":5,"MilesLength":0.50000002}},{"type":"Feature","geometry":{"type":"LineString","coordinates":[[-95.295591,29.726057],[-95.29572,29.7257],[-95.29579,29.725396],[-95.295854,29.724901],[-95.295819,29.724454],[-95.295676,29.72383],[-95.295108,29.72274],[-95.295013,29.722603],[-95.294951,29.722344],[-95.294931,29.722156],[-95.294921,29.721831],[-95.29493,29.721045],[-95.294929,29.720289],[-95.294921,29.719568],[-95.29492,29.718974]]},"properties":{"Full_Name":"S 75TH ST","ped_crash_count":0,"ped_death_count":0,"total_crash_count":4,"MilesLength":0.49999996}},{"type":"Feature","geometry":{"type":"LineString","coordinates":[[-95.525511,29.671363],[-95.52818,29.671336],[-95.528807,29.671342],[-95.529045,29.671348],[-95.529478,29.671353],[-95.530298,29.671408],[-95.530442,29.671417],[-95.531828,29.67178],[-95.532956,29.672402],[-95.533244,29.672587],[-95.533417,29.672733]]},"properties":{"Full_Name":"S BRAESWOOD BLVD","ped_crash_count":0,"ped_death_count":0,"total_crash_count":2,"MilesLength":0.49999999}},{"type":"Feature","geometry":{"type":"LineString","coordinates":[[-95.50995,29.675611],[-95.510056,29.675609],[-95.510246,29.675594],[-95.510454,29.675568],[-95.510895,29.675489],[-95.511333,29.675359],[-95.511883,29.675117],[-95.512797,29.674517],[-95.51422,29.673569],[-95.514825,29.673305],[-95.515578,29.67308],[-95.516408,29.672869],[-95.517355,29.672609],[-95.51737,29.672605]]},"properties":{"Full_Name":"S BRAESWOOD BLVD","ped_crash_count":0,"ped_death_count":0,"total_crash_count":2,"MilesLength":0.49999998}},{"type":"Feature","geometry":{"type":"LineString","coordinates":[[-95.501897,29.677001],[-95.502574,29.676894],[-95.503144,29.676735],[-95.503253,29.676698],[-95.503376,29.676666],[-95.503544,29.676603],[-95.504974,29.676043],[-95.505003,29.676032],[-95.505448,29.675896],[-95.506105,29.675758],[-95.506962,29.675655],[-95.507757,29.675632],[-95.508642,29.675631],[-95.50995,29.675611]]},"properties":{"Full_Name":"S BRAESWOOD BLVD","ped_crash_count":0,"ped_death_count":0,"total_crash_count":4,"MilesLength":0.50000002}},{"type":"Feature","geometry":{"type":"LineString","coordinates":[[-95.535523,29.67464],[-95.536122,29.674975],[-95.53664,29.675235],[-95.537413,29.675547],[-95.538239,29.675826],[-95.539293,29.67603],[-95.538592,29.676045],[-95.538144,29.676096]]},"properties":{"Full_Name":"S BRAESWOOD BLVD","ped_crash_count":2,"ped_death_count":1,"total_crash_count":3,"MilesLength":0.31750597}},{"type":"Feature","geometry":{"type":"LineString","coordinates":[[-95.453873,29.68362],[-95.45413,29.683517],[-95.454494,29.683406],[-95.454728,29.68332],[-95.455166,29.683157],[-95.455484,29.683052],[-95.456,29.682859],[-95.456477,29.682692],[-95.456991,29.682502],[-95.457302,29.682388],[-95.457798,29.682195],[-95.458172,29.682087],[-95.45845,29.682039],[-95.458498,29.68203],[-95.458797,29.682004],[-95.458813,29.682003],[-95.45897,29.681989],[-95.459043,29.681988],[-95.459386,29.681982]]},"properties":{"Full_Name":"S BRAESWOOD BLVD","ped_crash_count":0,"ped_death_count":0,"total_crash_count":5,"MilesLength":0.35292667}},{"type":"Feature","geometry":{"type":"LineString","coordinates":[[-95.411564,29.696851],[-95.411621,29.696855],[-95.412397,29.697003],[-95.4127,29.697063],[-95.413803,29.69729],[-95.414795,29.69746],[-95.415904,29.697484],[-95.416554,29.697428],[-95.416961,29.69734],[-95.417385,29.697181],[-95.417857,29.696995],[-95.41824,29.696756],[-95.418356,29.696622],[-95.418958,29.695958],[-95.419108,29.695823]]},"properties":{"Full_Name":"S BRAESWOOD BLVD","ped_crash_count":0,"ped_death_count":0,"total_crash_count":3,"MilesLength":0.49999999}},{"type":"Feature","geometry":{"type":"LineString","coordinates":[[-95.562766,29.689258],[-95.562753,29.688358],[-95.562731,29.687208],[-95.562732,29.686523],[-95.562726,29.685953],[-95.562723,29.685636],[-95.562713,29.685248],[-95.562713,29.685125],[-95.56271,29.684812],[-95.562708,29.684598],[-95.562694,29.683569],[-95.56269,29.683236],[-95.562683,29.682115],[-95.562679,29.681998]]},"properties":{"Full_Name":"S COURSE DR","ped_crash_count":1,"ped_death_count":0,"total_crash_count":2,"MilesLength":0.49999998}},{"type":"Feature","geometry":{"type":"LineString","coordinates":[[-95.603486,29.681537],[-95.60342,29.681407],[-95.6031,29.680795],[-95.602955,29.680441],[-95.602719,29.679718],[-95.602609,29.678872],[-95.602615,29.678747],[-95.602646,29.678051],[-95.602827,29.677438],[-95.603028,29.676844],[-95.603256,29.676294],[-95.603741,29.675124],[-95.603897,29.674728],[-95.603954,29.674593]]},"properties":{"Full_Name":"S DAIRY ASHFORD RD","ped_crash_count":0,"ped_death_count":0,"total_crash_count":6,"MilesLength":0.50000001}},{"type":"Feature","geometry":{"type":"LineString","coordinates":[[-95.604452,29.703219],[-95.604437,29.701992],[-95.604441,29.701613],[-95.604438,29.701261],[-95.60444,29.699931],[-95.604437,29.698648],[-95.604428,29.698205],[-95.604429,29.697775],[-95.604413,29.69694],[-95.604397,29.695996],[-95.604395,29.695959]]},"properties":{"Full_Name":"S DAIRY ASHFORD RD","ped_crash_count":1,"ped_death_count":0,"total_crash_count":2,"MilesLength":0.49999999}},{"type":"Feature","geometry":{"type":"LineString","coordinates":[[-95.604614,29.710477],[-95.604594,29.710149],[-95.604582,29.709323],[-95.604569,29.708427],[-95.604571,29.708241],[-95.604558,29.70767],[-95.604558,29.707276],[-95.604547,29.706867],[-95.604539,29.706071],[-95.604505,29.705471],[-95.604485,29.70449],[-95.604473,29.704211],[-95.604455,29.703497],[-95.604452,29.703219]]},"properties":{"Full_Name":"S DAIRY ASHFORD RD","ped_crash_count":2,"ped_death_count":0,"total_crash_count":3,"MilesLength":0.50000001}},{"type":"Feature","geometry":{"type":"LineString","coordinates":[[-95.604737,29.717734],[-95.604726,29.71752],[-95.604711,29.716726],[-95.604699,29.716326],[-95.60468,29.715459],[-95.604671,29.714748],[-95.604676,29.714388],[-95.604677,29.714266],[-95.604702,29.713991],[-95.604673,29.712667],[-95.604644,29.71133],[-95.604639,29.711124],[-95.604631,29.710753],[-95.604614,29.710477]]},"properties":{"Full_Name":"S DAIRY ASHFORD RD","ped_crash_count":0,"ped_death_count":0,"total_crash_count":2,"MilesLength":0.49999997}},{"type":"Feature","geometry":{"type":"LineString","coordinates":[[-95.60592,29.739424],[-95.605918,29.739084],[-95.605915,29.738607],[-95.605896,29.738038],[-95.605846,29.736183],[-95.605837,29.735526],[-95.60582,29.735007],[-95.605814,29.734727],[-95.605803,29.733775],[-95.6058,29.733648],[-95.605792,29.733189],[-95.605784,29.732626],[-95.605778,29.732279],[-95.605778,29.732166]]},"properties":{"Full_Name":"S DAIRY ASHFORD RD","ped_crash_count":0,"ped_death_count":0,"total_crash_count":2,"MilesLength":0.49999994}},{"type":"Feature","geometry":{"type":"LineString","coordinates":[[-95.625234,29.750513],[-95.625233,29.749424],[-95.625244,29.747866],[-95.625125,29.747152],[-95.625004,29.746725],[-95.624886,29.746371],[-95.624687,29.745877],[-95.62445,29.745353],[-95.624238,29.744887],[-95.624039,29.744382],[-95.623981,29.744181],[-95.623896,29.743798],[-95.623864,29.743436]]},"properties":{"Full_Name":"S ELDRIDGE PKWY","ped_crash_count":0,"ped_death_count":0,"total_crash_count":2,"MilesLength":0.49999996}},{"type":"Feature","geometry":{"type":"LineString","coordinates":[[-95.625241,29.765024],[-95.625361,29.764169],[-95.625387,29.764007],[-95.625354,29.761388],[-95.625332,29.759551],[-95.625325,29.758274],[-95.625317,29.757773]]},"properties":{"Full_Name":"S ELDRIDGE PKWY","ped_crash_count":0,"ped_death_count":0,"total_crash_count":2,"MilesLength":0.49999999}},{"type":"Feature","geometry":{"type":"LineString","coordinates":[[-95.52787,29.646705],[-95.52785,29.646362],[-95.527838,29.645735],[-95.527838,29.645043],[-95.527831,29.644367],[-95.527806,29.643746],[-95.527789,29.643371],[-95.527801,29.643108],[-95.527815,29.642699],[-95.527847,29.642407],[-95.527917,29.641931],[-95.528105,29.641294],[-95.528459,29.640356],[-95.528868,29.639602]]},"properties":{"Full_Name":"S GESSNER RD","ped_crash_count":1,"ped_death_count":1,"total_crash_count":2,"MilesLength":0.49999999}},{"type":"Feature","geometry":{"type":"LineString","coordinates":[[-95.532109,29.688848],[-95.532056,29.688817],[-95.531598,29.688546],[-95.530983,29.68819],[-95.53082,29.688099],[-95.53076,29.688065],[-95.530684,29.688024],[-95.530491,29.687918],[-95.530326,29.687829],[-95.529431,29.6872],[-95.528875,29.686494],[-95.528616,29.685762],[-95.528578,29.685057],[-95.528578,29.68473],[-95.528573,29.683867],[-95.528549,29.683069],[-95.528548,29.68299]]},"properties":{"Full_Name":"S GESSNER RD","ped_crash_count":3,"ped_death_count":0,"total_crash_count":10,"MilesLength":0.49999997}},{"type":"Feature","geometry":{"type":"LineString","coordinates":[[-95.537245,29.694369],[-95.537133,29.694045],[-95.536785,29.693354],[-95.536371,29.692685],[-95.53627,29.692538],[-95.535881,29.691967],[-95.535208,29.691145],[-95.534907,29.690877],[-95.534447,29.690468],[-95.534156,29.690209],[-95.533651,29.689853],[-95.532811,29.689263],[-95.532109,29.688848]]},"properties":{"Full_Name":"S GESSNER RD","ped_crash_count":0,"ped_death_count":0,"total_crash_count":3,"MilesLength":0.50000002}},{"type":"Feature","geometry":{"type":"LineString","coordinates":[[-95.537948,29.701573],[-95.537944,29.701371],[-95.537907,29.698902],[-95.537772,29.696531],[-95.537542,29.695228],[-95.537245,29.694369]]},"properties":{"Full_Name":"S GESSNER RD","ped_crash_count":1,"ped_death_count":1,"total_crash_count":6,"MilesLength":0.49999999}},{"type":"Feature","geometry":{"type":"LineString","coordinates":[[-95.538807,29.708743],[-95.538704,29.707959],[-95.538658,29.7078],[-95.538526,29.70742],[-95.538287,29.706789],[-95.538092,29.706193],[-95.538027,29.705795],[-95.537986,29.705004],[-95.537971,29.702787],[-95.537948,29.701573]]},"properties":{"Full_Name":"S GESSNER RD","ped_crash_count":2,"ped_death_count":1,"total_crash_count":4,"MilesLength":0.50000001}},{"type":"Feature","geometry":{"type":"LineString","coordinates":[[-95.528066,29.661221],[-95.528066,29.661196],[-95.528064,29.661058],[-95.528058,29.660503],[-95.528054,29.660133],[-95.528001,29.658937],[-95.528033,29.658164],[-95.528048,29.656866],[-95.528039,29.656234],[-95.528031,29.655689],[-95.528025,29.655207],[-95.52802,29.655122],[-95.527997,29.654661],[-95.527992,29.653963]]},"properties":{"Full_Name":"S GESSNER RD","ped_crash_count":0,"ped_death_count":0,"total_crash_count":2,"MilesLength":0.49999995}},{"type":"Feature","geometry":{"type":"LineString","coordinates":[[-95.538943,29.716],[-95.538961,29.715488],[-95.538934,29.714642],[-95.538942,29.714492],[-95.538939,29.713637],[-95.538927,29.712706],[-95.538924,29.712544],[-95.538901,29.711413],[-95.538888,29.710842],[-95.538874,29.710307],[-95.538855,29.709628],[-95.538846,29.709335],[-95.538836,29.708961],[-95.538807,29.708743]]},"properties":{"Full_Name":"S GESSNER RD","ped_crash_count":4,"ped_death_count":0,"total_crash_count":6,"MilesLength":0.49999998}},{"type":"Feature","geometry":{"type":"LineString","coordinates":[[-95.539103,29.723258],[-95.539101,29.722709],[-95.539096,29.722558],[-95.539088,29.722105],[-95.539084,29.721762],[-95.539081,29.721403],[-95.539076,29.720856],[-95.539067,29.719883],[-95.539067,29.719798],[-95.539066,29.719677],[-95.539066,29.719593],[-95.539056,29.719486],[-95.539046,29.719077],[-95.539009,29.71861],[-95.538973,29.717692],[-95.53894,29.716109],[-95.538943,29.716]]},"properties":{"Full_Name":"S GESSNER RD","ped_crash_count":3,"ped_death_count":1,"total_crash_count":9,"MilesLength":0.50000001}},{"type":"Feature","geometry":{"type":"LineString","coordinates":[[-95.539214,29.730516],[-95.539212,29.730345],[-95.539204,29.729601],[-95.539203,29.729262],[-95.539185,29.728589],[-95.539159,29.727733],[-95.539158,29.727179],[-95.539149,29.726864],[-95.539134,29.726511],[-95.539131,29.726478],[-95.539121,29.726299],[-95.539123,29.726118],[-95.539107,29.725608],[-95.539107,29.725369],[-95.539093,29.724639],[-95.539085,29.72416],[-95.539105,29.723628],[-95.539103,29.723258]]},"properties":{"Full_Name":"S GESSNER RD","ped_crash_count":0,"ped_death_count":0,"total_crash_count":4,"MilesLength":0.49999999}},{"type":"Feature","geometry":{"type":"LineString","coordinates":[[-95.304618,29.83611],[-95.304141,29.835868],[-95.304136,29.835865],[-95.303946,29.835812],[-95.303741,29.835784],[-95.303491,29.83577],[-95.302031,29.835779],[-95.298034,29.835794],[-95.296495,29.835791],[-95.29638,29.835791]]},"properties":{"Full_Name":"S HALL ST","ped_crash_count":1,"ped_death_count":0,"total_crash_count":3,"MilesLength":0.50000002}},{"type":"Feature","geometry":{"type":"LineString","coordinates":[[-95.588098,29.715001],[-95.588058,29.714637],[-95.588051,29.714117],[-95.588043,29.713984],[-95.588028,29.713284],[-95.588011,29.712651],[-95.588009,29.712434],[-95.588001,29.712084],[-95.587998,29.711901],[-95.587997,29.711643],[-95.587995,29.711551],[-95.587994,29.711211],[-95.587999,29.710984],[-95.587993,29.710176],[-95.587977,29.709683],[-95.587964,29.708924],[-95.587937,29.707887],[-95.587933,29.707744]]},"properties":{"Full_Name":"S KIRKWOOD RD","ped_crash_count":1,"ped_death_count":1,"total_crash_count":2,"MilesLength":0.49999998}},{"type":"Feature","geometry":{"type":"LineString","coordinates":[[-95.587371,29.678711],[-95.587341,29.676986],[-95.587286,29.675222],[-95.587275,29.674483],[-95.587267,29.67397],[-95.587266,29.67364],[-95.587291,29.673455],[-95.587419,29.672781],[-95.587667,29.671947],[-95.58785,29.671518]]},"properties":{"Full_Name":"S KIRKWOOD RD","ped_crash_count":0,"ped_death_count":0,"total_crash_count":2,"MilesLength":0.49999996}},{"type":"Feature","geometry":{"type":"LineString","coordinates":[[-95.587635,29.693228],[-95.58763,29.692569],[-95.587636,29.692372],[-95.587636,29.692232],[-95.587612,29.691799],[-95.587606,29.691028],[-95.587594,29.688931],[-95.587585,29.68806],[-95.587534,29.687323],[-95.587518,29.686545],[-95.587514,29.686258],[-95.587513,29.68597]]},"properties":{"Full_Name":"S KIRKWOOD RD","ped_crash_count":0,"ped_death_count":0,"total_crash_count":4,"MilesLength":0.50000003}},{"type":"Feature","geometry":{"type":"LineString","coordinates":[[-95.587776,29.700486],[-95.587763,29.699886],[-95.587784,29.69956],[-95.587719,29.696817],[-95.587705,29.696041],[-95.587692,29.695592],[-95.587671,29.694872],[-95.587652,29.694108],[-95.587635,29.693343],[-95.587635,29.693228]]},"properties":{"Full_Name":"S KIRKWOOD RD","ped_crash_count":0,"ped_death_count":0,"total_crash_count":4,"MilesLength":0.50000003}},{"type":"Feature","geometry":{"type":"LineString","coordinates":[[-95.587933,29.707744],[-95.587924,29.707391],[-95.587917,29.706903],[-95.587894,29.706265],[-95.587895,29.704882],[-95.587898,29.704637],[-95.587891,29.704069],[-95.58787,29.703746],[-95.587841,29.703204],[-95.587831,29.702918],[-95.587776,29.700486]]},"properties":{"Full_Name":"S KIRKWOOD RD","ped_crash_count":1,"ped_death_count":0,"total_crash_count":2,"MilesLength":0.49999999}},{"type":"Feature","geometry":{"type":"LineString","coordinates":[[-95.587279,29.664645],[-95.587272,29.664632],[-95.587066,29.664353],[-95.586842,29.664029],[-95.58633,29.663308],[-95.586071,29.662942],[-95.585696,29.662422],[-95.585335,29.662047],[-95.584821,29.661468],[-95.58435,29.66083],[-95.583989,29.66014],[-95.583658,29.659072],[-95.58351,29.658287]]},"properties":{"Full_Name":"S KIRKWOOD RD","ped_crash_count":2,"ped_death_count":1,"total_crash_count":3,"MilesLength":0.50000001}},{"type":"Feature","geometry":{"type":"LineString","coordinates":[[-95.588707,29.742362],[-95.588702,29.741711],[-95.588689,29.740658],[-95.588668,29.739579],[-95.58866,29.739047],[-95.588647,29.73799],[-95.588638,29.73764],[-95.588633,29.737285],[-95.588627,29.736526],[-95.58858,29.735747],[-95.588659,29.735107]]},"properties":{"Full_Name":"S KIRKWOOD RD","ped_crash_count":1,"ped_death_count":1,"total_crash_count":3,"MilesLength":0.50000002}},{"type":"Feature","geometry":{"type":"LineString","coordinates":[[-95.207055,29.81667],[-95.207564,29.817559],[-95.20804,29.818663],[-95.20805,29.819665],[-95.208086,29.821728],[-95.20811,29.822808]]},"properties":{"Full_Name":"S LAKE HOUSTON PKWY","ped_crash_count":0,"ped_death_count":0,"total_crash_count":4,"MilesLength":0.43520209}},{"type":"Feature","geometry":{"type":"LineString","coordinates":[[-95.326602,29.747931],[-95.326801,29.747651],[-95.326903,29.747513],[-95.327015,29.747319],[-95.327174,29.746978],[-95.327599,29.745978],[-95.328093,29.744794],[-95.328116,29.744733],[-95.328206,29.744523],[-95.328314,29.74418],[-95.328424,29.743894],[-95.328596,29.743502],[-95.328944,29.742971],[-95.329174,29.742681],[-95.329414,29.742414],[-95.329653,29.742131],[-95.329719,29.742052],[-95.330019,29.741617],[-95.330123,29.741408]]},"properties":{"Full_Name":"S LOCKWOOD DR","ped_crash_count":0,"ped_death_count":0,"total_crash_count":3,"MilesLength":0.49999999}},{"type":"Feature","geometry":{"type":"LineString","coordinates":[[-95.330123,29.741408],[-95.330372,29.740903],[-95.330682,29.740165],[-95.330977,29.739467],[-95.331078,29.739214],[-95.331387,29.738442],[-95.331675,29.73778],[-95.331674,29.737704],[-95.331715,29.737567],[-95.331804,29.737355],[-95.33186,29.737212],[-95.331909,29.737076],[-95.331944,29.736907],[-95.331963,29.73676],[-95.331977,29.736614],[-95.331962,29.736325],[-95.331969,29.736229],[-95.331936,29.735976],[-95.331886,29.735728],[-95.331852,29.735583],[-95.331828,29.735426],[-95.331822,29.735243],[-95.331827,29.735139],[-95.331865,29.734945],[-95.331928,29.734722],[-95.332037,29.734468]]},"properties":{"Full_Name":"S LOCKWOOD DR","ped_crash_count":1,"ped_death_count":0,"total_crash_count":2,"MilesLength":0.49999999}},{"type":"Feature","geometry":{"type":"LineString","coordinates":[[-95.404772,29.678979],[-95.405164,29.678897],[-95.406089,29.678715],[-95.40732,29.678554],[-95.407671,29.678519],[-95.409217,29.678447],[-95.409479,29.678454],[-95.41172,29.678361],[-95.412273,29.678344],[-95.412782,29.678337],[-95.413031,29.678331]]},"properties":{"Full_Name":"S LOOP W","ped_crash_count":0,"ped_death_count":0,"total_crash_count":3,"MilesLength":0.5}},{"type":"Feature","geometry":{"type":"LineString","coordinates":[[-95.462736,29.66814],[-95.462839,29.667851],[-95.463217,29.666823],[-95.463305,29.666592],[-95.463376,29.666382],[-95.463641,29.665675],[-95.463748,29.665355],[-95.463827,29.664976],[-95.464005,29.664311],[-95.464063,29.663429],[-95.464069,29.662641],[-95.464075,29.661976],[-95.464063,29.661497],[-95.464055,29.66115],[-95.46405,29.661042]]},"properties":{"Full_Name":"S POST OAK RD","ped_crash_count":1,"ped_death_count":0,"total_crash_count":3,"MilesLength":0.50000002}},{"type":"Feature","geometry":{"type":"LineString","coordinates":[[-95.466622,29.596359],[-95.467041,29.595512],[-95.467644,29.594318],[-95.468291,29.593016],[-95.469579,29.590496],[-95.469982,29.589719]]},"properties":{"Full_Name":"S POST OAK RD","ped_crash_count":1,"ped_death_count":0,"total_crash_count":5,"MilesLength":0.5}},{"type":"Feature","geometry":{"type":"LineString","coordinates":[[-95.464496,29.603253],[-95.46448,29.603126],[-95.464478,29.602309],[-95.464453,29.601684],[-95.464462,29.60122],[-95.464612,29.600646],[-95.464722,29.600342],[-95.464785,29.600168],[-95.46492,29.599792],[-95.465027,29.599593],[-95.465142,29.599377],[-95.465519,29.598636],[-95.465857,29.597965],[-95.466203,29.597206],[-95.466622,29.596359]]},"properties":{"Full_Name":"S POST OAK RD","ped_crash_count":2,"ped_death_count":2,"total_crash_count":3,"MilesLength":0.49999997}},{"type":"Feature","geometry":{"type":"LineString","coordinates":[[-95.464955,29.610492],[-95.464887,29.607271],[-95.464785,29.606551],[-95.46474,29.606227],[-95.464725,29.605798],[-95.464715,29.604795],[-95.464584,29.603964],[-95.464496,29.603253]]},"properties":{"Full_Name":"S POST OAK RD","ped_crash_count":0,"ped_death_count":0,"total_crash_count":2,"MilesLength":0.5}},{"type":"Feature","geometry":{"type":"LineString","coordinates":[[-95.465138,29.625006],[-95.465144,29.624151],[-95.465139,29.623999],[-95.465115,29.623159],[-95.465092,29.622532],[-95.465072,29.621683],[-95.465088,29.620824],[-95.465069,29.620355],[-95.465035,29.619106],[-95.465028,29.619038],[-95.465004,29.618277],[-95.465021,29.618065],[-95.465023,29.617748]]},"properties":{"Full_Name":"S POST OAK RD","ped_crash_count":1,"ped_death_count":0,"total_crash_count":4,"MilesLength":0.49999999}},{"type":"Feature","geometry":{"type":"LineString","coordinates":[[-95.463568,29.63201],[-95.463735,29.631264],[-95.464125,29.630379],[-95.464382,29.629979],[-95.464643,29.629453],[-95.465003,29.628662],[-95.46508,29.628388],[-95.465192,29.627284],[-95.465137,29.625014],[-95.465138,29.625006]]},"properties":{"Full_Name":"S POST OAK RD","ped_crash_count":0,"ped_death_count":0,"total_crash_count":3,"MilesLength":0.50000001}},{"type":"Feature","geometry":{"type":"LineString","coordinates":[[-95.463574,29.639268],[-95.463565,29.636428],[-95.463558,29.636038],[-95.463537,29.635084],[-95.46354,29.634749],[-95.463584,29.63395],[-95.46355,29.632882],[-95.46356,29.632044],[-95.463568,29.63201]]},"properties":{"Full_Name":"S POST OAK RD","ped_crash_count":1,"ped_death_count":0,"total_crash_count":3,"MilesLength":0.50000001}},{"type":"Feature","geometry":{"type":"LineString","coordinates":[[-95.463907,29.653784],[-95.463903,29.653528],[-95.463903,29.653514],[-95.463841,29.651601],[-95.463846,29.651284],[-95.46384,29.650915],[-95.46376,29.648483],[-95.463736,29.646525]]},"properties":{"Full_Name":"S POST OAK RD","ped_crash_count":1,"ped_death_count":0,"total_crash_count":3,"MilesLength":0.5}},{"type":"Feature","geometry":{"type":"LineString","coordinates":[[-95.46405,29.661042],[-95.464014,29.660329],[-95.464011,29.659271],[-95.46398,29.658027],[-95.463946,29.656903],[-95.46394,29.656652],[-95.46394,29.656417],[-95.463933,29.655797],[-95.463928,29.655301],[-95.463917,29.654515],[-95.463914,29.654304],[-95.463908,29.653893],[-95.463907,29.653784]]},"properties":{"Full_Name":"S POST OAK RD","ped_crash_count":1,"ped_death_count":0,"total_crash_count":5,"MilesLength":0.49999997}},{"type":"Feature","geometry":{"type":"LineString","coordinates":[[-95.227776,29.680627],[-95.228671,29.679772],[-95.228916,29.67953],[-95.229911,29.678594],[-95.230042,29.67847],[-95.230802,29.677723],[-95.231061,29.67747],[-95.23188,29.676668],[-95.232157,29.676382],[-95.232572,29.675983],[-95.232814,29.675723],[-95.233002,29.675548],[-95.233247,29.675322]]},"properties":{"Full_Name":"S RICHEY ST","ped_crash_count":1,"ped_death_count":0,"total_crash_count":2,"MilesLength":0.49172231}},{"type":"Feature","geometry":{"type":"LineString","coordinates":[[-95.648508,29.729352],[-95.64854,29.729261],[-95.64871,29.728789],[-95.648868,29.728371],[-95.649071,29.728079],[-95.649366,29.727766],[-95.649398,29.727733],[-95.64976,29.727443],[-95.650194,29.727079],[-95.650373,29.726953],[-95.650573,29.726852],[-95.650681,29.726814],[-95.65079,29.726776],[-95.651136,29.726722],[-95.651458,29.726718],[-95.651833,29.726717],[-95.652329,29.726716],[-95.652409,29.726716]]},"properties":{"Full_Name":"S RICHMOND AVE","ped_crash_count":0,"ped_death_count":0,"total_crash_count":2,"MilesLength":0.33049977}},{"type":"Feature","geometry":{"type":"LineString","coordinates":[[-95.343625,29.600536],[-95.340883,29.600527],[-95.338112,29.600528],[-95.335317,29.600555]]},"properties":{"Full_Name":"S SAM HOUSTON PKWY E","ped_crash_count":0,"ped_death_count":0,"total_crash_count":2,"MilesLength":0.49999999}},{"type":"Feature","geometry":{"type":"LineString","coordinates":[[-95.232383,29.60048],[-95.230165,29.600522],[-95.229125,29.600541],[-95.228638,29.600547],[-95.228193,29.600556],[-95.226331,29.600591],[-95.225074,29.600614]]},"properties":{"Full_Name":"S SAM HOUSTON PKWY E","ped_crash_count":0,"ped_death_count":0,"total_crash_count":3,"MilesLength":0.43999399}},{"type":"Feature","geometry":{"type":"LineString","coordinates":[[-95.211332,29.603019],[-95.210923,29.603265],[-95.210341,29.603653],[-95.209719,29.604132],[-95.209398,29.604421],[-95.209213,29.604593],[-95.208979,29.604759],[-95.208202,29.605223],[-95.208102,29.605283],[-95.207432,29.605596],[-95.207252,29.605712],[-95.206454,29.606224],[-95.206446,29.606229],[-95.206267,29.606361],[-95.205842,29.606645],[-95.205755,29.606713],[-95.205624,29.606817],[-95.205288,29.607082],[-95.205246,29.607115]]},"properties":{"Full_Name":"S SAM HOUSTON PKWY E","ped_crash_count":0,"ped_death_count":0,"total_crash_count":2,"MilesLength":0.4638165}},{"type":"Feature","geometry":{"type":"LineString","coordinates":[[-95.505146,29.618825],[-95.508514,29.620164],[-95.509985,29.62066],[-95.512151,29.621597],[-95.512671,29.621884]]},"properties":{"Full_Name":"S SAM HOUSTON PKWY W","ped_crash_count":0,"ped_death_count":0,"total_crash_count":3,"MilesLength":0.50000003}},{"type":"Feature","geometry":{"type":"LineString","coordinates":[[-95.410618,29.731812],[-95.410616,29.731715],[-95.41062,29.73122],[-95.410616,29.730983],[-95.41061,29.73072],[-95.410606,29.730486],[-95.410597,29.729522],[-95.410585,29.728672],[-95.410559,29.727845],[-95.41055,29.727141],[-95.410541,29.726436],[-95.410538,29.726019],[-95.410535,29.725588],[-95.410522,29.724738],[-95.41052,29.724553]]},"properties":{"Full_Name":"S SHEPHERD DR","ped_crash_count":0,"ped_death_count":0,"total_crash_count":3,"MilesLength":0.49999996}},{"type":"Feature","geometry":{"type":"LineString","coordinates":[[-95.410662,29.746274],[-95.41065,29.744675],[-95.410629,29.74433],[-95.410763,29.744031],[-95.410736,29.742587],[-95.41074,29.742184],[-95.410725,29.741488],[-95.410718,29.740693],[-95.41072,29.739999],[-95.410717,29.739934],[-95.410717,29.739869],[-95.410702,29.739293],[-95.410701,29.739037]]},"properties":{"Full_Name":"S SHEPHERD DR","ped_crash_count":1,"ped_death_count":0,"total_crash_count":2,"MilesLength":0.49999999}},{"type":"Feature","geometry":{"type":"LineString","coordinates":[[-95.410722,29.753533],[-95.410714,29.753011],[-95.410709,29.752021],[-95.410705,29.751102],[-95.410705,29.750706],[-95.410674,29.749079],[-95.410684,29.748133],[-95.410666,29.746899],[-95.410662,29.746274]]},"properties":{"Full_Name":"S SHEPHERD DR","ped_crash_count":0,"ped_death_count":0,"total_crash_count":3,"MilesLength":0.49999999}},{"type":"Feature","geometry":{"type":"LineString","coordinates":[[-95.414886,29.870937],[-95.414926,29.870836],[-95.415462,29.870839],[-95.417385,29.870826],[-95.418146,29.870834],[-95.420685,29.870819],[-95.423133,29.87081]]},"properties":{"Full_Name":"S VICTORY DR","ped_crash_count":0,"ped_death_count":0,"total_crash_count":2,"MilesLength":0.49999999}},{"type":"Feature","geometry":{"type":"LineString","coordinates":[[-95.43143,29.870874],[-95.431819,29.870869],[-95.432221,29.870865],[-95.432645,29.870855],[-95.432794,29.870848],[-95.433051,29.870851],[-95.433388,29.870813],[-95.433862,29.870775],[-95.433963,29.87076],[-95.434647,29.870742],[-95.435112,29.87074],[-95.435356,29.870743],[-95.435601,29.870738],[-95.436025,29.870728],[-95.436584,29.870732],[-95.437394,29.870714],[-95.438422,29.870777],[-95.438852,29.870812],[-95.439201,29.870839],[-95.439557,29.870837],[-95.439746,29.870842]]},"properties":{"Full_Name":"S VICTORY DR","ped_crash_count":0,"ped_death_count":0,"total_crash_count":3,"MilesLength":0.5}},{"type":"Feature","geometry":{"type":"LineString","coordinates":[[-95.501019,29.745896],[-95.501021,29.745688],[-95.501009,29.745425],[-95.500997,29.745086],[-95.500984,29.744699],[-95.500978,29.744383],[-95.500961,29.744026],[-95.500955,29.743176],[-95.500957,29.742695],[-95.500957,29.742495],[-95.50094,29.74147],[-95.500936,29.741112],[-95.500925,29.740585],[-95.50091,29.739524],[-95.500897,29.738711],[-95.500898,29.738637]]},"properties":{"Full_Name":"S VOSS RD","ped_crash_count":0,"ped_death_count":0,"total_crash_count":2,"MilesLength":0.49999994}},{"type":"Feature","geometry":{"type":"LineString","coordinates":[[-95.501119,29.753154],[-95.501114,29.752988],[-95.501121,29.752787],[-95.501118,29.752139],[-95.501116,29.75197],[-95.501113,29.751704],[-95.501112,29.751043],[-95.50111,29.750426],[-95.501103,29.749833],[-95.501068,29.749266],[-95.501056,29.749149],[-95.50105,29.748288],[-95.50103,29.74731],[-95.501015,29.746318],[-95.501019,29.745896]]},"properties":{"Full_Name":"S VOSS RD","ped_crash_count":0,"ped_death_count":0,"total_crash_count":3,"MilesLength":0.50000003}},{"type":"Feature","geometry":{"type":"LineString","coordinates":[[-95.317827,29.606384],[-95.317823,29.605036],[-95.317858,29.603215],[-95.317855,29.602263],[-95.317843,29.601047],[-95.317746,29.600742],[-95.317741,29.60039],[-95.317738,29.60024],[-95.317731,29.59983]]},"properties":{"Full_Name":"S WAYSIDE DR","ped_crash_count":0,"ped_death_count":0,"total_crash_count":3,"MilesLength":0.45218147}},{"type":"Feature","geometry":{"type":"LineString","coordinates":[[-95.306307,29.736929],[-95.306794,29.735683],[-95.307041,29.735032],[-95.307464,29.734],[-95.307735,29.733244]]},"properties":{"Full_Name":"S WAYSIDE DR","ped_crash_count":0,"ped_death_count":0,"total_crash_count":2,"MilesLength":0.26795606}},{"type":"Feature","geometry":{"type":"LineString","coordinates":[[-95.313267,29.719559],[-95.313314,29.719441],[-95.313529,29.718947],[-95.313599,29.718761],[-95.313827,29.718322],[-95.314086,29.717797],[-95.314903,29.716167],[-95.315256,29.715456],[-95.315325,29.71527],[-95.315373,29.715141],[-95.315419,29.715017],[-95.315484,29.714842],[-95.315826,29.714051],[-95.316285,29.712816],[-95.31629,29.712803]]},"properties":{"Full_Name":"S WAYSIDE DR","ped_crash_count":2,"ped_death_count":0,"total_crash_count":10,"MilesLength":0.49999997}},{"type":"Feature","geometry":{"type":"LineString","coordinates":[[-95.307735,29.733244],[-95.307776,29.733128],[-95.307873,29.732876],[-95.308174,29.732141],[-95.308249,29.732014],[-95.308351,29.731787],[-95.308792,29.730676],[-95.309132,29.729804],[-95.309253,29.729494],[-95.309374,29.72918],[-95.309983,29.727626],[-95.31038,29.726579],[-95.310472,29.72639]]},"properties":{"Full_Name":"S WAYSIDE DR","ped_crash_count":0,"ped_death_count":0,"total_crash_count":3,"MilesLength":0.49999998}},{"type":"Feature","geometry":{"type":"LineString","coordinates":[[-95.223948,29.613585],[-95.2238,29.613464],[-95.223662,29.613341],[-95.223511,29.613149],[-95.223425,29.612985],[-95.22337,29.612874],[-95.2233,29.612732],[-95.223233,29.612596],[-95.22303,29.612186],[-95.222772,29.611612],[-95.222687,29.611441],[-95.222665,29.61141],[-95.222485,29.611152],[-95.222202,29.610754],[-95.221995,29.610462],[-95.221432,29.609856],[-95.221097,29.60957],[-95.220965,29.609456],[-95.220805,29.609319],[-95.220312,29.608917],[-95.220146,29.608781],[-95.220026,29.608686],[-95.219695,29.608406],[-95.219491,29.60825],[-95.219032,29.607865]]},"properties":{"Full_Name":"SABO RD","ped_crash_count":0,"ped_death_count":0,"total_crash_count":2,"MilesLength":0.5}},{"type":"Feature","geometry":{"type":"LineString","coordinates":[[-95.34129,29.748431],[-95.341368,29.748333],[-95.341992,29.747546],[-95.342609,29.746772],[-95.34296,29.746337],[-95.343197,29.746022],[-95.34375,29.745338],[-95.344047,29.744956],[-95.344351,29.744558],[-95.344948,29.743803],[-95.345093,29.743675],[-95.345284,29.743448],[-95.345569,29.743082],[-95.346024,29.742465]]},"properties":{"Full_Name":"SAMPSON ST","ped_crash_count":0,"ped_death_count":0,"total_crash_count":3,"MilesLength":0.49999999}},{"type":"Feature","geometry":{"type":"LineString","coordinates":[[-95.410674,29.749079],[-95.411828,29.749047],[-95.41416,29.749009],[-95.415105,29.748996],[-95.416489,29.748784],[-95.417662,29.74859],[-95.418826,29.748403],[-95.418929,29.748385]]},"properties":{"Full_Name":"SAN FELIPE ST","ped_crash_count":0,"ped_death_count":0,"total_crash_count":3,"MilesLength":0.50000002}},{"type":"Feature","geometry":{"type":"LineString","coordinates":[[-95.500198,29.750442],[-95.50111,29.750426],[-95.501793,29.750445],[-95.502419,29.75044],[-95.502704,29.750444],[-95.503021,29.750464],[-95.503506,29.750579],[-95.504388,29.750788],[-95.505739,29.751099],[-95.506219,29.75121],[-95.507303,29.751487]]},"properties":{"Full_Name":"SAN FELIPE ST","ped_crash_count":0,"ped_death_count":0,"total_crash_count":2,"MilesLength":0.43654798}},{"type":"Feature","geometry":{"type":"LineString","coordinates":[[-95.475339,29.750094],[-95.475843,29.750095],[-95.47622,29.750073],[-95.476972,29.750063],[-95.477855,29.750054],[-95.479541,29.750038],[-95.47991,29.750031],[-95.481293,29.750006],[-95.482648,29.749982],[-95.483657,29.749953]]},"properties":{"Full_Name":"SAN FELIPE ST","ped_crash_count":1,"ped_death_count":0,"total_crash_count":2,"MilesLength":0.49999998}},{"type":"Feature","geometry":{"type":"LineString","coordinates":[[-95.427181,29.747789],[-95.430157,29.747763],[-95.431249,29.747656],[-95.433125,29.747486],[-95.434515,29.747395],[-95.435474,29.747302]]},"properties":{"Full_Name":"SAN FELIPE ST","ped_crash_count":0,"ped_death_count":0,"total_crash_count":3,"MilesLength":0.50000001}},{"type":"Feature","geometry":{"type":"LineString","coordinates":[[-95.418929,29.748385],[-95.419903,29.748213],[-95.420253,29.748151],[-95.420839,29.748047],[-95.422257,29.747796],[-95.422881,29.747796],[-95.426499,29.747795],[-95.427181,29.747789]]},"properties":{"Full_Name":"SAN FELIPE ST","ped_crash_count":0,"ped_death_count":0,"total_crash_count":2,"MilesLength":0.49999995}},{"type":"Feature","geometry":{"type":"LineString","coordinates":[[-95.388453,29.724036],[-95.388536,29.72393],[-95.38911,29.723218],[-95.389271,29.723113],[-95.389436,29.723002],[-95.389617,29.722911],[-95.389798,29.722847],[-95.390036,29.722779],[-95.390306,29.722715],[-95.390855,29.72257],[-95.391138,29.722508],[-95.391345,29.722432],[-95.39159,29.722303],[-95.39175,29.722175],[-95.391883,29.722062],[-95.392498,29.721426]]},"properties":{"Full_Name":"SAN JACINTO ST","ped_crash_count":0,"ped_death_count":0,"total_crash_count":2,"MilesLength":0.31381976}},{"type":"Feature","geometry":{"type":"LineString","coordinates":[[-95.383725,29.730009],[-95.383781,29.729938],[-95.384234,29.729361],[-95.384796,29.728651],[-95.38525,29.728085],[-95.385727,29.727483],[-95.386282,29.726782],[-95.386742,29.726213],[-95.387211,29.72562],[-95.387874,29.724776],[-95.388453,29.724036]]},"properties":{"Full_Name":"SAN JACINTO ST","ped_crash_count":1,"ped_death_count":0,"total_crash_count":3,"MilesLength":0.50000001}},{"type":"Feature","geometry":{"type":"LineString","coordinates":[[-95.374245,29.741937],[-95.374383,29.741759],[-95.374852,29.7412],[-95.375329,29.740599],[-95.375869,29.739884],[-95.376318,29.73932],[-95.376789,29.738728],[-95.37735,29.738004],[-95.377812,29.737443],[-95.378276,29.736881],[-95.378838,29.736158],[-95.378984,29.735971]]},"properties":{"Full_Name":"SAN JACINTO ST","ped_crash_count":0,"ped_death_count":0,"total_crash_count":3,"MilesLength":0.49999998}},{"type":"Feature","geometry":{"type":"LineString","coordinates":[[-95.369554,29.747932],[-95.369719,29.747704],[-95.370299,29.746964],[-95.370881,29.746225],[-95.3713,29.745697],[-95.371421,29.745535],[-95.371599,29.745301],[-95.371872,29.744973],[-95.372348,29.744351],[-95.372998,29.743516],[-95.373368,29.743069],[-95.373824,29.74248],[-95.374245,29.741937]]},"properties":{"Full_Name":"SAN JACINTO ST","ped_crash_count":2,"ped_death_count":0,"total_crash_count":6,"MilesLength":0.50000002}},{"type":"Feature","geometry":{"type":"LineString","coordinates":[[-95.3648,29.753884],[-95.36497,29.753663],[-95.365552,29.752928],[-95.366153,29.752177],[-95.366736,29.751445],[-95.367337,29.750682],[-95.367923,29.749934],[-95.368516,29.749201],[-95.369121,29.748441],[-95.36925,29.748341],[-95.36927,29.748326],[-95.369345,29.748222],[-95.369554,29.747932]]},"properties":{"Full_Name":"SAN JACINTO ST","ped_crash_count":1,"ped_death_count":0,"total_crash_count":4,"MilesLength":0.50000001}},{"type":"Feature","geometry":{"type":"LineString","coordinates":[[-95.360079,29.759861],[-95.360202,29.759709],[-95.360794,29.758933],[-95.361399,29.758157],[-95.362008,29.7574],[-95.362106,29.757279],[-95.362605,29.756654],[-95.363199,29.755913],[-95.363777,29.755177],[-95.364382,29.754426],[-95.3648,29.753884]]},"properties":{"Full_Name":"SAN JACINTO ST","ped_crash_count":0,"ped_death_count":0,"total_crash_count":2,"MilesLength":0.49999995}},{"type":"Feature","geometry":{"type":"LineString","coordinates":[[-95.378724,29.763304],[-95.379506,29.763161],[-95.379802,29.763122],[-95.380076,29.763135],[-95.380215,29.763173],[-95.380283,29.763192],[-95.380488,29.7633],[-95.380809,29.763633],[-95.381056,29.76402],[-95.381245,29.764298],[-95.381323,29.764488],[-95.381353,29.764812],[-95.381357,29.765546],[-95.381365,29.765669],[-95.381393,29.765835],[-95.381448,29.766008],[-95.381549,29.766201],[-95.381742,29.766441],[-95.381915,29.766568],[-95.382145,29.766711],[-95.382287,29.766816],[-95.382368,29.766887],[-95.382461,29.766981],[-95.382544,29.767094],[-95.382608,29.767202],[-95.382676,29.767349],[-95.382729,29.76753],[-95.382743,29.767641],[-95.382745,29.768313],[-95.382745,29.768324]]},"properties":{"Full_Name":"SAWYER ST","ped_crash_count":0,"ped_death_count":0,"total_crash_count":2,"MilesLength":0.49999997}},{"type":"Feature","geometry":{"type":"LineString","coordinates":[[-95.382745,29.768324],[-95.382752,29.769097],[-95.38276,29.769669],[-95.382758,29.769895],[-95.382778,29.770665],[-95.382797,29.772171],[-95.382804,29.772921],[-95.382788,29.773299],[-95.382734,29.773534],[-95.382698,29.773641],[-95.382566,29.773826],[-95.382284,29.7741],[-95.381938,29.774395],[-95.381745,29.774612],[-95.381621,29.774779],[-95.381604,29.774809],[-95.381487,29.775107]]},"properties":{"Full_Name":"SAWYER ST","ped_crash_count":1,"ped_death_count":0,"total_crash_count":3,"MilesLength":0.49291453}},{"type":"Feature","geometry":{"type":"LineString","coordinates":[[-95.332355,29.82202],[-95.332358,29.822144],[-95.332375,29.823082],[-95.332395,29.82411],[-95.332413,29.825117],[-95.332422,29.825423],[-95.332417,29.825566],[-95.332398,29.825707],[-95.332365,29.825856],[-95.33232,29.825994],[-95.33226,29.826144],[-95.332033,29.826666],[-95.331974,29.826763],[-95.33191,29.826849],[-95.331831,29.826928],[-95.33174,29.826998],[-95.33164,29.82706]]},"properties":{"Full_Name":"SAYERS ST","ped_crash_count":0,"ped_death_count":0,"total_crash_count":2,"MilesLength":0.36030061}},{"type":"Feature","geometry":{"type":"LineString","coordinates":[[-95.347453,29.636331],[-95.346589,29.636393],[-95.346155,29.636429],[-95.34572,29.63646],[-95.345554,29.636473],[-95.344808,29.636531],[-95.343926,29.636608],[-95.343105,29.636666],[-95.342168,29.636742],[-95.341541,29.636782],[-95.340723,29.636862],[-95.340021,29.636909],[-95.339397,29.636964],[-95.339177,29.636988]]},"properties":{"Full_Name":"SELINSKY RD","ped_crash_count":1,"ped_death_count":1,"total_crash_count":3,"MilesLength":0.49999999}},{"type":"Feature","geometry":{"type":"LineString","coordinates":[[-95.645503,29.814063],[-95.64553,29.814559],[-95.64554,29.814828],[-95.645532,29.816016],[-95.645519,29.816906],[-95.645505,29.819458],[-95.645517,29.820724],[-95.645523,29.821322]]},"properties":{"Full_Name":"SH 6 N","ped_crash_count":1,"ped_death_count":1,"total_crash_count":4,"MilesLength":0.49999997}},{"type":"Feature","geometry":{"type":"LineString","coordinates":[[-95.645138,29.806816],[-95.645197,29.810642],[-95.645225,29.811209],[-95.645304,29.811989],[-95.645462,29.81329],[-95.645503,29.814063]]},"properties":{"Full_Name":"SH 6 N","ped_crash_count":0,"ped_death_count":0,"total_crash_count":4,"MilesLength":0.50000001}},{"type":"Feature","geometry":{"type":"LineString","coordinates":[[-95.644798,29.78504],[-95.644771,29.783404],[-95.644768,29.782923],[-95.644769,29.782591],[-95.644739,29.781792],[-95.644724,29.781296],[-95.64472,29.780985],[-95.644706,29.780637],[-95.644704,29.780283],[-95.644706,29.779908],[-95.644694,29.779616],[-95.644755,29.778349],[-95.644752,29.778164],[-95.644743,29.778007],[-95.644736,29.777873],[-95.644734,29.777783]]},"properties":{"Full_Name":"SH 6 S","ped_crash_count":3,"ped_death_count":2,"total_crash_count":9,"MilesLength":0.49999999}},{"type":"Feature","geometry":{"type":"LineString","coordinates":[[-95.644051,29.734637],[-95.644042,29.733985],[-95.644033,29.733413],[-95.644017,29.732735],[-95.644002,29.732053],[-95.643995,29.731594],[-95.643991,29.731316],[-95.643996,29.731145],[-95.643991,29.730944],[-95.64399,29.730623],[-95.643986,29.730401],[-95.643986,29.73005],[-95.643975,29.729678],[-95.643973,29.729396],[-95.643968,29.729146],[-95.643968,29.729142],[-95.643948,29.727879],[-95.643947,29.727634],[-95.643948,29.727378]]},"properties":{"Full_Name":"SH 6 S","ped_crash_count":1,"ped_death_count":1,"total_crash_count":5,"MilesLength":0.50000001}},{"type":"Feature","geometry":{"type":"LineString","coordinates":[[-95.644289,29.741891],[-95.644272,29.741718],[-95.644178,29.740981],[-95.644172,29.740905],[-95.64416,29.740419],[-95.644144,29.739554],[-95.644136,29.738916],[-95.644118,29.738117],[-95.644099,29.737086],[-95.644092,29.73642],[-95.644082,29.735592],[-95.644072,29.735271],[-95.64406,29.734999],[-95.644053,29.734746],[-95.644051,29.734637]]},"properties":{"Full_Name":"SH 6 S","ped_crash_count":10,"ped_death_count":6,"total_crash_count":22,"MilesLength":0.49999999}},{"type":"Feature","geometry":{"type":"LineString","coordinates":[[-95.644511,29.749139],[-95.644529,29.744293],[-95.644515,29.743899],[-95.644472,29.743184],[-95.644362,29.742589],[-95.644322,29.742219],[-95.644289,29.741891]]},"properties":{"Full_Name":"SH 6 S","ped_crash_count":0,"ped_death_count":0,"total_crash_count":3,"MilesLength":0.49999998}},{"type":"Feature","geometry":{"type":"LineString","coordinates":[[-95.644521,29.756398],[-95.64451,29.755877],[-95.644513,29.755637],[-95.644519,29.755469],[-95.644519,29.755184],[-95.644522,29.754943],[-95.644525,29.754703],[-95.644532,29.754495],[-95.644526,29.754124],[-95.644537,29.75329],[-95.644534,29.753149],[-95.64454,29.752958],[-95.644548,29.752872],[-95.64455,29.752821],[-95.644537,29.752548],[-95.644524,29.751739],[-95.644527,29.751576],[-95.644525,29.751033],[-95.644523,29.750667],[-95.644516,29.750413],[-95.644514,29.750189],[-95.644512,29.750082],[-95.644516,29.749978],[-95.644513,29.74932],[-95.64451,29.749182],[-95.644511,29.749139]]},"properties":{"Full_Name":"SH 6 S","ped_crash_count":0,"ped_death_count":0,"total_crash_count":5,"MilesLength":0.49999999}},{"type":"Feature","geometry":{"type":"LineString","coordinates":[[-95.644607,29.763657],[-95.644601,29.76209],[-95.644581,29.759388],[-95.644585,29.759276],[-95.644589,29.75917],[-95.644568,29.758706],[-95.644521,29.756398]]},"properties":{"Full_Name":"SH 6 S","ped_crash_count":1,"ped_death_count":1,"total_crash_count":5,"MilesLength":0.50000003}},{"type":"Feature","geometry":{"type":"LineString","coordinates":[[-95.644734,29.777783],[-95.644732,29.777703],[-95.644718,29.77745],[-95.644667,29.777128],[-95.644561,29.77665],[-95.64446,29.77629],[-95.64439,29.776127],[-95.644044,29.775382],[-95.643905,29.775138],[-95.643779,29.774816],[-95.643712,29.77467],[-95.643591,29.774442],[-95.643451,29.774106],[-95.643365,29.773885],[-95.643151,29.773203],[-95.643038,29.772693],[-95.642958,29.772367],[-95.642924,29.772014],[-95.642931,29.771576],[-95.643041,29.77078]]},"properties":{"Full_Name":"SH 6 S","ped_crash_count":3,"ped_death_count":2,"total_crash_count":8,"MilesLength":0.5}},{"type":"Feature","geometry":{"type":"LineString","coordinates":[[-95.598122,29.737175],[-95.598111,29.736727],[-95.598098,29.736279],[-95.598099,29.734311],[-95.598233,29.733905],[-95.598778,29.732959],[-95.599801,29.731183],[-95.5998,29.730256]]},"properties":{"Full_Name":"SHADOWBRIAR DR","ped_crash_count":0,"ped_death_count":0,"total_crash_count":3,"MilesLength":0.50000002}},{"type":"Feature","geometry":{"type":"LineString","coordinates":[[-95.207861,29.640718],[-95.207896,29.640572],[-95.208003,29.64027],[-95.208074,29.640079],[-95.208309,29.639616],[-95.208489,29.63931],[-95.208626,29.639072],[-95.208994,29.638616],[-95.20919,29.6384],[-95.209586,29.63803],[-95.210811,29.637134],[-95.211016,29.636969]]},"properties":{"Full_Name":"SHAVER ST","ped_crash_count":0,"ped_death_count":0,"total_crash_count":2,"MilesLength":0.32792192}},{"type":"Feature","geometry":{"type":"LineString","coordinates":[[-95.377337,29.774442],[-95.378155,29.774429],[-95.379271,29.77442],[-95.380347,29.774393],[-95.381463,29.774399],[-95.381938,29.774395],[-95.382619,29.774388]]},"properties":{"Full_Name":"SHEARN ST","ped_crash_count":0,"ped_death_count":0,"total_crash_count":2,"MilesLength":0.31742097}},{"type":"Feature","geometry":{"type":"LineString","coordinates":[[-95.409559,29.774156],[-95.409554,29.774854],[-95.409549,29.77557],[-95.409551,29.776314],[-95.409564,29.776372],[-95.409583,29.776454],[-95.409603,29.777066],[-95.409613,29.777418],[-95.409617,29.777551],[-95.40962,29.77766],[-95.40963,29.777994],[-95.409637,29.778491],[-95.409654,29.779217],[-95.409637,29.779501],[-95.40957,29.779698],[-95.409458,29.780006],[-95.409303,29.780472]]},"properties":{"Full_Name":"SHEPHERD DR","ped_crash_count":0,"ped_death_count":0,"total_crash_count":4,"MilesLength":0.4382082}},{"type":"Feature","geometry":{"type":"LineString","coordinates":[[-95.409411,29.766899],[-95.409425,29.767534],[-95.409429,29.76827],[-95.409454,29.768978],[-95.409464,29.769709],[-95.409486,29.770387],[-95.409471,29.770476],[-95.409495,29.771202],[-95.4095,29.771944],[-95.409521,29.772695],[-95.409526,29.773066],[-95.409529,29.773407],[-95.409559,29.774125],[-95.409559,29.774156]]},"properties":{"Full_Name":"SHEPHERD DR","ped_crash_count":0,"ped_death_count":0,"total_crash_count":6,"MilesLength":0.49999997}},{"type":"Feature","geometry":{"type":"LineString","coordinates":[[-95.310244,29.740485],[-95.309386,29.740198],[-95.307628,29.739642],[-95.307432,29.739583],[-95.305453,29.738951],[-95.303457,29.738328],[-95.302427,29.738001]]},"properties":{"Full_Name":"SHERMAN ST","ped_crash_count":0,"ped_death_count":0,"total_crash_count":3,"MilesLength":0.50000004}},{"type":"Feature","geometry":{"type":"LineString","coordinates":[[-95.453723,29.814113],[-95.454704,29.81411],[-95.459259,29.814092],[-95.460095,29.814076],[-95.460407,29.814096],[-95.46086,29.814222],[-95.461202,29.814318],[-95.46151,29.814386],[-95.461652,29.81439],[-95.461778,29.814393],[-95.461992,29.814351]]},"properties":{"Full_Name":"SHERWOOD LN","ped_crash_count":2,"ped_death_count":0,"total_crash_count":2,"MilesLength":0.49999996}},{"type":"Feature","geometry":{"type":"LineString","coordinates":[[-95.301246,29.839445],[-95.300955,29.83973],[-95.300076,29.84059],[-95.298682,29.841949],[-95.297752,29.842859],[-95.296809,29.84377],[-95.295685,29.844848]]},"properties":{"Full_Name":"SHREVEPORT BLVD","ped_crash_count":0,"ped_death_count":0,"total_crash_count":2,"MilesLength":0.5}},{"type":"Feature","geometry":{"type":"LineString","coordinates":[[-95.46794,29.779422],[-95.467946,29.780399],[-95.46796,29.780957],[-95.467968,29.781301],[-95.467972,29.782226],[-95.467985,29.78366],[-95.467989,29.783773],[-95.467993,29.783893],[-95.467996,29.783991],[-95.467999,29.784072],[-95.467999,29.784087],[-95.468004,29.784205],[-95.468015,29.784455],[-95.468039,29.784774],[-95.468009,29.785419],[-95.468048,29.786308],[-95.46805,29.786679]]},"properties":{"Full_Name":"SILBER RD","ped_crash_count":0,"ped_death_count":0,"total_crash_count":2,"MilesLength":0.49999999}},{"type":"Feature","geometry":{"type":"LineString","coordinates":[[-95.46805,29.786679],[-95.468052,29.787018],[-95.468068,29.787859],[-95.468067,29.788252],[-95.468066,29.788674],[-95.46807,29.789476],[-95.468105,29.791281],[-95.468104,29.791645],[-95.468103,29.792166],[-95.468112,29.792844],[-95.468123,29.793695],[-95.468131,29.793939]]},"properties":{"Full_Name":"SILBER RD","ped_crash_count":1,"ped_death_count":0,"total_crash_count":2,"MilesLength":0.5}},{"type":"Feature","geometry":{"type":"LineString","coordinates":[[-95.364633,29.851852],[-95.364629,29.851992],[-95.364698,29.855507],[-95.364706,29.856491],[-95.364712,29.856578],[-95.36471,29.857339],[-95.364714,29.858191],[-95.364717,29.859038],[-95.364716,29.859111]]},"properties":{"Full_Name":"SILVERCREST ST","ped_crash_count":0,"ped_death_count":0,"total_crash_count":2,"MilesLength":0.5}},{"type":"Feature","geometry":{"type":"LineString","coordinates":[[-95.495656,29.728179],[-95.497857,29.728146],[-95.498648,29.728136],[-95.49935,29.728128],[-95.500288,29.728116],[-95.501157,29.728105]]},"properties":{"Full_Name":"SKYLINE DR","ped_crash_count":0,"ped_death_count":0,"total_crash_count":2,"MilesLength":0.33065104}},{"type":"Feature","geometry":{"type":"LineString","coordinates":[[-95.363136,29.764678],[-95.363867,29.764393],[-95.364112,29.764281],[-95.36421,29.764221],[-95.364292,29.764139],[-95.364398,29.764038],[-95.364788,29.763571],[-95.365378,29.762848],[-95.365986,29.76203],[-95.366609,29.761282],[-95.367193,29.76054],[-95.36723,29.760495]]},"properties":{"Full_Name":"SMITH ST","ped_crash_count":1,"ped_death_count":0,"total_crash_count":3,"MilesLength":0.38635244}},{"type":"Feature","geometry":{"type":"LineString","coordinates":[[-95.371964,29.754526],[-95.372523,29.753814],[-95.37311,29.753074],[-95.373692,29.752321],[-95.374004,29.751942],[-95.374108,29.751809],[-95.374213,29.751677],[-95.37429,29.751579],[-95.374671,29.751098],[-95.37488,29.750833],[-95.37547,29.750087],[-95.376056,29.749347],[-95.376609,29.748649],[-95.376687,29.748549]]},"properties":{"Full_Name":"SMITH ST","ped_crash_count":0,"ped_death_count":0,"total_crash_count":6,"MilesLength":0.5}},{"type":"Feature","geometry":{"type":"LineString","coordinates":[[-95.342002,29.68439],[-95.341908,29.684174],[-95.341703,29.683988],[-95.341536,29.683911],[-95.341293,29.683865],[-95.340998,29.683867],[-95.340516,29.684003],[-95.340321,29.684067],[-95.337056,29.685045],[-95.335331,29.685562],[-95.334933,29.685673],[-95.33472,29.685685],[-95.334448,29.685631],[-95.334333,29.685599]]},"properties":{"Full_Name":"SOUTHLEA ST","ped_crash_count":1,"ped_death_count":1,"total_crash_count":4,"MilesLength":0.50000003}},{"type":"Feature","geometry":{"type":"LineString","coordinates":[[-95.373834,29.720169],[-95.373733,29.720106],[-95.373434,29.719978],[-95.373071,29.719874],[-95.372967,29.719825],[-95.37287,29.71977],[-95.372008,29.719245],[-95.371144,29.718718],[-95.37034,29.718248],[-95.370294,29.718215],[-95.36906,29.717454],[-95.368606,29.71719],[-95.367507,29.716539],[-95.366914,29.716172]]},"properties":{"Full_Name":"SOUTHMORE BLVD","ped_crash_count":0,"ped_death_count":0,"total_crash_count":4,"MilesLength":0.49999998}},{"type":"Feature","geometry":{"type":"LineString","coordinates":[[-95.380588,29.724398],[-95.378631,29.72321],[-95.377559,29.722567],[-95.377201,29.722361],[-95.376898,29.722187],[-95.376688,29.722052],[-95.376392,29.721861],[-95.37544,29.721296],[-95.374942,29.720973],[-95.37435,29.720539],[-95.373969,29.720251],[-95.373834,29.720169]]},"properties":{"Full_Name":"SOUTHMORE BLVD","ped_crash_count":1,"ped_death_count":0,"total_crash_count":4,"MilesLength":0.50000003}},{"type":"Feature","geometry":{"type":"LineString","coordinates":[[-95.334248,29.682982],[-95.333943,29.682902],[-95.33342,29.682789],[-95.332977,29.682723],[-95.332795,29.682712],[-95.332551,29.682716],[-95.332344,29.682711],[-95.331992,29.682723],[-95.331408,29.6828],[-95.330809,29.682957],[-95.330312,29.683114],[-95.330007,29.683203],[-95.329453,29.683361],[-95.329267,29.683435],[-95.329175,29.683518]]},"properties":{"Full_Name":"SOUTHMUND ST","ped_crash_count":0,"ped_death_count":0,"total_crash_count":2,"MilesLength":0.31738642}},{"type":"Feature","geometry":{"type":"LineString","coordinates":[[-95.513237,29.704736],[-95.513489,29.704508],[-95.513728,29.704298],[-95.514426,29.703666],[-95.514997,29.703178],[-95.515385,29.702847],[-95.515941,29.702328],[-95.516067,29.702219],[-95.516279,29.702034],[-95.516426,29.701918],[-95.517064,29.701366],[-95.518016,29.700531],[-95.519085,29.699576]]},"properties":{"Full_Name":"SOUTHWEST FWY","ped_crash_count":0,"ped_death_count":0,"total_crash_count":2,"MilesLength":0.49999997}},{"type":"Feature","geometry":{"type":"LineString","coordinates":[[-95.393135,29.931894],[-95.39321,29.935576],[-95.393213,29.935882],[-95.393225,29.936642],[-95.393223,29.936792],[-95.393258,29.937044],[-95.393325,29.937338],[-95.39345,29.93774],[-95.393512,29.937986],[-95.393519,29.938137],[-95.393527,29.938356]]},"properties":{"Full_Name":"SPENCE RD","ped_crash_count":0,"ped_death_count":0,"total_crash_count":2,"MilesLength":0.44705153}},{"type":"Feature","geometry":{"type":"LineString","coordinates":[[-95.290015,29.883273],[-95.29003,29.883835],[-95.290032,29.884608],[-95.290056,29.885375],[-95.290058,29.885442],[-95.290096,29.887263]]},"properties":{"Full_Name":"SPOTTSWOOD DR","ped_crash_count":0,"ped_death_count":0,"total_crash_count":2,"MilesLength":0.2748571}},{"type":"Feature","geometry":{"type":"LineString","coordinates":[[-95.300955,29.83973],[-95.300779,29.839627],[-95.300574,29.839514],[-95.300311,29.839428],[-95.30009,29.839415],[-95.298061,29.839423],[-95.293789,29.839444],[-95.29272,29.839445]]},"properties":{"Full_Name":"SPRINGDALE ST","ped_crash_count":0,"ped_death_count":0,"total_crash_count":2,"MilesLength":0.49999998}},{"type":"Feature","geometry":{"type":"LineString","coordinates":[[-95.304303,29.73634],[-95.303984,29.737097],[-95.303748,29.737627],[-95.303457,29.738328],[-95.30317,29.739037],[-95.302889,29.739713],[-95.302598,29.74041],[-95.302312,29.741098],[-95.302036,29.74175],[-95.301759,29.742431],[-95.301497,29.743083],[-95.301463,29.743164]]},"properties":{"Full_Name":"SSGT MACARIO GARCIA DR","ped_crash_count":1,"ped_death_count":0,"total_crash_count":3,"MilesLength":0.5}},{"type":"Feature","geometry":{"type":"LineString","coordinates":[[-95.301463,29.743164],[-95.301217,29.743745],[-95.301194,29.743779],[-95.300906,29.744464],[-95.300621,29.745175],[-95.300353,29.74584],[-95.300086,29.746495],[-95.299802,29.747153],[-95.299514,29.747822],[-95.299259,29.748477],[-95.298975,29.749128],[-95.298707,29.749797],[-95.298629,29.749989]]},"properties":{"Full_Name":"SSGT MACARIO GARCIA DR","ped_crash_count":1,"ped_death_count":1,"total_crash_count":3,"MilesLength":0.49999999}},{"type":"Feature","geometry":{"type":"LineString","coordinates":[[-95.359971,29.745592],[-95.360123,29.745394],[-95.360215,29.745284],[-95.360799,29.74454],[-95.360886,29.744444],[-95.361069,29.744213],[-95.361116,29.744153],[-95.361194,29.744055],[-95.361252,29.743983],[-95.361371,29.743828],[-95.361414,29.743772],[-95.361618,29.743519],[-95.361999,29.743048],[-95.362582,29.742301],[-95.363166,29.741574],[-95.363882,29.740651],[-95.364625,29.739712],[-95.364701,29.73962]]},"properties":{"Full_Name":"ST EMANUEL ST","ped_crash_count":0,"ped_death_count":0,"total_crash_count":3,"MilesLength":0.50000004}},{"type":"Feature","geometry":{"type":"LineString","coordinates":[[-95.355251,29.75157],[-95.355494,29.751268],[-95.356085,29.750525],[-95.356667,29.749784],[-95.357249,29.749019],[-95.357846,29.748276],[-95.358438,29.747532],[-95.359039,29.746766],[-95.359631,29.746036],[-95.359971,29.745592]]},"properties":{"Full_Name":"ST EMANUEL ST","ped_crash_count":1,"ped_death_count":0,"total_crash_count":2,"MilesLength":0.49999999}},{"type":"Feature","geometry":{"type":"LineString","coordinates":[[-95.350542,29.757554],[-95.350723,29.757334],[-95.35098,29.756976],[-95.351279,29.756575],[-95.351885,29.755809],[-95.353078,29.754285],[-95.353724,29.753489],[-95.354299,29.752762],[-95.354894,29.752016],[-95.355251,29.75157]]},"properties":{"Full_Name":"ST EMANUEL ST","ped_crash_count":0,"ped_death_count":0,"total_crash_count":3,"MilesLength":0.49999997}},{"type":"Feature","geometry":{"type":"LineString","coordinates":[[-95.37455,29.752818],[-95.37447,29.752772],[-95.373692,29.752321],[-95.372825,29.751803],[-95.371986,29.751288],[-95.371126,29.750764],[-95.370252,29.750235],[-95.369378,29.749715],[-95.36922,29.74962],[-95.368516,29.749201],[-95.367698,29.7487]]},"properties":{"Full_Name":"ST JOSEPH PKWY","ped_crash_count":3,"ped_death_count":1,"total_crash_count":6,"MilesLength":0.50000001}},{"type":"Feature","geometry":{"type":"LineString","coordinates":[[-95.367698,29.7487],[-95.367651,29.748671],[-95.366804,29.748159],[-95.365945,29.747649],[-95.365086,29.747126],[-95.364235,29.746602],[-95.36338,29.746081],[-95.362485,29.745575],[-95.362369,29.745494],[-95.36231,29.745453],[-95.36225,29.745419],[-95.362146,29.745359],[-95.362117,29.745343],[-95.36199,29.745272],[-95.361678,29.745091],[-95.36157,29.745023],[-95.361331,29.744874],[-95.360854,29.744574]]},"properties":{"Full_Name":"ST JOSEPH PKWY","ped_crash_count":2,"ped_death_count":1,"total_crash_count":5,"MilesLength":0.5}},{"type":"Feature","geometry":{"type":"LineString","coordinates":[[-95.262767,29.854949],[-95.262404,29.85495],[-95.262101,29.854948],[-95.261964,29.854955],[-95.26091,29.854974],[-95.260525,29.854915],[-95.259019,29.8543],[-95.25872,29.854255],[-95.258183,29.854263],[-95.257921,29.854267],[-95.257124,29.854267],[-95.257019,29.854264],[-95.256338,29.854258],[-95.255546,29.854276],[-95.254743,29.854287],[-95.254607,29.854287]]},"properties":{"Full_Name":"STERLINGSHIRE ST","ped_crash_count":2,"ped_death_count":0,"total_crash_count":6,"MilesLength":0.49999997}},{"type":"Feature","geometry":{"type":"LineString","coordinates":[[-95.270169,29.67526],[-95.269917,29.674963],[-95.269448,29.674462],[-95.268737,29.67372],[-95.267687,29.672623],[-95.267274,29.67219],[-95.266886,29.67184],[-95.266347,29.671298],[-95.265633,29.670564],[-95.26503,29.669946],[-95.264867,29.669679]]},"properties":{"Full_Name":"STONE ST","ped_crash_count":2,"ped_death_count":0,"total_crash_count":3,"MilesLength":0.49999997}},{"type":"Feature","geometry":{"type":"LineString","coordinates":[[-95.505041,29.736729],[-95.505036,29.736046],[-95.505021,29.73592],[-95.505045,29.735792],[-95.505132,29.735578],[-95.505604,29.735133],[-95.505736,29.734966],[-95.505795,29.734791],[-95.505792,29.734585],[-95.505855,29.733738],[-95.506023,29.733188],[-95.506193,29.732873],[-95.506359,29.732389],[-95.506424,29.732021],[-95.506477,29.73159],[-95.506458,29.731186],[-95.506476,29.730104],[-95.506477,29.729772]]},"properties":{"Full_Name":"STONEY BROOK DR","ped_crash_count":0,"ped_death_count":0,"total_crash_count":2,"MilesLength":0.49999998}},{"type":"Feature","geometry":{"type":"LineString","coordinates":[[-95.505202,29.743986],[-95.505186,29.743487],[-95.505186,29.742643],[-95.50518,29.741808],[-95.505127,29.740983],[-95.505133,29.740149],[-95.505097,29.739339],[-95.505068,29.738524],[-95.505051,29.737558],[-95.505047,29.737423],[-95.505041,29.736729]]},"properties":{"Full_Name":"STONEY BROOK DR","ped_crash_count":0,"ped_death_count":0,"total_crash_count":3,"MilesLength":0.50000001}},{"type":"Feature","geometry":{"type":"LineString","coordinates":[[-95.587784,29.69956],[-95.587954,29.699554],[-95.588069,29.699557],[-95.588184,29.699581],[-95.588409,29.699645],[-95.588611,29.69968],[-95.588887,29.699683],[-95.589795,29.699663],[-95.590703,29.699655],[-95.591622,29.699641],[-95.592425,29.69963]]},"properties":{"Full_Name":"STROUD DR","ped_crash_count":0,"ped_death_count":0,"total_crash_count":2,"MilesLength":0.28020537}},{"type":"Feature","geometry":{"type":"LineString","coordinates":[[-95.391554,29.769639],[-95.391553,29.769641],[-95.391481,29.769798],[-95.391411,29.769954],[-95.391285,29.770229],[-95.39108,29.770649],[-95.390963,29.770895],[-95.390733,29.771565],[-95.390732,29.771572],[-95.390667,29.772186],[-95.390646,29.772766],[-95.390674,29.773637],[-95.390629,29.774017],[-95.390609,29.774092],[-95.39049,29.774554],[-95.390105,29.775143],[-95.389253,29.776077],[-95.389019,29.776328]]},"properties":{"Full_Name":"STUDEMONT ST","ped_crash_count":0,"ped_death_count":0,"total_crash_count":2,"MilesLength":0.49999997}},{"type":"Feature","geometry":{"type":"LineString","coordinates":[[-95.387036,29.779439],[-95.387061,29.77981],[-95.387114,29.780122],[-95.387456,29.780979],[-95.387592,29.781256],[-95.387685,29.781632],[-95.387699,29.782545],[-95.387719,29.783466],[-95.387731,29.784378],[-95.387748,29.785253],[-95.387765,29.786057],[-95.387764,29.786611]]},"properties":{"Full_Name":"STUDEWOOD ST","ped_crash_count":1,"ped_death_count":0,"total_crash_count":2,"MilesLength":0.49999998}},{"type":"Feature","geometry":{"type":"LineString","coordinates":[[-95.423959,29.891188],[-95.425706,29.893398],[-95.426122,29.893954],[-95.428507,29.897031],[-95.428633,29.897197]]},"properties":{"Full_Name":"STUEBNER AIRLINE RD","ped_crash_count":0,"ped_death_count":0,"total_crash_count":2,"MilesLength":0.49999997}},{"type":"Feature","geometry":{"type":"LineString","coordinates":[[-95.419311,29.885163],[-95.420099,29.886204],[-95.420734,29.887045],[-95.421182,29.887589],[-95.421762,29.888312],[-95.422314,29.889035],[-95.423097,29.890069],[-95.423878,29.891085],[-95.423959,29.891188]]},"properties":{"Full_Name":"STUEBNER AIRLINE RD","ped_crash_count":0,"ped_death_count":0,"total_crash_count":4,"MilesLength":0.50000004}},{"type":"Feature","geometry":{"type":"LineString","coordinates":[[-95.619695,29.73592],[-95.619674,29.735066],[-95.619672,29.734603],[-95.619665,29.734301],[-95.619658,29.734014],[-95.619658,29.733857],[-95.619669,29.732877],[-95.619657,29.731927],[-95.619647,29.731134],[-95.619632,29.730485],[-95.619617,29.728661]]},"properties":{"Full_Name":"SYNOTT RD","ped_crash_count":0,"ped_death_count":0,"total_crash_count":2,"MilesLength":0.49999999}},{"type":"Feature","geometry":{"type":"LineString","coordinates":[[-95.614701,29.700844],[-95.614702,29.70054],[-95.614696,29.698835],[-95.614695,29.698512],[-95.61468,29.698126],[-95.614687,29.697436],[-95.614674,29.696737],[-95.614672,29.696037],[-95.614667,29.695734],[-95.614659,29.695427],[-95.614658,29.69526],[-95.614654,29.695041],[-95.614653,29.694708],[-95.614648,29.694302],[-95.614649,29.693584]]},"properties":{"Full_Name":"SYNOTT RD","ped_crash_count":0,"ped_death_count":0,"total_crash_count":3,"MilesLength":0.50000003}},{"type":"Feature","geometry":{"type":"LineString","coordinates":[[-95.614727,29.708096],[-95.614693,29.707496],[-95.614692,29.707262],[-95.614707,29.706821],[-95.614681,29.705517],[-95.614783,29.704792],[-95.614776,29.70415],[-95.614773,29.70351],[-95.614735,29.702478],[-95.61475,29.702034],[-95.614718,29.701274],[-95.614701,29.700866],[-95.614701,29.700844]]},"properties":{"Full_Name":"SYNOTT RD","ped_crash_count":1,"ped_death_count":0,"total_crash_count":3,"MilesLength":0.5}},{"type":"Feature","geometry":{"type":"LineString","coordinates":[[-95.614728,29.715348],[-95.614697,29.715179],[-95.614666,29.714965],[-95.614666,29.714758],[-95.61466,29.714457],[-95.614647,29.714281],[-95.614664,29.714076],[-95.614694,29.713656],[-95.614707,29.713498],[-95.614718,29.713363],[-95.614735,29.713139],[-95.614742,29.713054],[-95.614763,29.712508],[-95.614785,29.711924],[-95.614788,29.710605],[-95.614777,29.710003],[-95.614776,29.70981],[-95.61474,29.708827],[-95.614736,29.708252],[-95.614727,29.708096]]},"properties":{"Full_Name":"SYNOTT RD","ped_crash_count":1,"ped_death_count":0,"total_crash_count":3,"MilesLength":0.49999999}},{"type":"Feature","geometry":{"type":"LineString","coordinates":[[-95.417445,29.770658],[-95.417445,29.771006],[-95.417471,29.771412],[-95.417598,29.771917],[-95.417817,29.7725],[-95.417924,29.773073],[-95.417968,29.77405],[-95.417983,29.774759],[-95.417993,29.774985],[-95.418011,29.775461],[-95.418062,29.776202],[-95.418086,29.776934],[-95.418076,29.777291],[-95.418073,29.777435],[-95.418069,29.777567],[-95.418062,29.777864]]},"properties":{"Full_Name":"T C JESTER BLVD","ped_crash_count":1,"ped_death_count":0,"total_crash_count":3,"MilesLength":0.49999999}},{"type":"Feature","geometry":{"type":"LineString","coordinates":[[-95.417326,29.785047],[-95.417077,29.786143],[-95.416712,29.787607],[-95.416505,29.788421],[-95.416302,29.789238],[-95.416287,29.789576],[-95.416354,29.79013],[-95.416477,29.790446],[-95.416633,29.790743],[-95.416921,29.791028],[-95.417213,29.791238],[-95.417696,29.791584],[-95.417848,29.791679]]},"properties":{"Full_Name":"T C JESTER BLVD","ped_crash_count":0,"ped_death_count":0,"total_crash_count":2,"MilesLength":0.49999999}},{"type":"Feature","geometry":{"type":"LineString","coordinates":[[-95.455884,29.838645],[-95.45663,29.839275],[-95.456898,29.839537],[-95.457406,29.840361],[-95.457715,29.841032],[-95.458028,29.842342],[-95.458038,29.842659],[-95.458057,29.843002],[-95.458587,29.844948],[-95.458602,29.845116],[-95.458619,29.845293]]},"properties":{"Full_Name":"T C JESTER BLVD","ped_crash_count":0,"ped_death_count":0,"total_crash_count":2,"MilesLength":0.49999998}},{"type":"Feature","geometry":{"type":"LineString","coordinates":[[-95.459008,29.867062],[-95.458992,29.868107],[-95.458983,29.869324],[-95.458989,29.870655],[-95.458983,29.870926],[-95.458988,29.871103],[-95.458987,29.871388],[-95.458993,29.87174],[-95.459,29.871968],[-95.459002,29.872165],[-95.459005,29.872947]]},"properties":{"Full_Name":"T C JESTER BLVD","ped_crash_count":0,"ped_death_count":0,"total_crash_count":2,"MilesLength":0.40536283}},{"type":"Feature","geometry":{"type":"LineString","coordinates":[[-95.385809,29.758185],[-95.385806,29.758115],[-95.385761,29.757919],[-95.385723,29.757796],[-95.385718,29.757625],[-95.385706,29.75692],[-95.385709,29.756237],[-95.385704,29.755567],[-95.385695,29.754858],[-95.385687,29.754176],[-95.385683,29.753547],[-95.385721,29.753455],[-95.38574,29.753389],[-95.38574,29.752989],[-95.385741,29.75266],[-95.385739,29.752003],[-95.385724,29.751584],[-95.385724,29.750942]]},"properties":{"Full_Name":"TAFT ST","ped_crash_count":1,"ped_death_count":1,"total_crash_count":3,"MilesLength":0.5}},{"type":"Feature","geometry":{"type":"LineString","coordinates":[[-95.484718,29.870045],[-95.485386,29.869643],[-95.485967,29.869235],[-95.488139,29.867697]]},"properties":{"Full_Name":"TALL WILLOW DR","ped_crash_count":0,"ped_death_count":0,"total_crash_count":2,"MilesLength":0.2615204}},{"type":"Feature","geometry":{"type":"LineString","coordinates":[[-95.305348,29.873146],[-95.3044,29.873154],[-95.302788,29.873165],[-95.301927,29.873174],[-95.300615,29.87319],[-95.297408,29.873196]]},"properties":{"Full_Name":"TAUTENHAHN RD","ped_crash_count":0,"ped_death_count":0,"total_crash_count":2,"MilesLength":0.47658409}},{"type":"Feature","geometry":{"type":"LineString","coordinates":[[-95.336432,29.721253],[-95.335665,29.718799],[-95.335348,29.717557],[-95.3349,29.715801],[-95.334837,29.715575],[-95.334754,29.715176],[-95.334457,29.714203]]},"properties":{"Full_Name":"TEXAS SPUR 5 HWY","ped_crash_count":0,"ped_death_count":0,"total_crash_count":2,"MilesLength":0.49999999}},{"type":"Feature","geometry":{"type":"LineString","coordinates":[[-95.367649,29.763051],[-95.367245,29.762811],[-95.365986,29.76203],[-95.365134,29.761531],[-95.364275,29.761012],[-95.363423,29.760505],[-95.36254,29.759982],[-95.361671,29.75944],[-95.361258,29.759201]]},"properties":{"Full_Name":"TEXAS ST","ped_crash_count":2,"ped_death_count":0,"total_crash_count":3,"MilesLength":0.46665781}},{"type":"Feature","geometry":{"type":"LineString","coordinates":[[-95.251406,29.855628],[-95.251408,29.856208],[-95.251408,29.856312],[-95.251437,29.856553],[-95.251429,29.857015],[-95.251416,29.857885],[-95.251417,29.85877],[-95.25142,29.859664],[-95.251426,29.860548],[-95.251425,29.860706],[-95.251427,29.860991]]},"properties":{"Full_Name":"THORN ST","ped_crash_count":0,"ped_death_count":0,"total_crash_count":2,"MilesLength":0.36943795}},{"type":"Feature","geometry":{"type":"LineString","coordinates":[[-95.367867,29.846185],[-95.36782,29.846186],[-95.367633,29.846191],[-95.36689,29.846204],[-95.366807,29.846206],[-95.366723,29.846205],[-95.365783,29.846214],[-95.364453,29.846236],[-95.362691,29.846247],[-95.361807,29.846286],[-95.361367,29.846273],[-95.360916,29.846274],[-95.360553,29.846289],[-95.360301,29.846307],[-95.360085,29.846338],[-95.35964,29.846409],[-95.359554,29.846422]]},"properties":{"Full_Name":"TIDWELL RD","ped_crash_count":1,"ped_death_count":1,"total_crash_count":4,"MilesLength":0.50000001}},{"type":"Feature","geometry":{"type":"LineString","coordinates":[[-95.310029,29.848369],[-95.309967,29.84837],[-95.308751,29.848373],[-95.307273,29.848395],[-95.306751,29.848406],[-95.305896,29.848419],[-95.304672,29.848429],[-95.303684,29.848461],[-95.30345,29.848469],[-95.302158,29.848495],[-95.301702,29.848494]]},"properties":{"Full_Name":"TIDWELL RD","ped_crash_count":3,"ped_death_count":0,"total_crash_count":13,"MilesLength":0.49999996}},{"type":"Feature","geometry":{"type":"LineString","coordinates":[[-95.318353,29.848192],[-95.316241,29.848223],[-95.314835,29.848247],[-95.313836,29.8483],[-95.31282,29.848334],[-95.311877,29.848353],[-95.310943,29.84836],[-95.310029,29.848369]]},"properties":{"Full_Name":"TIDWELL RD","ped_crash_count":0,"ped_death_count":0,"total_crash_count":4,"MilesLength":0.5}},{"type":"Feature","geometry":{"type":"LineString","coordinates":[[-95.326601,29.848507],[-95.326412,29.848434],[-95.326052,29.848303],[-95.325724,29.848208],[-95.325407,29.848141],[-95.325214,29.848113],[-95.324946,29.84809],[-95.32464,29.848093],[-95.32437,29.848101],[-95.324217,29.848096],[-95.323813,29.848103],[-95.321675,29.848145],[-95.319124,29.848181],[-95.318353,29.848192]]},"properties":{"Full_Name":"TIDWELL RD","ped_crash_count":2,"ped_death_count":1,"total_crash_count":5,"MilesLength":0.49999999}},{"type":"Feature","geometry":{"type":"LineString","coordinates":[[-95.334886,29.848725],[-95.334185,29.848739],[-95.333546,29.848725],[-95.333313,29.848729],[-95.33304,29.848734],[-95.331769,29.84874],[-95.328714,29.848755],[-95.327654,29.848753],[-95.327557,29.84875],[-95.327285,29.848697],[-95.327079,29.848655],[-95.326848,29.848594],[-95.326672,29.848534],[-95.326601,29.848507]]},"properties":{"Full_Name":"TIDWELL RD","ped_crash_count":1,"ped_death_count":0,"total_crash_count":4,"MilesLength":0.50000004}},{"type":"Feature","geometry":{"type":"LineString","coordinates":[[-95.343153,29.848154],[-95.34291,29.848156],[-95.341186,29.848195],[-95.339613,29.84823],[-95.338127,29.848261],[-95.337708,29.848297],[-95.337478,29.848331],[-95.337279,29.84837],[-95.337042,29.848425],[-95.336756,29.8485],[-95.336377,29.848598],[-95.336034,29.848666],[-95.335747,29.848702],[-95.335449,29.848719],[-95.335008,29.848723],[-95.334886,29.848725]]},"properties":{"Full_Name":"TIDWELL RD","ped_crash_count":2,"ped_death_count":1,"total_crash_count":4,"MilesLength":0.5}},{"type":"Feature","geometry":{"type":"LineString","coordinates":[[-95.23557,29.851036],[-95.235273,29.851039],[-95.234739,29.851028],[-95.234545,29.851001],[-95.234349,29.850977],[-95.233628,29.850756],[-95.232639,29.850357],[-95.231833,29.850052],[-95.231422,29.849934],[-95.230986,29.84986],[-95.230091,29.849839],[-95.229609,29.849853],[-95.229164,29.849866],[-95.228581,29.849881]]},"properties":{"Full_Name":"TIDWELL RD","ped_crash_count":0,"ped_death_count":0,"total_crash_count":3,"MilesLength":0.43477578}},{"type":"Feature","geometry":{"type":"LineString","coordinates":[[-95.252225,29.850868],[-95.252135,29.850875],[-95.249752,29.85089],[-95.246809,29.850921],[-95.244547,29.850925],[-95.243897,29.850932]]},"properties":{"Full_Name":"TIDWELL RD","ped_crash_count":1,"ped_death_count":1,"total_crash_count":2,"MilesLength":0.5}},{"type":"Feature","geometry":{"type":"LineString","coordinates":[[-95.260449,29.850079],[-95.259942,29.850085],[-95.257112,29.850095],[-95.256478,29.850119],[-95.255919,29.850221],[-95.255456,29.850367],[-95.254521,29.850606],[-95.253391,29.850785],[-95.252225,29.850868]]},"properties":{"Full_Name":"TIDWELL RD","ped_crash_count":2,"ped_death_count":1,"total_crash_count":7,"MilesLength":0.5}},{"type":"Feature","geometry":{"type":"LineString","coordinates":[[-95.268776,29.84999],[-95.268564,29.849998],[-95.267476,29.850009],[-95.266419,29.85003],[-95.264619,29.850043],[-95.263819,29.850049],[-95.262343,29.850059],[-95.260449,29.850079]]},"properties":{"Full_Name":"TIDWELL RD","ped_crash_count":3,"ped_death_count":0,"total_crash_count":9,"MilesLength":0.50000003}},{"type":"Feature","geometry":{"type":"LineString","coordinates":[[-95.285199,29.848633],[-95.284875,29.848768],[-95.283699,29.849221],[-95.282995,29.849427],[-95.282976,29.84943],[-95.282374,29.849539],[-95.281188,29.849774],[-95.280359,29.849837],[-95.279336,29.849817],[-95.277954,29.849826],[-95.27728,29.84985],[-95.277102,29.849857]]},"properties":{"Full_Name":"TIDWELL RD","ped_crash_count":1,"ped_death_count":0,"total_crash_count":4,"MilesLength":0.49999995}},{"type":"Feature","geometry":{"type":"LineString","coordinates":[[-95.368875,29.691781],[-95.369111,29.691189],[-95.369374,29.690571],[-95.369618,29.689952],[-95.36982,29.689459],[-95.370091,29.688785],[-95.370368,29.688117],[-95.370575,29.687646],[-95.370846,29.686978],[-95.371022,29.686535],[-95.371111,29.686298],[-95.371387,29.685629],[-95.371511,29.685311],[-95.371661,29.684952],[-95.371665,29.684942]]},"properties":{"Full_Name":"TIERWESTER ST","ped_crash_count":1,"ped_death_count":0,"total_crash_count":4,"MilesLength":0.50000002}},{"type":"Feature","geometry":{"type":"LineString","coordinates":[[-95.371665,29.684942],[-95.371951,29.684266],[-95.372206,29.683604],[-95.372476,29.682925],[-95.372492,29.682885],[-95.372508,29.682842],[-95.372587,29.682652],[-95.372691,29.682355],[-95.372644,29.681446],[-95.372616,29.681213]]},"properties":{"Full_Name":"TIERWESTER ST","ped_crash_count":1,"ped_death_count":0,"total_crash_count":2,"MilesLength":0.26737519}},{"type":"Feature","geometry":{"type":"LineString","coordinates":[[-95.366796,29.696037],[-95.366809,29.696005],[-95.367108,29.695266],[-95.367414,29.694511],[-95.367699,29.693809],[-95.367991,29.69308],[-95.368283,29.692368],[-95.368554,29.6917]]},"properties":{"Full_Name":"TIERWESTER ST","ped_crash_count":0,"ped_death_count":0,"total_crash_count":2,"MilesLength":0.31684068}},{"type":"Feature","geometry":{"type":"LineString","coordinates":[[-95.378816,29.741044],[-95.378935,29.740892],[-95.379418,29.740303],[-95.379977,29.73958],[-95.380427,29.739011],[-95.380843,29.738474],[-95.381141,29.738097],[-95.381212,29.737928],[-95.381369,29.73773],[-95.381403,29.737665],[-95.381499,29.737604],[-95.381552,29.737552],[-95.381758,29.737098]]},"properties":{"Full_Name":"TRAVIS ST","ped_crash_count":0,"ped_death_count":0,"total_crash_count":3,"MilesLength":0.32587906}},{"type":"Feature","geometry":{"type":"LineString","coordinates":[[-95.374098,29.747023],[-95.374953,29.745935],[-95.37507,29.745799],[-95.375523,29.745216],[-95.376478,29.744008],[-95.377005,29.743333],[-95.377451,29.742778],[-95.377936,29.742173],[-95.378492,29.741457],[-95.378816,29.741044]]},"properties":{"Full_Name":"TRAVIS ST","ped_crash_count":0,"ped_death_count":0,"total_crash_count":2,"MilesLength":0.49999996}},{"type":"Feature","geometry":{"type":"LineString","coordinates":[[-95.369371,29.752997],[-95.369949,29.752261],[-95.370545,29.75152],[-95.370605,29.751428],[-95.371126,29.750764],[-95.37172,29.750025],[-95.371859,29.749847],[-95.371947,29.749734],[-95.372313,29.749265],[-95.372902,29.74854],[-95.373487,29.747792],[-95.373647,29.747591],[-95.374028,29.747112],[-95.374098,29.747023]]},"properties":{"Full_Name":"TRAVIS ST","ped_crash_count":4,"ped_death_count":1,"total_crash_count":7,"MilesLength":0.50000004}},{"type":"Feature","geometry":{"type":"LineString","coordinates":[[-95.364639,29.758968],[-95.365222,29.758231],[-95.365808,29.757477],[-95.36588,29.757381],[-95.366399,29.756743],[-95.366981,29.756004],[-95.367588,29.755256],[-95.368171,29.754506],[-95.36876,29.753761],[-95.369091,29.753342],[-95.369354,29.753019],[-95.369371,29.752997]]},"properties":{"Full_Name":"TRAVIS ST","ped_crash_count":1,"ped_death_count":0,"total_crash_count":4,"MilesLength":0.50000003}},{"type":"Feature","geometry":{"type":"LineString","coordinates":[[-95.360566,29.765128],[-95.360526,29.764362],[-95.360644,29.764036],[-95.361018,29.763533],[-95.361611,29.762786],[-95.362209,29.762027],[-95.362803,29.761275],[-95.363423,29.760505],[-95.364028,29.75973],[-95.364623,29.758988],[-95.364639,29.758968]]},"properties":{"Full_Name":"TRAVIS ST","ped_crash_count":5,"ped_death_count":0,"total_crash_count":6,"MilesLength":0.49999996}},{"type":"Feature","geometry":{"type":"LineString","coordinates":[[-95.383983,29.748313],[-95.383784,29.748378],[-95.383616,29.748363],[-95.383285,29.748168],[-95.382427,29.747665],[-95.381581,29.747137],[-95.380722,29.746627],[-95.379941,29.746145]]},"properties":{"Full_Name":"TUAM ST","ped_crash_count":1,"ped_death_count":0,"total_crash_count":3,"MilesLength":0.29146104}},{"type":"Feature","geometry":{"type":"LineString","coordinates":[[-95.342369,29.849421],[-95.341241,29.849425],[-95.340327,29.849443],[-95.339333,29.849467],[-95.338152,29.849465],[-95.336761,29.849478],[-95.336294,29.849483],[-95.335792,29.849491],[-95.335348,29.849491],[-95.334869,29.84949],[-95.334265,29.849476]]},"properties":{"Full_Name":"TURNER DR","ped_crash_count":0,"ped_death_count":0,"total_crash_count":2,"MilesLength":0.48661623}},{"type":"Feature","geometry":{"type":"LineString","coordinates":[[-95.342646,29.720117],[-95.340385,29.719392],[-95.339764,29.719227],[-95.339041,29.718998],[-95.338138,29.718696],[-95.337599,29.718532],[-95.336382,29.71779],[-95.335348,29.717557],[-95.334948,29.717561]]},"properties":{"Full_Name":"UNIVERSITY DR","ped_crash_count":0,"ped_death_count":0,"total_crash_count":2,"MilesLength":0.49999998}},{"type":"Feature","geometry":{"type":"LineString","coordinates":[[-95.186794,29.781909],[-95.186787,29.781714],[-95.186762,29.780777],[-95.18674,29.779835],[-95.186737,29.779022],[-95.186701,29.778207],[-95.18668,29.777691],[-95.186669,29.777469],[-95.186653,29.776719],[-95.186632,29.776061],[-95.186613,29.775781],[-95.186608,29.775243],[-95.186599,29.774826],[-95.186591,29.774652]]},"properties":{"Full_Name":"UVALDE RD","ped_crash_count":0,"ped_death_count":0,"total_crash_count":2,"MilesLength":0.49999999}},{"type":"Feature","geometry":{"type":"LineString","coordinates":[[-95.186981,29.788538],[-95.18696,29.788004],[-95.186951,29.787901],[-95.186932,29.787231],[-95.186927,29.787099],[-95.186902,29.786227],[-95.186882,29.78534],[-95.186858,29.784459],[-95.186834,29.783587],[-95.186819,29.782648],[-95.186794,29.781909]]},"properties":{"Full_Name":"UVALDE RD","ped_crash_count":0,"ped_death_count":0,"total_crash_count":2,"MilesLength":0.4567121}},{"type":"Feature","geometry":{"type":"LineString","coordinates":[[-95.474456,29.86616],[-95.474581,29.866103],[-95.47565,29.865801],[-95.47665,29.865693],[-95.477709,29.86567],[-95.479109,29.865596],[-95.480383,29.865663]]},"properties":{"Full_Name":"VICTORY DR","ped_crash_count":0,"ped_death_count":0,"total_crash_count":2,"MilesLength":0.36083909}},{"type":"Feature","geometry":{"type":"LineString","coordinates":[[-95.57092,29.690836],[-95.571407,29.690753],[-95.571717,29.690702],[-95.571907,29.690683],[-95.572178,29.690741],[-95.572497,29.690901],[-95.57286,29.691303],[-95.573071,29.691515],[-95.573194,29.691582],[-95.573381,29.691625],[-95.574116,29.691627],[-95.574682,29.691628]]},"properties":{"Full_Name":"VILLAGE BEND LN","ped_crash_count":0,"ped_death_count":0,"total_crash_count":2,"MilesLength":0.25238674}},{"type":"Feature","geometry":{"type":"LineString","coordinates":[[-95.291812,29.678432],[-95.291325,29.678635],[-95.290973,29.678638],[-95.290538,29.678525],[-95.290255,29.678466],[-95.289864,29.678464],[-95.28949,29.678524],[-95.289198,29.678574],[-95.288743,29.678643],[-95.28827,29.678676],[-95.287214,29.678581],[-95.2867,29.678563],[-95.286567,29.67862]]},"properties":{"Full_Name":"VISTA VERDE ST","ped_crash_count":0,"ped_death_count":0,"total_crash_count":2,"MilesLength":0.32266228}},{"type":"Feature","geometry":{"type":"LineString","coordinates":[[-95.409126,29.790525],[-95.409903,29.790511],[-95.41057,29.790473],[-95.41084,29.790457],[-95.411281,29.790432],[-95.411807,29.790384],[-95.412462,29.790342],[-95.413407,29.790297],[-95.414328,29.790219],[-95.415343,29.790148],[-95.416354,29.79013],[-95.417077,29.790125],[-95.417432,29.790121]]},"properties":{"Full_Name":"W 11TH ST","ped_crash_count":1,"ped_death_count":0,"total_crash_count":3,"MilesLength":0.49999998}},{"type":"Feature","geometry":{"type":"LineString","coordinates":[[-95.441964,29.801588],[-95.442662,29.801565],[-95.443115,29.801557],[-95.443514,29.801556],[-95.444387,29.801564],[-95.445223,29.801572],[-95.445412,29.801575],[-95.44606,29.801569],[-95.447244,29.801571],[-95.447704,29.801566],[-95.448407,29.801565],[-95.448706,29.801563],[-95.449192,29.801559],[-95.450025,29.801525],[-95.450266,29.801525],[-95.450286,29.801525]]},"properties":{"Full_Name":"W 18TH ST","ped_crash_count":1,"ped_death_count":0,"total_crash_count":3,"MilesLength":0.50000001}},{"type":"Feature","geometry":{"type":"LineString","coordinates":[[-95.397931,29.802958],[-95.3992,29.802935],[-95.401414,29.802911],[-95.403621,29.80289],[-95.405874,29.802846],[-95.406254,29.80284]]},"properties":{"Full_Name":"W 19TH ST","ped_crash_count":4,"ped_death_count":1,"total_crash_count":4,"MilesLength":0.50000001}},{"type":"Feature","geometry":{"type":"LineString","coordinates":[[-95.414576,29.802733],[-95.417321,29.80272],[-95.41781,29.802719],[-95.418034,29.802718],[-95.42232,29.802713],[-95.422862,29.802705],[-95.4229,29.802704]]},"properties":{"Full_Name":"W 19TH ST","ped_crash_count":1,"ped_death_count":0,"total_crash_count":2,"MilesLength":0.49999995}},{"type":"Feature","geometry":{"type":"LineString","coordinates":[[-95.473693,29.819362],[-95.473759,29.819363],[-95.475126,29.81934],[-95.476426,29.819296],[-95.477154,29.819288],[-95.477723,29.819284],[-95.478279,29.819269],[-95.478831,29.819255],[-95.479434,29.819239],[-95.480159,29.81922],[-95.48069,29.819218],[-95.481321,29.819202],[-95.481989,29.819037]]},"properties":{"Full_Name":"W 34TH ST","ped_crash_count":1,"ped_death_count":0,"total_crash_count":2,"MilesLength":0.49999996}},{"type":"Feature","geometry":{"type":"LineString","coordinates":[[-95.465372,29.819513],[-95.465521,29.819517],[-95.465927,29.819509],[-95.466257,29.819509],[-95.466634,29.819502],[-95.468064,29.819489],[-95.469179,29.819438],[-95.470068,29.819401],[-95.471227,29.819409],[-95.471432,29.819407],[-95.471758,29.8194],[-95.472731,29.819374],[-95.473272,29.819352],[-95.473693,29.819362]]},"properties":{"Full_Name":"W 34TH ST","ped_crash_count":3,"ped_death_count":0,"total_crash_count":8,"MilesLength":0.50000002}},{"type":"Feature","geometry":{"type":"LineString","coordinates":[[-95.415932,29.817383],[-95.416872,29.817385],[-95.417694,29.817374],[-95.418644,29.817361],[-95.420244,29.817365],[-95.424096,29.817322],[-95.424257,29.817321]]},"properties":{"Full_Name":"W 34TH ST","ped_crash_count":1,"ped_death_count":0,"total_crash_count":3,"MilesLength":0.50000002}},{"type":"Feature","geometry":{"type":"LineString","coordinates":[[-95.407797,29.818062],[-95.407876,29.818042],[-95.408121,29.817978],[-95.408518,29.81785],[-95.408892,29.817694],[-95.409327,29.817419],[-95.41009,29.817471],[-95.410446,29.817427],[-95.411728,29.817417],[-95.412151,29.817414],[-95.413222,29.817439],[-95.415903,29.817383],[-95.415932,29.817383]]},"properties":{"Full_Name":"W 34TH ST","ped_crash_count":1,"ped_death_count":0,"total_crash_count":4,"MilesLength":0.49999997}},{"type":"Feature","geometry":{"type":"LineString","coordinates":[[-95.485199,29.833223],[-95.48556,29.833231],[-95.486027,29.833211],[-95.486571,29.83318],[-95.487335,29.833055],[-95.48886,29.833021],[-95.489833,29.833038],[-95.490263,29.833096],[-95.490423,29.833136],[-95.490833,29.833314],[-95.491126,29.833427],[-95.492026,29.833774],[-95.49264,29.834023],[-95.493087,29.834193],[-95.493221,29.834246]]},"properties":{"Full_Name":"W 43RD ST","ped_crash_count":2,"ped_death_count":1,"total_crash_count":5,"MilesLength":0.50000003}},{"type":"Feature","geometry":{"type":"LineString","coordinates":[[-95.397587,29.785161],[-95.39888,29.785151],[-95.399973,29.785129],[-95.401073,29.785117],[-95.402178,29.785104],[-95.403278,29.785092],[-95.404376,29.785064],[-95.405112,29.785055]]},"properties":{"Full_Name":"W 8TH ST","ped_crash_count":0,"ped_death_count":0,"total_crash_count":2,"MilesLength":0.45216818}},{"type":"Feature","geometry":{"type":"LineString","coordinates":[[-95.478236,29.643928],[-95.479172,29.644309],[-95.480066,29.64464],[-95.480981,29.644716],[-95.482104,29.644646],[-95.486167,29.644587],[-95.486366,29.644584]]},"properties":{"Full_Name":"W AIRPORT BLVD","ped_crash_count":0,"ped_death_count":0,"total_crash_count":2,"MilesLength":0.5}},{"type":"Feature","geometry":{"type":"LineString","coordinates":[[-95.534301,29.645389],[-95.534662,29.645433],[-95.535186,29.645435],[-95.536065,29.645402],[-95.536729,29.645334],[-95.537615,29.645092],[-95.537991,29.644928],[-95.538747,29.644488],[-95.539038,29.644204],[-95.539175,29.644071],[-95.539442,29.643811],[-95.539601,29.643677],[-95.539978,29.643366],[-95.540983,29.642508],[-95.541339,29.642294]]},"properties":{"Full_Name":"W AIRPORT BLVD","ped_crash_count":0,"ped_death_count":0,"total_crash_count":2,"MilesLength":0.49999999}},{"type":"Feature","geometry":{"type":"LineString","coordinates":[[-95.519034,29.641885],[-95.520254,29.641901],[-95.521213,29.641878],[-95.522178,29.641775],[-95.522337,29.641759],[-95.52378,29.641556],[-95.524493,29.641543],[-95.525274,29.641538],[-95.525762,29.64155],[-95.526124,29.641572],[-95.526757,29.641651],[-95.527095,29.641725],[-95.527292,29.641774]]},"properties":{"Full_Name":"W AIRPORT BLVD","ped_crash_count":0,"ped_death_count":0,"total_crash_count":3,"MilesLength":0.49999999}},{"type":"Feature","geometry":{"type":"LineString","coordinates":[[-95.511293,29.644211],[-95.51148,29.644208],[-95.511683,29.644211],[-95.511892,29.644194],[-95.512527,29.644093],[-95.513026,29.644018],[-95.513519,29.643873],[-95.513886,29.643729],[-95.51403,29.643674],[-95.514243,29.643552],[-95.514661,29.64336],[-95.514867,29.643236],[-95.515236,29.643044],[-95.515307,29.642996],[-95.516204,29.642547],[-95.516589,29.642418],[-95.517456,29.642137],[-95.51868,29.641881],[-95.519034,29.641885]]},"properties":{"Full_Name":"W AIRPORT BLVD","ped_crash_count":1,"ped_death_count":0,"total_crash_count":4,"MilesLength":0.49999998}},{"type":"Feature","geometry":{"type":"LineString","coordinates":[[-95.502985,29.644332],[-95.503164,29.644331],[-95.504239,29.644336],[-95.505054,29.644301],[-95.505828,29.644286],[-95.506415,29.644274],[-95.506996,29.644278],[-95.507483,29.644263],[-95.507923,29.644261],[-95.5083,29.644237],[-95.509497,29.644234],[-95.509549,29.644233],[-95.509968,29.644223],[-95.510832,29.644218],[-95.511293,29.644211]]},"properties":{"Full_Name":"W AIRPORT BLVD","ped_crash_count":1,"ped_death_count":0,"total_crash_count":5,"MilesLength":0.50000003}},{"type":"Feature","geometry":{"type":"LineString","coordinates":[[-95.486366,29.644584],[-95.490211,29.64452],[-95.493235,29.644484],[-95.494676,29.644446]]},"properties":{"Full_Name":"W AIRPORT BLVD","ped_crash_count":0,"ped_death_count":0,"total_crash_count":2,"MilesLength":0.49999999}},{"type":"Feature","geometry":{"type":"LineString","coordinates":[[-95.408056,29.642609],[-95.408276,29.642577],[-95.408494,29.642539],[-95.408711,29.642494],[-95.408926,29.642442],[-95.409138,29.642384],[-95.409349,29.642319],[-95.409556,29.642248],[-95.40976,29.642171],[-95.409962,29.642088],[-95.41016,29.641998],[-95.410354,29.641903],[-95.410544,29.641801],[-95.41073,29.641694],[-95.410912,29.641582],[-95.412506,29.640378],[-95.412827,29.640144],[-95.41323,29.639839],[-95.413586,29.639582],[-95.414675,29.639006],[-95.414972,29.6389]]},"properties":{"Full_Name":"W AIRPORT BLVD","ped_crash_count":1,"ped_death_count":0,"total_crash_count":2,"MilesLength":0.49529585}},{"type":"Feature","geometry":{"type":"LineString","coordinates":[[-95.389051,29.7388],[-95.389874,29.738798],[-95.390259,29.738792],[-95.391181,29.738782],[-95.392568,29.738768],[-95.393749,29.738759],[-95.394749,29.738742],[-95.395722,29.738725],[-95.397369,29.738721]]},"properties":{"Full_Name":"W ALABAMA ST","ped_crash_count":1,"ped_death_count":0,"total_crash_count":3,"MilesLength":0.50000002}},{"type":"Feature","geometry":{"type":"LineString","coordinates":[[-95.380846,29.738476],[-95.381132,29.738644],[-95.381428,29.738765],[-95.381814,29.738876],[-95.381991,29.738893],[-95.382046,29.738899],[-95.38214,29.738908],[-95.382177,29.738908],[-95.383468,29.738899],[-95.383831,29.738897],[-95.384448,29.738895],[-95.385439,29.73889],[-95.386488,29.738868],[-95.386966,29.738855],[-95.387926,29.73882],[-95.388892,29.7388],[-95.389051,29.7388]]},"properties":{"Full_Name":"W ALABAMA ST","ped_crash_count":0,"ped_death_count":0,"total_crash_count":3,"MilesLength":0.50000004}},{"type":"Feature","geometry":{"type":"LineString","coordinates":[[-95.576866,29.657363],[-95.578261,29.657795],[-95.578815,29.657958],[-95.579319,29.658102],[-95.580249,29.65834],[-95.581004,29.65842],[-95.581652,29.658392],[-95.58253,29.658241],[-95.582987,29.658124],[-95.583452,29.657978],[-95.584328,29.657663],[-95.584735,29.65756],[-95.584836,29.657544]]},"properties":{"Full_Name":"W BELLFORT AVE","ped_crash_count":0,"ped_death_count":0,"total_crash_count":5,"MilesLength":0.49999998}},{"type":"Feature","geometry":{"type":"LineString","coordinates":[[-95.561128,29.652725],[-95.562154,29.652894],[-95.563525,29.653246],[-95.56394,29.653375],[-95.564799,29.65363],[-95.565016,29.653697],[-95.565242,29.653785],[-95.565457,29.653853],[-95.565605,29.6539],[-95.565833,29.653971],[-95.566026,29.654032],[-95.566366,29.654129],[-95.566818,29.654265],[-95.567093,29.654353],[-95.567459,29.654464],[-95.567964,29.654617],[-95.56847,29.654766],[-95.568807,29.654869],[-95.569033,29.654937]]},"properties":{"Full_Name":"W BELLFORT AVE","ped_crash_count":3,"ped_death_count":1,"total_crash_count":9,"MilesLength":0.50000001}},{"type":"Feature","geometry":{"type":"LineString","coordinates":[[-95.552825,29.652789],[-95.55293,29.652776],[-95.553822,29.652744],[-95.555568,29.652714],[-95.556565,29.652694],[-95.557509,29.652673],[-95.557952,29.652668],[-95.558361,29.652649],[-95.560185,29.652647],[-95.560921,29.652691],[-95.561128,29.652725]]},"properties":{"Full_Name":"W BELLFORT AVE","ped_crash_count":1,"ped_death_count":1,"total_crash_count":2,"MilesLength":0.49999996}},{"type":"Feature","geometry":{"type":"LineString","coordinates":[[-95.545337,29.655845],[-95.545537,29.65578],[-95.54579,29.655667],[-95.549759,29.653789],[-95.550078,29.653635],[-95.550416,29.653472],[-95.550685,29.653342],[-95.551568,29.653024],[-95.552403,29.652841],[-95.552824,29.652789],[-95.552825,29.652789]]},"properties":{"Full_Name":"W BELLFORT AVE","ped_crash_count":0,"ped_death_count":0,"total_crash_count":3,"MilesLength":0.50000003}},{"type":"Feature","geometry":{"type":"LineString","coordinates":[[-95.520561,29.655627],[-95.521313,29.655624],[-95.52144,29.655614],[-95.521513,29.655618],[-95.521749,29.655602],[-95.522799,29.655615],[-95.523562,29.655664],[-95.524349,29.65571],[-95.524514,29.655714],[-95.525209,29.655737],[-95.525393,29.655743],[-95.525644,29.655738],[-95.526682,29.655717],[-95.527272,29.655705],[-95.528031,29.655689],[-95.528185,29.655691],[-95.528867,29.655701]]},"properties":{"Full_Name":"W BELLFORT AVE","ped_crash_count":1,"ped_death_count":0,"total_crash_count":2,"MilesLength":0.49999996}},{"type":"Feature","geometry":{"type":"LineString","coordinates":[[-95.503965,29.656057],[-95.504923,29.656035],[-95.505143,29.656033],[-95.50526,29.656033],[-95.50598,29.656035],[-95.506448,29.656035],[-95.506996,29.656025],[-95.507113,29.656023],[-95.507677,29.656023],[-95.508433,29.656023],[-95.50868,29.656016],[-95.509735,29.656011],[-95.510908,29.656],[-95.511499,29.656],[-95.511999,29.655996],[-95.512276,29.655993]]},"properties":{"Full_Name":"W BELLFORT AVE","ped_crash_count":4,"ped_death_count":0,"total_crash_count":7,"MilesLength":0.50000001}},{"type":"Feature","geometry":{"type":"LineString","coordinates":[[-95.479331,29.658129],[-95.479728,29.657996],[-95.481355,29.657569],[-95.482186,29.657455],[-95.483006,29.657326],[-95.485952,29.657253],[-95.487043,29.657271],[-95.487519,29.657263]]},"properties":{"Full_Name":"W BELLFORT AVE","ped_crash_count":0,"ped_death_count":0,"total_crash_count":2,"MilesLength":0.49999997}},{"type":"Feature","geometry":{"type":"LineString","coordinates":[[-95.411326,29.672855],[-95.41223,29.673057],[-95.412746,29.673123],[-95.413033,29.673142],[-95.413217,29.673148],[-95.41462,29.673133],[-95.416097,29.673082],[-95.418331,29.67301],[-95.419176,29.672991],[-95.419461,29.672985],[-95.419601,29.672983]]},"properties":{"Full_Name":"W BELLFORT AVE","ped_crash_count":0,"ped_death_count":0,"total_crash_count":3,"MilesLength":0.49999996}},{"type":"Feature","geometry":{"type":"LineString","coordinates":[[-95.380378,29.803934],[-95.380849,29.803918],[-95.381418,29.803843],[-95.381924,29.803854],[-95.383199,29.803836],[-95.383898,29.803928],[-95.384428,29.803967],[-95.384858,29.803963],[-95.386165,29.803952],[-95.387824,29.803975],[-95.388042,29.804081]]},"properties":{"Full_Name":"W CAVALCADE ST","ped_crash_count":1,"ped_death_count":0,"total_crash_count":2,"MilesLength":0.46329097}},{"type":"Feature","geometry":{"type":"LineString","coordinates":[[-95.389555,29.757544],[-95.389595,29.757544],[-95.389759,29.757538],[-95.390718,29.757503],[-95.391306,29.757492],[-95.391802,29.757479],[-95.392278,29.757468],[-95.393035,29.757461],[-95.393472,29.757454],[-95.394018,29.757439],[-95.394752,29.757421],[-95.395595,29.757401],[-95.396033,29.757393],[-95.39638,29.757387],[-95.397154,29.75737],[-95.397873,29.757346]]},"properties":{"Full_Name":"W DALLAS ST","ped_crash_count":2,"ped_death_count":0,"total_crash_count":6,"MilesLength":0.50000003}},{"type":"Feature","geometry":{"type":"LineString","coordinates":[[-95.381263,29.757893],[-95.381346,29.757891],[-95.381618,29.757874],[-95.382087,29.75777],[-95.382231,29.757725],[-95.383078,29.757681],[-95.384021,29.757661],[-95.384403,29.757653],[-95.385189,29.757635],[-95.385718,29.757625],[-95.388954,29.757551],[-95.389555,29.757544]]},"properties":{"Full_Name":"W DALLAS ST","ped_crash_count":0,"ped_death_count":0,"total_crash_count":2,"MilesLength":0.49999999}},{"type":"Feature","geometry":{"type":"LineString","coordinates":[[-95.372966,29.757816],[-95.373594,29.757808],[-95.374097,29.757791],[-95.374299,29.757781],[-95.374377,29.75778],[-95.374579,29.757779],[-95.374775,29.757778],[-95.375004,29.757777],[-95.375147,29.757776],[-95.376046,29.757769],[-95.376276,29.757763],[-95.37695,29.757751],[-95.377077,29.757749],[-95.377824,29.757734],[-95.378173,29.757773],[-95.378455,29.75785],[-95.378696,29.757891],[-95.378868,29.75791],[-95.379376,29.757903],[-95.380277,29.757899],[-95.381202,29.757895],[-95.381263,29.757893]]},"properties":{"Full_Name":"W DALLAS ST","ped_crash_count":0,"ped_death_count":0,"total_crash_count":2,"MilesLength":0.5}},{"type":"Feature","geometry":{"type":"LineString","coordinates":[[-95.406603,29.844195],[-95.406643,29.844194],[-95.407197,29.844184],[-95.407732,29.844185],[-95.408305,29.844175],[-95.408815,29.844167],[-95.410069,29.844151],[-95.410777,29.844142],[-95.410969,29.844118],[-95.412765,29.844092],[-95.412879,29.844092],[-95.414928,29.844067]]},"properties":{"Full_Name":"W DONOVAN ST","ped_crash_count":2,"ped_death_count":0,"total_crash_count":3,"MilesLength":0.49999999}},{"type":"Feature","geometry":{"type":"LineString","coordinates":[[-95.497282,29.598856],[-95.497378,29.598853],[-95.497587,29.598846],[-95.497808,29.598846],[-95.498311,29.598857],[-95.499019,29.598939],[-95.500046,29.599182],[-95.500442,29.599332],[-95.500489,29.599352],[-95.500547,29.599378],[-95.500638,29.599413],[-95.501715,29.599898],[-95.502323,29.600205],[-95.502465,29.600277],[-95.502707,29.6004]]},"properties":{"Full_Name":"W FUQUA ST","ped_crash_count":1,"ped_death_count":1,"total_crash_count":2,"MilesLength":0.34994269}},{"type":"Feature","geometry":{"type":"LineString","coordinates":[[-95.438708,29.613432],[-95.439045,29.613424],[-95.441936,29.613382],[-95.442825,29.613392],[-95.442939,29.61339],[-95.444311,29.613363],[-95.445897,29.613335],[-95.447016,29.613325]]},"properties":{"Full_Name":"W FUQUA ST","ped_crash_count":1,"ped_death_count":1,"total_crash_count":3,"MilesLength":0.50000002}},{"type":"Feature","geometry":{"type":"LineString","coordinates":[[-95.4304,29.613547],[-95.430708,29.613545],[-95.432209,29.613526],[-95.432848,29.613518],[-95.433339,29.613511],[-95.434478,29.613497],[-95.435249,29.613487],[-95.435937,29.613477],[-95.437449,29.613454],[-95.438426,29.613439],[-95.438708,29.613432]]},"properties":{"Full_Name":"W FUQUA ST","ped_crash_count":2,"ped_death_count":0,"total_crash_count":6,"MilesLength":0.49999998}},{"type":"Feature","geometry":{"type":"LineString","coordinates":[[-95.422092,29.613621],[-95.422702,29.613613],[-95.423736,29.6136],[-95.424187,29.613605],[-95.427692,29.613558],[-95.429914,29.61355],[-95.4304,29.613547]]},"properties":{"Full_Name":"W FUQUA ST","ped_crash_count":1,"ped_death_count":0,"total_crash_count":3,"MilesLength":0.49999998}},{"type":"Feature","geometry":{"type":"LineString","coordinates":[[-95.378658,29.753099],[-95.37893,29.753179],[-95.379267,29.753246],[-95.379543,29.753275],[-95.380424,29.75329],[-95.381296,29.753272],[-95.382187,29.753262],[-95.383066,29.753253],[-95.384021,29.753251],[-95.384735,29.753413],[-95.384829,29.753465],[-95.385193,29.753463],[-95.385721,29.753455],[-95.386911,29.753433]]},"properties":{"Full_Name":"W GRAY ST","ped_crash_count":2,"ped_death_count":1,"total_crash_count":4,"MilesLength":0.5}},{"type":"Feature","geometry":{"type":"LineString","coordinates":[[-95.403547,29.75314],[-95.404758,29.75312],[-95.406427,29.753095],[-95.408357,29.753063],[-95.410714,29.753011]]},"properties":{"Full_Name":"W GRAY ST","ped_crash_count":0,"ped_death_count":0,"total_crash_count":2,"MilesLength":0.43080184}},{"type":"Feature","geometry":{"type":"LineString","coordinates":[[-95.536659,29.9542],[-95.536737,29.95415],[-95.53713,29.953788],[-95.53741,29.953524],[-95.537631,29.953309],[-95.537836,29.95311],[-95.5381,29.952854],[-95.538644,29.952363],[-95.539072,29.952063],[-95.539557,29.951773],[-95.539868,29.951606],[-95.539974,29.951532]]},"properties":{"Full_Name":"W GREENS RD","ped_crash_count":0,"ped_death_count":0,"total_crash_count":3,"MilesLength":0.27214637}},{"type":"Feature","geometry":{"type":"LineString","coordinates":[[-95.450671,29.884694],[-95.451791,29.884143],[-95.453226,29.883701],[-95.454376,29.883355],[-95.454897,29.883194],[-95.455251,29.883132]]},"properties":{"Full_Name":"W GULF BANK RD","ped_crash_count":0,"ped_death_count":0,"total_crash_count":2,"MilesLength":0.29643013}},{"type":"Feature","geometry":{"type":"LineString","coordinates":[[-95.471734,29.884034],[-95.472265,29.884189],[-95.472542,29.88423],[-95.472793,29.884283],[-95.473101,29.884302],[-95.473334,29.884325],[-95.473908,29.884312],[-95.474823,29.884348],[-95.475413,29.884417],[-95.476128,29.884596],[-95.476843,29.884732],[-95.47772,29.884804]]},"properties":{"Full_Name":"W GULF BANK RD","ped_crash_count":0,"ped_death_count":0,"total_crash_count":3,"MilesLength":0.3651997}},{"type":"Feature","geometry":{"type":"LineString","coordinates":[[-95.416168,29.889528],[-95.416382,29.88955],[-95.416909,29.889607],[-95.417274,29.88962],[-95.418183,29.889616],[-95.418543,29.889575],[-95.418933,29.889506],[-95.419123,29.88946],[-95.41956,29.889347],[-95.420037,29.889193],[-95.420519,29.888987],[-95.421762,29.888312],[-95.423744,29.887154]]},"properties":{"Full_Name":"W GULF BANK RD","ped_crash_count":0,"ped_death_count":0,"total_crash_count":2,"MilesLength":0.49999997}},{"type":"Feature","geometry":{"type":"LineString","coordinates":[[-95.351712,29.812628],[-95.351714,29.812855],[-95.351716,29.813029],[-95.351712,29.813132],[-95.351704,29.813322],[-95.351703,29.813723],[-95.351704,29.813788],[-95.351712,29.814226],[-95.351721,29.814752],[-95.351736,29.815577],[-95.35174,29.815808],[-95.35176,29.816151],[-95.35178,29.816757],[-95.351803,29.817011],[-95.351818,29.817241],[-95.351854,29.817503],[-95.351883,29.817759],[-95.351957,29.818078],[-95.352404,29.819833]]},"properties":{"Full_Name":"W HARDY RD","ped_crash_count":0,"ped_death_count":0,"total_crash_count":5,"MilesLength":0.49999997}},{"type":"Feature","geometry":{"type":"LineString","coordinates":[[-95.38066,29.932612],[-95.38126,29.935071],[-95.38131,29.935255],[-95.381467,29.935572],[-95.381716,29.935868],[-95.381901,29.93605],[-95.382574,29.936633],[-95.38273,29.936833],[-95.382871,29.937134],[-95.383047,29.937512],[-95.383094,29.937613],[-95.383171,29.938446],[-95.383164,29.938558],[-95.383158,29.938661],[-95.383155,29.938709],[-95.38315,29.938792]]},"properties":{"Full_Name":"W HARDY RD","ped_crash_count":1,"ped_death_count":1,"total_crash_count":4,"MilesLength":0.4649705}},{"type":"Feature","geometry":{"type":"LineString","coordinates":[[-95.385003,29.945844],[-95.385015,29.945891],[-95.385128,29.946346],[-95.385227,29.946746],[-95.385352,29.94725],[-95.385499,29.947843],[-95.386282,29.951],[-95.386416,29.951541],[-95.386543,29.952008],[-95.386622,29.952232],[-95.386712,29.952465],[-95.386802,29.952669],[-95.38687,29.952806],[-95.386922,29.952898]]},"properties":{"Full_Name":"W HARDY RD","ped_crash_count":0,"ped_death_count":0,"total_crash_count":2,"MilesLength":0.49999999}},{"type":"Feature","geometry":{"type":"LineString","coordinates":[[-95.405073,29.706251],[-95.407923,29.706225],[-95.409115,29.706224],[-95.410816,29.706221],[-95.412055,29.706213],[-95.412598,29.70621],[-95.413389,29.706201]]},"properties":{"Full_Name":"W HOLCOMBE BLVD","ped_crash_count":1,"ped_death_count":0,"total_crash_count":3,"MilesLength":0.5}},{"type":"Feature","geometry":{"type":"LineString","coordinates":[[-95.398804,29.869903],[-95.399719,29.869892],[-95.400635,29.869881],[-95.40082,29.869876],[-95.401029,29.869875],[-95.401212,29.869873],[-95.401452,29.869872],[-95.401737,29.869872],[-95.402554,29.869866],[-95.402974,29.869861],[-95.403773,29.869854],[-95.404146,29.869854],[-95.404675,29.86985],[-95.406346,29.869859],[-95.407133,29.869888]]},"properties":{"Full_Name":"W LITTLE YORK RD","ped_crash_count":1,"ped_death_count":0,"total_crash_count":8,"MilesLength":0.49999997}},{"type":"Feature","geometry":{"type":"LineString","coordinates":[[-95.552314,29.86761],[-95.552463,29.867556],[-95.552886,29.867489],[-95.552911,29.867485],[-95.553558,29.867389],[-95.553953,29.867367],[-95.554435,29.867354],[-95.554958,29.867356],[-95.555141,29.86735],[-95.556193,29.867338],[-95.557198,29.867328],[-95.557567,29.867345],[-95.558325,29.867369],[-95.558631,29.867369],[-95.559434,29.867359]]},"properties":{"Full_Name":"W LITTLE YORK RD","ped_crash_count":0,"ped_death_count":0,"total_crash_count":3,"MilesLength":0.42924999}},{"type":"Feature","geometry":{"type":"LineString","coordinates":[[-95.495922,29.865695],[-95.496071,29.865695],[-95.500192,29.86567],[-95.502182,29.86565]]},"properties":{"Full_Name":"W LITTLE YORK RD","ped_crash_count":0,"ped_death_count":0,"total_crash_count":2,"MilesLength":0.37578999}},{"type":"Feature","geometry":{"type":"LineString","coordinates":[[-95.479684,29.864921],[-95.479816,29.865131],[-95.480035,29.865361],[-95.480383,29.865663],[-95.480957,29.865756],[-95.481623,29.865767],[-95.48188,29.865767],[-95.482465,29.865765],[-95.483215,29.865763],[-95.483849,29.865762],[-95.484585,29.865761],[-95.486779,29.865758],[-95.48691,29.865756],[-95.487593,29.86575]]},"properties":{"Full_Name":"W LITTLE YORK RD","ped_crash_count":1,"ped_death_count":1,"total_crash_count":7,"MilesLength":0.50000005}},{"type":"Feature","geometry":{"type":"LineString","coordinates":[[-95.44736,29.863445],[-95.447549,29.863418],[-95.44787,29.863363],[-95.448862,29.863182],[-95.449099,29.863148],[-95.450492,29.863178],[-95.451548,29.863181],[-95.452102,29.863246],[-95.452824,29.863356],[-95.453318,29.863422],[-95.45383,29.863462],[-95.455631,29.863466]]},"properties":{"Full_Name":"W LITTLE YORK RD","ped_crash_count":0,"ped_death_count":0,"total_crash_count":3,"MilesLength":0.50000002}},{"type":"Feature","geometry":{"type":"LineString","coordinates":[[-95.439034,29.863507],[-95.439078,29.863507],[-95.439693,29.863499],[-95.440601,29.863499],[-95.441025,29.863504],[-95.441528,29.863499],[-95.442314,29.863493],[-95.443106,29.86349],[-95.443778,29.863494],[-95.443826,29.863489],[-95.443989,29.863485],[-95.444683,29.863485],[-95.44641,29.863484],[-95.446736,29.863482],[-95.446969,29.863475],[-95.447231,29.863464],[-95.44736,29.863445]]},"properties":{"Full_Name":"W LITTLE YORK RD","ped_crash_count":0,"ped_death_count":0,"total_crash_count":6,"MilesLength":0.5}},{"type":"Feature","geometry":{"type":"LineString","coordinates":[[-95.422817,29.86552],[-95.423157,29.865397],[-95.42334,29.865361],[-95.423923,29.865131],[-95.424694,29.864836],[-95.425094,29.8647],[-95.42637,29.864253],[-95.427174,29.863966],[-95.427844,29.86372],[-95.428177,29.863595],[-95.428404,29.863595],[-95.429455,29.863588],[-95.430705,29.863578]]},"properties":{"Full_Name":"W LITTLE YORK RD","ped_crash_count":0,"ped_death_count":0,"total_crash_count":3,"MilesLength":0.50000002}},{"type":"Feature","geometry":{"type":"LineString","coordinates":[[-95.415126,29.868308],[-95.416276,29.867884],[-95.416717,29.867727],[-95.418184,29.867195],[-95.419194,29.866835],[-95.421836,29.865873],[-95.422343,29.865693],[-95.422817,29.86552]]},"properties":{"Full_Name":"W LITTLE YORK RD","ped_crash_count":0,"ped_death_count":0,"total_crash_count":3,"MilesLength":0.49999996}},{"type":"Feature","geometry":{"type":"LineString","coordinates":[[-95.407133,29.869888],[-95.40743,29.869899],[-95.407648,29.869902],[-95.407817,29.869902],[-95.407943,29.869899],[-95.408153,29.869901],[-95.408779,29.869896],[-95.409033,29.869877],[-95.409679,29.869863],[-95.410478,29.869846],[-95.41084,29.869773],[-95.411456,29.869643],[-95.412596,29.869246],[-95.412965,29.869111],[-95.414257,29.868613],[-95.414502,29.868526],[-95.414814,29.868422],[-95.415126,29.868308]]},"properties":{"Full_Name":"W LITTLE YORK RD","ped_crash_count":1,"ped_death_count":0,"total_crash_count":6,"MilesLength":0.50000005}},{"type":"Feature","geometry":{"type":"LineString","coordinates":[[-95.460237,29.675544],[-95.460371,29.675155],[-95.460915,29.673636],[-95.461281,29.672923],[-95.461553,29.672153],[-95.461898,29.671177],[-95.461995,29.670903],[-95.462054,29.670732],[-95.46218,29.67034],[-95.462399,29.669738],[-95.462469,29.669546],[-95.46262,29.66903],[-95.462723,29.668625]]},"properties":{"Full_Name":"W LOOP S","ped_crash_count":0,"ped_death_count":0,"total_crash_count":3,"MilesLength":0.49999998}},{"type":"Feature","geometry":{"type":"LineString","coordinates":[[-95.460037,29.674134],[-95.459989,29.674252],[-95.459336,29.67576],[-95.459137,29.676263],[-95.458733,29.676949],[-95.458656,29.677051],[-95.458619,29.677185],[-95.458531,29.677393],[-95.4585,29.677486],[-95.458452,29.677759],[-95.458459,29.677957],[-95.458468,29.678274],[-95.458487,29.679198],[-95.458475,29.679343],[-95.45849,29.679995],[-95.458487,29.680358],[-95.458481,29.680616],[-95.458409,29.68095],[-95.458377,29.681091],[-95.458371,29.681113]]},"properties":{"Full_Name":"W LOOP S","ped_crash_count":0,"ped_death_count":0,"total_crash_count":2,"MilesLength":0.49999994}},{"type":"Feature","geometry":{"type":"LineString","coordinates":[[-95.409058,29.847185],[-95.409094,29.84735],[-95.409166,29.847461],[-95.409288,29.84756],[-95.409396,29.847577],[-95.409536,29.847646],[-95.409742,29.84778],[-95.409967,29.847956],[-95.411156,29.848924],[-95.411562,29.849253],[-95.413372,29.85086],[-95.413872,29.851281],[-95.414576,29.851903],[-95.414943,29.852237]]},"properties":{"Full_Name":"W MONTGOMERY RD","ped_crash_count":1,"ped_death_count":1,"total_crash_count":2,"MilesLength":0.49999998}},{"type":"Feature","geometry":{"type":"LineString","coordinates":[[-95.444166,29.878066],[-95.444902,29.87881],[-95.445187,29.879103],[-95.445876,29.879761],[-95.446814,29.880765],[-95.447182,29.88112],[-95.448468,29.882417],[-95.449506,29.883528],[-95.449569,29.88359]]},"properties":{"Full_Name":"W MONTGOMERY RD","ped_crash_count":1,"ped_death_count":0,"total_crash_count":6,"MilesLength":0.49999997}},{"type":"Feature","geometry":{"type":"LineString","coordinates":[[-95.432809,29.867459],[-95.434356,29.868659],[-95.43538,29.869605],[-95.435864,29.870055],[-95.436584,29.870732],[-95.438292,29.872338],[-95.438552,29.872585],[-95.438624,29.872649]]},"properties":{"Full_Name":"W MONTGOMERY RD","ped_crash_count":0,"ped_death_count":0,"total_crash_count":2,"MilesLength":0.49999995}},{"type":"Feature","geometry":{"type":"LineString","coordinates":[[-95.408771,29.897501],[-95.40917,29.897725],[-95.410071,29.898048],[-95.410265,29.898087],[-95.410875,29.898212],[-95.41188,29.898267],[-95.41211,29.898267],[-95.412256,29.898268],[-95.412436,29.898268],[-95.412625,29.898269],[-95.413288,29.898253]]},"properties":{"Full_Name":"W MOUNT HOUSTON RD","ped_crash_count":1,"ped_death_count":1,"total_crash_count":6,"MilesLength":0.28141803}},{"type":"Feature","geometry":{"type":"LineString","coordinates":[[-95.643951,29.726766],[-95.645646,29.726757],[-95.646639,29.726751],[-95.648091,29.72673],[-95.648547,29.72674],[-95.648673,29.726743],[-95.648853,29.72678],[-95.648988,29.726829],[-95.649104,29.726896],[-95.64976,29.727443]]},"properties":{"Full_Name":"W OAKS PLAZA DR","ped_crash_count":0,"ped_death_count":0,"total_crash_count":2,"MilesLength":0.3666701}},{"type":"Feature","geometry":{"type":"LineString","coordinates":[[-95.460839,29.62735],[-95.462187,29.627304],[-95.462973,29.627299],[-95.463649,29.62729],[-95.465192,29.627284],[-95.468821,29.627289],[-95.469147,29.627294]]},"properties":{"Full_Name":"W OREM DR","ped_crash_count":0,"ped_death_count":0,"total_crash_count":3,"MilesLength":0.5}},{"type":"Feature","geometry":{"type":"LineString","coordinates":[[-95.411065,29.627799],[-95.412394,29.627778],[-95.413974,29.627752],[-95.415171,29.627815],[-95.416135,29.628006],[-95.417396,29.628192],[-95.418392,29.628231],[-95.419328,29.628256]]},"properties":{"Full_Name":"W OREM DR","ped_crash_count":0,"ped_death_count":0,"total_crash_count":5,"MilesLength":0.49999997}},{"type":"Feature","geometry":{"type":"LineString","coordinates":[[-95.402838,29.627486],[-95.40336,29.627384],[-95.404924,29.627238],[-95.406299,29.627295],[-95.40721,29.62746],[-95.407736,29.627568],[-95.408822,29.627753],[-95.409394,29.627827],[-95.411065,29.627799]]},"properties":{"Full_Name":"W OREM DR","ped_crash_count":0,"ped_death_count":0,"total_crash_count":2,"MilesLength":0.49999998}},{"type":"Feature","geometry":{"type":"LineString","coordinates":[[-95.419602,29.965605],[-95.420547,29.965753],[-95.421247,29.965883],[-95.421872,29.965961],[-95.422364,29.965984],[-95.422922,29.965988],[-95.423596,29.965891],[-95.424243,29.965767],[-95.424692,29.965671],[-95.425632,29.965461],[-95.426229,29.965358],[-95.426495,29.96535],[-95.427766,29.965323]]},"properties":{"Full_Name":"W RANKIN RD","ped_crash_count":0,"ped_death_count":0,"total_crash_count":2,"MilesLength":0.4966874}},{"type":"Feature","geometry":{"type":"LineString","coordinates":[[-95.427766,29.965323],[-95.428818,29.965301],[-95.429516,29.965303],[-95.430983,29.965284],[-95.43146,29.965264],[-95.431886,29.965289],[-95.432262,29.965342],[-95.432765,29.965435],[-95.433178,29.965509],[-95.433695,29.965567],[-95.434182,29.965577],[-95.434765,29.965552],[-95.435951,29.965407],[-95.43606,29.965402]]},"properties":{"Full_Name":"W RANKIN RD","ped_crash_count":0,"ped_death_count":0,"total_crash_count":3,"MilesLength":0.50000003}},{"type":"Feature","geometry":{"type":"LineString","coordinates":[[-95.461208,29.590944],[-95.461719,29.591561],[-95.462235,29.592174],[-95.462756,29.592806],[-95.463276,29.593433],[-95.4638,29.594042],[-95.464004,29.594198],[-95.464245,29.594383],[-95.464294,29.59442],[-95.46478,29.594645],[-95.467041,29.595512],[-95.46726,29.595598]]},"properties":{"Full_Name":"W RIDGECREEK DR","ped_crash_count":0,"ped_death_count":0,"total_crash_count":4,"MilesLength":0.49999998}},{"type":"Feature","geometry":{"type":"LineString","coordinates":[[-95.413632,29.864176],[-95.414499,29.864171],[-95.415567,29.864168],[-95.418155,29.864154],[-95.421961,29.864127]]},"properties":{"Full_Name":"W RITTENHOUSE ST","ped_crash_count":0,"ped_death_count":0,"total_crash_count":2,"MilesLength":0.5}},{"type":"Feature","geometry":{"type":"LineString","coordinates":[[-95.562092,29.767117],[-95.562317,29.767483],[-95.562444,29.767772],[-95.562583,29.76808],[-95.562677,29.76835],[-95.56277,29.768589],[-95.562851,29.768937],[-95.562985,29.769407],[-95.563064,29.770037],[-95.563073,29.770185],[-95.563105,29.770932],[-95.563116,29.771004],[-95.563141,29.771832],[-95.563148,29.772482],[-95.563165,29.772767],[-95.563165,29.772785]]},"properties":{"Full_Name":"W SAM HOUSTON PKWY N","ped_crash_count":0,"ped_death_count":0,"total_crash_count":3,"MilesLength":0.4003768}},{"type":"Feature","geometry":{"type":"LineString","coordinates":[[-95.563442,29.780034],[-95.563532,29.784428],[-95.56359,29.78608],[-95.563597,29.786251],[-95.563618,29.787292]]},"properties":{"Full_Name":"W SAM HOUSTON PKWY N","ped_crash_count":0,"ped_death_count":0,"total_crash_count":2,"MilesLength":0.5}},{"type":"Feature","geometry":{"type":"LineString","coordinates":[[-95.560288,29.6654],[-95.560267,29.66531],[-95.560146,29.664877],[-95.559955,29.66419],[-95.559722,29.663532],[-95.559611,29.663187],[-95.559499,29.662944],[-95.55924,29.662395],[-95.559022,29.661961],[-95.558842,29.6616],[-95.558554,29.661126],[-95.558525,29.661076],[-95.558462,29.660965],[-95.558379,29.660819],[-95.558313,29.660702],[-95.558249,29.66059],[-95.558183,29.660473],[-95.558102,29.660331],[-95.558056,29.660249]]},"properties":{"Full_Name":"W SAM HOUSTON PKWY S","ped_crash_count":0,"ped_death_count":0,"total_crash_count":7,"MilesLength":0.38089458}},{"type":"Feature","geometry":{"type":"LineString","coordinates":[[-95.55974,29.679799],[-95.559741,29.679795],[-95.559762,29.679688],[-95.55997,29.678626],[-95.560099,29.678156],[-95.560187,29.677693],[-95.560331,29.677151],[-95.56057,29.676359],[-95.560703,29.675782],[-95.560779,29.675151],[-95.560852,29.674612],[-95.560867,29.674162],[-95.560865,29.673827],[-95.560869,29.673332],[-95.560851,29.672637]]},"properties":{"Full_Name":"W SAM HOUSTON PKWY S","ped_crash_count":1,"ped_death_count":1,"total_crash_count":3,"MilesLength":0.49999998}},{"type":"Feature","geometry":{"type":"LineString","coordinates":[[-95.400013,29.84525],[-95.400984,29.845245],[-95.401331,29.845276],[-95.402015,29.845417],[-95.402315,29.845511],[-95.402458,29.845567],[-95.402624,29.845643],[-95.402728,29.845698],[-95.402847,29.845766],[-95.403011,29.845866],[-95.403536,29.846268],[-95.403854,29.846531],[-95.403973,29.846624],[-95.404129,29.846729],[-95.404276,29.846813],[-95.404382,29.846863],[-95.404546,29.846939],[-95.404787,29.847017],[-95.405194,29.847125],[-95.405459,29.847163],[-95.405635,29.847182],[-95.405839,29.847189],[-95.406025,29.847191],[-95.406858,29.847186],[-95.407045,29.847188],[-95.407091,29.847189],[-95.407708,29.847187]]},"properties":{"Full_Name":"W TIDWELL RD","ped_crash_count":0,"ped_death_count":0,"total_crash_count":2,"MilesLength":0.49999999}},{"type":"Feature","geometry":{"type":"LineString","coordinates":[[-95.514415,29.850939],[-95.515399,29.850931],[-95.516056,29.850924],[-95.516913,29.85091],[-95.518644,29.850896],[-95.519337,29.85089],[-95.521273,29.850897],[-95.522155,29.850897],[-95.522743,29.850888]]},"properties":{"Full_Name":"W TIDWELL RD","ped_crash_count":0,"ped_death_count":0,"total_crash_count":2,"MilesLength":0.49999998}},{"type":"Feature","geometry":{"type":"LineString","coordinates":[[-95.506191,29.851693],[-95.506375,29.851705],[-95.506908,29.851726],[-95.507417,29.851723],[-95.507926,29.851688],[-95.50854,29.851605],[-95.508978,29.851496],[-95.509274,29.851422],[-95.509616,29.851361],[-95.509783,29.851335],[-95.509895,29.851311],[-95.510242,29.851212],[-95.510311,29.851195],[-95.510622,29.851121],[-95.510922,29.851049],[-95.511063,29.851026],[-95.5116,29.850963],[-95.513026,29.850933],[-95.51406,29.850942],[-95.514415,29.850939]]},"properties":{"Full_Name":"W TIDWELL RD","ped_crash_count":1,"ped_death_count":0,"total_crash_count":6,"MilesLength":0.50000002}},{"type":"Feature","geometry":{"type":"LineString","coordinates":[[-95.489694,29.85059],[-95.48984,29.850592],[-95.490158,29.85061],[-95.49069,29.850606],[-95.491001,29.850603],[-95.492179,29.850612],[-95.493025,29.850603],[-95.494774,29.850614],[-95.496008,29.850631],[-95.497069,29.850638],[-95.497638,29.850642],[-95.498021,29.850644]]},"properties":{"Full_Name":"W TIDWELL RD","ped_crash_count":0,"ped_death_count":0,"total_crash_count":3,"MilesLength":0.50000004}},{"type":"Feature","geometry":{"type":"LineString","coordinates":[[-95.47337,29.848886],[-95.473908,29.848904],[-95.474976,29.849014],[-95.475641,29.849123],[-95.476624,29.849447],[-95.477565,29.849877],[-95.478558,29.85023],[-95.479737,29.850492],[-95.480089,29.85053],[-95.481065,29.850575],[-95.481368,29.850576]]},"properties":{"Full_Name":"W TIDWELL RD","ped_crash_count":2,"ped_death_count":0,"total_crash_count":4,"MilesLength":0.49999999}},{"type":"Feature","geometry":{"type":"LineString","coordinates":[[-95.46507,29.848697],[-95.46586,29.848869],[-95.466719,29.848932],[-95.468913,29.848915],[-95.469046,29.848923],[-95.471103,29.848904],[-95.47209,29.848891],[-95.473301,29.848883],[-95.47337,29.848886]]},"properties":{"Full_Name":"W TIDWELL RD","ped_crash_count":2,"ped_death_count":0,"total_crash_count":4,"MilesLength":0.50000001}},{"type":"Feature","geometry":{"type":"LineString","coordinates":[[-95.424357,29.847003],[-95.425977,29.846991],[-95.42777,29.846986],[-95.428886,29.846981],[-95.429233,29.847003],[-95.430182,29.847017],[-95.432099,29.847003],[-95.432517,29.847],[-95.432684,29.846999]]},"properties":{"Full_Name":"W TIDWELL RD","ped_crash_count":0,"ped_death_count":0,"total_crash_count":3,"MilesLength":0.50000003}},{"type":"Feature","geometry":{"type":"LineString","coordinates":[[-95.416029,29.847039],[-95.417978,29.847035],[-95.420754,29.847014],[-95.423012,29.847011],[-95.423768,29.847007],[-95.424357,29.847003]]},"properties":{"Full_Name":"W TIDWELL RD","ped_crash_count":0,"ped_death_count":0,"total_crash_count":2,"MilesLength":0.49999999}},{"type":"Feature","geometry":{"type":"LineString","coordinates":[[-95.407708,29.847187],[-95.40829,29.847185],[-95.409058,29.847185],[-95.411124,29.847164],[-95.412086,29.847161],[-95.412532,29.847159],[-95.413823,29.847046],[-95.415271,29.847041],[-95.416029,29.847039]]},"properties":{"Full_Name":"W TIDWELL RD","ped_crash_count":0,"ped_death_count":0,"total_crash_count":2,"MilesLength":0.49999999}},{"type":"Feature","geometry":{"type":"LineString","coordinates":[[-95.370074,29.76115],[-95.369907,29.761051],[-95.369507,29.76081],[-95.368839,29.760424],[-95.368627,29.760294],[-95.367796,29.759796],[-95.36693,29.759271],[-95.366083,29.758745],[-95.365222,29.758231],[-95.364332,29.757684],[-95.363725,29.757322],[-95.363716,29.757317]]},"properties":{"Full_Name":"WALKER ST","ped_crash_count":2,"ped_death_count":0,"total_crash_count":3,"MilesLength":0.46439927}},{"type":"Feature","geometry":{"type":"LineString","coordinates":[[-95.363716,29.757317],[-95.363465,29.75716],[-95.362605,29.756654],[-95.361751,29.756132],[-95.360895,29.755612],[-95.360021,29.755104],[-95.359168,29.754606],[-95.359014,29.754507],[-95.358904,29.754435],[-95.358624,29.754329],[-95.358464,29.754249],[-95.358379,29.754152],[-95.35773,29.753767]]},"properties":{"Full_Name":"WALKER ST","ped_crash_count":0,"ped_death_count":0,"total_crash_count":2,"MilesLength":0.4357844}},{"type":"Feature","geometry":{"type":"LineString","coordinates":[[-95.31592,29.786769],[-95.314889,29.787215],[-95.314555,29.787332],[-95.314341,29.78736],[-95.313493,29.787413],[-95.310466,29.787429],[-95.309444,29.787441],[-95.308833,29.787453],[-95.308404,29.787455],[-95.307748,29.78746]]},"properties":{"Full_Name":"WALLISVILLE RD","ped_crash_count":0,"ped_death_count":0,"total_crash_count":2,"MilesLength":0.49999998}},{"type":"Feature","geometry":{"type":"LineString","coordinates":[[-95.250263,29.794311],[-95.24952,29.794458],[-95.247285,29.794898],[-95.246197,29.794941],[-95.245322,29.794955],[-95.24417,29.79497],[-95.242016,29.794992]]},"properties":{"Full_Name":"WALLISVILLE RD","ped_crash_count":0,"ped_death_count":0,"total_crash_count":2,"MilesLength":0.49999997}},{"type":"Feature","geometry":{"type":"LineString","coordinates":[[-95.266613,29.791882],[-95.266553,29.791886],[-95.264445,29.791937],[-95.264411,29.791938],[-95.263103,29.791975],[-95.262277,29.79199],[-95.261598,29.792065],[-95.260967,29.792173],[-95.258828,29.792615],[-95.258379,29.792702]]},"properties":{"Full_Name":"WALLISVILLE RD","ped_crash_count":0,"ped_death_count":0,"total_crash_count":2,"MilesLength":0.49999996}},{"type":"Feature","geometry":{"type":"LineString","coordinates":[[-95.226471,29.799995],[-95.222336,29.801425],[-95.220398,29.802101],[-95.218918,29.802617],[-95.218736,29.802678]]},"properties":{"Full_Name":"WALLISVILLE RD","ped_crash_count":0,"ped_death_count":0,"total_crash_count":5,"MilesLength":0.5}},{"type":"Feature","geometry":{"type":"LineString","coordinates":[[-95.360006,29.691467],[-95.359891,29.691432],[-95.35908,29.691189],[-95.358279,29.690942],[-95.357513,29.690698],[-95.356698,29.690467],[-95.355908,29.690225],[-95.355125,29.689974],[-95.354336,29.689738],[-95.353526,29.689493],[-95.353446,29.689391],[-95.352784,29.68918],[-95.352211,29.689009]]},"properties":{"Full_Name":"WARD ST","ped_crash_count":0,"ped_death_count":0,"total_crash_count":2,"MilesLength":0.49999998}},{"type":"Feature","geometry":{"type":"LineString","coordinates":[[-95.414363,29.770481],[-95.414381,29.770482],[-95.414954,29.770508],[-95.415362,29.770527],[-95.415722,29.770554],[-95.416353,29.770603],[-95.417445,29.770658],[-95.418489,29.770771],[-95.419324,29.770833],[-95.420206,29.770905],[-95.421157,29.770968],[-95.421853,29.771047],[-95.422158,29.771061],[-95.422653,29.771091]]},"properties":{"Full_Name":"WASHINGTON AVE","ped_crash_count":4,"ped_death_count":0,"total_crash_count":5,"MilesLength":0.50000001}},{"type":"Feature","geometry":{"type":"LineString","coordinates":[[-95.406045,29.770497],[-95.40613,29.770506],[-95.40725,29.770493],[-95.408351,29.770478],[-95.409471,29.770476],[-95.409794,29.770463],[-95.41059,29.770467],[-95.411532,29.770442],[-95.4125,29.770432],[-95.413424,29.770433],[-95.414363,29.770481]]},"properties":{"Full_Name":"WASHINGTON AVE","ped_crash_count":2,"ped_death_count":1,"total_crash_count":7,"MilesLength":0.49999999}},{"type":"Feature","geometry":{"type":"LineString","coordinates":[[-95.397786,29.769612],[-95.398153,29.769665],[-95.398579,29.769712],[-95.399251,29.76979],[-95.400908,29.769955],[-95.401901,29.770074],[-95.402232,29.77011],[-95.403266,29.770221],[-95.404001,29.770296],[-95.40489,29.770369],[-95.406045,29.770497]]},"properties":{"Full_Name":"WASHINGTON AVE","ped_crash_count":0,"ped_death_count":0,"total_crash_count":2,"MilesLength":0.49999996}},{"type":"Feature","geometry":{"type":"LineString","coordinates":[[-95.381232,29.768198],[-95.381623,29.768233],[-95.382745,29.768313],[-95.383838,29.768342],[-95.384754,29.768376],[-95.385488,29.768453],[-95.386273,29.768544],[-95.386908,29.768603],[-95.387598,29.768674],[-95.388163,29.768711],[-95.389075,29.768751],[-95.389198,29.768762],[-95.389521,29.768783]]},"properties":{"Full_Name":"WASHINGTON AVE","ped_crash_count":1,"ped_death_count":0,"total_crash_count":3,"MilesLength":0.50000001}},{"type":"Feature","geometry":{"type":"LineString","coordinates":[[-95.427434,29.776123],[-95.427535,29.77623],[-95.428379,29.777017],[-95.428849,29.777401],[-95.429019,29.77754],[-95.429165,29.777659],[-95.429903,29.778208],[-95.430174,29.778353],[-95.43147,29.779105],[-95.43314,29.780077]]},"properties":{"Full_Name":"WASHINGTON AVE","ped_crash_count":0,"ped_death_count":0,"total_crash_count":2,"MilesLength":0.43991216}},{"type":"Feature","geometry":{"type":"LineString","coordinates":[[-95.43314,29.780077],[-95.433832,29.78034],[-95.434403,29.780523],[-95.434779,29.780561],[-95.435726,29.780618],[-95.436451,29.780626],[-95.436964,29.780691],[-95.437227,29.780756],[-95.437617,29.780862],[-95.437726,29.780898]]},"properties":{"Full_Name":"WASHINGTON AVE","ped_crash_count":0,"ped_death_count":0,"total_crash_count":2,"MilesLength":0.28437794}},{"type":"Feature","geometry":{"type":"LineString","coordinates":[[-95.424519,29.619475],[-95.424338,29.619213],[-95.424255,29.618799],[-95.424241,29.616981],[-95.424215,29.616207],[-95.424204,29.615208],[-95.424187,29.613605]]},"properties":{"Full_Name":"WATERLOO DR","ped_crash_count":1,"ped_death_count":0,"total_crash_count":2,"MilesLength":0.40773283}},{"type":"Feature","geometry":{"type":"LineString","coordinates":[[-95.398155,29.759339],[-95.398148,29.758252],[-95.398125,29.757338],[-95.398084,29.755339],[-95.398067,29.754642],[-95.398039,29.75395],[-95.398025,29.753234],[-95.398046,29.752664],[-95.397936,29.752415],[-95.397841,29.752206],[-95.397792,29.752125]]},"properties":{"Full_Name":"WAUGH DR","ped_crash_count":1,"ped_death_count":0,"total_crash_count":4,"MilesLength":0.50000002}},{"type":"Feature","geometry":{"type":"LineString","coordinates":[[-95.398101,29.766326],[-95.398103,29.766182],[-95.398112,29.765925],[-95.398144,29.765768],[-95.398179,29.76561],[-95.398222,29.765294],[-95.398473,29.764884],[-95.398718,29.764456],[-95.398835,29.764248],[-95.398952,29.763947],[-95.399023,29.763534],[-95.398977,29.763171],[-95.398909,29.762929],[-95.398832,29.762731],[-95.398625,29.762333],[-95.398264,29.761411],[-95.398253,29.761281],[-95.398252,29.761277],[-95.398239,29.76112],[-95.398156,29.759568],[-95.398155,29.759339]]},"properties":{"Full_Name":"WAUGH DR","ped_crash_count":2,"ped_death_count":0,"total_crash_count":3,"MilesLength":0.50000003}},{"type":"Feature","geometry":{"type":"LineString","coordinates":[[-95.501272,29.831175],[-95.50056,29.831948],[-95.500334,29.83218],[-95.499677,29.83285],[-95.49961,29.832963],[-95.499546,29.833118],[-95.499484,29.833509],[-95.499484,29.834363],[-95.499518,29.8355]]},"properties":{"Full_Name":"WAY OUT WEST DR","ped_crash_count":0,"ped_death_count":0,"total_crash_count":2,"MilesLength":0.33440095}},{"type":"Feature","geometry":{"type":"LineString","coordinates":[[-95.308888,29.833498],[-95.308487,29.833199],[-95.307925,29.83293],[-95.306724,29.83198],[-95.306393,29.831748],[-95.30606,29.831586],[-95.305789,29.831444],[-95.305572,29.831224],[-95.304974,29.831324],[-95.304304,29.831363],[-95.302019,29.831374]]},"properties":{"Full_Name":"WEAVER RD","ped_crash_count":0,"ped_death_count":0,"total_crash_count":5,"MilesLength":0.4689866}},{"type":"Feature","geometry":{"type":"LineString","coordinates":[[-95.325312,29.834063],[-95.325048,29.834073],[-95.324876,29.834072],[-95.32437,29.834087],[-95.323636,29.834095],[-95.323171,29.834104],[-95.32273,29.834111],[-95.322053,29.834124],[-95.321434,29.834127],[-95.318867,29.834175],[-95.317423,29.834197],[-95.316987,29.834206]]},"properties":{"Full_Name":"WEAVER RD","ped_crash_count":3,"ped_death_count":0,"total_crash_count":4,"MilesLength":0.49999999}},{"type":"Feature","geometry":{"type":"LineString","coordinates":[[-95.441531,29.734711],[-95.441528,29.734475],[-95.441513,29.733648],[-95.441479,29.73265],[-95.441467,29.731722],[-95.441461,29.730695],[-95.441439,29.729299],[-95.44143,29.729013],[-95.441426,29.728866],[-95.441422,29.728738],[-95.441415,29.728502],[-95.441385,29.727756]]},"properties":{"Full_Name":"WESLAYAN ST","ped_crash_count":3,"ped_death_count":0,"total_crash_count":6,"MilesLength":0.47909766}},{"type":"Feature","geometry":{"type":"LineString","coordinates":[[-95.454986,29.746561],[-95.454932,29.746265],[-95.454919,29.744536],[-95.454853,29.743955],[-95.454817,29.743736],[-95.454788,29.742388],[-95.454795,29.741941],[-95.454629,29.741429],[-95.454598,29.741248]]},"properties":{"Full_Name":"WESTCREEK LN","ped_crash_count":0,"ped_death_count":0,"total_crash_count":2,"MilesLength":0.36809081}},{"type":"Feature","geometry":{"type":"LineString","coordinates":[[-95.531469,29.73393],[-95.531464,29.73337],[-95.531443,29.732559],[-95.531434,29.731775],[-95.53142,29.730971],[-95.531418,29.730185],[-95.531408,29.729455],[-95.531403,29.72901]]},"properties":{"Full_Name":"WESTERLAND DR","ped_crash_count":0,"ped_death_count":0,"total_crash_count":3,"MilesLength":0.33882939}},{"type":"Feature","geometry":{"type":"LineString","coordinates":[[-95.625325,29.758274],[-95.625447,29.758277],[-95.626561,29.758282],[-95.627654,29.758282],[-95.628382,29.75839],[-95.62914,29.758499],[-95.62992,29.758501],[-95.630075,29.758504],[-95.631454,29.758538],[-95.631782,29.758526],[-95.632344,29.758495],[-95.632526,29.758459],[-95.633076,29.758326]]},"properties":{"Full_Name":"WESTERLOCH DR","ped_crash_count":0,"ped_death_count":0,"total_crash_count":2,"MilesLength":0.46863028}},{"type":"Feature","geometry":{"type":"LineString","coordinates":[[-95.381702,29.744451],[-95.382019,29.744573],[-95.382343,29.744622],[-95.382589,29.744645],[-95.38302,29.744659],[-95.384792,29.744607],[-95.385951,29.744576],[-95.387238,29.744542],[-95.388851,29.744515],[-95.389084,29.744516],[-95.38939,29.74454],[-95.389665,29.744625],[-95.389788,29.744654],[-95.389924,29.744673],[-95.389959,29.744675]]},"properties":{"Full_Name":"WESTHEIMER RD","ped_crash_count":1,"ped_death_count":0,"total_crash_count":3,"MilesLength":0.49999999}},{"type":"Feature","geometry":{"type":"LineString","coordinates":[[-95.646575,29.735557],[-95.647014,29.735551],[-95.647555,29.735543],[-95.648013,29.735522],[-95.648419,29.735478],[-95.649386,29.73535],[-95.650187,29.73505],[-95.650399,29.734976],[-95.651063,29.734672],[-95.651756,29.734285],[-95.652097,29.734052],[-95.652384,29.733831],[-95.652672,29.733589],[-95.653308,29.73298],[-95.653587,29.732691],[-95.65374,29.732544]]},"properties":{"Full_Name":"WESTHEIMER RD","ped_crash_count":0,"ped_death_count":0,"total_crash_count":6,"MilesLength":0.5}},{"type":"Feature","geometry":{"type":"LineString","coordinates":[[-95.638258,29.735673],[-95.638815,29.735664],[-95.640037,29.735645],[-95.640702,29.735643],[-95.640843,29.73564],[-95.641237,29.735633],[-95.641421,29.735632],[-95.641888,29.735621],[-95.642368,29.735614],[-95.642733,29.73561],[-95.642993,29.735613],[-95.644082,29.735592],[-95.646575,29.735557]]},"properties":{"Full_Name":"WESTHEIMER RD","ped_crash_count":5,"ped_death_count":2,"total_crash_count":12,"MilesLength":0.49999995}},{"type":"Feature","geometry":{"type":"LineString","coordinates":[[-95.63139,29.735765],[-95.63202,29.735753],[-95.634343,29.735724],[-95.635157,29.735712],[-95.635733,29.735705],[-95.636333,29.735701],[-95.636607,29.735697],[-95.637811,29.735687],[-95.638153,29.735678],[-95.63822,29.735674],[-95.638258,29.735673]]},"properties":{"Full_Name":"WESTHEIMER RD","ped_crash_count":1,"ped_death_count":0,"total_crash_count":3,"MilesLength":0.41282678}},{"type":"Feature","geometry":{"type":"LineString","coordinates":[[-95.613305,29.736021],[-95.613544,29.736014],[-95.61426,29.735987],[-95.614892,29.735979],[-95.615192,29.735978],[-95.615969,29.735973],[-95.616949,29.73596],[-95.61752,29.735951],[-95.618114,29.735952],[-95.619695,29.73592],[-95.620838,29.735908],[-95.621024,29.735904],[-95.621622,29.735898]]},"properties":{"Full_Name":"WESTHEIMER RD","ped_crash_count":2,"ped_death_count":0,"total_crash_count":8,"MilesLength":0.5}},{"type":"Feature","geometry":{"type":"LineString","coordinates":[[-95.60499,29.736195],[-95.605307,29.736185],[-95.605846,29.736183],[-95.607057,29.73617],[-95.607299,29.736163],[-95.608733,29.736139],[-95.609079,29.736129],[-95.609376,29.736115],[-95.611462,29.736076],[-95.612443,29.736048],[-95.612613,29.736041],[-95.613305,29.736021]]},"properties":{"Full_Name":"WESTHEIMER RD","ped_crash_count":4,"ped_death_count":2,"total_crash_count":6,"MilesLength":0.49999999}},{"type":"Feature","geometry":{"type":"LineString","coordinates":[[-95.596672,29.736299],[-95.596836,29.736296],[-95.597079,29.736294],[-95.597284,29.736291],[-95.598098,29.736279],[-95.600806,29.736238],[-95.603091,29.736218],[-95.603972,29.736207],[-95.604719,29.736204],[-95.60499,29.736195]]},"properties":{"Full_Name":"WESTHEIMER RD","ped_crash_count":0,"ped_death_count":0,"total_crash_count":4,"MilesLength":0.50000005}},{"type":"Feature","geometry":{"type":"LineString","coordinates":[[-95.588358,29.736529],[-95.588627,29.736526],[-95.589366,29.736515],[-95.589532,29.736507],[-95.589653,29.736504],[-95.591103,29.736451],[-95.591739,29.736419],[-95.592592,29.736386],[-95.592612,29.736383],[-95.593083,29.736369],[-95.594391,29.736342],[-95.59471,29.736337],[-95.595701,29.736317],[-95.596672,29.736299]]},"properties":{"Full_Name":"WESTHEIMER RD","ped_crash_count":4,"ped_death_count":3,"total_crash_count":8,"MilesLength":0.49999997}},{"type":"Feature","geometry":{"type":"LineString","coordinates":[[-95.580041,29.73665],[-95.581208,29.736633],[-95.582276,29.736619],[-95.585008,29.736558],[-95.58625,29.736549],[-95.587235,29.736534],[-95.587768,29.736534],[-95.588358,29.736529]]},"properties":{"Full_Name":"WESTHEIMER RD","ped_crash_count":3,"ped_death_count":0,"total_crash_count":5,"MilesLength":0.5}},{"type":"Feature","geometry":{"type":"LineString","coordinates":[[-95.571723,29.736754],[-95.571768,29.736753],[-95.572532,29.736746],[-95.572744,29.736741],[-95.573456,29.736725],[-95.573737,29.736717],[-95.575574,29.736714],[-95.576174,29.736696],[-95.579455,29.736659],[-95.580041,29.73665]]},"properties":{"Full_Name":"WESTHEIMER RD","ped_crash_count":3,"ped_death_count":0,"total_crash_count":18,"MilesLength":0.49999997}},{"type":"Feature","geometry":{"type":"LineString","coordinates":[[-95.563405,29.736875],[-95.563493,29.736873],[-95.56421,29.736865],[-95.565147,29.736855],[-95.566913,29.736829],[-95.567682,29.736822],[-95.568567,29.736818],[-95.569608,29.736792],[-95.570653,29.736777],[-95.571723,29.736754]]},"properties":{"Full_Name":"WESTHEIMER RD","ped_crash_count":1,"ped_death_count":0,"total_crash_count":6,"MilesLength":0.50000003}},{"type":"Feature","geometry":{"type":"LineString","coordinates":[[-95.555088,29.736986],[-95.555516,29.736982],[-95.557097,29.736956],[-95.557531,29.736952],[-95.557726,29.73695],[-95.558404,29.736943],[-95.559102,29.736917],[-95.559859,29.736924],[-95.560172,29.736919],[-95.560537,29.736922],[-95.560785,29.73692],[-95.5609,29.736915],[-95.561719,29.736897],[-95.562312,29.736892],[-95.563148,29.736883],[-95.563405,29.736875]]},"properties":{"Full_Name":"WESTHEIMER RD","ped_crash_count":1,"ped_death_count":0,"total_crash_count":5,"MilesLength":0.49999998}},{"type":"Feature","geometry":{"type":"LineString","coordinates":[[-95.54677,29.737087],[-95.548385,29.737069],[-95.549373,29.737056],[-95.551324,29.737029],[-95.552087,29.737017],[-95.552289,29.737019],[-95.553207,29.737005],[-95.554249,29.736995],[-95.555088,29.736986]]},"properties":{"Full_Name":"WESTHEIMER RD","ped_crash_count":0,"ped_death_count":0,"total_crash_count":5,"MilesLength":0.50000001}},{"type":"Feature","geometry":{"type":"LineString","coordinates":[[-95.538453,29.73719],[-95.53888,29.73719],[-95.539432,29.7372],[-95.540447,29.737175],[-95.541419,29.737155],[-95.542276,29.737148],[-95.543668,29.73713],[-95.544881,29.737114],[-95.545872,29.737098],[-95.54677,29.737087]]},"properties":{"Full_Name":"WESTHEIMER RD","ped_crash_count":0,"ped_death_count":0,"total_crash_count":5,"MilesLength":0.49999999}},{"type":"Feature","geometry":{"type":"LineString","coordinates":[[-95.530136,29.737299],[-95.531446,29.737292],[-95.532444,29.737256],[-95.532849,29.737251],[-95.533687,29.737264],[-95.5348,29.737256],[-95.534858,29.73725],[-95.535671,29.737232],[-95.535874,29.737227],[-95.537335,29.7372],[-95.5377,29.73719],[-95.538103,29.73719],[-95.538453,29.73719]]},"properties":{"Full_Name":"WESTHEIMER RD","ped_crash_count":1,"ped_death_count":1,"total_crash_count":5,"MilesLength":0.50000004}},{"type":"Feature","geometry":{"type":"LineString","coordinates":[[-95.521819,29.737388],[-95.522123,29.737383],[-95.522608,29.737374],[-95.523009,29.73737],[-95.524983,29.737342],[-95.525844,29.737313],[-95.527042,29.737308],[-95.52815,29.737295],[-95.528562,29.737296],[-95.528812,29.737299],[-95.529002,29.737304],[-95.530136,29.737299]]},"properties":{"Full_Name":"WESTHEIMER RD","ped_crash_count":2,"ped_death_count":0,"total_crash_count":5,"MilesLength":0.49999999}},{"type":"Feature","geometry":{"type":"LineString","coordinates":[[-95.513501,29.737467],[-95.514202,29.737457],[-95.51572,29.737456],[-95.516866,29.737436],[-95.517116,29.737432],[-95.518859,29.737405],[-95.519769,29.737394],[-95.520479,29.737387],[-95.521175,29.7374],[-95.521819,29.737388]]},"properties":{"Full_Name":"WESTHEIMER RD","ped_crash_count":8,"ped_death_count":4,"total_crash_count":16,"MilesLength":0.5}},{"type":"Feature","geometry":{"type":"LineString","coordinates":[[-95.505184,29.73756],[-95.50605,29.737575],[-95.50637,29.737576],[-95.506811,29.737555],[-95.507188,29.737536],[-95.5074,29.737534],[-95.507886,29.737535],[-95.509384,29.737517],[-95.510086,29.737511],[-95.511069,29.737513],[-95.512274,29.737484],[-95.513501,29.737467]]},"properties":{"Full_Name":"WESTHEIMER RD","ped_crash_count":7,"ped_death_count":7,"total_crash_count":11,"MilesLength":0.5}},{"type":"Feature","geometry":{"type":"LineString","coordinates":[[-95.496867,29.73766],[-95.496928,29.737659],[-95.497256,29.737667],[-95.497365,29.73767],[-95.498332,29.73765],[-95.499196,29.737633],[-95.499408,29.737629],[-95.500913,29.737599],[-95.501923,29.737592],[-95.503399,29.737571],[-95.504144,29.737561],[-95.505051,29.737558],[-95.505184,29.73756]]},"properties":{"Full_Name":"WESTHEIMER RD","ped_crash_count":7,"ped_death_count":3,"total_crash_count":21,"MilesLength":0.49999999}},{"type":"Feature","geometry":{"type":"LineString","coordinates":[[-95.488551,29.737773],[-95.488564,29.737773],[-95.489859,29.73774],[-95.491607,29.737709],[-95.492864,29.737684],[-95.493546,29.737674],[-95.495114,29.7377],[-95.495752,29.737667],[-95.496362,29.73767],[-95.496867,29.73766]]},"properties":{"Full_Name":"WESTHEIMER RD","ped_crash_count":13,"ped_death_count":5,"total_crash_count":22,"MilesLength":0.49999997}},{"type":"Feature","geometry":{"type":"LineString","coordinates":[[-95.480233,29.737884],[-95.481505,29.737863],[-95.482487,29.737837],[-95.4838,29.737827],[-95.484295,29.737833],[-95.484674,29.737828],[-95.485313,29.737819],[-95.487218,29.737794],[-95.488551,29.737773]]},"properties":{"Full_Name":"WESTHEIMER RD","ped_crash_count":5,"ped_death_count":3,"total_crash_count":10,"MilesLength":0.5}},{"type":"Feature","geometry":{"type":"LineString","coordinates":[[-95.472071,29.738714],[-95.472533,29.738552],[-95.47287,29.738445],[-95.47389,29.738092],[-95.47426,29.738002],[-95.474648,29.737956],[-95.476356,29.737911],[-95.476582,29.737925],[-95.476976,29.737928],[-95.477239,29.737917],[-95.47773,29.737914],[-95.478,29.737888],[-95.478428,29.737902],[-95.479404,29.737879],[-95.479545,29.737891],[-95.480121,29.737886],[-95.480233,29.737884]]},"properties":{"Full_Name":"WESTHEIMER RD","ped_crash_count":4,"ped_death_count":2,"total_crash_count":6,"MilesLength":0.50000002}},{"type":"Feature","geometry":{"type":"LineString","coordinates":[[-95.464145,29.740688],[-95.464195,29.740685],[-95.465965,29.740568],[-95.466956,29.740467],[-95.469441,29.739623],[-95.470658,29.73921],[-95.472071,29.738714]]},"properties":{"Full_Name":"WESTHEIMER RD","ped_crash_count":3,"ped_death_count":1,"total_crash_count":7,"MilesLength":0.49999999}},{"type":"Feature","geometry":{"type":"LineString","coordinates":[[-95.455845,29.741167],[-95.457725,29.741034],[-95.458089,29.741019],[-95.458198,29.741014],[-95.458299,29.741011],[-95.458688,29.741],[-95.459384,29.740961],[-95.459652,29.740937],[-95.46027,29.740891],[-95.46052,29.740887],[-95.460907,29.740846],[-95.461355,29.740827],[-95.461907,29.7408],[-95.462078,29.740791],[-95.464145,29.740688]]},"properties":{"Full_Name":"WESTHEIMER RD","ped_crash_count":3,"ped_death_count":1,"total_crash_count":5,"MilesLength":0.5}},{"type":"Feature","geometry":{"type":"LineString","coordinates":[[-95.447547,29.741669],[-95.448174,29.741635],[-95.45015,29.741528],[-95.450939,29.741492],[-95.451725,29.741433],[-95.452117,29.741411],[-95.452621,29.741383],[-95.453446,29.741323],[-95.453937,29.741289],[-95.454598,29.741248],[-95.455571,29.741186],[-95.455845,29.741167]]},"properties":{"Full_Name":"WESTHEIMER RD","ped_crash_count":1,"ped_death_count":0,"total_crash_count":4,"MilesLength":0.50000005}},{"type":"Feature","geometry":{"type":"LineString","coordinates":[[-95.414352,29.742507],[-95.414722,29.742489],[-95.415524,29.742434],[-95.416397,29.742401],[-95.417583,29.742385],[-95.418785,29.742324],[-95.419918,29.742263],[-95.421151,29.742187],[-95.421875,29.742174],[-95.422323,29.742172],[-95.42266,29.742161]]},"properties":{"Full_Name":"WESTHEIMER RD","ped_crash_count":1,"ped_death_count":0,"total_crash_count":3,"MilesLength":0.5}},{"type":"Feature","geometry":{"type":"LineString","coordinates":[[-95.406045,29.742736],[-95.406264,29.742737],[-95.407057,29.742748],[-95.407845,29.74277],[-95.408272,29.742774],[-95.40873,29.742752],[-95.409332,29.742703],[-95.409702,29.742673],[-95.410252,29.742629],[-95.410736,29.742587],[-95.410776,29.742584],[-95.411342,29.742587],[-95.411538,29.742582],[-95.411937,29.742581],[-95.412321,29.74256],[-95.413122,29.74254],[-95.413602,29.742542],[-95.41393,29.742527],[-95.414352,29.742507]]},"properties":{"Full_Name":"WESTHEIMER RD","ped_crash_count":1,"ped_death_count":0,"total_crash_count":2,"MilesLength":0.49999997}},{"type":"Feature","geometry":{"type":"LineString","coordinates":[[-95.397727,29.742806],[-95.398181,29.7428],[-95.398864,29.742799],[-95.399261,29.7428],[-95.399318,29.742801],[-95.399374,29.742803],[-95.400489,29.742795],[-95.401259,29.742795],[-95.402075,29.742792],[-95.402895,29.742772],[-95.403749,29.742761],[-95.404607,29.742745],[-95.405452,29.742735],[-95.406045,29.742736]]},"properties":{"Full_Name":"WESTHEIMER RD","ped_crash_count":3,"ped_death_count":0,"total_crash_count":5,"MilesLength":0.50000005}},{"type":"Feature","geometry":{"type":"LineString","coordinates":[[-95.389959,29.744675],[-95.390051,29.74468],[-95.390528,29.744678],[-95.391261,29.744678],[-95.391833,29.744678],[-95.392139,29.744663],[-95.392345,29.744654],[-95.392649,29.744648],[-95.393122,29.74466],[-95.393295,29.744659],[-95.393451,29.744595],[-95.393828,29.744406],[-95.394381,29.744158],[-95.39481,29.743937],[-95.395764,29.743415],[-95.395853,29.743378],[-95.395919,29.743353],[-95.396948,29.742868],[-95.39704,29.742832],[-95.397146,29.742816],[-95.397551,29.742808],[-95.397727,29.742806]]},"properties":{"Full_Name":"WESTHEIMER RD","ped_crash_count":2,"ped_death_count":0,"total_crash_count":3,"MilesLength":0.49999999}},{"type":"Feature","geometry":{"type":"LineString","coordinates":[[-95.332377,29.663254],[-95.331025,29.663276],[-95.328603,29.663321],[-95.325135,29.663387]]},"properties":{"Full_Name":"WESTOVER ST","ped_crash_count":1,"ped_death_count":0,"total_crash_count":2,"MilesLength":0.43569882}},{"type":"Feature","geometry":{"type":"LineString","coordinates":[[-95.585084,29.72315],[-95.586032,29.723741],[-95.5871,29.724204],[-95.588727,29.724544],[-95.590227,29.724532],[-95.590223,29.724532],[-95.592398,29.724501],[-95.593006,29.724492]]},"properties":{"Full_Name":"WESTPARK DR","ped_crash_count":1,"ped_death_count":0,"total_crash_count":3,"MilesLength":0.49999997}},{"type":"Feature","geometry":{"type":"LineString","coordinates":[[-95.553011,29.722374],[-95.55334,29.722349],[-95.553942,29.722306],[-95.554935,29.722227],[-95.556018,29.722128],[-95.556163,29.722119],[-95.556918,29.722067],[-95.557341,29.72204],[-95.557365,29.722038],[-95.557575,29.722035],[-95.557639,29.722032],[-95.557984,29.722015],[-95.559596,29.721948],[-95.560682,29.72185],[-95.561285,29.721793],[-95.5613,29.721792]]},"properties":{"Full_Name":"WESTPARK DR","ped_crash_count":0,"ped_death_count":0,"total_crash_count":4,"MilesLength":0.49999998}},{"type":"Feature","geometry":{"type":"LineString","coordinates":[[-95.54473,29.723054],[-95.545534,29.722996],[-95.546943,29.722878],[-95.547238,29.722852],[-95.547441,29.722836],[-95.548872,29.722718],[-95.550937,29.72255],[-95.551956,29.722461],[-95.552688,29.722399],[-95.553011,29.722374]]},"properties":{"Full_Name":"WESTPARK DR","ped_crash_count":1,"ped_death_count":0,"total_crash_count":6,"MilesLength":0.5}},{"type":"Feature","geometry":{"type":"LineString","coordinates":[[-95.537042,29.720917],[-95.537086,29.720937],[-95.537368,29.721099],[-95.5375,29.721175],[-95.537951,29.72149],[-95.538111,29.721602],[-95.538298,29.721721],[-95.538623,29.721909],[-95.539088,29.722105],[-95.539616,29.722295],[-95.539761,29.722359],[-95.54009,29.722476],[-95.5404,29.722586],[-95.540599,29.722665],[-95.540744,29.722716],[-95.540953,29.72279],[-95.541325,29.722891],[-95.541525,29.722937],[-95.541619,29.722958],[-95.542042,29.723046],[-95.542397,29.723097],[-95.542696,29.723128],[-95.543384,29.723144],[-95.543672,29.723138],[-95.543989,29.723115],[-95.544498,29.723071],[-95.54473,29.723054]]},"properties":{"Full_Name":"WESTPARK DR","ped_crash_count":3,"ped_death_count":2,"total_crash_count":3,"MilesLength":0.50000001}},{"type":"Feature","geometry":{"type":"LineString","coordinates":[[-95.520605,29.721444],[-95.523684,29.721191],[-95.525123,29.721071],[-95.526342,29.720933],[-95.526556,29.720914],[-95.527452,29.720839],[-95.528882,29.72074]]},"properties":{"Full_Name":"WESTPARK DR","ped_crash_count":0,"ped_death_count":0,"total_crash_count":2,"MilesLength":0.5}},{"type":"Feature","geometry":{"type":"LineString","coordinates":[[-95.512322,29.722106],[-95.512333,29.722105],[-95.513949,29.72198],[-95.514733,29.72192],[-95.516069,29.721812],[-95.517181,29.721722],[-95.517812,29.721671],[-95.518516,29.721614],[-95.51941,29.721542],[-95.520316,29.721468],[-95.520605,29.721444]]},"properties":{"Full_Name":"WESTPARK DR","ped_crash_count":0,"ped_death_count":0,"total_crash_count":7,"MilesLength":0.49999999}},{"type":"Feature","geometry":{"type":"LineString","coordinates":[[-95.50404,29.722779],[-95.504383,29.722755],[-95.50599,29.72263],[-95.507712,29.722487],[-95.508784,29.722406],[-95.509267,29.72237],[-95.50992,29.72231],[-95.5108,29.722228],[-95.512322,29.722106]]},"properties":{"Full_Name":"WESTPARK DR","ped_crash_count":1,"ped_death_count":1,"total_crash_count":2,"MilesLength":0.49999997}},{"type":"Feature","geometry":{"type":"LineString","coordinates":[[-95.495758,29.72344],[-95.497363,29.723343],[-95.501046,29.723009],[-95.501222,29.722997],[-95.501983,29.722945],[-95.502734,29.722872],[-95.503493,29.722818],[-95.50404,29.722779]]},"properties":{"Full_Name":"WESTPARK DR","ped_crash_count":0,"ped_death_count":0,"total_crash_count":3,"MilesLength":0.49999999}},{"type":"Feature","geometry":{"type":"LineString","coordinates":[[-95.479185,29.724691],[-95.480697,29.724576],[-95.482941,29.724391],[-95.484285,29.724293],[-95.485276,29.724196],[-95.487468,29.724031]]},"properties":{"Full_Name":"WESTPARK DR","ped_crash_count":2,"ped_death_count":0,"total_crash_count":4,"MilesLength":0.49999999}},{"type":"Feature","geometry":{"type":"LineString","coordinates":[[-95.454343,29.726725],[-95.454678,29.726699],[-95.456007,29.726597],[-95.457005,29.726505],[-95.459534,29.72627],[-95.459989,29.726242],[-95.460158,29.726232],[-95.460222,29.726228],[-95.460409,29.726217],[-95.460495,29.726212],[-95.460703,29.726199],[-95.460734,29.726197],[-95.461055,29.726178],[-95.462624,29.726045]]},"properties":{"Full_Name":"WESTPARK DR","ped_crash_count":0,"ped_death_count":0,"total_crash_count":3,"MilesLength":0.50000001}},{"type":"Feature","geometry":{"type":"LineString","coordinates":[[-95.413888,29.682097],[-95.414488,29.682111],[-95.41552,29.682135],[-95.41572,29.682138],[-95.415821,29.68214],[-95.416347,29.682149],[-95.417382,29.682166],[-95.417965,29.682175],[-95.419137,29.682195],[-95.419656,29.682204],[-95.420494,29.682228],[-95.421297,29.68225],[-95.421604,29.682245],[-95.421842,29.682258],[-95.4222,29.682264]]},"properties":{"Full_Name":"WESTRIDGE ST","ped_crash_count":2,"ped_death_count":0,"total_crash_count":4,"MilesLength":0.49999999}},{"type":"Feature","geometry":{"type":"LineString","coordinates":[[-95.429075,29.856965],[-95.429083,29.857781],[-95.429079,29.859552],[-95.429091,29.860657],[-95.429083,29.861299],[-95.429349,29.863065],[-95.429455,29.863588],[-95.429479,29.864201]]},"properties":{"Full_Name":"WHEATLEY ST","ped_crash_count":0,"ped_death_count":0,"total_crash_count":5,"MilesLength":0.50000002}},{"type":"Feature","geometry":{"type":"LineString","coordinates":[[-95.383077,29.780782],[-95.383077,29.78091],[-95.383086,29.781083],[-95.383118,29.781293],[-95.383173,29.7814],[-95.383257,29.781513],[-95.38342,29.781608],[-95.383666,29.781676],[-95.384231,29.781676],[-95.385943,29.781661],[-95.387685,29.781632],[-95.38862,29.781615],[-95.388743,29.781614],[-95.389913,29.781601],[-95.390657,29.781593]]},"properties":{"Full_Name":"WHITE OAK DR","ped_crash_count":2,"ped_death_count":0,"total_crash_count":3,"MilesLength":0.49999997}},{"type":"Feature","geometry":{"type":"LineString","coordinates":[[-95.421616,29.857938],[-95.421662,29.857902],[-95.42174,29.857858],[-95.421848,29.857818],[-95.421998,29.857809],[-95.422766,29.857807],[-95.422908,29.857806],[-95.423053,29.857804],[-95.423545,29.857798],[-95.424357,29.857794],[-95.425147,29.857784],[-95.426003,29.857781],[-95.426738,29.85778],[-95.427391,29.857772],[-95.427534,29.857772],[-95.428325,29.857771],[-95.429083,29.857781],[-95.429904,29.857779]]},"properties":{"Full_Name":"WILBURFORCE ST","ped_crash_count":0,"ped_death_count":0,"total_crash_count":2,"MilesLength":0.5}},{"type":"Feature","geometry":{"type":"LineString","coordinates":[[-95.569942,29.658678],[-95.570032,29.658462],[-95.570208,29.658016],[-95.57053,29.657184],[-95.570613,29.656966],[-95.570677,29.656732],[-95.570721,29.656559],[-95.570778,29.65631],[-95.570798,29.65602],[-95.57083,29.655493],[-95.570701,29.654477],[-95.570585,29.654112],[-95.570416,29.653626],[-95.569963,29.652909],[-95.569707,29.652574],[-95.569192,29.652042],[-95.569084,29.651948]]},"properties":{"Full_Name":"WILCREST DR","ped_crash_count":1,"ped_death_count":1,"total_crash_count":2,"MilesLength":0.49999997}},{"type":"Feature","geometry":{"type":"LineString","coordinates":[[-95.568791,29.6658],[-95.568688,29.664548],[-95.568692,29.663875],[-95.568706,29.663619],[-95.568776,29.662944],[-95.56887,29.662191],[-95.56889,29.662055],[-95.568941,29.661786],[-95.569033,29.661395],[-95.569679,29.659377],[-95.569903,29.658774],[-95.569942,29.658678]]},"properties":{"Full_Name":"WILCREST DR","ped_crash_count":0,"ped_death_count":0,"total_crash_count":3,"MilesLength":0.50000003}},{"type":"Feature","geometry":{"type":"LineString","coordinates":[[-95.570146,29.680084],[-95.570164,29.679955],[-95.570214,29.679839],[-95.570437,29.67911],[-95.570606,29.678385],[-95.570669,29.677529],[-95.570623,29.676682],[-95.570599,29.676395],[-95.570537,29.67595],[-95.570434,29.675325],[-95.570429,29.675238],[-95.5704,29.674857],[-95.570392,29.67476],[-95.570396,29.674225],[-95.570396,29.67361],[-95.570375,29.672888]]},"properties":{"Full_Name":"WILCREST DR","ped_crash_count":1,"ped_death_count":0,"total_crash_count":9,"MilesLength":0.50000002}},{"type":"Feature","geometry":{"type":"LineString","coordinates":[[-95.571083,29.694406],[-95.571073,29.693977],[-95.571079,29.693235],[-95.571068,29.692449],[-95.57105,29.692046],[-95.571043,29.691808],[-95.571019,29.691484],[-95.570976,29.691179],[-95.57092,29.690836],[-95.570658,29.689832],[-95.570557,29.68946],[-95.570263,29.68838],[-95.570096,29.687781],[-95.57004,29.687574],[-95.569959,29.687283],[-95.569951,29.687252]]},"properties":{"Full_Name":"WILCREST DR","ped_crash_count":4,"ped_death_count":0,"total_crash_count":7,"MilesLength":0.49999997}},{"type":"Feature","geometry":{"type":"LineString","coordinates":[[-95.571316,29.708925],[-95.571314,29.708785],[-95.571269,29.706173],[-95.571254,29.705462],[-95.571247,29.705008],[-95.571237,29.704617],[-95.571219,29.703931],[-95.571217,29.703643],[-95.571215,29.703415],[-95.571188,29.701666]]},"properties":{"Full_Name":"WILCREST DR","ped_crash_count":1,"ped_death_count":0,"total_crash_count":4,"MilesLength":0.49999999}},{"type":"Feature","geometry":{"type":"LineString","coordinates":[[-95.571425,29.716184],[-95.571408,29.715535],[-95.571414,29.715478],[-95.571413,29.714597],[-95.571353,29.71192],[-95.571353,29.711714],[-95.571316,29.708925]]},"properties":{"Full_Name":"WILCREST DR","ped_crash_count":0,"ped_death_count":0,"total_crash_count":2,"MilesLength":0.49999997}},{"type":"Feature","geometry":{"type":"LineString","coordinates":[[-95.571872,29.737957],[-95.571852,29.737828],[-95.57182,29.737515],[-95.571768,29.736753],[-95.571762,29.73603],[-95.571766,29.735391],[-95.571747,29.734482],[-95.57174,29.734191],[-95.571734,29.733886],[-95.571721,29.733304],[-95.571712,29.733022],[-95.571709,29.732795],[-95.571706,29.732221],[-95.571698,29.731326],[-95.571686,29.730701]]},"properties":{"Full_Name":"WILCREST DR","ped_crash_count":0,"ped_death_count":0,"total_crash_count":10,"MilesLength":0.50000003}},{"type":"Feature","geometry":{"type":"LineString","coordinates":[[-95.572018,29.745213],[-95.572017,29.744426],[-95.572003,29.743733],[-95.572003,29.743644],[-95.571998,29.742783],[-95.571981,29.741968],[-95.571976,29.741703],[-95.571971,29.741135],[-95.571954,29.740312],[-95.571941,29.739502],[-95.571938,29.739152],[-95.571932,29.738668],[-95.57193,29.738386],[-95.571905,29.738177],[-95.571872,29.737957]]},"properties":{"Full_Name":"WILCREST DR","ped_crash_count":0,"ped_death_count":0,"total_crash_count":3,"MilesLength":0.49999997}},{"type":"Feature","geometry":{"type":"LineString","coordinates":[[-95.474963,29.666575],[-95.475353,29.666573],[-95.476402,29.666551],[-95.476841,29.666537],[-95.480237,29.6665],[-95.482289,29.666478],[-95.483054,29.666479],[-95.483275,29.666476]]},"properties":{"Full_Name":"WILLOWBEND BLVD","ped_crash_count":0,"ped_death_count":0,"total_crash_count":2,"MilesLength":0.49999997}},{"type":"Feature","geometry":{"type":"LineString","coordinates":[[-95.361918,29.656058],[-95.358388,29.655998],[-95.357293,29.655968],[-95.357075,29.655967],[-95.356841,29.655959],[-95.356481,29.655947],[-95.355425,29.655913],[-95.355262,29.65587],[-95.354819,29.655871],[-95.354177,29.655874],[-95.353615,29.655883]]},"properties":{"Full_Name":"WILMINGTON ST","ped_crash_count":1,"ped_death_count":0,"total_crash_count":5,"MilesLength":0.50000001}},{"type":"Feature","geometry":{"type":"LineString","coordinates":[[-95.492891,29.72607],[-95.493565,29.726059],[-95.493945,29.726053],[-95.494224,29.726057],[-95.495268,29.726032],[-95.496263,29.725816],[-95.497497,29.725801],[-95.497833,29.7258],[-95.498362,29.72579],[-95.498946,29.725783],[-95.500047,29.725767],[-95.501115,29.725747]]},"properties":{"Full_Name":"WINDSWEPT LN","ped_crash_count":3,"ped_death_count":1,"total_crash_count":5,"MilesLength":0.49627361}},{"type":"Feature","geometry":{"type":"LineString","coordinates":[[-95.301097,29.899303],[-95.300964,29.899305],[-95.300171,29.899317],[-95.299318,29.89933],[-95.296791,29.899355]]},"properties":{"Full_Name":"WINFIELD RD","ped_crash_count":0,"ped_death_count":0,"total_crash_count":2,"MilesLength":0.25841857}},{"type":"Feature","geometry":{"type":"LineString","coordinates":[[-95.497604,29.743045],[-95.497599,29.742425],[-95.497464,29.742415],[-95.496667,29.742432],[-95.496652,29.740915],[-95.496655,29.739124],[-95.496656,29.738719],[-95.496648,29.738692],[-95.496592,29.738519],[-95.496459,29.738287],[-95.496401,29.738165],[-95.496349,29.738043],[-95.496362,29.73767]]},"properties":{"Full_Name":"WINROCK BLVD","ped_crash_count":4,"ped_death_count":1,"total_crash_count":5,"MilesLength":0.43040017}},{"type":"Feature","geometry":{"type":"LineString","coordinates":[[-95.484958,29.809628],[-95.484996,29.810577],[-95.485077,29.811493],[-95.485129,29.812763],[-95.485137,29.813341],[-95.485145,29.813906],[-95.485153,29.814745],[-95.485199,29.816188],[-95.485297,29.816878]]},"properties":{"Full_Name":"WIRT RD","ped_crash_count":1,"ped_death_count":0,"total_crash_count":3,"MilesLength":0.49999997}},{"type":"Feature","geometry":{"type":"LineString","coordinates":[[-95.48484,29.80237],[-95.484839,29.802844],[-95.484879,29.804745],[-95.484895,29.805546],[-95.484924,29.806713],[-95.484948,29.807691],[-95.484933,29.807879],[-95.48494,29.809186],[-95.484958,29.809628]]},"properties":{"Full_Name":"WIRT RD","ped_crash_count":3,"ped_death_count":2,"total_crash_count":4,"MilesLength":0.5}},{"type":"Feature","geometry":{"type":"LineString","coordinates":[[-95.545258,29.72861],[-95.545316,29.728432],[-95.545352,29.728169],[-95.545332,29.727997],[-95.545288,29.727815],[-95.545175,29.727531],[-95.545073,29.727205],[-95.545033,29.726882],[-95.545031,29.726762],[-95.545037,29.72663],[-95.545087,29.726335],[-95.545242,29.725934],[-95.545316,29.725799],[-95.545376,29.725677],[-95.545429,29.72558],[-95.545522,29.725298],[-95.545548,29.725213],[-95.545583,29.725066],[-95.545601,29.72498],[-95.545615,29.724888],[-95.545637,29.724786],[-95.545655,29.724481],[-95.54564,29.724246],[-95.545632,29.724155],[-95.545621,29.724076],[-95.545593,29.723735],[-95.545575,29.723567],[-95.545549,29.723149],[-95.545534,29.722996],[-95.545525,29.722812],[-95.545499,29.722656],[-95.545455,29.722386],[-95.545324,29.7219],[-95.545286,29.721793],[-95.545237,29.721647],[-95.545184,29.721519]]},"properties":{"Full_Name":"WOODCHASE DR","ped_crash_count":1,"ped_death_count":0,"total_crash_count":4,"MilesLength":0.50000003}},{"type":"Feature","geometry":{"type":"LineString","coordinates":[[-95.552965,29.678669],[-95.553463,29.677494],[-95.553677,29.676901],[-95.553697,29.676821],[-95.55376,29.676426],[-95.553753,29.67612],[-95.55373,29.67575],[-95.553662,29.675091]]},"properties":{"Full_Name":"WOODFAIR DR","ped_crash_count":2,"ped_death_count":1,"total_crash_count":3,"MilesLength":0.25437681}},{"type":"Feature","geometry":{"type":"LineString","coordinates":[[-95.262261,29.841427],[-95.261752,29.841428],[-95.258627,29.841437],[-95.256107,29.841451]]},"properties":{"Full_Name":"WOODLYN RD","ped_crash_count":1,"ped_death_count":1,"total_crash_count":2,"MilesLength":0.36945557}},{"type":"Feature","geometry":{"type":"LineString","coordinates":[[-95.455433,29.766363],[-95.455483,29.766328],[-95.455934,29.766042],[-95.456128,29.765919],[-95.456403,29.765744],[-95.456626,29.765585],[-95.457419,29.765045],[-95.458192,29.764598],[-95.458261,29.764561],[-95.458573,29.764389],[-95.458873,29.76421],[-95.459358,29.763989],[-95.459694,29.763902],[-95.460424,29.763824],[-95.4607,29.763776],[-95.460909,29.763726],[-95.461133,29.763677],[-95.461391,29.763572],[-95.461648,29.763447],[-95.462057,29.76315],[-95.462485,29.762769]]},"properties":{"Full_Name":"WOODWAY DR","ped_crash_count":0,"ped_death_count":0,"total_crash_count":3,"MilesLength":0.50000005}},{"type":"Feature","geometry":{"type":"LineString","coordinates":[[-95.398176,29.768664],[-95.398362,29.768848],[-95.398517,29.76911],[-95.398575,29.769319],[-95.398589,29.769522],[-95.398579,29.769712],[-95.398587,29.770095],[-95.398593,29.770522],[-95.398631,29.771582],[-95.39866,29.774291],[-95.39869,29.775619],[-95.398694,29.775822]]},"properties":{"Full_Name":"YALE ST","ped_crash_count":1,"ped_death_count":0,"total_crash_count":3,"MilesLength":0.5}},{"type":"Feature","geometry":{"type":"LineString","coordinates":[[-95.399254,29.804857],[-95.399257,29.804965],[-95.399261,29.805497],[-95.399268,29.805605],[-95.399272,29.806002],[-95.399291,29.807002],[-95.399301,29.807692],[-95.399332,29.808021],[-95.399333,29.808362],[-95.399347,29.809053],[-95.399361,29.809673],[-95.39937,29.810059],[-95.399377,29.81055],[-95.399381,29.811097],[-95.399394,29.811342],[-95.399395,29.812114]]},"properties":{"Full_Name":"YALE ST","ped_crash_count":0,"ped_death_count":0,"total_crash_count":2,"MilesLength":0.5}},{"type":"Feature","geometry":{"type":"LineString","coordinates":[[-95.399114,29.797598],[-95.399124,29.798041],[-95.399171,29.799889],[-95.399173,29.800907],[-95.399193,29.801914],[-95.3992,29.802935],[-95.399212,29.80346],[-95.399222,29.803964],[-95.399254,29.804857]]},"properties":{"Full_Name":"YALE ST","ped_crash_count":1,"ped_death_count":0,"total_crash_count":7,"MilesLength":0.50000002}},{"type":"Feature","geometry":{"type":"LineString","coordinates":[[-95.398829,29.78308],[-95.39888,29.785151],[-95.39891,29.786985],[-95.398938,29.788821],[-95.398965,29.789763],[-95.398973,29.790339]]},"properties":{"Full_Name":"YALE ST","ped_crash_count":0,"ped_death_count":0,"total_crash_count":2,"MilesLength":0.49999997}},{"type":"Feature","geometry":{"type":"LineString","coordinates":[[-95.402798,29.833193],[-95.402831,29.833415],[-95.402836,29.833547],[-95.402841,29.833855],[-95.402834,29.834174],[-95.402851,29.834769],[-95.40286,29.835622],[-95.402905,29.837401],[-95.402908,29.838005],[-95.40291,29.838387],[-95.402912,29.838667],[-95.402927,29.840038],[-95.402928,29.84045]]},"properties":{"Full_Name":"YALE ST","ped_crash_count":0,"ped_death_count":0,"total_crash_count":3,"MilesLength":0.49999999}},{"type":"Feature","geometry":{"type":"LineString","coordinates":[[-95.399395,29.812114],[-95.399395,29.812144],[-95.399403,29.812643],[-95.399408,29.812907],[-95.399412,29.813108],[-95.399417,29.813317],[-95.399437,29.813851],[-95.399444,29.814176],[-95.399454,29.815034],[-95.399468,29.815932],[-95.399473,29.816458],[-95.399482,29.817199],[-95.399489,29.817442],[-95.399503,29.818118],[-95.399508,29.818369],[-95.39952,29.81883],[-95.399529,29.81918],[-95.399532,29.819373]]},"properties":{"Full_Name":"YALE ST","ped_crash_count":0,"ped_death_count":0,"total_crash_count":2,"MilesLength":0.49999998}},{"type":"Feature","geometry":{"type":"LineString","coordinates":[[-95.381424,29.699891],[-95.381231,29.699623],[-95.378916,29.698908],[-95.37781,29.698551],[-95.37702,29.698309],[-95.376697,29.6982],[-95.376283,29.698066],[-95.375696,29.697876],[-95.37533,29.697757],[-95.373747,29.697274]]},"properties":{"Full_Name":"YELLOWSTONE BLVD","ped_crash_count":0,"ped_death_count":0,"total_crash_count":3,"MilesLength":0.49999999}},{"type":"Feature","geometry":{"type":"LineString","coordinates":[[-95.36589,29.6949],[-95.363709,29.694246],[-95.36165,29.693602],[-95.361496,29.693546],[-95.360841,29.693349],[-95.359339,29.692893],[-95.358821,29.692737],[-95.358487,29.692636],[-95.358043,29.692498]]},"properties":{"Full_Name":"YELLOWSTONE BLVD","ped_crash_count":3,"ped_death_count":1,"total_crash_count":5,"MilesLength":0.50000002}},{"type":"Feature","geometry":{"type":"LineString","coordinates":[[-95.350148,29.69029],[-95.349854,29.690206],[-95.349131,29.689977],[-95.348374,29.689748],[-95.347624,29.689512],[-95.346908,29.68929],[-95.345882,29.688922],[-95.344799,29.688624],[-95.344197,29.68848],[-95.343604,29.688382],[-95.343091,29.688363],[-95.342516,29.688408],[-95.342209,29.688473]]},"properties":{"Full_Name":"YELLOWSTONE BLVD","ped_crash_count":1,"ped_death_count":1,"total_crash_count":3,"MilesLength":0.50000001}}]}