{"type":"FeatureCollection","features":[{"type":"Feature","geometry":{"type":"LineString","coordinates":[[-95.219971,29.64864],[-95.219742,29.648356],[-95.219424,29.648156],[-95.219254,29.647972],[-95.219178,29.647866],[-95.219149,29.647793],[-95.219046,29.647538],[-95.218914,29.647264],[-95.218707,29.647067],[-95.218453,29.646954],[-95.218153,29.646808],[-95.217892,29.64657],[-95.217794,29.64647],[-95.21721,29.645798],[-95.217133,29.645541],[-95.217046,29.645272],[-95.216251,29.644391]]},"properties":{"Full_Name":"ARLINGTON SQUARE DR","ped_crash_count":1,"ped_death_count":1,"total_crash_count":2,"MilesLength":0.37771299}},{"type":"Feature","geometry":{"type":"LineString","coordinates":[[-95.482552,29.743156],[-95.48254,29.742231],[-95.482536,29.74203],[-95.482533,29.741858],[-95.482519,29.740953],[-95.482513,29.740353],[-95.482494,29.73892],[-95.482491,29.738626],[-95.482488,29.738453],[-95.482487,29.737837]]},"properties":{"Full_Name":"AUGUSTA DR","ped_crash_count":2,"ped_death_count":0,"total_crash_count":3,"MilesLength":0.36635466}},{"type":"Feature","geometry":{"type":"LineString","coordinates":[[-95.482157,29.650307],[-95.482281,29.650476],[-95.48216,29.650999],[-95.481967,29.651549],[-95.481674,29.652156],[-95.481209,29.652785],[-95.480692,29.653313],[-95.480397,29.653584],[-95.479945,29.653951],[-95.479407,29.65451],[-95.478741,29.655118]]},"properties":{"Full_Name":"CHIMNEY ROCK RD","ped_crash_count":1,"ped_death_count":0,"total_crash_count":2,"MilesLength":0.40610434}},{"type":"Feature","geometry":{"type":"LineString","coordinates":[[-95.476524,29.72434],[-95.476528,29.723705],[-95.476504,29.722986],[-95.476451,29.720147],[-95.476468,29.719245],[-95.476467,29.718779],[-95.476449,29.718144],[-95.476438,29.717781],[-95.476434,29.717455],[-95.476429,29.717081]]},"properties":{"Full_Name":"CHIMNEY ROCK RD","ped_crash_count":1,"ped_death_count":0,"total_crash_count":4,"MilesLength":0.49999995}},{"type":"Feature","geometry":{"type":"LineString","coordinates":[[-95.47675,29.738838],[-95.476651,29.738508],[-95.476582,29.737925],[-95.476595,29.737119],[-95.476589,29.736678],[-95.476589,29.736606],[-95.476586,29.736449],[-95.476561,29.73584],[-95.476548,29.735484],[-95.476528,29.735093],[-95.476528,29.734319],[-95.47649,29.733137],[-95.476444,29.731594]]},"properties":{"Full_Name":"CHIMNEY ROCK RD","ped_crash_count":2,"ped_death_count":1,"total_crash_count":2,"MilesLength":0.5}},{"type":"Feature","geometry":{"type":"LineString","coordinates":[[-95.566441,29.831904],[-95.567134,29.831897],[-95.569993,29.831867],[-95.572408,29.831819],[-95.574352,29.831779],[-95.574374,29.831779],[-95.574766,29.831789]]},"properties":{"Full_Name":"CLAY RD","ped_crash_count":1,"ped_death_count":1,"total_crash_count":5,"MilesLength":0.49999996}},{"type":"Feature","geometry":{"type":"LineString","coordinates":[[-95.541466,29.832299],[-95.542166,29.832289],[-95.542766,29.832278],[-95.543493,29.832261],[-95.545328,29.832243],[-95.546164,29.832235],[-95.546358,29.832237],[-95.546781,29.832233],[-95.549791,29.832176]]},"properties":{"Full_Name":"CLAY RD","ped_crash_count":1,"ped_death_count":1,"total_crash_count":5,"MilesLength":0.49999995}},{"type":"Feature","geometry":{"type":"LineString","coordinates":[[-95.370199,29.755726],[-95.369886,29.755536],[-95.369031,29.755039],[-95.369023,29.755033],[-95.368171,29.754506],[-95.367301,29.753969],[-95.366413,29.753448],[-95.365552,29.752928],[-95.364696,29.752403],[-95.363831,29.751883],[-95.363352,29.751602]]},"properties":{"Full_Name":"CLAY ST","ped_crash_count":1,"ped_death_count":0,"total_crash_count":2,"MilesLength":0.5}},{"type":"Feature","geometry":{"type":"LineString","coordinates":[[-95.540745,29.677523],[-95.541001,29.677748],[-95.541398,29.678077],[-95.541656,29.678252],[-95.541997,29.678422],[-95.542319,29.678519],[-95.543142,29.678657],[-95.544507,29.67889],[-95.547338,29.679357],[-95.547412,29.67937],[-95.54813,29.679627],[-95.548477,29.679766]]},"properties":{"Full_Name":"CLUB CREEK DR","ped_crash_count":1,"ped_death_count":0,"total_crash_count":3,"MilesLength":0.49999998}},{"type":"Feature","geometry":{"type":"LineString","coordinates":[[-95.551405,29.686073],[-95.551509,29.686449],[-95.551618,29.686677],[-95.551949,29.687201],[-95.552319,29.687585],[-95.552538,29.687754],[-95.5527,29.687874],[-95.552879,29.687988],[-95.553025,29.688093],[-95.553343,29.688403],[-95.553415,29.688488],[-95.553695,29.688922],[-95.553844,29.689407],[-95.553895,29.689553],[-95.553947,29.68994]]},"properties":{"Full_Name":"CLUB CREEK DR","ped_crash_count":2,"ped_death_count":0,"total_crash_count":3,"MilesLength":0.31666447}},{"type":"Feature","geometry":{"type":"LineString","coordinates":[[-95.548477,29.679766],[-95.548545,29.679794],[-95.549113,29.680077],[-95.549467,29.680304],[-95.54977,29.680562],[-95.550131,29.680945],[-95.550485,29.681485],[-95.550681,29.681896],[-95.551026,29.682657],[-95.551119,29.682852],[-95.551282,29.683205],[-95.551415,29.683567],[-95.551489,29.683958],[-95.551523,29.684315],[-95.551513,29.684499],[-95.551451,29.685456],[-95.551402,29.686062],[-95.551405,29.686073]]},"properties":{"Full_Name":"CLUB CREEK DR","ped_crash_count":4,"ped_death_count":0,"total_crash_count":5,"MilesLength":0.50000001}},{"type":"Feature","geometry":{"type":"LineString","coordinates":[[-95.409487,29.765337],[-95.409628,29.765395],[-95.409954,29.765937],[-95.410067,29.766059],[-95.410486,29.766799],[-95.410559,29.767515],[-95.410584,29.768255],[-95.410586,29.768983],[-95.410586,29.769709],[-95.410576,29.770417],[-95.41059,29.770467],[-95.410596,29.771182],[-95.410619,29.771928],[-95.410628,29.772323]]},"properties":{"Full_Name":"DURHAM DR","ped_crash_count":2,"ped_death_count":1,"total_crash_count":10,"MilesLength":0.50000001}},{"type":"Feature","geometry":{"type":"LineString","coordinates":[[-95.394655,29.813082],[-95.394158,29.813088],[-95.393541,29.81309],[-95.391997,29.813107],[-95.391341,29.813114],[-95.38928,29.813149],[-95.387625,29.813179],[-95.387223,29.813182],[-95.386953,29.813185]]},"properties":{"Full_Name":"E 29TH ST","ped_crash_count":1,"ped_death_count":0,"total_crash_count":2,"MilesLength":0.46261668}},{"type":"Feature","geometry":{"type":"LineString","coordinates":[[-95.390978,29.815251],[-95.389332,29.815265],[-95.38755,29.81529],[-95.387531,29.81529],[-95.385883,29.815303],[-95.385007,29.815321],[-95.384704,29.81532],[-95.384538,29.815318],[-95.384376,29.815307],[-95.384194,29.815287],[-95.382841,29.815298],[-95.382754,29.815201]]},"properties":{"Full_Name":"E 32ND ST","ped_crash_count":2,"ped_death_count":0,"total_crash_count":2,"MilesLength":0.49736004}},{"type":"Feature","geometry":{"type":"LineString","coordinates":[[-95.221288,29.647893],[-95.220566,29.648308],[-95.219971,29.64864],[-95.219328,29.649024],[-95.218728,29.649255],[-95.217408,29.6497],[-95.216985,29.649839],[-95.216235,29.650086],[-95.21566,29.650254],[-95.21541,29.650327],[-95.214767,29.650516],[-95.213737,29.650827]]},"properties":{"Full_Name":"E EDGEBROOK DR","ped_crash_count":1,"ped_death_count":1,"total_crash_count":5,"MilesLength":0.5}},{"type":"Feature","geometry":{"type":"LineString","coordinates":[[-95.222451,29.775742],[-95.221972,29.775748],[-95.22118,29.775762],[-95.220716,29.775769],[-95.220467,29.775774],[-95.219935,29.775783],[-95.218726,29.775827],[-95.21828,29.775843]]},"properties":{"Full_Name":"FLEMING DR","ped_crash_count":3,"ped_death_count":0,"total_crash_count":6,"MilesLength":0.25070299}},{"type":"Feature","geometry":{"type":"LineString","coordinates":[[-95.295259,30.004931],[-95.295196,30.004932],[-95.293914,30.004984],[-95.291103,30.00497],[-95.287625,30.004988]]},"properties":{"Full_Name":"FM 1960 BYPASS W","ped_crash_count":1,"ped_death_count":0,"total_crash_count":5,"MilesLength":0.45771737}},{"type":"Feature","geometry":{"type":"LineString","coordinates":[[-95.132303,30.012708],[-95.124504,30.015284]]},"properties":{"Full_Name":"FM 1960 E","ped_crash_count":1,"ped_death_count":1,"total_crash_count":2,"MilesLength":0.49999999}},{"type":"Feature","geometry":{"type":"LineString","coordinates":[[-95.1085,30.019185],[-95.105529,30.019657],[-95.100317,30.020458],[-95.100288,30.020462]]},"properties":{"Full_Name":"FM 1960 E","ped_crash_count":1,"ped_death_count":1,"total_crash_count":6,"MilesLength":0.49999996}},{"type":"Feature","geometry":{"type":"LineString","coordinates":[[-95.48419,29.729781],[-95.484165,29.728799],[-95.48419,29.728336],[-95.484189,29.727501],[-95.484179,29.726207],[-95.48418,29.726025],[-95.48418,29.725984],[-95.484181,29.725816],[-95.484182,29.725676],[-95.484183,29.725498],[-95.484184,29.725359],[-95.484191,29.724927],[-95.484285,29.724293]]},"properties":{"Full_Name":"FOUNTAIN VIEW DR","ped_crash_count":4,"ped_death_count":0,"total_crash_count":8,"MilesLength":0.37839949}},{"type":"Feature","geometry":{"type":"LineString","coordinates":[[-95.485447,29.744136],[-95.485423,29.742903],[-95.48544,29.742195],[-95.485322,29.741536],[-95.485076,29.741038],[-95.484986,29.740856],[-95.484661,29.740194],[-95.484589,29.740047],[-95.484566,29.739921],[-95.484525,29.739275],[-95.484477,29.738958],[-95.484315,29.738425],[-95.484295,29.737833],[-95.484286,29.737462],[-95.484278,29.737121],[-95.484277,29.73704]]},"properties":{"Full_Name":"FOUNTAIN VIEW DR","ped_crash_count":3,"ped_death_count":2,"total_crash_count":4,"MilesLength":0.49999997}},{"type":"Feature","geometry":{"type":"LineString","coordinates":[[-95.387528,29.807347],[-95.387094,29.80751],[-95.386732,29.807638],[-95.385344,29.808186],[-95.38521,29.808239],[-95.384907,29.808364],[-95.383109,29.809083],[-95.382197,29.809455],[-95.382015,29.809504]]},"properties":{"Full_Name":"GIBBS ST","ped_crash_count":1,"ped_death_count":0,"total_crash_count":2,"MilesLength":0.36303961}},{"type":"Feature","geometry":{"type":"LineString","coordinates":[[-95.301178,29.883512],[-95.300687,29.883519],[-95.298717,29.883537],[-95.296789,29.883568],[-95.295778,29.883575],[-95.295665,29.883576],[-95.29528,29.883547],[-95.294909,29.883446],[-95.294392,29.883281],[-95.293768,29.883078],[-95.293448,29.883006],[-95.293059,29.88297]]},"properties":{"Full_Name":"GUADALUPE ST","ped_crash_count":1,"ped_death_count":0,"total_crash_count":2,"MilesLength":0.49374403}},{"type":"Feature","geometry":{"type":"LineString","coordinates":[[-95.576293,29.742944],[-95.576278,29.742302],[-95.576267,29.74145],[-95.576263,29.741302],[-95.576235,29.740647],[-95.576232,29.740502],[-95.57622,29.739989],[-95.576218,29.73981],[-95.576216,29.739684],[-95.576203,29.739261],[-95.576178,29.738863],[-95.576177,29.738536],[-95.576185,29.73839],[-95.576175,29.737704],[-95.576168,29.737309],[-95.576174,29.736696],[-95.576177,29.735846],[-95.576159,29.735687]]},"properties":{"Full_Name":"HAYES RD","ped_crash_count":2,"ped_death_count":0,"total_crash_count":8,"MilesLength":0.5}},{"type":"Feature","geometry":{"type":"LineString","coordinates":[[-95.48218,29.817561],[-95.483273,29.818341],[-95.485266,29.81978],[-95.487174,29.821114],[-95.48861,29.822172]]},"properties":{"Full_Name":"HEMPSTEAD RD","ped_crash_count":1,"ped_death_count":1,"total_crash_count":3,"MilesLength":0.49999999}},{"type":"Feature","geometry":{"type":"LineString","coordinates":[[-95.288352,30.00147],[-95.286901,30.001488],[-95.286239,30.001495],[-95.28548,30.001506],[-95.284358,30.001512],[-95.283902,30.001518],[-95.282399,30.001504],[-95.281325,30.001546],[-95.280013,30.001551]]},"properties":{"Full_Name":"HUMBLE WESTFIELD RD","ped_crash_count":1,"ped_death_count":0,"total_crash_count":2,"MilesLength":0.49999995}},{"type":"Feature","geometry":{"type":"LineString","coordinates":[[-95.339335,29.784636],[-95.338357,29.784665],[-95.33752,29.784675],[-95.337395,29.784677],[-95.337324,29.78468],[-95.336711,29.784691],[-95.335854,29.784715],[-95.335657,29.784849],[-95.335054,29.784856],[-95.334261,29.784865],[-95.333474,29.784878],[-95.332848,29.784888],[-95.332669,29.784899],[-95.332614,29.784899]]},"properties":{"Full_Name":"LIBERTY RD","ped_crash_count":2,"ped_death_count":2,"total_crash_count":6,"MilesLength":0.40708255}},{"type":"Feature","geometry":{"type":"LineString","coordinates":[[-95.309178,29.790776],[-95.307977,29.79129],[-95.307895,29.791334],[-95.306499,29.791922],[-95.305722,29.792258],[-95.301817,29.793918],[-95.301703,29.793967]]},"properties":{"Full_Name":"LIBERTY RD","ped_crash_count":1,"ped_death_count":0,"total_crash_count":2,"MilesLength":0.49999997}},{"type":"Feature","geometry":{"type":"LineString","coordinates":[[-95.332614,29.784899],[-95.331842,29.78491],[-95.331037,29.784922],[-95.33057,29.784927],[-95.33022,29.78508],[-95.329388,29.78544],[-95.327317,29.786326],[-95.326585,29.786659],[-95.326524,29.786685],[-95.326362,29.786753],[-95.325669,29.787061],[-95.324953,29.787375]]},"properties":{"Full_Name":"LIBERTY RD","ped_crash_count":1,"ped_death_count":1,"total_crash_count":3,"MilesLength":0.50000003}},{"type":"Feature","geometry":{"type":"LineString","coordinates":[[-95.543365,29.794276],[-95.544675,29.794287],[-95.546354,29.79429],[-95.548234,29.794295],[-95.549192,29.794306]]},"properties":{"Full_Name":"LONG POINT RD","ped_crash_count":2,"ped_death_count":0,"total_crash_count":3,"MilesLength":0.35002971}},{"type":"Feature","geometry":{"type":"LineString","coordinates":[[-95.519315,29.799119],[-95.52012,29.798978],[-95.520709,29.798869],[-95.52093,29.798825],[-95.521259,29.798759],[-95.521422,29.79873],[-95.521601,29.798691],[-95.52197,29.798618],[-95.522229,29.798555],[-95.523928,29.798005],[-95.524534,29.797799],[-95.525369,29.797491],[-95.525979,29.797269],[-95.526412,29.79713],[-95.526629,29.797063],[-95.527218,29.796903]]},"properties":{"Full_Name":"LONG POINT RD","ped_crash_count":2,"ped_death_count":0,"total_crash_count":5,"MilesLength":0.49999998}},{"type":"Feature","geometry":{"type":"LineString","coordinates":[[-95.479028,29.802841],[-95.480778,29.80283],[-95.481998,29.802832],[-95.482901,29.802826],[-95.484839,29.802844],[-95.486529,29.802862],[-95.487315,29.802853],[-95.487352,29.802854]]},"properties":{"Full_Name":"LONG POINT RD","ped_crash_count":5,"ped_death_count":3,"total_crash_count":8,"MilesLength":0.49999998}},{"type":"Feature","geometry":{"type":"LineString","coordinates":[[-95.470704,29.80288],[-95.471977,29.802886],[-95.475468,29.80285],[-95.476514,29.802866],[-95.477477,29.802849],[-95.478407,29.802851],[-95.478887,29.802842],[-95.479028,29.802841]]},"properties":{"Full_Name":"LONG POINT RD","ped_crash_count":3,"ped_death_count":2,"total_crash_count":4,"MilesLength":0.50000006}},{"type":"Feature","geometry":{"type":"LineString","coordinates":[[-95.356151,29.787172],[-95.354961,29.787196],[-95.353977,29.787213],[-95.353004,29.787238],[-95.352036,29.787249],[-95.351051,29.787276]]},"properties":{"Full_Name":"MCNEIL ST","ped_crash_count":1,"ped_death_count":0,"total_crash_count":2,"MilesLength":0.30647003}},{"type":"Feature","geometry":{"type":"LineString","coordinates":[[-95.250942,29.634531],[-95.250938,29.634531],[-95.249539,29.634556],[-95.248876,29.63457],[-95.247731,29.634588],[-95.247642,29.634551],[-95.246256,29.634603]]},"properties":{"Full_Name":"MELDRUM LN","ped_crash_count":1,"ped_death_count":1,"total_crash_count":2,"MilesLength":0.28261291}},{"type":"Feature","geometry":{"type":"LineString","coordinates":[[-95.562245,29.656424],[-95.562301,29.6563],[-95.562394,29.656095],[-95.562894,29.65481],[-95.563228,29.653936],[-95.563525,29.653246],[-95.564758,29.650163],[-95.564986,29.64957]]},"properties":{"Full_Name":"ROARK RD","ped_crash_count":2,"ped_death_count":0,"total_crash_count":4,"MilesLength":0.49999999}},{"type":"Feature","geometry":{"type":"LineString","coordinates":[[-95.466911,29.740239],[-95.466886,29.740118],[-95.466847,29.739774],[-95.466814,29.738664],[-95.466787,29.738035],[-95.466778,29.737221],[-95.466776,29.737063],[-95.466772,29.736882],[-95.466759,29.736419],[-95.466746,29.73542],[-95.466694,29.733041],[-95.466693,29.732984]]},"properties":{"Full_Name":"SAGE RD","ped_crash_count":1,"ped_death_count":0,"total_crash_count":3,"MilesLength":0.50000003}},{"type":"Feature","geometry":{"type":"LineString","coordinates":[[-95.368556,29.653055],[-95.368558,29.652206],[-95.36855,29.651644],[-95.368553,29.651341],[-95.368543,29.650974],[-95.368517,29.649937],[-95.368492,29.649188],[-95.368469,29.648414],[-95.368439,29.64763],[-95.368445,29.647205],[-95.368444,29.646872],[-95.368441,29.646467],[-95.368433,29.646094],[-95.368417,29.645796]]},"properties":{"Full_Name":"SCOTT ST","ped_crash_count":1,"ped_death_count":0,"total_crash_count":3,"MilesLength":0.50000002}},{"type":"Feature","geometry":{"type":"LineString","coordinates":[[-95.366976,29.674581],[-95.366975,29.674471],[-95.366923,29.673235],[-95.366975,29.672665],[-95.367069,29.672199],[-95.367163,29.671979],[-95.3674,29.671345],[-95.367644,29.670697],[-95.367894,29.670054],[-95.368113,29.669436],[-95.368234,29.66913],[-95.368251,29.668679],[-95.368239,29.668293],[-95.368218,29.667957],[-95.368219,29.667496]]},"properties":{"Full_Name":"SCOTT ST","ped_crash_count":1,"ped_death_count":0,"total_crash_count":2,"MilesLength":0.49999998}},{"type":"Feature","geometry":{"type":"LineString","coordinates":[[-95.360912,29.695455],[-95.361014,29.695196],[-95.361302,29.69449],[-95.361474,29.694053],[-95.36165,29.693602],[-95.362236,29.692157],[-95.36282,29.690711],[-95.363123,29.689971],[-95.363339,29.689426],[-95.363596,29.688813],[-95.363682,29.68861]]},"properties":{"Full_Name":"SCOTT ST","ped_crash_count":3,"ped_death_count":0,"total_crash_count":8,"MilesLength":0.50000003}},{"type":"Feature","geometry":{"type":"LineString","coordinates":[[-95.359397,29.702436],[-95.359449,29.702301],[-95.359498,29.702145],[-95.359539,29.701924],[-95.359551,29.701749],[-95.359553,29.701578],[-95.359549,29.70139],[-95.359491,29.701103],[-95.359373,29.700691],[-95.359314,29.700491],[-95.359276,29.700295],[-95.359259,29.699936],[-95.359282,29.69971],[-95.359323,29.69951],[-95.359434,29.699146],[-95.359571,29.698786],[-95.359866,29.698069],[-95.359869,29.698063],[-95.360153,29.697347],[-95.360443,29.696632],[-95.36073,29.695921],[-95.360912,29.695455]]},"properties":{"Full_Name":"SCOTT ST","ped_crash_count":1,"ped_death_count":0,"total_crash_count":3,"MilesLength":0.49999998}},{"type":"Feature","geometry":{"type":"LineString","coordinates":[[-95.35671,29.709306],[-95.356801,29.709072],[-95.357075,29.708375],[-95.357478,29.707361],[-95.357644,29.706956],[-95.35781,29.706518],[-95.358141,29.70565],[-95.35848,29.704768],[-95.359147,29.703091],[-95.359397,29.702436]]},"properties":{"Full_Name":"SCOTT ST","ped_crash_count":1,"ped_death_count":1,"total_crash_count":2,"MilesLength":0.5}},{"type":"Feature","geometry":{"type":"LineString","coordinates":[[-95.353973,29.716161],[-95.354031,29.716005],[-95.354301,29.715328],[-95.354446,29.715024],[-95.354606,29.714582],[-95.354912,29.713832],[-95.355195,29.713064],[-95.355511,29.71233],[-95.355881,29.711405],[-95.356139,29.710761],[-95.35635,29.710233],[-95.356515,29.709803],[-95.356562,29.709685],[-95.35671,29.709306]]},"properties":{"Full_Name":"SCOTT ST","ped_crash_count":1,"ped_death_count":0,"total_crash_count":6,"MilesLength":0.50000003}},{"type":"Feature","geometry":{"type":"LineString","coordinates":[[-95.351229,29.723014],[-95.351419,29.722536],[-95.351665,29.72192],[-95.351802,29.721565],[-95.351827,29.721506],[-95.351937,29.721245],[-95.352134,29.720765],[-95.352244,29.720455],[-95.352566,29.719649],[-95.352909,29.718834],[-95.353122,29.718293],[-95.353356,29.717727],[-95.353498,29.717345],[-95.353695,29.716852],[-95.353852,29.716483],[-95.353973,29.716161]]},"properties":{"Full_Name":"SCOTT ST","ped_crash_count":1,"ped_death_count":0,"total_crash_count":4,"MilesLength":0.49999998}},{"type":"Feature","geometry":{"type":"LineString","coordinates":[[-95.346814,29.736837],[-95.347157,29.735963],[-95.347165,29.735944],[-95.347226,29.735819],[-95.347299,29.73567],[-95.347332,29.735603],[-95.347402,29.735458],[-95.347493,29.735272],[-95.347607,29.735039],[-95.347646,29.734905],[-95.347862,29.734338],[-95.348086,29.733709],[-95.348262,29.73324],[-95.3483,29.733159],[-95.348328,29.733092],[-95.348484,29.732718],[-95.348571,29.732499],[-95.348828,29.731883],[-95.34907,29.731252],[-95.349245,29.730793],[-95.349308,29.730631],[-95.349567,29.730006],[-95.349573,29.729992]]},"properties":{"Full_Name":"SCOTT ST","ped_crash_count":1,"ped_death_count":0,"total_crash_count":3,"MilesLength":0.49999998}},{"type":"Feature","geometry":{"type":"LineString","coordinates":[[-95.389208,29.85677],[-95.388014,29.856782],[-95.386079,29.856794],[-95.384755,29.856809],[-95.38463,29.856758]]},"properties":{"Full_Name":"SUNNYSIDE ST","ped_crash_count":2,"ped_death_count":1,"total_crash_count":2,"MilesLength":0.27563236}},{"type":"Feature","geometry":{"type":"LineString","coordinates":[[-95.393662,29.720643],[-95.394516,29.721153],[-95.39521,29.721568],[-95.395555,29.721774],[-95.39607,29.722088],[-95.397121,29.722699],[-95.397342,29.722707],[-95.397852,29.722724],[-95.398208,29.722704],[-95.39854,29.722592],[-95.398814,29.722491],[-95.398824,29.722695],[-95.399067,29.7227],[-95.399229,29.722739],[-95.399349,29.722831],[-95.399448,29.72295],[-95.399504,29.723061],[-95.399542,29.723199],[-95.40066,29.723196]]},"properties":{"Full_Name":"SUNSET BLVD","ped_crash_count":2,"ped_death_count":0,"total_crash_count":3,"MilesLength":0.49999998}},{"type":"Feature","geometry":{"type":"LineString","coordinates":[[-95.28544,29.625049],[-95.285441,29.62503],[-95.285414,29.62392],[-95.28537,29.622187],[-95.285353,29.621446],[-95.285377,29.621233],[-95.285353,29.620966],[-95.285348,29.62079],[-95.285318,29.619667],[-95.285301,29.618649],[-95.285293,29.618489],[-95.285273,29.617836],[-95.285271,29.617792]]},"properties":{"Full_Name":"TELEPHONE RD","ped_crash_count":3,"ped_death_count":3,"total_crash_count":7,"MilesLength":0.49999997}},{"type":"Feature","geometry":{"type":"LineString","coordinates":[[-95.288817,29.653437],[-95.288787,29.651559],[-95.288744,29.650151],[-95.288747,29.649596],[-95.288733,29.648784],[-95.288693,29.648135],[-95.288665,29.646178]]},"properties":{"Full_Name":"TELEPHONE RD","ped_crash_count":2,"ped_death_count":2,"total_crash_count":2,"MilesLength":0.49999998}},{"type":"Feature","geometry":{"type":"LineString","coordinates":[[-95.29984,29.694616],[-95.299766,29.69445],[-95.299373,29.693525],[-95.299007,29.69272],[-95.298876,29.692316],[-95.298805,29.691371],[-95.298778,29.690491],[-95.298778,29.689616],[-95.298722,29.68929],[-95.298694,29.689188],[-95.298669,29.689054],[-95.298603,29.688843],[-95.298433,29.688461],[-95.298065,29.687854],[-95.297927,29.687668]]},"properties":{"Full_Name":"TELEPHONE RD","ped_crash_count":2,"ped_death_count":1,"total_crash_count":5,"MilesLength":0.50000002}},{"type":"Feature","geometry":{"type":"LineString","coordinates":[[-95.288937,29.660696],[-95.288934,29.660621],[-95.288923,29.659702],[-95.288929,29.659403],[-95.288899,29.658382],[-95.288888,29.657497],[-95.288857,29.65582],[-95.288817,29.653479],[-95.288817,29.653437]]},"properties":{"Full_Name":"TELEPHONE RD","ped_crash_count":2,"ped_death_count":1,"total_crash_count":3,"MilesLength":0.49999999}},{"type":"Feature","geometry":{"type":"LineString","coordinates":[[-95.289473,29.675175],[-95.28946,29.675156],[-95.289334,29.674837],[-95.289224,29.674538],[-95.289204,29.673901],[-95.289195,29.673196],[-95.289199,29.672447],[-95.289161,29.671932],[-95.289146,29.671724],[-95.289142,29.671574],[-95.289148,29.671474],[-95.289164,29.671238],[-95.289146,29.670311],[-95.289107,29.669364],[-95.289096,29.66817],[-95.289093,29.667954]]},"properties":{"Full_Name":"TELEPHONE RD","ped_crash_count":2,"ped_death_count":1,"total_crash_count":5,"MilesLength":0.49999996}},{"type":"Feature","geometry":{"type":"LineString","coordinates":[[-95.309016,29.706361],[-95.308836,29.706243],[-95.308522,29.706088],[-95.308401,29.706015],[-95.308158,29.705833],[-95.307575,29.705408],[-95.306843,29.704841],[-95.306344,29.704466],[-95.305226,29.703588],[-95.304362,29.702752],[-95.303526,29.701537],[-95.303301,29.701197]]},"properties":{"Full_Name":"TELEPHONE RD","ped_crash_count":4,"ped_death_count":3,"total_crash_count":7,"MilesLength":0.49999999}},{"type":"Feature","geometry":{"type":"LineString","coordinates":[[-95.350859,29.824872],[-95.348813,29.824877],[-95.347206,29.824859],[-95.346225,29.824865],[-95.345899,29.824872],[-95.345875,29.824872],[-95.345247,29.824875],[-95.345105,29.824873],[-95.34496,29.824874],[-95.343929,29.824887],[-95.343754,29.824894],[-95.343556,29.824901],[-95.343207,29.824903],[-95.342987,29.824907],[-95.342591,29.824913]]},"properties":{"Full_Name":"VANCE ST","ped_crash_count":2,"ped_death_count":0,"total_crash_count":2,"MilesLength":0.49658922}},{"type":"Feature","geometry":{"type":"LineString","coordinates":[[-95.326436,29.770576],[-95.326438,29.770836],[-95.326428,29.771416],[-95.326427,29.771667],[-95.326421,29.772131],[-95.326418,29.772331],[-95.326419,29.77273],[-95.326419,29.772845],[-95.326419,29.772913],[-95.326421,29.773274],[-95.326432,29.773478],[-95.326457,29.774165],[-95.326449,29.774405],[-95.326422,29.776162],[-95.326483,29.776867],[-95.32659,29.777593],[-95.326599,29.777826]]},"properties":{"Full_Name":"WACO ST","ped_crash_count":2,"ped_death_count":0,"total_crash_count":5,"MilesLength":0.49999998}},{"type":"Feature","geometry":{"type":"LineString","coordinates":[[-95.306307,29.736929],[-95.305913,29.737831],[-95.305753,29.738238],[-95.305589,29.738614],[-95.305453,29.738951],[-95.305157,29.739668],[-95.304885,29.740344],[-95.30457,29.741036],[-95.304298,29.741725],[-95.304016,29.742391],[-95.303745,29.743042],[-95.303477,29.743713],[-95.303458,29.743749]]},"properties":{"Full_Name":"WAYSIDE DR","ped_crash_count":2,"ped_death_count":1,"total_crash_count":5,"MilesLength":0.5}},{"type":"Feature","geometry":{"type":"LineString","coordinates":[[-95.303458,29.743749],[-95.303413,29.743841],[-95.303203,29.744367],[-95.302904,29.745112],[-95.302611,29.745812],[-95.302344,29.746477],[-95.30208,29.747133],[-95.301789,29.747776],[-95.301505,29.748438],[-95.301237,29.749107],[-95.300966,29.749769],[-95.30069,29.750434],[-95.300629,29.750576]]},"properties":{"Full_Name":"WAYSIDE DR","ped_crash_count":2,"ped_death_count":2,"total_crash_count":3,"MilesLength":0.49999997}},{"type":"Feature","geometry":{"type":"LineString","coordinates":[[-95.394867,29.839536],[-95.394732,29.839709],[-95.394658,29.839834],[-95.394591,29.839985],[-95.394531,29.840128],[-95.394495,29.840436],[-95.394492,29.840552],[-95.394497,29.840697],[-95.394495,29.840794],[-95.394448,29.840967],[-95.394335,29.84151],[-95.394313,29.841885],[-95.394298,29.842427],[-95.394307,29.843481],[-95.394314,29.844507],[-95.394319,29.84541],[-95.394298,29.845512],[-95.394348,29.845806],[-95.394418,29.845929],[-95.394532,29.846044],[-95.394659,29.846115],[-95.394768,29.84617],[-95.394785,29.846178],[-95.394872,29.846234],[-95.394943,29.846298],[-95.395008,29.84638],[-95.395043,29.846439]]},"properties":{"Full_Name":"WERNER ST","ped_crash_count":1,"ped_death_count":1,"total_crash_count":3,"MilesLength":0.50000002}},{"type":"Feature","geometry":{"type":"LineString","coordinates":[[-95.536913,29.791283],[-95.537505,29.791271],[-95.537911,29.791266],[-95.53813,29.791266],[-95.538324,29.791258],[-95.538542,29.79124],[-95.538748,29.791215],[-95.538926,29.791181],[-95.539093,29.79114],[-95.539571,29.790996],[-95.539926,29.790903],[-95.540093,29.790869],[-95.540391,29.790845],[-95.540767,29.79083],[-95.543513,29.790849],[-95.544607,29.790853],[-95.545173,29.790861]]},"properties":{"Full_Name":"WESTVIEW DR","ped_crash_count":1,"ped_death_count":1,"total_crash_count":3,"MilesLength":0.49999998}},{"type":"Feature","geometry":{"type":"LineString","coordinates":[[-95.382983,29.734133],[-95.382128,29.733605],[-95.381281,29.733104],[-95.380665,29.732728],[-95.380555,29.732663],[-95.380478,29.732611],[-95.380396,29.732554],[-95.380236,29.732468],[-95.38013,29.73241],[-95.380017,29.732349],[-95.379527,29.732059],[-95.379197,29.731861]]},"properties":{"Full_Name":"WHEELER ST","ped_crash_count":2,"ped_death_count":0,"total_crash_count":4,"MilesLength":0.27621116}},{"type":"Feature","geometry":{"type":"LineString","coordinates":[[-95.263492,29.673299],[-95.263442,29.673248],[-95.263142,29.672945],[-95.262566,29.67236],[-95.262,29.671779],[-95.261952,29.671702],[-95.261411,29.671185],[-95.260433,29.670131],[-95.259745,29.670219],[-95.259311,29.67022],[-95.258023,29.67023],[-95.256876,29.670249]]},"properties":{"Full_Name":"WINKLER DR","ped_crash_count":1,"ped_death_count":0,"total_crash_count":2,"MilesLength":0.49999999}},{"type":"Feature","geometry":{"type":"LineString","coordinates":[[-95.294761,29.702974],[-95.294844,29.702878],[-95.295275,29.702347],[-95.29546,29.702131],[-95.295528,29.702053],[-95.2956,29.70197],[-95.29574,29.701807],[-95.296309,29.701161],[-95.296456,29.700864],[-95.29668,29.700238],[-95.296778,29.699822],[-95.296821,29.699335],[-95.296838,29.698959],[-95.296994,29.698425],[-95.297187,29.697908],[-95.297265,29.697667],[-95.297539,29.697023],[-95.29777,29.69636],[-95.297772,29.696356]]},"properties":{"Full_Name":"WOODRIDGE DR","ped_crash_count":2,"ped_death_count":0,"total_crash_count":2,"MilesLength":0.49999999}},{"type":"Feature","geometry":{"type":"LineString","coordinates":[[-95.381976,29.806999],[-95.381988,29.807569],[-95.382005,29.808399],[-95.382011,29.80879],[-95.382015,29.809504],[-95.382018,29.809776],[-95.382024,29.810553],[-95.382036,29.811004],[-95.382046,29.811246],[-95.382075,29.811474],[-95.382133,29.811919],[-95.382281,29.812592],[-95.382418,29.813268],[-95.382526,29.813703],[-95.382563,29.813951],[-95.382594,29.814161],[-95.382602,29.814217]]},"properties":{"Full_Name":"AIRLINE DR","ped_crash_count":3,"ped_death_count":1,"total_crash_count":5,"MilesLength":0.50000004}},{"type":"Feature","geometry":{"type":"LineString","coordinates":[[-95.38186,29.79974],[-95.381861,29.799844],[-95.381867,29.80053],[-95.381881,29.80123],[-95.381888,29.801585],[-95.381897,29.802081],[-95.381904,29.802342],[-95.381906,29.802433],[-95.38191,29.802663],[-95.381913,29.8031],[-95.381931,29.803711],[-95.381924,29.803854],[-95.381939,29.804658],[-95.381947,29.805139],[-95.381953,29.805364],[-95.381965,29.806085],[-95.381972,29.806784],[-95.381976,29.806999]]},"properties":{"Full_Name":"AIRLINE DR","ped_crash_count":1,"ped_death_count":0,"total_crash_count":2,"MilesLength":0.5}},{"type":"Feature","geometry":{"type":"LineString","coordinates":[[-95.384651,29.857692],[-95.384651,29.857727],[-95.384647,29.858609],[-95.384669,29.859445],[-95.384672,29.859967],[-95.384684,29.860689],[-95.384699,29.861725],[-95.384716,29.862908],[-95.384736,29.863626],[-95.384742,29.864367],[-95.384747,29.864462],[-95.38476,29.864951]]},"properties":{"Full_Name":"AIRLINE DR","ped_crash_count":3,"ped_death_count":1,"total_crash_count":4,"MilesLength":0.50000003}},{"type":"Feature","geometry":{"type":"LineString","coordinates":[[-95.384526,29.850433],[-95.384529,29.851258],[-95.384542,29.851829],[-95.384553,29.852088],[-95.38456,29.852531],[-95.38456,29.852552],[-95.384582,29.853269],[-95.384584,29.853821],[-95.384578,29.854298],[-95.384593,29.854936],[-95.384603,29.855611],[-95.384614,29.856103],[-95.38463,29.856758],[-95.384651,29.857692]]},"properties":{"Full_Name":"AIRLINE DR","ped_crash_count":4,"ped_death_count":2,"total_crash_count":5,"MilesLength":0.49999999}},{"type":"Feature","geometry":{"type":"LineString","coordinates":[[-95.384366,29.835918],[-95.384366,29.836114],[-95.384349,29.837247],[-95.38435,29.838599],[-95.384365,29.839942],[-95.384376,29.840696],[-95.384375,29.840719],[-95.384375,29.840731],[-95.384374,29.840865],[-95.384387,29.841611],[-95.38439,29.841871],[-95.384398,29.8426],[-95.384402,29.842679],[-95.384406,29.84279],[-95.384405,29.843058],[-95.38441,29.843178]]},"properties":{"Full_Name":"AIRLINE DR","ped_crash_count":2,"ped_death_count":0,"total_crash_count":3,"MilesLength":0.49999995}},{"type":"Feature","geometry":{"type":"LineString","coordinates":[[-95.384268,29.828663],[-95.384275,29.828863],[-95.384318,29.829234],[-95.384355,29.829748],[-95.38436,29.830854],[-95.384388,29.83166],[-95.384398,29.832053],[-95.384406,29.83224],[-95.3844,29.832702],[-95.384399,29.833053],[-95.384398,29.833303],[-95.384397,29.833508],[-95.384396,29.833842],[-95.38436,29.834605],[-95.384366,29.835918]]},"properties":{"Full_Name":"AIRLINE DR","ped_crash_count":2,"ped_death_count":0,"total_crash_count":8,"MilesLength":0.50000002}},{"type":"Feature","geometry":{"type":"LineString","coordinates":[[-95.383453,29.821438],[-95.383545,29.822202],[-95.38366,29.82325],[-95.383754,29.824054],[-95.383865,29.825018],[-95.383936,29.825711],[-95.384014,29.826394],[-95.384089,29.827082],[-95.384196,29.827925],[-95.384266,29.82863],[-95.384268,29.828663]]},"properties":{"Full_Name":"AIRLINE DR","ped_crash_count":1,"ped_death_count":0,"total_crash_count":5,"MilesLength":0.49999999}},{"type":"Feature","geometry":{"type":"LineString","coordinates":[[-95.382602,29.814217],[-95.382622,29.814354],[-95.382645,29.814485],[-95.382688,29.814784],[-95.382754,29.815201],[-95.382835,29.815965],[-95.382911,29.816584],[-95.382952,29.816996],[-95.382973,29.817167],[-95.383,29.817417],[-95.383023,29.817616],[-95.383045,29.817854],[-95.383172,29.819005],[-95.383212,29.81937],[-95.38336,29.82066],[-95.383453,29.821438]]},"properties":{"Full_Name":"AIRLINE DR","ped_crash_count":3,"ped_death_count":0,"total_crash_count":3,"MilesLength":0.5}},{"type":"Feature","geometry":{"type":"LineString","coordinates":[[-95.38476,29.864951],[-95.384821,29.867215],[-95.384847,29.868451],[-95.384857,29.869047],[-95.384864,29.870055],[-95.384873,29.870491],[-95.384875,29.8707],[-95.38489,29.870985],[-95.384899,29.871104],[-95.384903,29.871202],[-95.384906,29.871339],[-95.384895,29.871414],[-95.384878,29.871525],[-95.38488,29.871741],[-95.384895,29.871933],[-95.384904,29.872207]]},"properties":{"Full_Name":"AIRLINE DR","ped_crash_count":1,"ped_death_count":0,"total_crash_count":6,"MilesLength":0.5}},{"type":"Feature","geometry":{"type":"LineString","coordinates":[[-95.406478,29.919176],[-95.406492,29.919217],[-95.406804,29.920064],[-95.407037,29.920743],[-95.407234,29.921274],[-95.407371,29.921642],[-95.40756,29.922159],[-95.407969,29.92331],[-95.408147,29.923784],[-95.408272,29.92415],[-95.408563,29.924954],[-95.408733,29.925453],[-95.408966,29.926104]]},"properties":{"Full_Name":"AIRLINE DR","ped_crash_count":1,"ped_death_count":0,"total_crash_count":9,"MilesLength":0.50000001}},{"type":"Feature","geometry":{"type":"LineString","coordinates":[[-95.405101,29.915312],[-95.40514,29.915417],[-95.40554,29.916553],[-95.405965,29.91776],[-95.406163,29.918322],[-95.406383,29.91891],[-95.406478,29.919176]]},"properties":{"Full_Name":"AIRLINE DR","ped_crash_count":1,"ped_death_count":0,"total_crash_count":3,"MilesLength":0.27864062}},{"type":"Feature","geometry":{"type":"LineString","coordinates":[[-95.257184,29.652113],[-95.257003,29.652115],[-95.256153,29.652133],[-95.255364,29.652152],[-95.255011,29.652156],[-95.254422,29.652161],[-95.253764,29.652172],[-95.253443,29.65218],[-95.25293,29.652203],[-95.252555,29.652262],[-95.25222,29.652353],[-95.252115,29.65238],[-95.251813,29.65246],[-95.2516,29.652509],[-95.2514,29.652555],[-95.251383,29.652557],[-95.251194,29.652585],[-95.250956,29.65262]]},"properties":{"Full_Name":"AIRPORT BLVD","ped_crash_count":2,"ped_death_count":0,"total_crash_count":5,"MilesLength":0.37835595}},{"type":"Feature","geometry":{"type":"LineString","coordinates":[[-95.27986,29.65783],[-95.279785,29.657832],[-95.278605,29.657849],[-95.278116,29.657869],[-95.277336,29.657882],[-95.276868,29.6579],[-95.276708,29.657906],[-95.276037,29.657917],[-95.27357,29.657969],[-95.272317,29.657985],[-95.271551,29.658008]]},"properties":{"Full_Name":"AIRPORT BLVD","ped_crash_count":1,"ped_death_count":0,"total_crash_count":4,"MilesLength":0.50000002}},{"type":"Feature","geometry":{"type":"LineString","coordinates":[[-95.372977,29.733743],[-95.372546,29.733477],[-95.37213,29.73322],[-95.371766,29.732996],[-95.371486,29.732823],[-95.371301,29.732709],[-95.371211,29.732653],[-95.371047,29.732552],[-95.370556,29.732249],[-95.369857,29.731837],[-95.369702,29.731731],[-95.36885,29.731224],[-95.367999,29.730709],[-95.367162,29.73021],[-95.366279,29.729671],[-95.36615,29.729595]]},"properties":{"Full_Name":"ALABAMA ST","ped_crash_count":1,"ped_death_count":0,"total_crash_count":5,"MilesLength":0.50000002}},{"type":"Feature","geometry":{"type":"LineString","coordinates":[[-95.41241,29.931818],[-95.411992,29.931802],[-95.41182,29.931795],[-95.411683,29.93179],[-95.411597,29.931787],[-95.411456,29.931782],[-95.411229,29.931773],[-95.410965,29.931759],[-95.409754,29.931695],[-95.407319,29.931727],[-95.406223,29.931747],[-95.404551,29.931746],[-95.404107,29.931749],[-95.40408,29.931749]]},"properties":{"Full_Name":"ALDINE BENDER RD","ped_crash_count":2,"ped_death_count":1,"total_crash_count":4,"MilesLength":0.49999999}},{"type":"Feature","geometry":{"type":"LineString","coordinates":[[-95.387413,29.931898],[-95.386819,29.931892],[-95.385833,29.931939],[-95.384026,29.932081],[-95.383403,29.932146],[-95.382919,29.932217],[-95.381796,29.932416],[-95.38066,29.932612],[-95.380593,29.932624]]},"properties":{"Full_Name":"ALDINE BENDER RD","ped_crash_count":2,"ped_death_count":2,"total_crash_count":5,"MilesLength":0.413126}},{"type":"Feature","geometry":{"type":"LineString","coordinates":[[-95.395746,29.931825],[-95.395547,29.931827],[-95.395469,29.931827],[-95.395398,29.931828],[-95.395367,29.931828],[-95.393135,29.931894],[-95.392361,29.93191],[-95.390996,29.931919],[-95.389586,29.93192],[-95.387413,29.931898]]},"properties":{"Full_Name":"ALDINE BENDER RD","ped_crash_count":1,"ped_death_count":0,"total_crash_count":7,"MilesLength":0.50000006}},{"type":"Feature","geometry":{"type":"LineString","coordinates":[[-95.34286,29.842887],[-95.343306,29.843255],[-95.34349,29.843407],[-95.34451,29.844317],[-95.344517,29.844324],[-95.344908,29.844664],[-95.344913,29.844668],[-95.345165,29.844888],[-95.345195,29.844913],[-95.345407,29.845098],[-95.3457,29.84536],[-95.347039,29.846539],[-95.348117,29.847504],[-95.348123,29.84751],[-95.348644,29.848078],[-95.348654,29.848095]]},"properties":{"Full_Name":"ALDINE WESTFIELD RD","ped_crash_count":1,"ped_death_count":0,"total_crash_count":2,"MilesLength":0.49999998}},{"type":"Feature","geometry":{"type":"LineString","coordinates":[[-95.35109,29.869449],[-95.351183,29.86962],[-95.351308,29.869859],[-95.351308,29.86986],[-95.351811,29.870814],[-95.351905,29.870996],[-95.351906,29.870997],[-95.352566,29.872206],[-95.352832,29.8727],[-95.353221,29.873443],[-95.353221,29.873444],[-95.35399,29.874877],[-95.35399,29.874878],[-95.354264,29.875372],[-95.354409,29.875653],[-95.354569,29.875942],[-95.35457,29.875943],[-95.354614,29.876026]]},"properties":{"Full_Name":"ALDINE WESTFIELD RD","ped_crash_count":1,"ped_death_count":0,"total_crash_count":7,"MilesLength":0.50000003}},{"type":"Feature","geometry":{"type":"LineString","coordinates":[[-95.390269,29.760986],[-95.390973,29.761268],[-95.391663,29.761433],[-95.392438,29.76137],[-95.393325,29.761102],[-95.394067,29.760962],[-95.394725,29.760979],[-95.395377,29.76115],[-95.396054,29.761367],[-95.396824,29.761434],[-95.397494,29.761329],[-95.398239,29.76112],[-95.398292,29.761102]]},"properties":{"Full_Name":"ALLEN PKWY","ped_crash_count":1,"ped_death_count":0,"total_crash_count":2,"MilesLength":0.49999994}},{"type":"Feature","geometry":{"type":"LineString","coordinates":[[-95.419599,29.613633],[-95.417524,29.613645],[-95.416214,29.613668],[-95.415577,29.613679],[-95.415305,29.61368],[-95.41338,29.613716],[-95.412046,29.613734],[-95.411291,29.613744]]},"properties":{"Full_Name":"ALMEDA GENOA RD","ped_crash_count":1,"ped_death_count":1,"total_crash_count":2,"MilesLength":0.49999998}},{"type":"Feature","geometry":{"type":"LineString","coordinates":[[-95.239553,29.627548],[-95.239369,29.627557],[-95.238477,29.627588],[-95.236721,29.627613],[-95.234469,29.627642],[-95.234147,29.627646],[-95.233096,29.627657],[-95.232073,29.627667],[-95.231471,29.627673],[-95.231245,29.627676]]},"properties":{"Full_Name":"ALMEDA GENOA RD","ped_crash_count":1,"ped_death_count":0,"total_crash_count":3,"MilesLength":0.49999997}},{"type":"Feature","geometry":{"type":"LineString","coordinates":[[-95.420555,29.611175],[-95.420957,29.610144],[-95.421017,29.609991],[-95.421781,29.608177],[-95.42246,29.606435]]},"properties":{"Full_Name":"ALMEDA RD","ped_crash_count":1,"ped_death_count":1,"total_crash_count":2,"MilesLength":0.34601884}},{"type":"Feature","geometry":{"type":"LineString","coordinates":[[-95.41784,29.618037],[-95.418223,29.617072],[-95.4189,29.615377],[-95.419224,29.614569],[-95.419599,29.613633],[-95.420555,29.611175]]},"properties":{"Full_Name":"ALMEDA RD","ped_crash_count":2,"ped_death_count":2,"total_crash_count":4,"MilesLength":0.49999999}},{"type":"Feature","geometry":{"type":"LineString","coordinates":[[-95.412372,29.631749],[-95.412393,29.631695],[-95.412755,29.630779],[-95.413361,29.629254],[-95.413487,29.628945],[-95.413647,29.628529],[-95.413974,29.627752],[-95.414434,29.626548],[-95.415081,29.624885]]},"properties":{"Full_Name":"ALMEDA RD","ped_crash_count":1,"ped_death_count":1,"total_crash_count":6,"MilesLength":0.49999998}},{"type":"Feature","geometry":{"type":"LineString","coordinates":[[-95.409636,29.638604],[-95.410738,29.635845],[-95.410948,29.635317],[-95.411179,29.634725],[-95.41143,29.634105],[-95.411968,29.632766],[-95.412372,29.631749]]},"properties":{"Full_Name":"ALMEDA RD","ped_crash_count":2,"ped_death_count":2,"total_crash_count":3,"MilesLength":0.50000004}},{"type":"Feature","geometry":{"type":"LineString","coordinates":[[-95.406924,29.645467],[-95.408069,29.642581],[-95.408555,29.641376],[-95.409004,29.640235],[-95.409368,29.639269],[-95.409626,29.63863],[-95.409636,29.638604]]},"properties":{"Full_Name":"ALMEDA RD","ped_crash_count":1,"ped_death_count":0,"total_crash_count":5,"MilesLength":0.49999998}},{"type":"Feature","geometry":{"type":"LineString","coordinates":[[-95.391047,29.686747],[-95.391123,29.686536],[-95.391508,29.685371],[-95.391708,29.684867],[-95.391953,29.68413],[-95.39222,29.683343],[-95.392536,29.682385],[-95.392778,29.681696],[-95.393049,29.680847],[-95.393138,29.680584],[-95.393242,29.680277],[-95.393253,29.680244],[-95.39336,29.680057],[-95.393442,29.679799]]},"properties":{"Full_Name":"ALMEDA RD","ped_crash_count":1,"ped_death_count":1,"total_crash_count":2,"MilesLength":0.49999997}},{"type":"Feature","geometry":{"type":"LineString","coordinates":[[-95.3792,29.72154],[-95.379421,29.720888],[-95.379744,29.719888],[-95.380089,29.718977],[-95.380308,29.718346],[-95.380556,29.717597],[-95.380932,29.716523],[-95.381327,29.71538],[-95.3816,29.71459]]},"properties":{"Full_Name":"ALMEDA RD","ped_crash_count":1,"ped_death_count":0,"total_crash_count":2,"MilesLength":0.49999999}},{"type":"Feature","geometry":{"type":"LineString","coordinates":[[-95.37682,29.728495],[-95.377041,29.727796],[-95.37735,29.726948],[-95.3776,29.726185],[-95.37783,29.725514],[-95.377931,29.725233],[-95.378123,29.724634],[-95.378263,29.724253],[-95.378369,29.723943],[-95.378565,29.723347],[-95.378631,29.72321],[-95.378923,29.722335],[-95.379164,29.721647],[-95.3792,29.72154]]},"properties":{"Full_Name":"ALMEDA RD","ped_crash_count":2,"ped_death_count":1,"total_crash_count":3,"MilesLength":0.49999996}},{"type":"Feature","geometry":{"type":"LineString","coordinates":[[-95.475429,29.778984],[-95.475514,29.781176],[-95.475543,29.782778],[-95.475558,29.783181],[-95.475532,29.783685],[-95.475524,29.783792],[-95.475517,29.783885],[-95.475511,29.783971],[-95.475513,29.784346],[-95.475553,29.784852],[-95.475608,29.785109],[-95.475724,29.785435],[-95.4759,29.785861],[-95.475964,29.786109],[-95.475983,29.786185]]},"properties":{"Full_Name":"ANTOINE DR","ped_crash_count":1,"ped_death_count":0,"total_crash_count":4,"MilesLength":0.49999998}},{"type":"Feature","geometry":{"type":"LineString","coordinates":[[-95.47335,29.858107],[-95.473352,29.859445],[-95.473357,29.859616],[-95.473423,29.860435],[-95.473422,29.861116],[-95.473422,29.861658],[-95.473421,29.86207],[-95.473419,29.863306],[-95.473343,29.864164],[-95.473322,29.864327],[-95.4733,29.864394],[-95.473202,29.864779],[-95.473026,29.865328]]},"properties":{"Full_Name":"ANTOINE DR","ped_crash_count":1,"ped_death_count":1,"total_crash_count":3,"MilesLength":0.49999999}},{"type":"Feature","geometry":{"type":"LineString","coordinates":[[-95.473324,29.850849],[-95.473324,29.851055],[-95.473349,29.851464],[-95.473332,29.852626],[-95.473309,29.852939],[-95.473303,29.853885],[-95.473315,29.854453],[-95.473306,29.854898],[-95.473309,29.854922],[-95.473319,29.855135],[-95.473322,29.855475],[-95.473327,29.855859],[-95.473334,29.856039],[-95.473329,29.856962],[-95.47335,29.857949],[-95.47335,29.858107]]},"properties":{"Full_Name":"ANTOINE DR","ped_crash_count":2,"ped_death_count":0,"total_crash_count":3,"MilesLength":0.49999999}},{"type":"Feature","geometry":{"type":"LineString","coordinates":[[-95.473234,29.843592],[-95.473235,29.843721],[-95.473232,29.843915],[-95.473233,29.844291],[-95.473233,29.84448],[-95.47323,29.845274],[-95.473235,29.845915],[-95.473235,29.846398],[-95.473236,29.846673],[-95.473242,29.846999],[-95.473307,29.847585],[-95.473301,29.848883],[-95.473324,29.849981],[-95.473324,29.850849]]},"properties":{"Full_Name":"ANTOINE DR","ped_crash_count":4,"ped_death_count":1,"total_crash_count":5,"MilesLength":0.50000002}},{"type":"Feature","geometry":{"type":"LineString","coordinates":[[-95.473025,29.836337],[-95.473026,29.836348],[-95.473081,29.836826],[-95.473121,29.837622],[-95.473128,29.837921],[-95.473187,29.839033],[-95.473198,29.840345],[-95.473202,29.840959],[-95.473203,29.841605],[-95.473213,29.842286],[-95.473225,29.842932],[-95.473227,29.843062],[-95.473234,29.843592]]},"properties":{"Full_Name":"ANTOINE DR","ped_crash_count":1,"ped_death_count":0,"total_crash_count":6,"MilesLength":0.50000003}},{"type":"Feature","geometry":{"type":"LineString","coordinates":[[-95.473625,29.814679],[-95.473652,29.815769],[-95.473688,29.817191],[-95.473727,29.818412],[-95.473759,29.819363],[-95.473835,29.821573],[-95.473796,29.821934]]},"properties":{"Full_Name":"ANTOINE DR","ped_crash_count":1,"ped_death_count":0,"total_crash_count":3,"MilesLength":0.5}},{"type":"Feature","geometry":{"type":"LineString","coordinates":[[-95.473822,29.879744],[-95.473838,29.880754],[-95.473863,29.882409],[-95.473882,29.883097],[-95.473908,29.884312],[-95.473918,29.884813],[-95.473919,29.884837]]},"properties":{"Full_Name":"ANTOINE DR","ped_crash_count":1,"ped_death_count":0,"total_crash_count":4,"MilesLength":0.3508242}},{"type":"Feature","geometry":{"type":"LineString","coordinates":[[-95.357718,29.759642],[-95.357891,29.759429],[-95.358478,29.758675],[-95.359091,29.757894],[-95.359627,29.757211],[-95.359705,29.757113],[-95.360285,29.756372],[-95.360895,29.755612],[-95.361473,29.754876],[-95.362064,29.754132],[-95.362435,29.753661]]},"properties":{"Full_Name":"AUSTIN ST","ped_crash_count":1,"ped_death_count":1,"total_crash_count":2,"MilesLength":0.5}},{"type":"Feature","geometry":{"type":"LineString","coordinates":[[-95.308275,29.745233],[-95.307435,29.744954],[-95.307406,29.744945],[-95.305469,29.74434],[-95.303946,29.743855],[-95.303477,29.743713],[-95.303401,29.743688]]},"properties":{"Full_Name":"AVE K","ped_crash_count":2,"ped_death_count":1,"total_crash_count":2,"MilesLength":0.31164442}},{"type":"Feature","geometry":{"type":"LineString","coordinates":[[-95.351733,29.693909],[-95.350924,29.693676],[-95.350577,29.693567],[-95.350195,29.693442],[-95.349459,29.69322],[-95.348703,29.692972],[-95.347932,29.692743],[-95.347227,29.692526],[-95.346489,29.692295],[-95.345769,29.692081],[-95.345656,29.692036],[-95.345349,29.691992],[-95.344901,29.691908],[-95.344211,29.69171],[-95.34385,29.691623]]},"properties":{"Full_Name":"BALKIN ST","ped_crash_count":2,"ped_death_count":1,"total_crash_count":2,"MilesLength":0.49999999}},{"type":"Feature","geometry":{"type":"LineString","coordinates":[[-95.435288,29.618156],[-95.435281,29.617393],[-95.435281,29.617276],[-95.435276,29.616619],[-95.435252,29.615848],[-95.435252,29.615078],[-95.435249,29.613487],[-95.435226,29.612934],[-95.435294,29.612533],[-95.435412,29.61227],[-95.435678,29.611976],[-95.435064,29.611392],[-95.434957,29.611236]]},"properties":{"Full_Name":"BATHURST DR","ped_crash_count":1,"ped_death_count":0,"total_crash_count":3,"MilesLength":0.49999998}},{"type":"Feature","geometry":{"type":"LineString","coordinates":[[-95.592301,29.688872],[-95.592415,29.688872],[-95.592886,29.688913],[-95.593607,29.689003],[-95.593994,29.689054],[-95.595912,29.689092],[-95.598411,29.689053],[-95.600373,29.689084],[-95.6006,29.689076]]},"properties":{"Full_Name":"BEECHNUT ST","ped_crash_count":2,"ped_death_count":0,"total_crash_count":10,"MilesLength":0.5}},{"type":"Feature","geometry":{"type":"LineString","coordinates":[[-95.583987,29.688933],[-95.584774,29.688919],[-95.585499,29.688927],[-95.587594,29.688931],[-95.589035,29.688915],[-95.591505,29.68887],[-95.592301,29.688872]]},"properties":{"Full_Name":"BEECHNUT ST","ped_crash_count":1,"ped_death_count":0,"total_crash_count":5,"MilesLength":0.49999998}},{"type":"Feature","geometry":{"type":"LineString","coordinates":[[-95.56756,29.68894],[-95.567569,29.688938],[-95.567798,29.688893],[-95.568202,29.688806],[-95.569537,29.688516],[-95.570263,29.68838],[-95.571225,29.688182],[-95.571934,29.688092],[-95.572002,29.688084],[-95.572581,29.688075],[-95.573003,29.688073],[-95.574034,29.688054],[-95.574658,29.68805],[-95.575493,29.688044],[-95.575765,29.688044]]},"properties":{"Full_Name":"BEECHNUT ST","ped_crash_count":10,"ped_death_count":1,"total_crash_count":13,"MilesLength":0.49999998}},{"type":"Feature","geometry":{"type":"LineString","coordinates":[[-95.55931,29.689658],[-95.559535,29.689668],[-95.560088,29.689662],[-95.561983,29.689382],[-95.562766,29.689258],[-95.563883,29.689233],[-95.564159,29.689232],[-95.564413,29.689231],[-95.565587,29.6892],[-95.565923,29.689175],[-95.567156,29.68902],[-95.56756,29.68894]]},"properties":{"Full_Name":"BEECHNUT ST","ped_crash_count":1,"ped_death_count":1,"total_crash_count":4,"MilesLength":0.50000005}},{"type":"Feature","geometry":{"type":"LineString","coordinates":[[-95.551233,29.690256],[-95.551615,29.690141],[-95.552294,29.689889],[-95.552759,29.689749],[-95.553844,29.689407],[-95.554513,29.68929],[-95.554865,29.689236],[-95.555339,29.68922],[-95.555439,29.689219],[-95.556087,29.689229],[-95.556881,29.689326],[-95.55713,29.689361],[-95.557287,29.689392],[-95.557481,29.689432],[-95.557917,29.689519],[-95.558838,29.689638],[-95.55931,29.689658]]},"properties":{"Full_Name":"BEECHNUT ST","ped_crash_count":2,"ped_death_count":1,"total_crash_count":10,"MilesLength":0.49999999}},{"type":"Feature","geometry":{"type":"LineString","coordinates":[[-95.486911,29.689027],[-95.48826,29.689006],[-95.489413,29.688826],[-95.490374,29.688582],[-95.491375,29.688334],[-95.49244,29.688288],[-95.49305,29.688284],[-95.494371,29.688264],[-95.495126,29.688258]]},"properties":{"Full_Name":"BEECHNUT ST","ped_crash_count":1,"ped_death_count":0,"total_crash_count":3,"MilesLength":0.50000002}},{"type":"Feature","geometry":{"type":"LineString","coordinates":[[-95.461976,29.689198],[-95.46369,29.689156],[-95.464723,29.68913],[-95.467521,29.689148],[-95.467863,29.689125],[-95.470289,29.689117]]},"properties":{"Full_Name":"BEECHNUT ST","ped_crash_count":2,"ped_death_count":0,"total_crash_count":3,"MilesLength":0.5}},{"type":"Feature","geometry":{"type":"LineString","coordinates":[[-95.610137,29.703434],[-95.61459,29.703507],[-95.614773,29.70351],[-95.616007,29.703536],[-95.616381,29.703544],[-95.616982,29.703557],[-95.618447,29.70355],[-95.618452,29.703551]]},"properties":{"Full_Name":"BELLAIRE BLVD","ped_crash_count":1,"ped_death_count":0,"total_crash_count":3,"MilesLength":0.49999999}},{"type":"Feature","geometry":{"type":"LineString","coordinates":[[-95.585193,29.703762],[-95.585614,29.70376],[-95.586337,29.703756],[-95.586918,29.703748],[-95.587162,29.703739],[-95.58787,29.703746],[-95.588886,29.70372],[-95.589222,29.70371],[-95.589683,29.703702],[-95.589927,29.703699],[-95.592578,29.703663],[-95.593391,29.703654],[-95.593507,29.703653]]},"properties":{"Full_Name":"BELLAIRE BLVD","ped_crash_count":1,"ped_death_count":0,"total_crash_count":4,"MilesLength":0.50000002}},{"type":"Feature","geometry":{"type":"LineString","coordinates":[[-95.568563,29.703954],[-95.568922,29.703947],[-95.570051,29.703932],[-95.571219,29.703931],[-95.571776,29.703906],[-95.572021,29.703905],[-95.574755,29.703872],[-95.575388,29.70387],[-95.576877,29.703838]]},"properties":{"Full_Name":"BELLAIRE BLVD","ped_crash_count":3,"ped_death_count":1,"total_crash_count":5,"MilesLength":0.50000003}},{"type":"Feature","geometry":{"type":"LineString","coordinates":[[-95.551959,29.704795],[-95.556611,29.704544],[-95.556781,29.704534],[-95.557209,29.704515],[-95.557386,29.704507],[-95.557825,29.704488],[-95.560201,29.704373],[-95.560261,29.70437]]},"properties":{"Full_Name":"BELLAIRE BLVD","ped_crash_count":1,"ped_death_count":1,"total_crash_count":5,"MilesLength":0.49999999}},{"type":"Feature","geometry":{"type":"LineString","coordinates":[[-95.535331,29.705031],[-95.535953,29.705019],[-95.536158,29.705023],[-95.537586,29.705012],[-95.537986,29.705004],[-95.539953,29.70498],[-95.54123,29.704966],[-95.542515,29.704952],[-95.542752,29.704955],[-95.543647,29.704947]]},"properties":{"Full_Name":"BELLAIRE BLVD","ped_crash_count":4,"ped_death_count":3,"total_crash_count":8,"MilesLength":0.50000003}},{"type":"Feature","geometry":{"type":"LineString","coordinates":[[-95.518702,29.705197],[-95.519234,29.705185],[-95.519321,29.705183],[-95.519811,29.705177],[-95.520569,29.705175],[-95.52131,29.705144],[-95.524872,29.705124],[-95.525253,29.705122],[-95.525636,29.705118],[-95.526358,29.705108],[-95.526566,29.705104],[-95.527017,29.705105]]},"properties":{"Full_Name":"BELLAIRE BLVD","ped_crash_count":4,"ped_death_count":1,"total_crash_count":8,"MilesLength":0.49999999}},{"type":"Feature","geometry":{"type":"LineString","coordinates":[[-95.485931,29.705536],[-95.486726,29.705536],[-95.487516,29.705527],[-95.488818,29.705512],[-95.489584,29.7055],[-95.490903,29.705477],[-95.491748,29.70547],[-95.493057,29.705458],[-95.494247,29.70546]]},"properties":{"Full_Name":"BELLAIRE BLVD","ped_crash_count":6,"ped_death_count":1,"total_crash_count":9,"MilesLength":0.49999996}},{"type":"Feature","geometry":{"type":"LineString","coordinates":[[-95.477616,29.705619],[-95.477664,29.705619],[-95.477795,29.70562],[-95.47839,29.705625],[-95.478639,29.705622],[-95.478906,29.705619],[-95.479104,29.705617],[-95.479759,29.70561],[-95.480457,29.705602],[-95.480915,29.705598],[-95.481518,29.705587],[-95.481907,29.705568],[-95.482547,29.705563],[-95.484637,29.705536],[-95.485862,29.705536],[-95.485931,29.705536]]},"properties":{"Full_Name":"BELLAIRE BLVD","ped_crash_count":1,"ped_death_count":1,"total_crash_count":7,"MilesLength":0.50000001}},{"type":"Feature","geometry":{"type":"LineString","coordinates":[[-95.513865,29.713065],[-95.514684,29.71305],[-95.515036,29.713044],[-95.515214,29.713053],[-95.515727,29.713054],[-95.517377,29.713035],[-95.518065,29.713023],[-95.518998,29.713014],[-95.519306,29.713017],[-95.520153,29.713001],[-95.52038,29.713031],[-95.520815,29.71318],[-95.521181,29.7133],[-95.521529,29.713352],[-95.522116,29.713368]]},"properties":{"Full_Name":"BELLERIVE DR","ped_crash_count":1,"ped_death_count":0,"total_crash_count":2,"MilesLength":0.49999998}},{"type":"Feature","geometry":{"type":"LineString","coordinates":[[-95.364658,29.669479],[-95.364343,29.669483],[-95.363889,29.669496],[-95.362284,29.669519],[-95.362058,29.669507],[-95.361721,29.669516],[-95.36168,29.669517],[-95.360337,29.669542],[-95.359432,29.669553],[-95.358987,29.669563],[-95.357481,29.669568],[-95.35695,29.669483],[-95.356387,29.669313]]},"properties":{"Full_Name":"BELLFORT ST","ped_crash_count":1,"ped_death_count":1,"total_crash_count":6,"MilesLength":0.49999999}},{"type":"Feature","geometry":{"type":"LineString","coordinates":[[-95.372969,29.669365],[-95.372769,29.669368],[-95.372077,29.669383],[-95.371945,29.669378],[-95.37052,29.6694],[-95.370317,29.669399],[-95.369489,29.669407],[-95.368677,29.669442],[-95.368113,29.669436],[-95.366608,29.669452],[-95.366034,29.669458],[-95.364658,29.669479]]},"properties":{"Full_Name":"BELLFORT ST","ped_crash_count":2,"ped_death_count":0,"total_crash_count":4,"MilesLength":0.50000002}},{"type":"Feature","geometry":{"type":"LineString","coordinates":[[-95.332199,29.666426],[-95.331429,29.666443],[-95.330911,29.666449],[-95.328685,29.666488],[-95.325208,29.66656],[-95.324588,29.666572],[-95.323888,29.666591]]},"properties":{"Full_Name":"BELLFORT ST","ped_crash_count":2,"ped_death_count":1,"total_crash_count":4,"MilesLength":0.50000003}},{"type":"Feature","geometry":{"type":"LineString","coordinates":[[-95.276336,29.672428],[-95.276253,29.67243],[-95.275683,29.672437],[-95.275466,29.672447],[-95.275173,29.672456],[-95.273402,29.672491],[-95.272656,29.672554],[-95.272007,29.672739],[-95.271454,29.672997],[-95.270908,29.673352],[-95.270546,29.673611],[-95.270212,29.673859],[-95.269976,29.674056],[-95.269448,29.674462],[-95.26892,29.674867]]},"properties":{"Full_Name":"BELLFORT ST","ped_crash_count":2,"ped_death_count":0,"total_crash_count":4,"MilesLength":0.50000003}},{"type":"Feature","geometry":{"type":"LineString","coordinates":[[-95.284645,29.672308],[-95.284342,29.672291],[-95.283745,29.672287],[-95.283103,29.672262],[-95.282422,29.672272],[-95.281453,29.672287],[-95.280373,29.672317],[-95.279104,29.67237],[-95.27712,29.67241],[-95.276336,29.672428]]},"properties":{"Full_Name":"BELLFORT ST","ped_crash_count":1,"ped_death_count":0,"total_crash_count":2,"MilesLength":0.49999995}},{"type":"Feature","geometry":{"type":"LineString","coordinates":[[-95.292723,29.673764],[-95.29175,29.673766],[-95.291021,29.673691],[-95.290551,29.673595],[-95.290065,29.673471],[-95.289391,29.673266],[-95.289195,29.673196],[-95.288404,29.672934],[-95.287791,29.672746],[-95.287526,29.672676],[-95.286225,29.672415],[-95.285632,29.672361],[-95.284645,29.672308]]},"properties":{"Full_Name":"BELLFORT ST","ped_crash_count":1,"ped_death_count":1,"total_crash_count":4,"MilesLength":0.50000003}},{"type":"Feature","geometry":{"type":"LineString","coordinates":[[-95.340134,29.822033],[-95.339638,29.822057],[-95.338789,29.822063],[-95.337619,29.822081],[-95.336842,29.822091],[-95.336368,29.822096],[-95.336112,29.822099],[-95.33587,29.822069],[-95.335594,29.822073],[-95.335305,29.822077],[-95.335173,29.822078],[-95.335059,29.82208],[-95.334657,29.822083],[-95.334394,29.822084],[-95.334232,29.822084],[-95.333379,29.822127],[-95.332358,29.822144],[-95.331813,29.82215]]},"properties":{"Full_Name":"BENNINGTON ST","ped_crash_count":2,"ped_death_count":0,"total_crash_count":7,"MilesLength":0.49999999}},{"type":"Feature","geometry":{"type":"LineString","coordinates":[[-95.384349,29.837247],[-95.383179,29.837253],[-95.381254,29.837281],[-95.377622,29.837341],[-95.377309,29.837349],[-95.377046,29.837385],[-95.376824,29.837445],[-95.376624,29.837508],[-95.376428,29.837553],[-95.376267,29.837576],[-95.376103,29.837579],[-95.376058,29.837579]]},"properties":{"Full_Name":"BERRY RD","ped_crash_count":3,"ped_death_count":0,"total_crash_count":4,"MilesLength":0.49999999}},{"type":"Feature","geometry":{"type":"LineString","coordinates":[[-95.597206,29.676496],[-95.597521,29.676583],[-95.598074,29.676737],[-95.598815,29.676943],[-95.598827,29.676947],[-95.599651,29.677188],[-95.600291,29.677359],[-95.602646,29.678051],[-95.603728,29.678351],[-95.605116,29.67873]]},"properties":{"Full_Name":"BISSONNET ST","ped_crash_count":2,"ped_death_count":0,"total_crash_count":7,"MilesLength":0.50000007}},{"type":"Feature","geometry":{"type":"LineString","coordinates":[[-95.58075,29.67483],[-95.580882,29.674842],[-95.58115,29.674864],[-95.581939,29.674911],[-95.583099,29.674989],[-95.583459,29.675018],[-95.58445,29.675078],[-95.585193,29.675124],[-95.587286,29.675222],[-95.588701,29.675316],[-95.589042,29.675339]]},"properties":{"Full_Name":"BISSONNET ST","ped_crash_count":1,"ped_death_count":0,"total_crash_count":6,"MilesLength":0.49999999}},{"type":"Feature","geometry":{"type":"LineString","coordinates":[[-95.56416,29.674396],[-95.568637,29.674139],[-95.569161,29.674152],[-95.569515,29.674169],[-95.569818,29.674176],[-95.570396,29.674225],[-95.571299,29.674284],[-95.571862,29.674301],[-95.572456,29.674341]]},"properties":{"Full_Name":"BISSONNET ST","ped_crash_count":3,"ped_death_count":0,"total_crash_count":8,"MilesLength":0.50000003}},{"type":"Feature","geometry":{"type":"LineString","coordinates":[[-95.555871,29.674942],[-95.556408,29.674908],[-95.556925,29.674876],[-95.557614,29.674823],[-95.557714,29.674818],[-95.55787,29.674808],[-95.558487,29.674766],[-95.559161,29.674705],[-95.55995,29.674659],[-95.560267,29.674643],[-95.560482,29.674632],[-95.560852,29.674612],[-95.562852,29.674471],[-95.56416,29.674396]]},"properties":{"Full_Name":"BISSONNET ST","ped_crash_count":2,"ped_death_count":1,"total_crash_count":4,"MilesLength":0.49999999}},{"type":"Feature","geometry":{"type":"LineString","coordinates":[[-95.547584,29.675508],[-95.547872,29.675492],[-95.548706,29.675447],[-95.549746,29.675381],[-95.55016,29.675353],[-95.550675,29.675309],[-95.55127,29.675255],[-95.551899,29.675217],[-95.552336,29.675171],[-95.552723,29.675158],[-95.553662,29.675091],[-95.553887,29.675088],[-95.554732,29.675032],[-95.555163,29.674987],[-95.555871,29.674942]]},"properties":{"Full_Name":"BISSONNET ST","ped_crash_count":5,"ped_death_count":1,"total_crash_count":12,"MilesLength":0.50000001}},{"type":"Feature","geometry":{"type":"LineString","coordinates":[[-95.524541,29.678815],[-95.524609,29.67878],[-95.525231,29.678475],[-95.525528,29.678329],[-95.526335,29.677918],[-95.526457,29.677856],[-95.527251,29.677451],[-95.527912,29.677087],[-95.528369,29.676893],[-95.52958,29.676472],[-95.529645,29.676469],[-95.530526,29.676424],[-95.531268,29.676388],[-95.53217,29.676357]]},"properties":{"Full_Name":"BISSONNET ST","ped_crash_count":1,"ped_death_count":0,"total_crash_count":5,"MilesLength":0.49999998}},{"type":"Feature","geometry":{"type":"LineString","coordinates":[[-95.523898,29.797938],[-95.523928,29.798005],[-95.524024,29.798277],[-95.524112,29.798687],[-95.524183,29.799015],[-95.52419,29.799441],[-95.524214,29.799961],[-95.524223,29.800684],[-95.524239,29.80192],[-95.524324,29.804631],[-95.524333,29.805166]]},"properties":{"Full_Name":"BLALOCK RD","ped_crash_count":1,"ped_death_count":0,"total_crash_count":4,"MilesLength":0.5}},{"type":"Feature","geometry":{"type":"LineString","coordinates":[[-95.521786,29.791038],[-95.521778,29.791842],[-95.521787,29.791917],[-95.521787,29.791984],[-95.521817,29.792287],[-95.521865,29.79253],[-95.52198,29.792802],[-95.522171,29.793256],[-95.52311,29.794764],[-95.523284,29.795366],[-95.523334,29.796106],[-95.523445,29.796896],[-95.523496,29.797055],[-95.523898,29.797938]]},"properties":{"Full_Name":"BLALOCK RD","ped_crash_count":1,"ped_death_count":0,"total_crash_count":5,"MilesLength":0.49999998}},{"type":"Feature","geometry":{"type":"LineString","coordinates":[[-95.500468,29.648758],[-95.500449,29.648253],[-95.500454,29.6476],[-95.500435,29.64693],[-95.500406,29.645971],[-95.500376,29.644377],[-95.500354,29.643736],[-95.500345,29.643462],[-95.500375,29.64317],[-95.500473,29.642953],[-95.500606,29.642662],[-95.500663,29.642487],[-95.500675,29.641973],[-95.500682,29.641762]]},"properties":{"Full_Name":"BOB WHITE DR","ped_crash_count":2,"ped_death_count":1,"total_crash_count":3,"MilesLength":0.48510463}},{"type":"Feature","geometry":{"type":"LineString","coordinates":[[-95.513828,29.691114],[-95.513799,29.690329],[-95.513801,29.690178],[-95.513782,29.689348],[-95.513769,29.68838],[-95.513782,29.687573],[-95.513759,29.68738],[-95.513732,29.687217],[-95.513671,29.687006],[-95.513563,29.686779],[-95.51353,29.686627],[-95.513514,29.686549],[-95.513519,29.686332],[-95.513499,29.685846],[-95.513488,29.685211],[-95.513474,29.684388]]},"properties":{"Full_Name":"BONHOMME RD","ped_crash_count":1,"ped_death_count":1,"total_crash_count":3,"MilesLength":0.46549411}},{"type":"Feature","geometry":{"type":"LineString","coordinates":[[-95.575048,29.694545],[-95.574893,29.693399],[-95.574763,29.692402],[-95.574723,29.691998],[-95.574708,29.691945],[-95.574694,29.691901],[-95.574682,29.691628],[-95.574683,29.691185],[-95.574657,29.69023],[-95.574659,29.689297],[-95.574663,29.688887],[-95.574658,29.68805],[-95.574637,29.687304]]},"properties":{"Full_Name":"BOONE RD","ped_crash_count":4,"ped_death_count":0,"total_crash_count":7,"MilesLength":0.50000002}},{"type":"Feature","geometry":{"type":"LineString","coordinates":[[-95.575616,29.71631],[-95.575597,29.715585],[-95.575592,29.715475],[-95.575592,29.715207],[-95.57558,29.715048],[-95.575575,29.714697],[-95.575582,29.714295],[-95.575571,29.713651],[-95.575553,29.712992],[-95.575554,29.712335],[-95.575531,29.711652],[-95.575522,29.711205],[-95.575517,29.710943],[-95.575514,29.710667],[-95.575502,29.710193],[-95.575492,29.709704],[-95.575487,29.70945],[-95.57548,29.709052]]},"properties":{"Full_Name":"BOONE RD","ped_crash_count":1,"ped_death_count":1,"total_crash_count":2,"MilesLength":0.49999995}},{"type":"Feature","geometry":{"type":"LineString","coordinates":[[-95.639916,29.736966],[-95.639935,29.736872],[-95.639978,29.736615],[-95.639996,29.736482],[-95.640022,29.736312],[-95.640031,29.736163],[-95.640038,29.735949],[-95.640037,29.735645],[-95.640028,29.734898],[-95.639997,29.734618],[-95.639948,29.734408],[-95.63988,29.734193],[-95.639796,29.733987],[-95.639692,29.733787],[-95.63956,29.733534],[-95.639484,29.733364],[-95.63942,29.733185],[-95.639352,29.732964],[-95.639308,29.732704],[-95.639293,29.73247],[-95.63929,29.732114],[-95.639282,29.73172],[-95.639248,29.730643],[-95.63924,29.729816]]},"properties":{"Full_Name":"BRIARGREEN DR","ped_crash_count":1,"ped_death_count":1,"total_crash_count":2,"MilesLength":0.49999995}},{"type":"Feature","geometry":{"type":"LineString","coordinates":[[-95.548661,29.735124],[-95.548697,29.735006],[-95.548853,29.734613],[-95.549,29.734104],[-95.549087,29.733535],[-95.549082,29.733117],[-95.549045,29.732003],[-95.549063,29.730545],[-95.548984,29.728758],[-95.548977,29.727914]]},"properties":{"Full_Name":"BRIARPARK DR","ped_crash_count":1,"ped_death_count":0,"total_crash_count":3,"MilesLength":0.50000002}},{"type":"Feature","geometry":{"type":"LineString","coordinates":[[-95.569821,29.787929],[-95.569821,29.787989],[-95.569835,29.788399],[-95.569824,29.789438],[-95.569833,29.790327],[-95.569819,29.790802],[-95.569837,29.791389],[-95.569835,29.792499],[-95.569834,29.793107],[-95.569839,29.79509],[-95.569838,29.795188]]},"properties":{"Full_Name":"BRITTMOORE RD","ped_crash_count":1,"ped_death_count":1,"total_crash_count":3,"MilesLength":0.5}},{"type":"Feature","geometry":{"type":"LineString","coordinates":[[-95.278189,29.713204],[-95.278177,29.712824],[-95.278159,29.712405],[-95.27814,29.71201],[-95.278134,29.711795],[-95.278131,29.711311],[-95.278118,29.710633],[-95.278086,29.709736],[-95.278101,29.708837],[-95.27808,29.708131],[-95.278061,29.707645],[-95.278056,29.707408],[-95.278034,29.706622],[-95.278021,29.706318],[-95.278021,29.705947]]},"properties":{"Full_Name":"BROADWAY ST","ped_crash_count":1,"ped_death_count":1,"total_crash_count":3,"MilesLength":0.50000001}},{"type":"Feature","geometry":{"type":"LineString","coordinates":[[-95.427212,29.684416],[-95.427209,29.684061],[-95.427206,29.68389],[-95.427192,29.683237],[-95.427167,29.682414],[-95.427164,29.681752],[-95.427042,29.681146],[-95.426893,29.680796],[-95.426548,29.680301],[-95.425874,29.679851],[-95.425764,29.679781],[-95.425325,29.679461],[-95.425215,29.679365],[-95.42504,29.67915],[-95.42482,29.67868],[-95.424722,29.678068],[-95.424729,29.677925]]},"properties":{"Full_Name":"BUFFALO SPEEDWAY","ped_crash_count":2,"ped_death_count":0,"total_crash_count":2,"MilesLength":0.49999998}},{"type":"Feature","geometry":{"type":"LineString","coordinates":[[-95.429597,29.73484],[-95.429272,29.733871],[-95.428667,29.732128],[-95.428471,29.731374],[-95.428336,29.730802],[-95.428205,29.730297],[-95.42817,29.730048],[-95.428148,29.729892],[-95.428128,29.729752],[-95.428092,29.729495],[-95.428059,29.729145],[-95.428014,29.728776],[-95.427965,29.728377],[-95.427887,29.727758]]},"properties":{"Full_Name":"BUFFALO SPEEDWAY","ped_crash_count":2,"ped_death_count":0,"total_crash_count":4,"MilesLength":0.50000004}},{"type":"Feature","geometry":{"type":"LineString","coordinates":[[-95.360072,29.63134],[-95.358383,29.631828],[-95.357549,29.632054],[-95.356841,29.632248],[-95.356689,29.632255],[-95.355882,29.632274],[-95.355717,29.632281]]},"properties":{"Full_Name":"BUNGALOW LN","ped_crash_count":1,"ped_death_count":1,"total_crash_count":2,"MilesLength":0.27189527}},{"type":"Feature","geometry":{"type":"LineString","coordinates":[[-95.516878,29.729855],[-95.516865,29.729286],[-95.516856,29.728149],[-95.516827,29.727314],[-95.516809,29.72645],[-95.516797,29.725899],[-95.516789,29.725594],[-95.51677,29.724747],[-95.516752,29.723899]]},"properties":{"Full_Name":"BUTTERCUP ST","ped_crash_count":1,"ped_death_count":0,"total_crash_count":3,"MilesLength":0.41031419}},{"type":"Feature","geometry":{"type":"LineString","coordinates":[[-95.349316,29.683515],[-95.349203,29.683256],[-95.349142,29.683083],[-95.349019,29.682771],[-95.348926,29.682318],[-95.34899,29.682033],[-95.34938,29.68119],[-95.349489,29.68094],[-95.349657,29.680754],[-95.349881,29.680554],[-95.350754,29.679924],[-95.350927,29.679773],[-95.351076,29.679595],[-95.351174,29.679442],[-95.351231,29.679257]]},"properties":{"Full_Name":"CALAIS RD","ped_crash_count":1,"ped_death_count":0,"total_crash_count":2,"MilesLength":0.34588148}},{"type":"Feature","geometry":{"type":"LineString","coordinates":[[-95.393574,29.712674],[-95.393406,29.712215],[-95.393296,29.711989],[-95.393097,29.71167],[-95.392975,29.711485],[-95.392774,29.711265],[-95.392525,29.711001],[-95.392277,29.710771],[-95.391407,29.710113],[-95.390729,29.708937],[-95.390489,29.70827],[-95.390195,29.706923],[-95.390175,29.706298]]},"properties":{"Full_Name":"CAMBRIDGE ST","ped_crash_count":3,"ped_death_count":0,"total_crash_count":3,"MilesLength":0.50000004}},{"type":"Feature","geometry":{"type":"LineString","coordinates":[[-95.305334,29.741282],[-95.30457,29.741036],[-95.302598,29.74041],[-95.300635,29.739788],[-95.298949,29.739256],[-95.298343,29.739053],[-95.29752,29.738791]]},"properties":{"Full_Name":"CANAL ST","ped_crash_count":1,"ped_death_count":0,"total_crash_count":2,"MilesLength":0.49999995}},{"type":"Feature","geometry":{"type":"LineString","coordinates":[[-95.343087,29.75581],[-95.34289,29.755691],[-95.342035,29.755165],[-95.341147,29.754629],[-95.340393,29.754169],[-95.339299,29.753528],[-95.33901,29.75335],[-95.338394,29.752979],[-95.337925,29.752677],[-95.337065,29.75216],[-95.336251,29.751673]]},"properties":{"Full_Name":"CANAL ST","ped_crash_count":1,"ped_death_count":1,"total_crash_count":2,"MilesLength":0.49999996}},{"type":"Feature","geometry":{"type":"LineString","coordinates":[[-95.359073,29.759526],[-95.359331,29.759181],[-95.359948,29.758414],[-95.360556,29.757648],[-95.360873,29.757245],[-95.361151,29.756891],[-95.361751,29.756132],[-95.362333,29.755396],[-95.362923,29.754633],[-95.363499,29.753897],[-95.363786,29.753543]]},"properties":{"Full_Name":"CAROLINE ST","ped_crash_count":1,"ped_death_count":0,"total_crash_count":2,"MilesLength":0.5}},{"type":"Feature","geometry":{"type":"LineString","coordinates":[[-95.372057,29.803887],[-95.371353,29.803844],[-95.370567,29.803764],[-95.370171,29.803693],[-95.369774,29.803576],[-95.36932,29.803439],[-95.368968,29.803353],[-95.368326,29.803243],[-95.367583,29.803244],[-95.367314,29.803247],[-95.366669,29.803266],[-95.365734,29.803267],[-95.364823,29.803284],[-95.363896,29.803303],[-95.363823,29.803304]]},"properties":{"Full_Name":"CAVALCADE ST","ped_crash_count":2,"ped_death_count":1,"total_crash_count":4,"MilesLength":0.50000002}},{"type":"Feature","geometry":{"type":"LineString","coordinates":[[-95.322684,29.800338],[-95.32233,29.800343],[-95.320574,29.800367],[-95.318797,29.800385],[-95.31698,29.800388],[-95.31436,29.800425]]},"properties":{"Full_Name":"CAVALCADE ST","ped_crash_count":1,"ped_death_count":0,"total_crash_count":2,"MilesLength":0.49999997}},{"type":"Feature","geometry":{"type":"LineString","coordinates":[[-95.331006,29.800219],[-95.330608,29.800235],[-95.32957,29.800266],[-95.328219,29.800279],[-95.327139,29.800292],[-95.326093,29.800305],[-95.325864,29.800302],[-95.324102,29.800316],[-95.322684,29.800338]]},"properties":{"Full_Name":"CAVALCADE ST","ped_crash_count":1,"ped_death_count":0,"total_crash_count":2,"MilesLength":0.5}},{"type":"Feature","geometry":{"type":"LineString","coordinates":[[-95.405562,29.771276],[-95.406114,29.771328],[-95.406153,29.771296],[-95.406199,29.771264],[-95.407266,29.771242],[-95.408365,29.771234],[-95.409495,29.771202],[-95.409769,29.771187],[-95.410596,29.771182],[-95.410722,29.771191],[-95.411571,29.771183],[-95.412506,29.771172],[-95.413365,29.771161],[-95.41345,29.771175],[-95.41385,29.771172]]},"properties":{"Full_Name":"CENTER ST","ped_crash_count":1,"ped_death_count":1,"total_crash_count":2,"MilesLength":0.49999996}},{"type":"Feature","geometry":{"type":"LineString","coordinates":[[-95.262281,29.84308],[-95.261383,29.843082],[-95.258636,29.843089],[-95.255788,29.843101],[-95.254915,29.843126],[-95.253954,29.843125]]},"properties":{"Full_Name":"CHATWOOD DR","ped_crash_count":1,"ped_death_count":0,"total_crash_count":3,"MilesLength":0.49999997}},{"type":"Feature","geometry":{"type":"LineString","coordinates":[[-95.218529,29.77776],[-95.218273,29.777763],[-95.217376,29.777722],[-95.216955,29.777769],[-95.216502,29.777862],[-95.216395,29.777875],[-95.214648,29.77792],[-95.214605,29.777923],[-95.214546,29.777927],[-95.214255,29.777947],[-95.213717,29.77801],[-95.213434,29.778061],[-95.213388,29.778068],[-95.2132,29.778075],[-95.213132,29.778058],[-95.213057,29.778025],[-95.21298,29.777981],[-95.212893,29.777917],[-95.212837,29.777868],[-95.212766,29.777802],[-95.212709,29.777686],[-95.212667,29.777556],[-95.212673,29.77719]]},"properties":{"Full_Name":"CHURCH RD","ped_crash_count":1,"ped_death_count":1,"total_crash_count":2,"MilesLength":0.39800539}},{"type":"Feature","geometry":{"type":"LineString","coordinates":[[-95.243619,29.640698],[-95.244311,29.640144],[-95.244475,29.640011],[-95.24484,29.639716],[-95.245097,29.639524],[-95.245769,29.638671],[-95.246068,29.638003],[-95.24612,29.637738],[-95.246169,29.637538],[-95.246209,29.637313],[-95.24626,29.63665],[-95.246263,29.635969],[-95.246231,29.635646],[-95.246252,29.635313],[-95.246256,29.634603],[-95.246226,29.634256]]},"properties":{"Full_Name":"CLEARWOOD DR","ped_crash_count":5,"ped_death_count":2,"total_crash_count":8,"MilesLength":0.50000001}},{"type":"Feature","geometry":{"type":"LineString","coordinates":[[-95.346336,29.793663],[-95.346046,29.79367],[-95.345196,29.793707],[-95.344052,29.793726],[-95.343153,29.793734],[-95.342089,29.79375],[-95.341767,29.793752],[-95.341513,29.793756],[-95.341291,29.793777],[-95.341157,29.793796],[-95.340287,29.793899],[-95.340003,29.793908],[-95.339903,29.793911],[-95.339798,29.793909],[-95.339529,29.793903],[-95.339226,29.793896],[-95.338399,29.793908],[-95.338025,29.793913]]},"properties":{"Full_Name":"COLLINGSWORTH ST","ped_crash_count":1,"ped_death_count":0,"total_crash_count":4,"MilesLength":0.49999999}},{"type":"Feature","geometry":{"type":"LineString","coordinates":[[-95.555631,29.68401],[-95.555423,29.683518],[-95.555353,29.683255],[-95.555321,29.68284],[-95.555525,29.681742],[-95.555665,29.68103],[-95.555823,29.680344],[-95.555923,29.67986],[-95.555974,29.679591],[-95.555983,29.679492],[-95.556045,29.679237],[-95.55623,29.678425],[-95.556249,29.678122],[-95.556208,29.677519]]},"properties":{"Full_Name":"CONCOURSE DR","ped_crash_count":1,"ped_death_count":0,"total_crash_count":2,"MilesLength":0.45488049}},{"type":"Feature","geometry":{"type":"LineString","coordinates":[[-95.357893,29.76055],[-95.357281,29.760179],[-95.356425,29.759677],[-95.35557,29.759157],[-95.354715,29.758641],[-95.35385,29.758129],[-95.352998,29.757606],[-95.352452,29.757289],[-95.352413,29.757266],[-95.352283,29.757187],[-95.352115,29.757085],[-95.35197,29.757003],[-95.351279,29.756575],[-95.351041,29.756432]]},"properties":{"Full_Name":"CONGRESS ST","ped_crash_count":1,"ped_death_count":1,"total_crash_count":4,"MilesLength":0.49999999}},{"type":"Feature","geometry":{"type":"LineString","coordinates":[[-95.596373,29.714673],[-95.596377,29.714014],[-95.596337,29.71318],[-95.596342,29.712305],[-95.596307,29.710872],[-95.596281,29.709525],[-95.596275,29.70919],[-95.596273,29.709073],[-95.596266,29.708714],[-95.596253,29.708066],[-95.596249,29.707862]]},"properties":{"Full_Name":"COOK RD","ped_crash_count":1,"ped_death_count":0,"total_crash_count":2,"MilesLength":0.46918722}},{"type":"Feature","geometry":{"type":"LineString","coordinates":[[-95.59598,29.693344],[-95.595973,29.693124],[-95.595976,29.692405],[-95.595957,29.692111],[-95.595934,29.690892],[-95.595923,29.690542],[-95.595924,29.690131],[-95.595915,29.689699],[-95.595912,29.689092],[-95.595884,29.687981],[-95.595868,29.68724],[-95.59587,29.686541],[-95.595867,29.686273],[-95.595858,29.686085]]},"properties":{"Full_Name":"COOK RD","ped_crash_count":1,"ped_death_count":0,"total_crash_count":4,"MilesLength":0.49999997}},{"type":"Feature","geometry":{"type":"LineString","coordinates":[[-95.551469,29.705221],[-95.551467,29.704821],[-95.551455,29.704219],[-95.551508,29.703776],[-95.551765,29.703143],[-95.551793,29.703091],[-95.552041,29.702677],[-95.552116,29.702496],[-95.552275,29.701965],[-95.552297,29.701813],[-95.552308,29.701372],[-95.552297,29.700567],[-95.552274,29.699767],[-95.55227,29.699501],[-95.552263,29.699082],[-95.552244,29.698506],[-95.552248,29.69839],[-95.55224,29.698092]]},"properties":{"Full_Name":"CORPORATE DR","ped_crash_count":1,"ped_death_count":1,"total_crash_count":2,"MilesLength":0.49999999}},{"type":"Feature","geometry":{"type":"LineString","coordinates":[[-95.395287,29.926703],[-95.395311,29.927165],[-95.395312,29.927817],[-95.395314,29.928212],[-95.395315,29.928326],[-95.395321,29.92896],[-95.395346,29.929743],[-95.395354,29.930508],[-95.395365,29.931284],[-95.395367,29.931758],[-95.395367,29.931828],[-95.395368,29.931921],[-95.395371,29.932162],[-95.395377,29.932741],[-95.39538,29.933055],[-95.395404,29.933555],[-95.395386,29.933696],[-95.395402,29.93396]]},"properties":{"Full_Name":"COTILLION DR","ped_crash_count":1,"ped_death_count":0,"total_crash_count":3,"MilesLength":0.49999999}},{"type":"Feature","geometry":{"type":"LineString","coordinates":[[-95.341007,29.606489],[-95.341008,29.606422],[-95.340893,29.604536],[-95.34089,29.603098],[-95.340883,29.600527],[-95.340877,29.600228],[-95.340874,29.600077],[-95.340867,29.59969]]},"properties":{"Full_Name":"COTTINGHAM RD","ped_crash_count":1,"ped_death_count":1,"total_crash_count":2,"MilesLength":0.4684303}},{"type":"Feature","geometry":{"type":"LineString","coordinates":[[-95.583099,29.674989],[-95.583065,29.674049],[-95.583051,29.673627],[-95.58302,29.67286],[-95.582997,29.671723],[-95.582999,29.671595],[-95.583042,29.671421],[-95.583143,29.671136],[-95.583274,29.670786],[-95.583333,29.670671],[-95.583414,29.670644]]},"properties":{"Full_Name":"COURT GLEN DR","ped_crash_count":2,"ped_death_count":0,"total_crash_count":4,"MilesLength":0.30584126}},{"type":"Feature","geometry":{"type":"LineString","coordinates":[[-95.286963,29.837007],[-95.284451,29.837023],[-95.283429,29.837022],[-95.280288,29.837073],[-95.278637,29.837089]]},"properties":{"Full_Name":"CRESTVIEW DR","ped_crash_count":1,"ped_death_count":0,"total_crash_count":3,"MilesLength":0.49999998}},{"type":"Feature","geometry":{"type":"LineString","coordinates":[[-95.355894,29.639329],[-95.355886,29.639055],[-95.355878,29.63896],[-95.355878,29.638799],[-95.355855,29.63821],[-95.355847,29.636978],[-95.355818,29.636105],[-95.355752,29.634077],[-95.355717,29.632281],[-95.35571,29.632071]]},"properties":{"Full_Name":"CULLEN BLVD","ped_crash_count":2,"ped_death_count":1,"total_crash_count":5,"MilesLength":0.49999999}},{"type":"Feature","geometry":{"type":"LineString","coordinates":[[-95.355514,29.661026],[-95.355503,29.660587],[-95.355491,29.659868],[-95.355483,29.659158],[-95.355455,29.658428],[-95.355435,29.657618],[-95.355436,29.657132],[-95.355426,29.656677],[-95.355425,29.655913],[-95.355395,29.654639],[-95.355386,29.654249],[-95.355387,29.653942],[-95.355384,29.653767]]},"properties":{"Full_Name":"CULLEN BLVD","ped_crash_count":5,"ped_death_count":0,"total_crash_count":16,"MilesLength":0.49999996}},{"type":"Feature","geometry":{"type":"LineString","coordinates":[[-95.355652,29.668284],[-95.355646,29.667952],[-95.355654,29.667485],[-95.355634,29.666749],[-95.355613,29.666038],[-95.355603,29.665341],[-95.355586,29.664366],[-95.355543,29.66329],[-95.355555,29.662452],[-95.35554,29.662218],[-95.355521,29.661312],[-95.355514,29.661026]]},"properties":{"Full_Name":"CULLEN BLVD","ped_crash_count":1,"ped_death_count":1,"total_crash_count":4,"MilesLength":0.49999999}},{"type":"Feature","geometry":{"type":"LineString","coordinates":[[-95.355828,29.675542],[-95.355828,29.675536],[-95.355813,29.674863],[-95.355803,29.67456],[-95.3558,29.67429],[-95.355796,29.674096],[-95.35577,29.673345],[-95.355748,29.672578],[-95.355752,29.671787],[-95.355734,29.671031],[-95.355698,29.670245],[-95.355687,29.669486],[-95.355678,29.6691],[-95.355667,29.669004],[-95.355652,29.668284]]},"properties":{"Full_Name":"CULLEN BLVD","ped_crash_count":2,"ped_death_count":1,"total_crash_count":6,"MilesLength":0.50000004}},{"type":"Feature","geometry":{"type":"LineString","coordinates":[[-95.355915,29.682801],[-95.355917,29.682771],[-95.355899,29.681732],[-95.355888,29.681211],[-95.355891,29.680931],[-95.355893,29.680701],[-95.355896,29.680472],[-95.355893,29.680394],[-95.355883,29.678869],[-95.355876,29.678483],[-95.35583,29.677115],[-95.355828,29.676361],[-95.355828,29.675542]]},"properties":{"Full_Name":"CULLEN BLVD","ped_crash_count":1,"ped_death_count":1,"total_crash_count":8,"MilesLength":0.49999996}},{"type":"Feature","geometry":{"type":"LineString","coordinates":[[-95.350671,29.696543],[-95.350843,29.69613],[-95.350954,29.69587],[-95.351263,29.695084],[-95.351409,29.694701],[-95.351733,29.693909],[-95.351893,29.693538],[-95.352199,29.692772],[-95.352355,29.692392],[-95.352847,29.691131],[-95.352923,29.690936],[-95.35344,29.689698]]},"properties":{"Full_Name":"CULLEN BLVD","ped_crash_count":2,"ped_death_count":1,"total_crash_count":2,"MilesLength":0.49999996}},{"type":"Feature","geometry":{"type":"LineString","coordinates":[[-95.303969,29.691578],[-95.303211,29.691356],[-95.302872,29.691368],[-95.302596,29.691366],[-95.300848,29.691376],[-95.298805,29.691371]]},"properties":{"Full_Name":"CULMORE DR","ped_crash_count":1,"ped_death_count":0,"total_crash_count":2,"MilesLength":0.31304665}},{"type":"Feature","geometry":{"type":"LineString","coordinates":[[-95.488805,29.707316],[-95.48883,29.707316],[-95.489624,29.707318],[-95.490913,29.707304],[-95.491808,29.707284],[-95.49309,29.707271]]},"properties":{"Full_Name":"DASHWOOD DR","ped_crash_count":2,"ped_death_count":1,"total_crash_count":5,"MilesLength":0.2576224}},{"type":"Feature","geometry":{"type":"LineString","coordinates":[[-95.465722,29.854538],[-95.466428,29.85451],[-95.467079,29.854504],[-95.46757,29.8545],[-95.468093,29.854497],[-95.46898,29.854493],[-95.469318,29.854478],[-95.469415,29.854478],[-95.469937,29.854478],[-95.470514,29.854476],[-95.47136,29.854475],[-95.471912,29.854472],[-95.47269,29.854462],[-95.472833,29.854462],[-95.473315,29.854453]]},"properties":{"Full_Name":"DE SOTO ST","ped_crash_count":2,"ped_death_count":0,"total_crash_count":3,"MilesLength":0.45593585}},{"type":"Feature","geometry":{"type":"LineString","coordinates":[[-95.446444,29.854559],[-95.446765,29.854556],[-95.447249,29.854554],[-95.447854,29.854554],[-95.448618,29.854534],[-95.450555,29.854516],[-95.451489,29.85451],[-95.452192,29.854506],[-95.45463,29.854473],[-95.454771,29.854472]]},"properties":{"Full_Name":"DE SOTO ST","ped_crash_count":1,"ped_death_count":0,"total_crash_count":2,"MilesLength":0.49999997}},{"type":"Feature","geometry":{"type":"LineString","coordinates":[[-95.358741,29.663616],[-95.358737,29.663262],[-95.358712,29.662186],[-95.35868,29.661269],[-95.358673,29.660564],[-95.358649,29.659844],[-95.358631,29.659129],[-95.358603,29.658376]]},"properties":{"Full_Name":"DUANE ST","ped_crash_count":1,"ped_death_count":0,"total_crash_count":2,"MilesLength":0.36095281}},{"type":"Feature","geometry":{"type":"LineString","coordinates":[[-95.402092,29.744669],[-95.402093,29.74377],[-95.402075,29.742792],[-95.402054,29.741974],[-95.402037,29.741221],[-95.402029,29.740379],[-95.402015,29.739518],[-95.401993,29.738658],[-95.401976,29.73741]]},"properties":{"Full_Name":"DUNLAVY ST","ped_crash_count":2,"ped_death_count":1,"total_crash_count":4,"MilesLength":0.49999998}},{"type":"Feature","geometry":{"type":"LineString","coordinates":[[-95.514202,29.737457],[-95.514193,29.736769],[-95.514195,29.736315],[-95.514197,29.736141],[-95.514189,29.735478],[-95.514183,29.73522],[-95.514167,29.734403],[-95.514152,29.733709],[-95.51413,29.733053],[-95.514123,29.732549],[-95.514112,29.731791],[-95.514101,29.731177],[-95.514094,29.730864],[-95.51408,29.730249],[-95.514078,29.730198]]},"properties":{"Full_Name":"DUNVALE RD","ped_crash_count":1,"ped_death_count":1,"total_crash_count":3,"MilesLength":0.50000001}},{"type":"Feature","geometry":{"type":"LineString","coordinates":[[-95.514078,29.730198],[-95.514069,29.729884],[-95.514066,29.729308],[-95.514065,29.729023],[-95.514061,29.728185],[-95.514061,29.727878],[-95.514048,29.727362],[-95.514028,29.726702],[-95.514028,29.726498],[-95.514029,29.725827],[-95.514024,29.725758],[-95.514031,29.725656],[-95.514027,29.725283],[-95.514023,29.724793],[-95.514014,29.724576],[-95.513988,29.723923],[-95.513983,29.72315],[-95.513976,29.722939]]},"properties":{"Full_Name":"DUNVALE RD","ped_crash_count":1,"ped_death_count":0,"total_crash_count":3,"MilesLength":0.5}},{"type":"Feature","geometry":{"type":"LineString","coordinates":[[-95.397661,29.788859],[-95.396371,29.788878],[-95.395272,29.788901],[-95.394171,29.788913],[-95.393067,29.788928],[-95.391974,29.788936],[-95.389929,29.788962],[-95.389339,29.788966]]},"properties":{"Full_Name":"E 10TH","ped_crash_count":1,"ped_death_count":0,"total_crash_count":3,"MilesLength":0.49999997}},{"type":"Feature","geometry":{"type":"LineString","coordinates":[[-95.397454,29.777799],[-95.396169,29.777809],[-95.395067,29.777834],[-95.395003,29.777829],[-95.394032,29.777851],[-95.393959,29.77784],[-95.392869,29.777857],[-95.39218,29.777869]]},"properties":{"Full_Name":"E 4TH ST","ped_crash_count":1,"ped_death_count":0,"total_crash_count":2,"MilesLength":0.3169904}},{"type":"Feature","geometry":{"type":"LineString","coordinates":[[-95.366362,29.878226],[-95.366452,29.878551],[-95.36678,29.879721],[-95.367066,29.880853],[-95.367384,29.88212],[-95.367547,29.882785],[-95.367717,29.883455],[-95.368074,29.884894],[-95.368177,29.885311]]},"properties":{"Full_Name":"E HARDY RD","ped_crash_count":1,"ped_death_count":0,"total_crash_count":3,"MilesLength":0.49999999}},{"type":"Feature","geometry":{"type":"LineString","coordinates":[[-95.390475,29.869986],[-95.390261,29.869988],[-95.388743,29.869997],[-95.388541,29.869998],[-95.386654,29.87002],[-95.38592,29.870028],[-95.385609,29.870038],[-95.385505,29.870046],[-95.385344,29.87005],[-95.385236,29.870052],[-95.38516,29.870053],[-95.384864,29.870055]]},"properties":{"Full_Name":"E LITTLE YORK RD","ped_crash_count":1,"ped_death_count":0,"total_crash_count":3,"MilesLength":0.33685219}},{"type":"Feature","geometry":{"type":"LineString","coordinates":[[-95.389391,29.85966],[-95.387784,29.859673],[-95.386526,29.859688],[-95.385976,29.859671],[-95.385668,29.859643],[-95.385292,29.859584],[-95.384669,29.859445],[-95.384553,29.859415],[-95.384401,29.859384],[-95.384185,29.859342],[-95.384064,29.859319],[-95.383931,29.8593],[-95.383588,29.859271],[-95.383428,29.859264],[-95.383303,29.859263],[-95.383199,29.859269],[-95.383094,29.859282],[-95.382986,29.859297],[-95.382781,29.859315],[-95.382544,29.85933],[-95.381116,29.85935]]},"properties":{"Full_Name":"E PARKER RD","ped_crash_count":1,"ped_death_count":0,"total_crash_count":2,"MilesLength":0.49999998}},{"type":"Feature","geometry":{"type":"LineString","coordinates":[[-95.38463,29.856758],[-95.384545,29.856715],[-95.384264,29.856724],[-95.383073,29.856745],[-95.382952,29.856758],[-95.381869,29.856776],[-95.38139,29.85678],[-95.380928,29.856793],[-95.380656,29.856803],[-95.380256,29.856846],[-95.379901,29.856877],[-95.379744,29.856888],[-95.376324,29.856989]]},"properties":{"Full_Name":"E SUNNYSIDE ST","ped_crash_count":2,"ped_death_count":1,"total_crash_count":2,"MilesLength":0.49999999}},{"type":"Feature","geometry":{"type":"LineString","coordinates":[[-95.400013,29.84525],[-95.3998,29.845253],[-95.399633,29.845254],[-95.399325,29.845258],[-95.399147,29.845265],[-95.398813,29.845282],[-95.398638,29.845296],[-95.39842,29.845326],[-95.397716,29.845408],[-95.397648,29.845419],[-95.397572,29.845431],[-95.397007,29.845456],[-95.396443,29.845463],[-95.396369,29.845464],[-95.396265,29.845461],[-95.39518,29.845469],[-95.394998,29.845474],[-95.394405,29.845505],[-95.394298,29.845512],[-95.393851,29.845546],[-95.393363,29.845553],[-95.393222,29.845539],[-95.392963,29.845531],[-95.392831,29.845535],[-95.392682,29.845536],[-95.392415,29.845539],[-95.392222,29.845537],[-95.391845,29.845534],[-95.391703,29.845538]]},"properties":{"Full_Name":"E TIDWELL RD","ped_crash_count":2,"ped_death_count":2,"total_crash_count":8,"MilesLength":0.50000001}},{"type":"Feature","geometry":{"type":"LineString","coordinates":[[-95.391703,29.845538],[-95.391283,29.845549],[-95.390844,29.84555],[-95.390571,29.845535],[-95.390047,29.845505],[-95.389788,29.845507],[-95.389572,29.845508],[-95.389174,29.845509],[-95.388603,29.845511],[-95.387353,29.845516],[-95.387253,29.845517],[-95.386491,29.845519],[-95.386478,29.845519],[-95.386327,29.845519],[-95.384443,29.845527]]},"properties":{"Full_Name":"E TIDWELL RD","ped_crash_count":1,"ped_death_count":0,"total_crash_count":2,"MilesLength":0.43600426}},{"type":"Feature","geometry":{"type":"LineString","coordinates":[[-95.280103,29.97655],[-95.280068,29.976658],[-95.279862,29.977111],[-95.279494,29.977656],[-95.279177,29.978204],[-95.27855,29.979767],[-95.278487,29.979859],[-95.278405,29.980315],[-95.278447,29.980704],[-95.278483,29.980995],[-95.27844,29.981475],[-95.278379,29.981745],[-95.278251,29.98199],[-95.277995,29.982601],[-95.277782,29.982833],[-95.277512,29.983312]]},"properties":{"Full_Name":"EASTEX FWY","ped_crash_count":2,"ped_death_count":0,"total_crash_count":3,"MilesLength":0.50000001}},{"type":"Feature","geometry":{"type":"LineString","coordinates":[[-95.338121,29.846368],[-95.338129,29.847621],[-95.338127,29.848261],[-95.338141,29.848391],[-95.338146,29.848569],[-95.338147,29.84888],[-95.338152,29.849165],[-95.338152,29.849465],[-95.33816,29.850399],[-95.338177,29.850704],[-95.338198,29.85084],[-95.338224,29.850963],[-95.338289,29.851122],[-95.338336,29.851211],[-95.338394,29.851278],[-95.338589,29.851451],[-95.338749,29.851601],[-95.338838,29.851725],[-95.338914,29.851871],[-95.338954,29.852018],[-95.338957,29.852156],[-95.338938,29.852298],[-95.338908,29.852421]]},"properties":{"Full_Name":"EDELL ST","ped_crash_count":1,"ped_death_count":1,"total_crash_count":2,"MilesLength":0.43130772}},{"type":"Feature","geometry":{"type":"LineString","coordinates":[[-95.237984,29.643826],[-95.238855,29.643419],[-95.23938,29.643172],[-95.240598,29.642601],[-95.240966,29.642428],[-95.241503,29.642176],[-95.242106,29.641832],[-95.243021,29.641184],[-95.243208,29.641032],[-95.243331,29.640933],[-95.243462,29.640826],[-95.243619,29.640698]]},"properties":{"Full_Name":"EDGEBROOK DR","ped_crash_count":4,"ped_death_count":4,"total_crash_count":5,"MilesLength":0.40362064}},{"type":"Feature","geometry":{"type":"LineString","coordinates":[[-95.222202,29.646988],[-95.222494,29.64672],[-95.222799,29.646506],[-95.223609,29.64608],[-95.224258,29.645789],[-95.225074,29.645561],[-95.225723,29.64544],[-95.226565,29.645389],[-95.22851,29.645358],[-95.229607,29.645343],[-95.230021,29.645344]]},"properties":{"Full_Name":"EDGEBROOK DR","ped_crash_count":1,"ped_death_count":0,"total_crash_count":2,"MilesLength":0.49999998}},{"type":"Feature","geometry":{"type":"LineString","coordinates":[[-95.14663,29.558044],[-95.146457,29.558157],[-95.145971,29.558474],[-95.145555,29.558758],[-95.145357,29.558872],[-95.144698,29.559284],[-95.14438,29.559484],[-95.144249,29.559569],[-95.143176,29.560209],[-95.142668,29.560532],[-95.141828,29.561066],[-95.141616,29.56119],[-95.140674,29.561891],[-95.140377,29.562084],[-95.139977,29.56238]]},"properties":{"Full_Name":"EL DORADO BLVD","ped_crash_count":1,"ped_death_count":0,"total_crash_count":7,"MilesLength":0.49999997}},{"type":"Feature","geometry":{"type":"LineString","coordinates":[[-95.381702,29.744451],[-95.381327,29.744235],[-95.380495,29.743706],[-95.379646,29.743213],[-95.378791,29.742687],[-95.377936,29.742173],[-95.37719,29.74174],[-95.377047,29.741657],[-95.376615,29.741378],[-95.376187,29.741103],[-95.375329,29.740599],[-95.374861,29.740322]]},"properties":{"Full_Name":"ELGIN ST","ped_crash_count":2,"ped_death_count":0,"total_crash_count":4,"MilesLength":0.49999999}},{"type":"Feature","geometry":{"type":"LineString","coordinates":[[-95.353702,29.728965],[-95.353403,29.728854],[-95.352015,29.728462],[-95.351614,29.728337],[-95.351135,29.728194],[-95.350398,29.727973],[-95.349899,29.727849],[-95.349739,29.727791],[-95.349559,29.727771],[-95.349354,29.727764],[-95.348897,29.727774],[-95.348493,29.727816],[-95.348097,29.727873],[-95.347634,29.727967],[-95.347264,29.728009],[-95.346874,29.728037],[-95.346443,29.727998],[-95.346176,29.72796],[-95.345881,29.72789],[-95.345814,29.727873],[-95.345664,29.727825]]},"properties":{"Full_Name":"ELGIN ST","ped_crash_count":1,"ped_death_count":0,"total_crash_count":2,"MilesLength":0.49999998}},{"type":"Feature","geometry":{"type":"LineString","coordinates":[[-95.43222,29.936968],[-95.43228,29.937279],[-95.432328,29.937631],[-95.432364,29.937899],[-95.432407,29.938213],[-95.432656,29.939248],[-95.432704,29.939674],[-95.432737,29.940119],[-95.432655,29.94088],[-95.432584,29.941412],[-95.43251,29.941795],[-95.43244,29.942118],[-95.432428,29.94251],[-95.432443,29.942887],[-95.432446,29.943063],[-95.43245,29.943244]]},"properties":{"Full_Name":"ELLA BLVD","ped_crash_count":1,"ped_death_count":0,"total_crash_count":2,"MilesLength":0.43604429}},{"type":"Feature","geometry":{"type":"LineString","coordinates":[[-95.358239,29.743014],[-95.358259,29.742988],[-95.358354,29.742868],[-95.358435,29.742767],[-95.358549,29.742623],[-95.358598,29.742561],[-95.35885,29.742255],[-95.35944,29.74151],[-95.360013,29.740761],[-95.360603,29.740035],[-95.36133,29.739102],[-95.362088,29.738182],[-95.362508,29.737629],[-95.362796,29.737266],[-95.36292,29.737104],[-95.362969,29.737042]]},"properties":{"Full_Name":"EMANCIPATION AVE","ped_crash_count":1,"ped_death_count":1,"total_crash_count":5,"MilesLength":0.50000003}},{"type":"Feature","geometry":{"type":"LineString","coordinates":[[-95.403193,29.68091],[-95.40318,29.679275],[-95.403162,29.67909],[-95.40313,29.678745],[-95.403108,29.678518],[-95.403136,29.677947],[-95.403126,29.677602],[-95.403132,29.676947],[-95.403128,29.676448],[-95.403208,29.67573],[-95.403252,29.675171],[-95.403295,29.674862],[-95.403223,29.674065],[-95.40312,29.673745],[-95.403098,29.673677]]},"properties":{"Full_Name":"FANNIN ST","ped_crash_count":1,"ped_death_count":0,"total_crash_count":2,"MilesLength":0.5}},{"type":"Feature","geometry":{"type":"LineString","coordinates":[[-95.401794,29.708568],[-95.401999,29.708312],[-95.402624,29.70754],[-95.402736,29.70739],[-95.402877,29.707169],[-95.402978,29.706904],[-95.403017,29.706736],[-95.403024,29.706235],[-95.403001,29.704722],[-95.402957,29.704298],[-95.402849,29.703701],[-95.402455,29.702398],[-95.402303,29.701946],[-95.40222,29.7017]]},"properties":{"Full_Name":"FANNIN ST","ped_crash_count":1,"ped_death_count":0,"total_crash_count":4,"MilesLength":0.50000006}},{"type":"Feature","geometry":{"type":"LineString","coordinates":[[-95.368902,29.750324],[-95.369213,29.749926],[-95.369378,29.749715],[-95.369985,29.748955],[-95.370088,29.748825],[-95.37018,29.748707],[-95.370579,29.7482],[-95.371148,29.747475],[-95.371735,29.746736],[-95.372284,29.746048],[-95.372539,29.745731],[-95.372745,29.745481],[-95.373208,29.744878],[-95.373618,29.744344]]},"properties":{"Full_Name":"FANNIN ST","ped_crash_count":5,"ped_death_count":0,"total_crash_count":11,"MilesLength":0.50000003}},{"type":"Feature","geometry":{"type":"LineString","coordinates":[[-95.364169,29.756295],[-95.364646,29.755694],[-95.365243,29.754935],[-95.365826,29.754192],[-95.366413,29.753448],[-95.367005,29.752705],[-95.367606,29.751954],[-95.368198,29.751209],[-95.36879,29.750467],[-95.368902,29.750324]]},"properties":{"Full_Name":"FANNIN ST","ped_crash_count":1,"ped_death_count":0,"total_crash_count":5,"MilesLength":0.49999997}},{"type":"Feature","geometry":{"type":"LineString","coordinates":[[-95.213419,29.769495],[-95.21334,29.769165],[-95.213299,29.76882],[-95.213276,29.768432],[-95.213256,29.767803],[-95.213269,29.767252],[-95.213225,29.766613],[-95.213206,29.766358],[-95.213185,29.765836],[-95.213124,29.765026],[-95.213125,29.764981],[-95.213138,29.764229],[-95.213103,29.763434],[-95.213075,29.762633],[-95.213052,29.762302],[-95.213049,29.762251]]},"properties":{"Full_Name":"FEDERAL RD","ped_crash_count":1,"ped_death_count":0,"total_crash_count":4,"MilesLength":0.49999998}},{"type":"Feature","geometry":{"type":"LineString","coordinates":[[-95.217977,29.775312],[-95.217908,29.775192],[-95.217481,29.774696],[-95.21733,29.774482],[-95.217161,29.774347],[-95.213902,29.771387],[-95.213704,29.770997],[-95.213668,29.77074],[-95.213632,29.770482],[-95.213601,29.770256],[-95.213419,29.769495]]},"properties":{"Full_Name":"FEDERAL RD","ped_crash_count":2,"ped_death_count":0,"total_crash_count":10,"MilesLength":0.50000001}},{"type":"Feature","geometry":{"type":"LineString","coordinates":[[-95.421875,29.742174],[-95.42187,29.741811],[-95.421912,29.741603],[-95.421916,29.741369],[-95.421898,29.740103],[-95.421882,29.738437],[-95.421867,29.738125],[-95.421831,29.737875],[-95.421807,29.736552],[-95.421811,29.735225],[-95.421804,29.734919]]},"properties":{"Full_Name":"FERNDALE ST","ped_crash_count":1,"ped_death_count":0,"total_crash_count":2,"MilesLength":0.49999997}},{"type":"Feature","geometry":{"type":"LineString","coordinates":[[-95.28272,29.69345],[-95.280518,29.693483],[-95.277687,29.693572],[-95.276929,29.69357],[-95.274836,29.693623],[-95.274408,29.69363]]},"properties":{"Full_Name":"FINDLAY ST","ped_crash_count":1,"ped_death_count":0,"total_crash_count":3,"MilesLength":0.49999999}},{"type":"Feature","geometry":{"type":"LineString","coordinates":[[-95.408163,29.768281],[-95.408253,29.76828],[-95.408321,29.768274],[-95.409429,29.76827],[-95.409872,29.768267],[-95.410584,29.768255],[-95.411488,29.768238],[-95.412464,29.768226],[-95.413391,29.768196]]},"properties":{"Full_Name":"FLOYD ST","ped_crash_count":1,"ped_death_count":0,"total_crash_count":2,"MilesLength":0.31420788}},{"type":"Feature","geometry":{"type":"LineString","coordinates":[[-95.548085,29.960239],[-95.549381,29.959111],[-95.550016,29.958567],[-95.552565,29.956478],[-95.553632,29.955528],[-95.553929,29.95526],[-95.55404,29.95516]]},"properties":{"Full_Name":"FM 1960 W","ped_crash_count":2,"ped_death_count":2,"total_crash_count":11,"MilesLength":0.50000001}},{"type":"Feature","geometry":{"type":"LineString","coordinates":[[-95.507585,29.630797],[-95.507577,29.630768],[-95.507528,29.63033],[-95.507491,29.629988],[-95.507387,29.628845],[-95.507377,29.628377],[-95.507368,29.627947],[-95.507353,29.627489],[-95.507354,29.627271],[-95.507339,29.626809],[-95.507325,29.62634],[-95.507336,29.625877],[-95.507359,29.624881],[-95.507552,29.623557]]},"properties":{"Full_Name":"FONDREN RD","ped_crash_count":1,"ped_death_count":1,"total_crash_count":4,"MilesLength":0.50000001}},{"type":"Feature","geometry":{"type":"LineString","coordinates":[[-95.508252,29.637996],[-95.508204,29.636549],[-95.50819,29.635494],[-95.508202,29.634493],[-95.508205,29.634308],[-95.508121,29.632659],[-95.507955,29.631961],[-95.507817,29.631543],[-95.507663,29.631088],[-95.507585,29.630797]]},"properties":{"Full_Name":"FONDREN RD","ped_crash_count":1,"ped_death_count":1,"total_crash_count":2,"MilesLength":0.49999995}},{"type":"Feature","geometry":{"type":"MultiLineString","coordinates":[[[-95.508312,29.645255],[-95.508309,29.645038],[-95.508305,29.644717],[-95.5083,29.644237],[-95.508312,29.643786],[-95.508308,29.643181],[-95.50831,29.642864],[-95.508311,29.64272],[-95.508278,29.641235],[-95.508287,29.640858],[-95.508281,29.640391],[-95.508272,29.638795]],[[-95.508267,29.638443],[-95.508252,29.637996]]]},"properties":{"Full_Name":"FONDREN RD","ped_crash_count":3,"ped_death_count":0,"total_crash_count":7,"MilesLength":0.47579574}},{"type":"Feature","geometry":{"type":"LineString","coordinates":[[-95.508394,29.652514],[-95.508392,29.652132],[-95.508383,29.651532],[-95.50837,29.651143],[-95.508359,29.650519],[-95.508371,29.65037],[-95.508357,29.650081],[-95.508351,29.649422],[-95.508348,29.648866],[-95.508347,29.648501],[-95.508359,29.648395],[-95.508332,29.647396],[-95.508335,29.64731],[-95.50833,29.646904],[-95.508328,29.646713],[-95.508318,29.64582],[-95.508313,29.645382],[-95.508312,29.645255]]},"properties":{"Full_Name":"FONDREN RD","ped_crash_count":1,"ped_death_count":0,"total_crash_count":3,"MilesLength":0.49999998}},{"type":"Feature","geometry":{"type":"LineString","coordinates":[[-95.508462,29.659773],[-95.50845,29.659194],[-95.508446,29.658729],[-95.508443,29.658387],[-95.50844,29.658159],[-95.508435,29.657741],[-95.508428,29.657555],[-95.50842,29.656734],[-95.508419,29.656596],[-95.508433,29.656023],[-95.50842,29.65528],[-95.508418,29.654934],[-95.508417,29.654697],[-95.508415,29.654606],[-95.508411,29.654457],[-95.508399,29.653919],[-95.508397,29.653527],[-95.508396,29.653035],[-95.508394,29.652514]]},"properties":{"Full_Name":"FONDREN RD","ped_crash_count":3,"ped_death_count":0,"total_crash_count":4,"MilesLength":0.49999998}},{"type":"Feature","geometry":{"type":"LineString","coordinates":[[-95.521301,29.706788],[-95.521295,29.706421],[-95.52131,29.705144],[-95.521249,29.704503],[-95.52113,29.704009],[-95.521025,29.703702],[-95.520954,29.70353],[-95.520896,29.703407],[-95.520702,29.703062],[-95.52054,29.702818],[-95.52038,29.70261],[-95.52027,29.702461],[-95.520139,29.702325],[-95.518868,29.701218],[-95.518484,29.700903],[-95.518033,29.700545]]},"properties":{"Full_Name":"FONDREN RD","ped_crash_count":5,"ped_death_count":1,"total_crash_count":7,"MilesLength":0.49999998}},{"type":"Feature","geometry":{"type":"LineString","coordinates":[[-95.520416,29.713905],[-95.520418,29.713901],[-95.520815,29.71318],[-95.521088,29.712542],[-95.521262,29.71188],[-95.521321,29.711341],[-95.521329,29.709395],[-95.521341,29.708984],[-95.521352,29.708418],[-95.52131,29.707434],[-95.521301,29.706788]]},"properties":{"Full_Name":"FONDREN RD","ped_crash_count":1,"ped_death_count":1,"total_crash_count":5,"MilesLength":0.50000003}},{"type":"Feature","geometry":{"type":"LineString","coordinates":[[-95.520213,29.7211],[-95.520146,29.720859],[-95.520095,29.720533],[-95.520033,29.72026],[-95.520014,29.719635],[-95.519998,29.717758],[-95.520004,29.717085],[-95.519975,29.71625],[-95.519982,29.715908],[-95.519984,29.715737],[-95.519994,29.715435],[-95.520037,29.715203],[-95.520136,29.714673],[-95.520296,29.714159],[-95.520416,29.713905]]},"properties":{"Full_Name":"FONDREN RD","ped_crash_count":3,"ped_death_count":0,"total_crash_count":6,"MilesLength":0.49999999}},{"type":"Feature","geometry":{"type":"LineString","coordinates":[[-95.503711,29.638571],[-95.5046,29.638559],[-95.505639,29.638558],[-95.506102,29.638552],[-95.506877,29.638533],[-95.508268,29.63852]]},"properties":{"Full_Name":"FONMEADOW DR","ped_crash_count":1,"ped_death_count":0,"total_crash_count":2,"MilesLength":0.27422362}},{"type":"Feature","geometry":{"type":"LineString","coordinates":[[-95.555163,29.674987],[-95.555105,29.674382],[-95.555022,29.673853],[-95.554988,29.6737],[-95.554972,29.673091],[-95.55497,29.67301],[-95.554969,29.672856],[-95.554955,29.672357],[-95.554942,29.671608],[-95.554941,29.671076],[-95.554932,29.670568],[-95.554931,29.670165],[-95.554919,29.669169],[-95.554917,29.669019],[-95.554912,29.668606],[-95.554907,29.668435],[-95.554899,29.668049],[-95.554896,29.667908],[-95.554934,29.667791]]},"properties":{"Full_Name":"FORUM PARK DR","ped_crash_count":2,"ped_death_count":0,"total_crash_count":3,"MilesLength":0.49663351}},{"type":"Feature","geometry":{"type":"LineString","coordinates":[[-95.361102,29.763583],[-95.361018,29.763533],[-95.360156,29.763003],[-95.359355,29.76254],[-95.359267,29.762489],[-95.358399,29.76197],[-95.357557,29.761452],[-95.356698,29.760941],[-95.355828,29.760426],[-95.354977,29.759906],[-95.354252,29.759462]]},"properties":{"Full_Name":"FRANKLIN ST","ped_crash_count":1,"ped_death_count":0,"total_crash_count":3,"MilesLength":0.49999995}},{"type":"Feature","geometry":{"type":"LineString","coordinates":[[-95.367844,29.797074],[-95.367873,29.797136],[-95.367905,29.797228],[-95.367878,29.798192],[-95.367932,29.798758],[-95.367941,29.79933],[-95.367931,29.799967],[-95.367928,29.800794],[-95.367902,29.801555],[-95.367921,29.802076],[-95.367942,29.802289],[-95.367967,29.80238],[-95.367999,29.802474],[-95.368043,29.802567],[-95.368085,29.802638],[-95.368326,29.803243],[-95.368614,29.80413],[-95.368632,29.804226]]},"properties":{"Full_Name":"FULTON ST","ped_crash_count":1,"ped_death_count":0,"total_crash_count":3,"MilesLength":0.50000001}},{"type":"Feature","geometry":{"type":"LineString","coordinates":[[-95.369705,29.811408],[-95.369718,29.811625],[-95.369746,29.811728],[-95.369743,29.812285],[-95.369727,29.812913],[-95.369761,29.81347],[-95.369793,29.813669],[-95.369838,29.813948],[-95.369867,29.81413],[-95.36995,29.81443],[-95.370047,29.814678],[-95.370428,29.815499],[-95.370719,29.816239],[-95.370883,29.81667],[-95.371021,29.816992],[-95.371132,29.817263],[-95.37125,29.81743],[-95.371399,29.817604],[-95.371504,29.817748],[-95.371661,29.817899],[-95.371869,29.818051],[-95.372049,29.818137]]},"properties":{"Full_Name":"FULTON ST","ped_crash_count":1,"ped_death_count":0,"total_crash_count":3,"MilesLength":0.5}},{"type":"Feature","geometry":{"type":"LineString","coordinates":[[-95.502707,29.6004],[-95.503464,29.60072],[-95.504305,29.601064],[-95.505341,29.601357],[-95.506106,29.601438],[-95.506534,29.601458],[-95.506993,29.601431],[-95.507497,29.60144]]},"properties":{"Full_Name":"FUQUA ST","ped_crash_count":1,"ped_death_count":1,"total_crash_count":2,"MilesLength":0.30219257}},{"type":"Feature","geometry":{"type":"LineString","coordinates":[[-95.231485,29.611325],[-95.229987,29.611366],[-95.229765,29.611372],[-95.229541,29.611373],[-95.229187,29.611388],[-95.228733,29.611394],[-95.228218,29.611403],[-95.227905,29.611408],[-95.227637,29.611412],[-95.22735,29.611416],[-95.226607,29.611428],[-95.226481,29.611437],[-95.225748,29.611492],[-95.225131,29.611585],[-95.224827,29.611654],[-95.224394,29.611741],[-95.223989,29.611857],[-95.223285,29.612099]]},"properties":{"Full_Name":"FUQUA ST","ped_crash_count":1,"ped_death_count":1,"total_crash_count":3,"MilesLength":0.50000001}},{"type":"Feature","geometry":{"type":"LineString","coordinates":[[-95.188986,29.61323],[-95.188223,29.612579],[-95.186201,29.610405],[-95.185338,29.609446],[-95.18437,29.608442],[-95.183647,29.607674]]},"properties":{"Full_Name":"GALVESTON RD","ped_crash_count":1,"ped_death_count":1,"total_crash_count":3,"MilesLength":0.50000001}},{"type":"Feature","geometry":{"type":"LineString","coordinates":[[-95.26492,29.695385],[-95.264685,29.695138],[-95.264154,29.694564],[-95.263252,29.693584],[-95.261171,29.691355],[-95.260041,29.690195],[-95.259653,29.689768]]},"properties":{"Full_Name":"GALVESTON RD","ped_crash_count":1,"ped_death_count":0,"total_crash_count":4,"MilesLength":0.50000006}},{"type":"Feature","geometry":{"type":"LineString","coordinates":[[-95.449506,29.883528],[-95.45038,29.882862],[-95.45055,29.882799],[-95.450754,29.882778],[-95.452658,29.882775],[-95.452803,29.882787],[-95.452885,29.882851],[-95.45297,29.882959],[-95.453226,29.883701],[-95.453345,29.883952],[-95.453463,29.884269],[-95.453468,29.884281],[-95.453474,29.884294],[-95.45348,29.884306],[-95.453487,29.884318],[-95.453494,29.88433],[-95.453502,29.884342],[-95.453511,29.884353],[-95.45352,29.884364],[-95.453529,29.884374],[-95.45354,29.884384],[-95.45355,29.884394],[-95.453561,29.884403],[-95.453573,29.884412],[-95.453585,29.884421]]},"properties":{"Full_Name":"GARDEN CITY DR","ped_crash_count":1,"ped_death_count":1,"total_crash_count":3,"MilesLength":0.33969494}},{"type":"Feature","geometry":{"type":"LineString","coordinates":[[-95.544055,29.786364],[-95.544096,29.787044],[-95.544127,29.787402],[-95.544227,29.787788],[-95.544303,29.788042],[-95.544412,29.788309],[-95.544487,29.788571],[-95.54454,29.788866],[-95.544563,29.789192],[-95.544577,29.789992],[-95.544584,29.790376],[-95.544607,29.790853],[-95.54462,29.791389],[-95.544628,29.791975],[-95.544639,29.792672],[-95.544659,29.793574]]},"properties":{"Full_Name":"GESSNER RD","ped_crash_count":1,"ped_death_count":1,"total_crash_count":3,"MilesLength":0.49999996}},{"type":"Feature","geometry":{"type":"LineString","coordinates":[[-95.544497,29.779149],[-95.544507,29.779653],[-95.544496,29.779973],[-95.544456,29.780526],[-95.544368,29.780949],[-95.544326,29.781103],[-95.544204,29.781608],[-95.544032,29.782199],[-95.544011,29.782527],[-95.543984,29.782853],[-95.543988,29.783515],[-95.543989,29.783722],[-95.543987,29.783913],[-95.543979,29.784112],[-95.543975,29.784206],[-95.543975,29.784214],[-95.543974,29.784315],[-95.543971,29.784516],[-95.543988,29.785081],[-95.544004,29.78546],[-95.544018,29.785755],[-95.544055,29.786364]]},"properties":{"Full_Name":"GESSNER RD","ped_crash_count":5,"ped_death_count":1,"total_crash_count":11,"MilesLength":0.50000006}},{"type":"Feature","geometry":{"type":"LineString","coordinates":[[-95.544406,29.771891],[-95.544406,29.771905],[-95.544404,29.772287],[-95.544425,29.772733],[-95.544433,29.773109],[-95.54443,29.773562],[-95.544446,29.773957],[-95.544441,29.774361],[-95.544457,29.774761],[-95.54446,29.775147],[-95.544465,29.775617],[-95.54446,29.775917],[-95.544456,29.77653],[-95.544451,29.776708],[-95.544475,29.777478],[-95.544485,29.778216],[-95.544496,29.779096],[-95.544497,29.779149]]},"properties":{"Full_Name":"GESSNER RD","ped_crash_count":7,"ped_death_count":1,"total_crash_count":8,"MilesLength":0.49999996}},{"type":"Feature","geometry":{"type":"LineString","coordinates":[[-95.545318,29.829861],[-95.545318,29.829878],[-95.545321,29.830499],[-95.545328,29.832243],[-95.545303,29.832582],[-95.545257,29.83284],[-95.545202,29.833106],[-95.545132,29.833316],[-95.545075,29.833568],[-95.545039,29.833945],[-95.545035,29.834066],[-95.545039,29.834186],[-95.545045,29.835287],[-95.545051,29.836286],[-95.545056,29.837098]]},"properties":{"Full_Name":"GESSNER RD","ped_crash_count":1,"ped_death_count":1,"total_crash_count":5,"MilesLength":0.49999999}},{"type":"Feature","geometry":{"type":"LineString","coordinates":[[-95.545206,29.815342],[-95.545205,29.815401],[-95.545216,29.816105],[-95.545219,29.816566],[-95.545235,29.817275],[-95.545226,29.817698],[-95.545229,29.818508],[-95.545233,29.819055],[-95.545244,29.819576],[-95.545243,29.820051],[-95.545253,29.820886],[-95.545261,29.821278],[-95.545266,29.822602]]},"properties":{"Full_Name":"GESSNER RD","ped_crash_count":2,"ped_death_count":0,"total_crash_count":2,"MilesLength":0.49999998}},{"type":"Feature","geometry":{"type":"LineString","coordinates":[[-95.34471,29.642352],[-95.344703,29.641833],[-95.344725,29.640096],[-95.344721,29.639334],[-95.344768,29.638959],[-95.344837,29.638746],[-95.344964,29.638501],[-95.345024,29.638412],[-95.345314,29.637905],[-95.345502,29.637601],[-95.345688,29.63719],[-95.345742,29.636861],[-95.34572,29.63646]]},"properties":{"Full_Name":"GLEN HOLLOW DR","ped_crash_count":1,"ped_death_count":0,"total_crash_count":2,"MilesLength":0.41851534}},{"type":"Feature","geometry":{"type":"LineString","coordinates":[[-95.480296,29.720122],[-95.480656,29.720121],[-95.481655,29.720106],[-95.482354,29.720095],[-95.482623,29.720091],[-95.482842,29.720087],[-95.483343,29.72008],[-95.484113,29.720068],[-95.484857,29.720056],[-95.486649,29.72004],[-95.487999,29.720028],[-95.488613,29.720016]]},"properties":{"Full_Name":"GLENMONT DR","ped_crash_count":2,"ped_death_count":0,"total_crash_count":3,"MilesLength":0.50000001}},{"type":"Feature","geometry":{"type":"LineString","coordinates":[[-95.471979,29.720191],[-95.472287,29.720187],[-95.473059,29.720188],[-95.473319,29.720185],[-95.473501,29.720182],[-95.473707,29.720179],[-95.474326,29.720167],[-95.474464,29.720164],[-95.475383,29.720148],[-95.475461,29.720147],[-95.476451,29.720147],[-95.476887,29.720134],[-95.477537,29.720132],[-95.477926,29.720131],[-95.478469,29.720129],[-95.479423,29.720126],[-95.480296,29.720122]]},"properties":{"Full_Name":"GLENMONT DR","ped_crash_count":3,"ped_death_count":0,"total_crash_count":7,"MilesLength":0.49999999}},{"type":"Feature","geometry":{"type":"LineString","coordinates":[[-95.411756,29.924651],[-95.411051,29.924613],[-95.410834,29.924605],[-95.409904,29.924596],[-95.409663,29.924659],[-95.409192,29.924787],[-95.408563,29.924954],[-95.408078,29.925093],[-95.407795,29.925134],[-95.405661,29.925161],[-95.405031,29.925169],[-95.404606,29.925174],[-95.404339,29.925177],[-95.403522,29.925187],[-95.403515,29.925187]]},"properties":{"Full_Name":"GOODSON DR","ped_crash_count":1,"ped_death_count":0,"total_crash_count":3,"MilesLength":0.49999999}},{"type":"Feature","geometry":{"type":"LineString","coordinates":[[-95.374634,29.750683],[-95.374024,29.750313],[-95.373193,29.749784],[-95.372313,29.749265],[-95.371424,29.748734],[-95.370579,29.7482],[-95.369719,29.747704],[-95.369301,29.747452],[-95.368842,29.747181],[-95.36798,29.746664],[-95.367793,29.746552]]},"properties":{"Full_Name":"GRAY ST","ped_crash_count":1,"ped_death_count":0,"total_crash_count":7,"MilesLength":0.50000003}},{"type":"Feature","geometry":{"type":"LineString","coordinates":[[-95.412893,29.734457],[-95.412889,29.734219],[-95.412876,29.733375],[-95.412861,29.732486],[-95.412866,29.731963],[-95.412819,29.731685],[-95.412829,29.731209],[-95.412834,29.731097],[-95.412841,29.730933],[-95.412846,29.730839],[-95.41285,29.730734],[-95.412854,29.730658],[-95.41286,29.73052],[-95.412863,29.730454],[-95.412839,29.729817],[-95.412834,29.729244],[-95.412827,29.728627],[-95.412805,29.727797],[-95.412804,29.727202]]},"properties":{"Full_Name":"GREENBRIAR DR","ped_crash_count":1,"ped_death_count":0,"total_crash_count":2,"MilesLength":0.49999996}},{"type":"Feature","geometry":{"type":"LineString","coordinates":[[-95.551451,29.685456],[-95.551863,29.685453],[-95.552173,29.685372],[-95.553587,29.684825],[-95.554042,29.684645],[-95.554831,29.684323],[-95.555631,29.68401],[-95.556224,29.683807],[-95.556672,29.683717],[-95.556764,29.683698],[-95.557315,29.683665],[-95.557333,29.683667],[-95.557348,29.683664],[-95.558176,29.683718]]},"properties":{"Full_Name":"GREENFORK DR","ped_crash_count":2,"ped_death_count":0,"total_crash_count":2,"MilesLength":0.42913103}},{"type":"Feature","geometry":{"type":"LineString","coordinates":[[-95.489859,29.73774],[-95.489851,29.737026],[-95.489824,29.73535],[-95.489824,29.734795],[-95.489824,29.734261],[-95.489818,29.732996],[-95.489802,29.732307]]},"properties":{"Full_Name":"GREENRIDGE DR","ped_crash_count":1,"ped_death_count":0,"total_crash_count":3,"MilesLength":0.37417646}},{"type":"Feature","geometry":{"type":"LineString","coordinates":[[-95.43401,29.943054],[-95.434456,29.943045],[-95.435329,29.942941],[-95.435984,29.942817],[-95.436587,29.94267],[-95.43726,29.94245],[-95.43762,29.942326],[-95.438085,29.942174],[-95.438311,29.942114],[-95.438977,29.941971],[-95.439272,29.941908],[-95.439934,29.941781],[-95.440227,29.941743],[-95.440479,29.941716],[-95.44071,29.941685],[-95.440989,29.941661],[-95.441175,29.941658],[-95.441717,29.941707],[-95.442016,29.941779],[-95.44211,29.941808]]},"properties":{"Full_Name":"GREENS PKWY","ped_crash_count":1,"ped_death_count":0,"total_crash_count":3,"MilesLength":0.49999998}},{"type":"Feature","geometry":{"type":"LineString","coordinates":[[-95.400084,29.95059],[-95.399483,29.950603],[-95.39812,29.950619],[-95.397073,29.950627],[-95.395702,29.950638],[-95.395491,29.950637],[-95.394167,29.950654],[-95.393192,29.95066],[-95.391749,29.950684]]},"properties":{"Full_Name":"GREENS RD","ped_crash_count":1,"ped_death_count":0,"total_crash_count":5,"MilesLength":0.5}},{"type":"Feature","geometry":{"type":"LineString","coordinates":[[-95.301321,29.952176],[-95.299917,29.95219],[-95.294429,29.952219],[-95.293848,29.952214],[-95.293614,29.952227],[-95.293047,29.952243],[-95.292986,29.952243]]},"properties":{"Full_Name":"GREENS RD","ped_crash_count":2,"ped_death_count":0,"total_crash_count":2,"MilesLength":0.49999996}},{"type":"Feature","geometry":{"type":"LineString","coordinates":[[-95.407319,29.931727],[-95.407406,29.934741],[-95.407423,29.935957],[-95.407447,29.936647],[-95.407452,29.937381],[-95.407464,29.937869],[-95.407468,29.938173],[-95.407516,29.938559],[-95.40752,29.938983]]},"properties":{"Full_Name":"GREENSPOINT DR","ped_crash_count":1,"ped_death_count":1,"total_crash_count":2,"MilesLength":0.49999997}},{"type":"Feature","geometry":{"type":"LineString","coordinates":[[-95.335778,29.778561],[-95.335781,29.778874],[-95.335783,29.779154],[-95.335789,29.779563],[-95.335798,29.779851],[-95.335804,29.780223],[-95.335815,29.780844],[-95.335829,29.781847],[-95.335837,29.78283],[-95.335836,29.783825],[-95.335854,29.784715],[-95.335863,29.785278],[-95.335857,29.785821]]},"properties":{"Full_Name":"GREGG ST","ped_crash_count":1,"ped_death_count":0,"total_crash_count":3,"MilesLength":0.50000001}},{"type":"Feature","geometry":{"type":"LineString","coordinates":[[-95.341704,29.699627],[-95.341531,29.699573],[-95.341173,29.699455],[-95.340749,29.699324],[-95.34046,29.699235],[-95.338947,29.698617],[-95.33777,29.698224],[-95.336773,29.697897],[-95.336708,29.697875],[-95.335925,29.697613],[-95.335207,29.69739],[-95.335009,29.697313],[-95.33404,29.696989],[-95.333971,29.696967]]},"properties":{"Full_Name":"GRIGGS RD","ped_crash_count":1,"ped_death_count":0,"total_crash_count":2,"MilesLength":0.49999998}},{"type":"Feature","geometry":{"type":"LineString","coordinates":[[-95.493007,29.716343],[-95.493116,29.716344],[-95.493325,29.716351],[-95.493997,29.716322],[-95.494281,29.716291],[-95.494544,29.716255],[-95.494929,29.716178],[-95.495239,29.716071],[-95.4957,29.715901],[-95.496223,29.715644],[-95.496419,29.715512],[-95.49661,29.715383],[-95.497135,29.714944],[-95.49785,29.714306],[-95.498504,29.713722]]},"properties":{"Full_Name":"GULFTON DR","ped_crash_count":2,"ped_death_count":0,"total_crash_count":4,"MilesLength":0.39351083}},{"type":"Feature","geometry":{"type":"LineString","coordinates":[[-95.484691,29.71643],[-95.484807,29.716429],[-95.485068,29.716426],[-95.486607,29.71641],[-95.486784,29.716408],[-95.487021,29.716405],[-95.487766,29.716398],[-95.488745,29.716387],[-95.488969,29.716386],[-95.490134,29.716372],[-95.491436,29.716358],[-95.491625,29.716356],[-95.492797,29.716343],[-95.493007,29.716343]]},"properties":{"Full_Name":"GULFTON DR","ped_crash_count":2,"ped_death_count":0,"total_crash_count":4,"MilesLength":0.5}},{"type":"Feature","geometry":{"type":"LineString","coordinates":[[-95.397936,29.752415],[-95.397996,29.752265],[-95.39879,29.751882],[-95.400203,29.751232],[-95.400774,29.750955],[-95.400872,29.750902],[-95.400964,29.750864],[-95.401102,29.750824],[-95.401241,29.750805],[-95.401373,29.750798],[-95.402183,29.750799],[-95.402574,29.750795],[-95.403015,29.750792],[-95.403867,29.750778],[-95.404711,29.750776],[-95.404827,29.750765],[-95.405571,29.750754],[-95.405717,29.750753]]},"properties":{"Full_Name":"HADDON ST","ped_crash_count":1,"ped_death_count":0,"total_crash_count":3,"MilesLength":0.49999998}},{"type":"Feature","geometry":{"type":"LineString","coordinates":[[-95.360793,29.747721],[-95.361312,29.747051],[-95.361908,29.746316],[-95.362485,29.745575],[-95.362584,29.745459],[-95.362777,29.745232],[-95.362982,29.744989],[-95.363119,29.744828],[-95.363294,29.744573],[-95.363713,29.744087],[-95.363961,29.743796],[-95.36404,29.743703],[-95.364506,29.743121],[-95.364896,29.74263],[-95.365574,29.741782]]},"properties":{"Full_Name":"HAMILTON ST","ped_crash_count":2,"ped_death_count":0,"total_crash_count":9,"MilesLength":0.50000004}},{"type":"Feature","geometry":{"type":"LineString","coordinates":[[-95.35183,29.759099],[-95.352417,29.75835],[-95.352998,29.757606],[-95.353598,29.756837],[-95.354796,29.755322],[-95.355411,29.754772],[-95.355443,29.754765]]},"properties":{"Full_Name":"HAMILTON ST","ped_crash_count":1,"ped_death_count":0,"total_crash_count":3,"MilesLength":0.37027508}},{"type":"Feature","geometry":{"type":"LineString","coordinates":[[-95.540348,29.812718],[-95.540702,29.812731],[-95.541233,29.812715],[-95.541894,29.812716],[-95.542251,29.812711],[-95.544098,29.812687],[-95.545216,29.812692]]},"properties":{"Full_Name":"HAMMERLY BLVD","ped_crash_count":1,"ped_death_count":0,"total_crash_count":4,"MilesLength":0.29241244}},{"type":"Feature","geometry":{"type":"LineString","coordinates":[[-95.297399,29.734179],[-95.297244,29.734131],[-95.296046,29.733762],[-95.294074,29.733143],[-95.293026,29.732824],[-95.292156,29.732556],[-95.290981,29.732194],[-95.290432,29.73204],[-95.290121,29.731934],[-95.289555,29.731764]]},"properties":{"Full_Name":"HARRISBURG BLVD","ped_crash_count":1,"ped_death_count":0,"total_crash_count":3,"MilesLength":0.49999999}},{"type":"Feature","geometry":{"type":"LineString","coordinates":[[-95.305235,29.736614],[-95.304303,29.73634],[-95.30288,29.735903],[-95.302331,29.735726],[-95.301152,29.735337],[-95.299959,29.734964],[-95.298005,29.734367],[-95.297399,29.734179]]},"properties":{"Full_Name":"HARRISBURG BLVD","ped_crash_count":1,"ped_death_count":0,"total_crash_count":4,"MilesLength":0.5}},{"type":"Feature","geometry":{"type":"LineString","coordinates":[[-95.570951,29.715576],[-95.571408,29.715535],[-95.572,29.715493],[-95.572256,29.715477],[-95.573056,29.715407],[-95.573368,29.715378],[-95.574257,29.715304],[-95.575592,29.715207],[-95.575981,29.715226],[-95.576148,29.715234],[-95.576521,29.715288],[-95.576889,29.715383],[-95.577528,29.715634],[-95.577957,29.715809],[-95.578351,29.715935],[-95.578538,29.715974],[-95.578887,29.716015]]},"properties":{"Full_Name":"HARWIN DR","ped_crash_count":2,"ped_death_count":1,"total_crash_count":7,"MilesLength":0.48802227}},{"type":"Feature","geometry":{"type":"LineString","coordinates":[[-95.538206,29.717708],[-95.538973,29.717692],[-95.539516,29.717714],[-95.539928,29.717781],[-95.540521,29.717932],[-95.541091,29.718099],[-95.541301,29.718152],[-95.541805,29.718268],[-95.542284,29.718303],[-95.54251,29.718315],[-95.542766,29.718317],[-95.542964,29.718305],[-95.543207,29.718277],[-95.543403,29.718248],[-95.543598,29.718215],[-95.544137,29.718084],[-95.546093,29.717322],[-95.546206,29.717281]]},"properties":{"Full_Name":"HARWIN DR","ped_crash_count":2,"ped_death_count":0,"total_crash_count":7,"MilesLength":0.49999996}},{"type":"Feature","geometry":{"type":"LineString","coordinates":[[-95.513303,29.717728],[-95.513419,29.717726],[-95.513556,29.717724],[-95.514143,29.7177],[-95.514697,29.717678],[-95.514877,29.717671],[-95.515103,29.717678],[-95.515333,29.717672],[-95.515789,29.717675],[-95.516654,29.717665],[-95.517612,29.71764],[-95.517839,29.71763],[-95.518597,29.717632],[-95.518871,29.717644],[-95.519077,29.717654],[-95.519644,29.717718],[-95.519998,29.717758],[-95.521175,29.717741],[-95.521609,29.717734]]},"properties":{"Full_Name":"HARWIN DR","ped_crash_count":1,"ped_death_count":0,"total_crash_count":5,"MilesLength":0.49999999}},{"type":"Feature","geometry":{"type":"LineString","coordinates":[[-95.419137,29.682195],[-95.419147,29.681982],[-95.419154,29.681637],[-95.419168,29.680893],[-95.419185,29.680417],[-95.419203,29.679669],[-95.41921,29.679478],[-95.419214,29.67922],[-95.419219,29.679011],[-95.419225,29.678847],[-95.419233,29.678435],[-95.419188,29.678256],[-95.419194,29.678054]]},"properties":{"Full_Name":"HEARTH DR","ped_crash_count":1,"ped_death_count":0,"total_crash_count":2,"MilesLength":0.28561776}},{"type":"Feature","geometry":{"type":"LineString","coordinates":[[-95.390725,29.723935],[-95.390249,29.723649],[-95.390075,29.723579],[-95.389942,29.723527],[-95.389271,29.723113],[-95.388328,29.722553],[-95.388232,29.722493],[-95.387474,29.722023],[-95.386657,29.721525],[-95.385777,29.721012],[-95.384913,29.720493],[-95.384785,29.720402],[-95.384632,29.720244],[-95.384497,29.720057],[-95.384239,29.719552]]},"properties":{"Full_Name":"HERMANN DR","ped_crash_count":1,"ped_death_count":1,"total_crash_count":3,"MilesLength":0.50000003}},{"type":"Feature","geometry":{"type":"LineString","coordinates":[[-95.591699,29.710945],[-95.592381,29.710926],[-95.592982,29.710921],[-95.593497,29.710917],[-95.593717,29.710914],[-95.594306,29.710909],[-95.594681,29.710902],[-95.595611,29.710887],[-95.595775,29.710883],[-95.596307,29.710872],[-95.596882,29.710866],[-95.597088,29.710864],[-95.597621,29.710859],[-95.597684,29.710858],[-95.598112,29.710851],[-95.598275,29.710849],[-95.598677,29.710843],[-95.599369,29.710832],[-95.600015,29.710823]]},"properties":{"Full_Name":"HIGH STAR DR","ped_crash_count":1,"ped_death_count":0,"total_crash_count":3,"MilesLength":0.50000001}},{"type":"Feature","geometry":{"type":"LineString","coordinates":[[-95.500913,29.737599],[-95.500912,29.737315],[-95.500887,29.737063],[-95.500913,29.736178],[-95.501001,29.735357],[-95.501075,29.734902],[-95.501232,29.734048],[-95.50124,29.73283],[-95.501193,29.731667],[-95.50119,29.731506]]},"properties":{"Full_Name":"HILLCROFT AVE","ped_crash_count":1,"ped_death_count":0,"total_crash_count":8,"MilesLength":0.42113002}},{"type":"Feature","geometry":{"type":"LineString","coordinates":[[-95.493957,29.712079],[-95.493791,29.711865],[-95.493442,29.711281],[-95.493287,29.710837],[-95.49315,29.710189],[-95.493128,29.709062],[-95.4931,29.708185],[-95.49309,29.707271],[-95.493074,29.706398],[-95.493057,29.705458],[-95.493054,29.704969]]},"properties":{"Full_Name":"HILLCROFT AVE","ped_crash_count":6,"ped_death_count":1,"total_crash_count":9,"MilesLength":0.49999999}},{"type":"Feature","geometry":{"type":"LineString","coordinates":[[-95.499745,29.717282],[-95.499504,29.71705],[-95.499407,29.716958],[-95.499295,29.716847],[-95.499292,29.716844],[-95.499177,29.716731],[-95.499075,29.71663],[-95.498905,29.716463],[-95.498392,29.716043],[-95.498,29.715698],[-95.497609,29.715354],[-95.497135,29.714944],[-95.496393,29.714312],[-95.496178,29.714128],[-95.495898,29.71389],[-95.495726,29.713743],[-95.495455,29.713511],[-95.494769,29.712916],[-95.494408,29.712595],[-95.494256,29.712429],[-95.494078,29.712234],[-95.493957,29.712079]]},"properties":{"Full_Name":"HILLCROFT AVE","ped_crash_count":3,"ped_death_count":0,"total_crash_count":5,"MilesLength":0.49999997}},{"type":"Feature","geometry":{"type":"LineString","coordinates":[[-95.501074,29.724247],[-95.501068,29.723834],[-95.501044,29.723302],[-95.501046,29.723009],[-95.501048,29.722866],[-95.501049,29.722786],[-95.501051,29.722683],[-95.50105,29.721748],[-95.501044,29.721485],[-95.501004,29.719654],[-95.500919,29.719132],[-95.500757,29.718765],[-95.500522,29.71823],[-95.500446,29.718059],[-95.500145,29.717717],[-95.499861,29.717394],[-95.499745,29.717282]]},"properties":{"Full_Name":"HILLCROFT AVE","ped_crash_count":2,"ped_death_count":1,"total_crash_count":4,"MilesLength":0.50000003}},{"type":"Feature","geometry":{"type":"LineString","coordinates":[[-95.50119,29.731506],[-95.501167,29.730468],[-95.501163,29.729638],[-95.501162,29.729376],[-95.501161,29.729106],[-95.501159,29.728589],[-95.501157,29.728105],[-95.501152,29.727435],[-95.501141,29.726819],[-95.501115,29.725747],[-95.501105,29.72549],[-95.501081,29.724587],[-95.501075,29.724379],[-95.501074,29.724247]]},"properties":{"Full_Name":"HILLCROFT AVE","ped_crash_count":1,"ped_death_count":0,"total_crash_count":4,"MilesLength":0.50000002}},{"type":"Feature","geometry":{"type":"LineString","coordinates":[[-95.445949,29.616182],[-95.445948,29.61611],[-95.445897,29.613335],[-95.446031,29.612165],[-95.446058,29.611735],[-95.446041,29.611177],[-95.446057,29.610453],[-95.446032,29.609709],[-95.446015,29.608985],[-95.446016,29.608929]]},"properties":{"Full_Name":"HIRAM CLARKE RD","ped_crash_count":2,"ped_death_count":1,"total_crash_count":3,"MilesLength":0.50000003}},{"type":"Feature","geometry":{"type":"LineString","coordinates":[[-95.327754,29.796891],[-95.327755,29.797026],[-95.327769,29.797169],[-95.327799,29.797332],[-95.327828,29.797448],[-95.327863,29.797567],[-95.32791,29.797693],[-95.327973,29.797851],[-95.32814,29.798337],[-95.328193,29.798766],[-95.328201,29.79903],[-95.328219,29.800279],[-95.328238,29.801418]]},"properties":{"Full_Name":"HIRSCH RD","ped_crash_count":1,"ped_death_count":0,"total_crash_count":4,"MilesLength":0.31515729}},{"type":"Feature","geometry":{"type":"LineString","coordinates":[[-95.328722,29.815923],[-95.328723,29.816032],[-95.328724,29.81688],[-95.328739,29.818007],[-95.32874,29.818957],[-95.328744,29.819667],[-95.328771,29.820744],[-95.328784,29.82147],[-95.328784,29.822184],[-95.328806,29.823113],[-95.328807,29.823182]]},"properties":{"Full_Name":"HIRSCH RD","ped_crash_count":1,"ped_death_count":0,"total_crash_count":2,"MilesLength":0.5}},{"type":"Feature","geometry":{"type":"LineString","coordinates":[[-95.396757,29.706237],[-95.395776,29.706234],[-95.394644,29.706222],[-95.393842,29.706185],[-95.393277,29.706113],[-95.39291,29.706029],[-95.39229,29.705895],[-95.391629,29.705775],[-95.391427,29.705764],[-95.390941,29.705778],[-95.390233,29.705909],[-95.389752,29.706146],[-95.389254,29.706396],[-95.388868,29.706529],[-95.388693,29.706573]]},"properties":{"Full_Name":"HOLCOMBE BLVD","ped_crash_count":2,"ped_death_count":0,"total_crash_count":8,"MilesLength":0.50000001}},{"type":"Feature","geometry":{"type":"LineString","coordinates":[[-95.509225,29.826713],[-95.509225,29.826716],[-95.509236,29.827258],[-95.509251,29.827818],[-95.509278,29.829343],[-95.509302,29.830318],[-95.509276,29.831957],[-95.509077,29.83272]]},"properties":{"Full_Name":"HOLLISTER ST","ped_crash_count":1,"ped_death_count":0,"total_crash_count":2,"MilesLength":0.41515055}},{"type":"Feature","geometry":{"type":"LineString","coordinates":[[-95.403234,29.685242],[-95.402227,29.685252],[-95.399991,29.685279],[-95.39839,29.685302],[-95.397069,29.685303],[-95.396417,29.685308],[-95.395533,29.685315],[-95.39492,29.685332]]},"properties":{"Full_Name":"HOLLY HALL ST","ped_crash_count":2,"ped_death_count":0,"total_crash_count":6,"MilesLength":0.49999999}},{"type":"Feature","geometry":{"type":"LineString","coordinates":[[-95.302106,29.844526],[-95.302116,29.845031],[-95.302158,29.848495],[-95.302083,29.848996],[-95.301911,29.849453],[-95.301816,29.849609],[-95.30134,29.850261],[-95.301,29.850679],[-95.300767,29.851018],[-95.300634,29.85145]]},"properties":{"Full_Name":"HOMESTEAD RD","ped_crash_count":3,"ped_death_count":0,"total_crash_count":11,"MilesLength":0.50000001}},{"type":"Feature","geometry":{"type":"LineString","coordinates":[[-95.302044,29.837267],[-95.302048,29.837537],[-95.302027,29.83845],[-95.302027,29.838473],[-95.302037,29.839452],[-95.302057,29.840749],[-95.302046,29.841641],[-95.302106,29.844526]]},"properties":{"Full_Name":"HOMESTEAD RD","ped_crash_count":1,"ped_death_count":0,"total_crash_count":4,"MilesLength":0.50000002}},{"type":"Feature","geometry":{"type":"LineString","coordinates":[[-95.302003,29.830007],[-95.301997,29.830313],[-95.302019,29.831374],[-95.302011,29.83227],[-95.30201,29.832696],[-95.302012,29.833138],[-95.302019,29.834013],[-95.302027,29.8349],[-95.302031,29.835779],[-95.302035,29.836654],[-95.302044,29.837267]]},"properties":{"Full_Name":"HOMESTEAD RD","ped_crash_count":1,"ped_death_count":0,"total_crash_count":11,"MilesLength":0.49999999}},{"type":"Feature","geometry":{"type":"LineString","coordinates":[[-95.301927,29.815489],[-95.301936,29.816776],[-95.30193,29.817149],[-95.301946,29.818574],[-95.301947,29.819471],[-95.301945,29.820005],[-95.30195,29.820392],[-95.301944,29.820897],[-95.301973,29.822688],[-95.301973,29.822748]]},"properties":{"Full_Name":"HOMESTEAD RD","ped_crash_count":2,"ped_death_count":0,"total_crash_count":7,"MilesLength":0.49999997}},{"type":"Feature","geometry":{"type":"LineString","coordinates":[[-95.300615,29.873216],[-95.300611,29.873903],[-95.300593,29.875924],[-95.300617,29.877649],[-95.300609,29.879686],[-95.300618,29.880476]]},"properties":{"Full_Name":"HOMESTEAD RD","ped_crash_count":1,"ped_death_count":1,"total_crash_count":9,"MilesLength":0.5}},{"type":"Feature","geometry":{"type":"LineString","coordinates":[[-95.300568,29.865956],[-95.300569,29.866875],[-95.300611,29.871382],[-95.300615,29.87319],[-95.300615,29.873216]]},"properties":{"Full_Name":"HOMESTEAD RD","ped_crash_count":2,"ped_death_count":0,"total_crash_count":11,"MilesLength":0.49999996}},{"type":"Feature","geometry":{"type":"LineString","coordinates":[[-95.300519,29.858697],[-95.30054,29.860774],[-95.300562,29.862071],[-95.300566,29.86426],[-95.300568,29.865956]]},"properties":{"Full_Name":"HOMESTEAD RD","ped_crash_count":1,"ped_death_count":0,"total_crash_count":6,"MilesLength":0.50000001}},{"type":"Feature","geometry":{"type":"LineString","coordinates":[[-95.397769,29.937232],[-95.397691,29.93747],[-95.397668,29.937547],[-95.397219,29.938923],[-95.397148,29.93913],[-95.397048,29.939418],[-95.396984,29.939605],[-95.396823,29.940213],[-95.396604,29.940835],[-95.39649,29.941207],[-95.396323,29.94175],[-95.396063,29.942581],[-95.395889,29.943447],[-95.39583,29.943683],[-95.395821,29.943941],[-95.395839,29.944168],[-95.395854,29.944268]]},"properties":{"Full_Name":"IMPERIAL VALLEY DR","ped_crash_count":1,"ped_death_count":0,"total_crash_count":3,"MilesLength":0.49999998}},{"type":"Feature","geometry":{"type":"LineString","coordinates":[[-95.362216,29.841573],[-95.362227,29.841599],[-95.362371,29.84192],[-95.362478,29.842188],[-95.362533,29.842419],[-95.362587,29.8427],[-95.362657,29.844385],[-95.362691,29.846247],[-95.362651,29.846635],[-95.362597,29.84689],[-95.362516,29.847167],[-95.362446,29.847506],[-95.362401,29.847894],[-95.362414,29.84876]]},"properties":{"Full_Name":"IRVINGTON BLVD","ped_crash_count":1,"ped_death_count":1,"total_crash_count":3,"MilesLength":0.49999999}},{"type":"Feature","geometry":{"type":"LineString","coordinates":[[-95.367816,29.749871],[-95.367063,29.749427],[-95.366208,29.748904],[-95.365377,29.748386],[-95.364499,29.747869],[-95.363643,29.747357],[-95.362773,29.746828],[-95.361908,29.746316],[-95.361742,29.746216],[-95.361652,29.746162],[-95.361506,29.746074],[-95.361498,29.74607],[-95.361451,29.746042],[-95.361376,29.745997],[-95.361075,29.745817],[-95.360966,29.745751]]},"properties":{"Full_Name":"JEFFERSON ST","ped_crash_count":1,"ped_death_count":0,"total_crash_count":5,"MilesLength":0.50000005}},{"type":"Feature","geometry":{"type":"LineString","coordinates":[[-95.374507,29.754146],[-95.374369,29.753972],[-95.374199,29.753808],[-95.373941,29.753617],[-95.373878,29.75354],[-95.37311,29.753074],[-95.372251,29.752555],[-95.371407,29.752038],[-95.370545,29.75152],[-95.369659,29.750993],[-95.369185,29.750695],[-95.36879,29.750467],[-95.367923,29.749934],[-95.367816,29.749871]]},"properties":{"Full_Name":"JEFFERSON ST","ped_crash_count":2,"ped_death_count":0,"total_crash_count":8,"MilesLength":0.49999999}},{"type":"Feature","geometry":{"type":"LineString","coordinates":[[-95.342954,29.847351],[-95.342957,29.847689],[-95.342943,29.847902],[-95.34291,29.848156],[-95.342843,29.848371],[-95.342779,29.848589],[-95.342698,29.848804],[-95.342567,29.849057],[-95.342369,29.849421],[-95.34213,29.849789],[-95.341445,29.850941],[-95.341223,29.851356],[-95.340539,29.852491],[-95.339721,29.853816],[-95.33965,29.853934]]},"properties":{"Full_Name":"JENSEN DR","ped_crash_count":1,"ped_death_count":0,"total_crash_count":3,"MilesLength":0.50000004}},{"type":"Feature","geometry":{"type":"LineString","coordinates":[[-95.342812,29.840093],[-95.342813,29.840447],[-95.342827,29.841157],[-95.342842,29.841869],[-95.342845,29.842066],[-95.342844,29.842498],[-95.34286,29.842887],[-95.342867,29.843407],[-95.342886,29.844593],[-95.342905,29.845428],[-95.342913,29.846176],[-95.34293,29.846878],[-95.342938,29.847017],[-95.342954,29.847321],[-95.342954,29.847351]]},"properties":{"Full_Name":"JENSEN DR","ped_crash_count":1,"ped_death_count":0,"total_crash_count":2,"MilesLength":0.49999999}},{"type":"Feature","geometry":{"type":"LineString","coordinates":[[-95.342491,29.818317],[-95.342484,29.819109],[-95.342495,29.819854],[-95.342501,29.820374],[-95.342531,29.821165],[-95.34253,29.821905],[-95.342591,29.824913],[-95.342598,29.825575]]},"properties":{"Full_Name":"JENSEN DR","ped_crash_count":3,"ped_death_count":1,"total_crash_count":7,"MilesLength":0.49999999}},{"type":"Feature","geometry":{"type":"LineString","coordinates":[[-95.348992,29.664171],[-95.348973,29.663391],[-95.348955,29.662317],[-95.348957,29.662272],[-95.348932,29.661056],[-95.348911,29.659789],[-95.348894,29.658492],[-95.348888,29.657932],[-95.348869,29.65721],[-95.348861,29.656912]]},"properties":{"Full_Name":"JUTLAND RD","ped_crash_count":1,"ped_death_count":0,"total_crash_count":4,"MilesLength":0.5}},{"type":"Feature","geometry":{"type":"LineString","coordinates":[[-95.52312,29.82198],[-95.523379,29.821975],[-95.52385,29.821966],[-95.525199,29.821944],[-95.526288,29.82195],[-95.527141,29.821941],[-95.527372,29.821939],[-95.528239,29.82193],[-95.529539,29.821917],[-95.529881,29.821915],[-95.530861,29.82191],[-95.531444,29.821895]]},"properties":{"Full_Name":"KEMPWOOD DR","ped_crash_count":2,"ped_death_count":0,"total_crash_count":3,"MilesLength":0.50000001}},{"type":"Feature","geometry":{"type":"LineString","coordinates":[[-95.514944,29.82107],[-95.515057,29.821068],[-95.516245,29.821054],[-95.516497,29.821061],[-95.516863,29.821081],[-95.517409,29.821134],[-95.518544,29.821404],[-95.51901,29.821588],[-95.519772,29.821805],[-95.520691,29.82197],[-95.521596,29.821977],[-95.522595,29.821989],[-95.52312,29.82198]]},"properties":{"Full_Name":"KEMPWOOD DR","ped_crash_count":2,"ped_death_count":0,"total_crash_count":3,"MilesLength":0.49999998}},{"type":"Feature","geometry":{"type":"LineString","coordinates":[[-95.287161,29.815251],[-95.284621,29.815283],[-95.28448,29.815356],[-95.284219,29.81536],[-95.280932,29.815368],[-95.280046,29.815382],[-95.279192,29.815393],[-95.27886,29.815399]]},"properties":{"Full_Name":"KENTON ST","ped_crash_count":1,"ped_death_count":1,"total_crash_count":2,"MilesLength":0.49999997}},{"type":"Feature","geometry":{"type":"LineString","coordinates":[[-95.544496,29.779096],[-95.545014,29.779098],[-95.546339,29.7791],[-95.54734,29.779114],[-95.547591,29.779143],[-95.547787,29.779174],[-95.54803,29.779206],[-95.548215,29.779283],[-95.548458,29.77941],[-95.548636,29.779482]]},"properties":{"Full_Name":"KINGSRIDE LN","ped_crash_count":4,"ped_death_count":1,"total_crash_count":4,"MilesLength":0.25399509}},{"type":"Feature","geometry":{"type":"LineString","coordinates":[[-95.417747,29.696857],[-95.417577,29.696645],[-95.41733,29.696365],[-95.417232,29.696279],[-95.416831,29.696007],[-95.416757,29.69596],[-95.416262,29.695625],[-95.41437,29.694454],[-95.413913,29.694001],[-95.413732,29.69376],[-95.41307,29.692784],[-95.412996,29.692622],[-95.412764,29.692044],[-95.412711,29.691899],[-95.412629,29.691438]]},"properties":{"Full_Name":"KIRBY DR","ped_crash_count":2,"ped_death_count":0,"total_crash_count":5,"MilesLength":0.50000003}},{"type":"Feature","geometry":{"type":"LineString","coordinates":[[-95.230687,29.627681],[-95.230376,29.627486],[-95.229967,29.62693],[-95.229781,29.626512],[-95.22971,29.626137],[-95.229694,29.625848],[-95.229685,29.625502],[-95.229675,29.625212],[-95.229648,29.624581],[-95.229641,29.624474],[-95.229585,29.623467],[-95.229573,29.623024],[-95.229517,29.62182],[-95.229513,29.621523],[-95.229484,29.621138],[-95.229473,29.620972],[-95.229453,29.620706]]},"properties":{"Full_Name":"KLECKLEY DR","ped_crash_count":2,"ped_death_count":0,"total_crash_count":4,"MilesLength":0.49999998}},{"type":"Feature","geometry":{"type":"LineString","coordinates":[[-95.400039,29.687899],[-95.40003,29.687318],[-95.400013,29.686416],[-95.399991,29.685279],[-95.39999,29.684592],[-95.399978,29.684128],[-95.399967,29.683217],[-95.399967,29.683058],[-95.399965,29.682723],[-95.399952,29.682284],[-95.399943,29.681584],[-95.39993,29.680899],[-95.399925,29.680639]]},"properties":{"Full_Name":"KNIGHT RD","ped_crash_count":2,"ped_death_count":1,"total_crash_count":5,"MilesLength":0.5}},{"type":"Feature","geometry":{"type":"LineString","coordinates":[[-95.355246,29.761179],[-95.355828,29.760426],[-95.356425,29.759677],[-95.357027,29.758906],[-95.357608,29.758157],[-95.358241,29.757383],[-95.358409,29.757178],[-95.358853,29.756601],[-95.359436,29.755867],[-95.359953,29.755193]]},"properties":{"Full_Name":"LA BRANCH ST","ped_crash_count":1,"ped_death_count":1,"total_crash_count":3,"MilesLength":0.50000002}},{"type":"Feature","geometry":{"type":"LineString","coordinates":[[-95.359953,29.755193],[-95.360021,29.755104],[-95.360614,29.75436],[-95.361208,29.753604],[-95.361785,29.752878],[-95.362423,29.752134],[-95.362983,29.751386],[-95.363571,29.750623],[-95.364163,29.749888],[-95.364692,29.749227]]},"properties":{"Full_Name":"LA BRANCH ST","ped_crash_count":1,"ped_death_count":0,"total_crash_count":3,"MilesLength":0.49999997}},{"type":"Feature","geometry":{"type":"LineString","coordinates":[[-95.418255,29.677357],[-95.418245,29.676901],[-95.418272,29.676542],[-95.418312,29.676407],[-95.418407,29.67627],[-95.418562,29.676125],[-95.418694,29.675988],[-95.418986,29.675758],[-95.419245,29.675394],[-95.41943,29.675024],[-95.419463,29.674884],[-95.419509,29.674455],[-95.419504,29.674212],[-95.41949,29.673894],[-95.419461,29.672985],[-95.419454,29.672208],[-95.419433,29.671991],[-95.41945,29.671507],[-95.419611,29.671176],[-95.419854,29.670931],[-95.419936,29.670719],[-95.419949,29.67056]]},"properties":{"Full_Name":"LAKES AT 610 DR","ped_crash_count":1,"ped_death_count":0,"total_crash_count":2,"MilesLength":0.5}},{"type":"Feature","geometry":{"type":"LineString","coordinates":[[-95.258628,29.841658],[-95.258631,29.842278],[-95.258636,29.843089],[-95.258641,29.843935],[-95.258659,29.844759],[-95.258634,29.845188],[-95.258541,29.845508]]},"properties":{"Full_Name":"LAS CRUCES ST","ped_crash_count":1,"ped_death_count":0,"total_crash_count":2,"MilesLength":0.26590882}},{"type":"Feature","geometry":{"type":"LineString","coordinates":[[-95.301177,29.780282],[-95.30118,29.780149],[-95.301174,29.779999],[-95.301172,29.779327],[-95.301171,29.779272],[-95.301169,29.778634],[-95.301173,29.77832],[-95.301179,29.777938],[-95.30118,29.777255],[-95.301191,29.77651],[-95.301166,29.775896],[-95.301124,29.775205],[-95.301104,29.774766],[-95.301109,29.774475],[-95.301113,29.774268],[-95.30112,29.773884],[-95.301123,29.773708],[-95.301121,29.773024]]},"properties":{"Full_Name":"LATHROP ST","ped_crash_count":1,"ped_death_count":0,"total_crash_count":5,"MilesLength":0.49999995}},{"type":"Feature","geometry":{"type":"LineString","coordinates":[[-95.30956,29.840681],[-95.308623,29.840698],[-95.307139,29.840709],[-95.305774,29.840712],[-95.304552,29.840729],[-95.303965,29.840733],[-95.303331,29.840741],[-95.302057,29.840749]]},"properties":{"Full_Name":"LAURA KOPPE RD","ped_crash_count":1,"ped_death_count":0,"total_crash_count":2,"MilesLength":0.4505201}},{"type":"Feature","geometry":{"type":"LineString","coordinates":[[-95.326212,29.840432],[-95.324646,29.840455],[-95.324393,29.840459],[-95.324208,29.840461],[-95.323888,29.840467],[-95.323654,29.840471],[-95.323253,29.840477],[-95.322613,29.840479],[-95.321508,29.840499],[-95.319932,29.840516],[-95.318949,29.840538],[-95.318012,29.840553],[-95.317886,29.840555]]},"properties":{"Full_Name":"LAURA KOPPE RD","ped_crash_count":1,"ped_death_count":0,"total_crash_count":3,"MilesLength":0.50000004}},{"type":"Feature","geometry":{"type":"LineString","coordinates":[[-95.326358,29.729245],[-95.324983,29.728846],[-95.323169,29.728301],[-95.321663,29.727845],[-95.321295,29.727754],[-95.320945,29.727655],[-95.320318,29.727461],[-95.320164,29.727412],[-95.319733,29.727282],[-95.318515,29.726926],[-95.318481,29.726916]]},"properties":{"Full_Name":"LAWNDALE ST","ped_crash_count":1,"ped_death_count":0,"total_crash_count":2,"MilesLength":0.49999998}},{"type":"Feature","geometry":{"type":"LineString","coordinates":[[-95.517296,29.741252],[-95.517153,29.740845],[-95.51714,29.740105],[-95.517155,29.739294],[-95.517136,29.738461],[-95.517133,29.737931],[-95.517135,29.737738],[-95.517132,29.737695],[-95.517116,29.737432]]},"properties":{"Full_Name":"LAZY HOLLOW DR","ped_crash_count":3,"ped_death_count":2,"total_crash_count":6,"MilesLength":0.26443076}},{"type":"Feature","geometry":{"type":"LineString","coordinates":[[-95.302019,29.831374],[-95.297997,29.831359],[-95.293744,29.831355],[-95.293693,29.831355]]},"properties":{"Full_Name":"LEY RD","ped_crash_count":2,"ped_death_count":0,"total_crash_count":10,"MilesLength":0.49999998}},{"type":"Feature","geometry":{"type":"LineString","coordinates":[[-95.285367,29.831337],[-95.285044,29.831332],[-95.284369,29.831334],[-95.283683,29.831333],[-95.280368,29.831362],[-95.277954,29.831386],[-95.277041,29.831395]]},"properties":{"Full_Name":"LEY RD","ped_crash_count":1,"ped_death_count":0,"total_crash_count":4,"MilesLength":0.50000003}},{"type":"Feature","geometry":{"type":"LineString","coordinates":[[-95.262224,29.83895],[-95.261736,29.838952],[-95.258607,29.838964],[-95.255059,29.838988]]},"properties":{"Full_Name":"LINDA VISTA RD","ped_crash_count":1,"ped_death_count":0,"total_crash_count":2,"MilesLength":0.43023377}},{"type":"Feature","geometry":{"type":"LineString","coordinates":[[-95.384864,29.870055],[-95.383784,29.870052],[-95.38283,29.870064],[-95.380017,29.870113],[-95.379518,29.870113],[-95.378608,29.870123],[-95.377711,29.870134],[-95.376851,29.870148],[-95.376536,29.870153]]},"properties":{"Full_Name":"LITTLE YORK RD","ped_crash_count":1,"ped_death_count":0,"total_crash_count":5,"MilesLength":0.49999997}},{"type":"Feature","geometry":{"type":"LineString","coordinates":[[-95.341236,29.871013],[-95.337944,29.871022],[-95.337287,29.871026],[-95.33668,29.871037],[-95.335422,29.870926],[-95.334952,29.870941]]},"properties":{"Full_Name":"LITTLE YORK RD","ped_crash_count":1,"ped_death_count":0,"total_crash_count":4,"MilesLength":0.37765168}},{"type":"Feature","geometry":{"type":"LineString","coordinates":[[-95.317022,29.803434],[-95.317028,29.803956],[-95.317071,29.805946],[-95.317083,29.807492],[-95.317078,29.807957],[-95.317093,29.808984],[-95.317105,29.809318],[-95.317112,29.809499],[-95.317122,29.809792],[-95.317133,29.810693]]},"properties":{"Full_Name":"LOCKWOOD DR","ped_crash_count":1,"ped_death_count":1,"total_crash_count":5,"MilesLength":0.49999999}},{"type":"Feature","geometry":{"type":"LineString","coordinates":[[-95.3169,29.796175],[-95.316917,29.797016],[-95.316954,29.798682],[-95.31698,29.800388],[-95.316996,29.802201],[-95.317021,29.80337],[-95.317022,29.803434]]},"properties":{"Full_Name":"LOCKWOOD DR","ped_crash_count":2,"ped_death_count":0,"total_crash_count":5,"MilesLength":0.49999999}},{"type":"Feature","geometry":{"type":"LineString","coordinates":[[-95.315953,29.789059],[-95.315955,29.789419],[-95.315979,29.789799],[-95.31598,29.789804],[-95.316001,29.790537],[-95.316103,29.791514],[-95.316104,29.791751],[-95.316166,29.793684],[-95.316274,29.793893],[-95.316594,29.794403],[-95.316819,29.79485],[-95.316853,29.794987],[-95.316881,29.795142],[-95.316886,29.795475],[-95.3169,29.796175]]},"properties":{"Full_Name":"LOCKWOOD DR","ped_crash_count":1,"ped_death_count":0,"total_crash_count":4,"MilesLength":0.50000002}},{"type":"Feature","geometry":{"type":"LineString","coordinates":[[-95.318937,29.839579],[-95.318949,29.840538],[-95.318994,29.841781],[-95.319012,29.842798],[-95.319038,29.843807],[-95.319057,29.844809],[-95.319071,29.845928],[-95.319094,29.846838]]},"properties":{"Full_Name":"LOCKWOOD DR","ped_crash_count":3,"ped_death_count":0,"total_crash_count":6,"MilesLength":0.50000001}},{"type":"Feature","geometry":{"type":"LineString","coordinates":[[-95.318862,29.83232],[-95.318867,29.834175],[-95.318886,29.834922],[-95.318878,29.835673],[-95.31888,29.836423],[-95.318898,29.837089],[-95.318906,29.837783],[-95.318928,29.838915],[-95.318937,29.839579]]},"properties":{"Full_Name":"LOCKWOOD DR","ped_crash_count":2,"ped_death_count":0,"total_crash_count":3,"MilesLength":0.49999999}},{"type":"Feature","geometry":{"type":"LineString","coordinates":[[-95.317711,29.817915],[-95.317891,29.818454],[-95.318252,29.819285],[-95.318497,29.820245],[-95.318548,29.820975],[-95.318546,29.822367],[-95.318568,29.823119],[-95.318574,29.823762],[-95.318577,29.824054],[-95.318602,29.825069]]},"properties":{"Full_Name":"LOCKWOOD DR","ped_crash_count":2,"ped_death_count":0,"total_crash_count":3,"MilesLength":0.50000003}},{"type":"Feature","geometry":{"type":"LineString","coordinates":[[-95.317133,29.810693],[-95.317137,29.811051],[-95.317157,29.812325],[-95.317179,29.813538],[-95.317311,29.815095],[-95.317368,29.8157],[-95.317522,29.816587],[-95.317505,29.817124],[-95.31753,29.817249],[-95.317593,29.817563],[-95.317711,29.817915]]},"properties":{"Full_Name":"LOCKWOOD DR","ped_crash_count":1,"ped_death_count":1,"total_crash_count":5,"MilesLength":0.49999998}},{"type":"Feature","geometry":{"type":"LineString","coordinates":[[-95.372496,29.752234],[-95.372825,29.751803],[-95.37306,29.751524],[-95.373413,29.751095],[-95.373486,29.751001],[-95.373583,29.750878],[-95.374024,29.750313],[-95.374606,29.749567],[-95.375194,29.748833],[-95.375738,29.748146],[-95.376669,29.746966],[-95.377218,29.746257]]},"properties":{"Full_Name":"LOUISIANA ST","ped_crash_count":1,"ped_death_count":0,"total_crash_count":3,"MilesLength":0.5}},{"type":"Feature","geometry":{"type":"LineString","coordinates":[[-95.363049,29.764187],[-95.363334,29.763824],[-95.363922,29.763055],[-95.36452,29.762317],[-95.365134,29.761531],[-95.365758,29.760761],[-95.366362,29.760016],[-95.36693,29.759271],[-95.367517,29.758526],[-95.367772,29.75821]]},"properties":{"Full_Name":"LOUISIANA ST","ped_crash_count":2,"ped_death_count":0,"total_crash_count":4,"MilesLength":0.50000002}},{"type":"Feature","geometry":{"type":"LineString","coordinates":[[-95.311889,29.77652],[-95.311547,29.776524],[-95.311487,29.776523],[-95.31102,29.776522],[-95.310502,29.776509],[-95.309999,29.776514],[-95.309476,29.77652],[-95.308968,29.776514],[-95.308441,29.776519],[-95.307942,29.776518],[-95.307406,29.776519],[-95.306847,29.776516],[-95.306319,29.776514],[-95.306293,29.776516],[-95.305906,29.776518],[-95.305294,29.776509],[-95.304674,29.776513],[-95.30427,29.776512],[-95.303749,29.776508],[-95.303568,29.77651]]},"properties":{"Full_Name":"LYONS AVE","ped_crash_count":1,"ped_death_count":1,"total_crash_count":3,"MilesLength":0.49999997}},{"type":"Feature","geometry":{"type":"LineString","coordinates":[[-95.320205,29.77628],[-95.319438,29.77631],[-95.318613,29.776339],[-95.317792,29.77636],[-95.317513,29.776369],[-95.315738,29.776432],[-95.315358,29.776459],[-95.314962,29.776464],[-95.314136,29.776494],[-95.313523,29.776516],[-95.312513,29.776513],[-95.311889,29.77652]]},"properties":{"Full_Name":"LYONS AVE","ped_crash_count":1,"ped_death_count":0,"total_crash_count":3,"MilesLength":0.49999999}},{"type":"Feature","geometry":{"type":"LineString","coordinates":[[-95.328522,29.776069],[-95.328481,29.776069],[-95.328133,29.776077],[-95.327312,29.776114],[-95.326964,29.776129],[-95.326422,29.776162],[-95.325725,29.776191],[-95.324808,29.776225],[-95.323841,29.776227],[-95.322861,29.776244],[-95.32189,29.776245],[-95.321107,29.77626],[-95.320282,29.776277],[-95.320205,29.77628]]},"properties":{"Full_Name":"LYONS AVE","ped_crash_count":2,"ped_death_count":0,"total_crash_count":5,"MilesLength":0.49999999}},{"type":"Feature","geometry":{"type":"LineString","coordinates":[[-95.362068,29.662141],[-95.361917,29.662143],[-95.358712,29.662186],[-95.35554,29.662218]]},"properties":{"Full_Name":"MAGGIE ST","ped_crash_count":2,"ped_death_count":1,"total_crash_count":2,"MilesLength":0.39265064}},{"type":"Feature","geometry":{"type":"LineString","coordinates":[[-95.495081,29.635389],[-95.496029,29.635014],[-95.497269,29.634604],[-95.498481,29.634164],[-95.500499,29.633392],[-95.501756,29.632895],[-95.502716,29.632526]]},"properties":{"Full_Name":"MAIN ST","ped_crash_count":1,"ped_death_count":1,"total_crash_count":4,"MilesLength":0.49999997}},{"type":"Feature","geometry":{"type":"LineString","coordinates":[[-95.487488,29.638337],[-95.489184,29.637662],[-95.49304,29.636167],[-95.493055,29.636162],[-95.493343,29.636076],[-95.495081,29.635389]]},"properties":{"Full_Name":"MAIN ST","ped_crash_count":1,"ped_death_count":1,"total_crash_count":3,"MilesLength":0.49999999}},{"type":"Feature","geometry":{"type":"LineString","coordinates":[[-95.427452,29.67783],[-95.427498,29.677774],[-95.427498,29.677774],[-95.427741,29.677479],[-95.427906,29.677279],[-95.428385,29.676652],[-95.428501,29.6765],[-95.429454,29.675258],[-95.429861,29.674783],[-95.431214,29.67306],[-95.431961,29.672086],[-95.432152,29.671842]]},"properties":{"Full_Name":"MAIN ST","ped_crash_count":5,"ped_death_count":2,"total_crash_count":14,"MilesLength":0.49999997}},{"type":"Feature","geometry":{"type":"LineString","coordinates":[[-95.422717,29.683797],[-95.422998,29.683435],[-95.423739,29.682483],[-95.423871,29.682336],[-95.424074,29.682078],[-95.424303,29.681797],[-95.424688,29.681303],[-95.425874,29.679851],[-95.426512,29.679029],[-95.427303,29.678011],[-95.427452,29.67783]]},"properties":{"Full_Name":"MAIN ST","ped_crash_count":4,"ped_death_count":1,"total_crash_count":9,"MilesLength":0.5}},{"type":"Feature","geometry":{"type":"LineString","coordinates":[[-95.417967,29.689755],[-95.418694,29.688865],[-95.41974,29.687551],[-95.42023,29.686948],[-95.420872,29.686143],[-95.421185,29.685729],[-95.42139,29.685465],[-95.421552,29.685284],[-95.421883,29.684866],[-95.422377,29.684234],[-95.422717,29.683797]]},"properties":{"Full_Name":"MAIN ST","ped_crash_count":1,"ped_death_count":0,"total_crash_count":6,"MilesLength":0.50000001}},{"type":"Feature","geometry":{"type":"LineString","coordinates":[[-95.391174,29.723668],[-95.391326,29.723582],[-95.391664,29.723157],[-95.392112,29.722598],[-95.392648,29.721914],[-95.393662,29.720643],[-95.394996,29.718947]]},"properties":{"Full_Name":"MAIN ST","ped_crash_count":2,"ped_death_count":0,"total_crash_count":3,"MilesLength":0.39895042}},{"type":"Feature","geometry":{"type":"LineString","coordinates":[[-95.409183,29.70103],[-95.409637,29.700445],[-95.410457,29.699429],[-95.411335,29.69834],[-95.41179,29.697754],[-95.412089,29.69737],[-95.412397,29.697003],[-95.413211,29.695927],[-95.41336,29.695759],[-95.413905,29.695055]]},"properties":{"Full_Name":"MAIN ST","ped_crash_count":1,"ped_death_count":0,"total_crash_count":4,"MilesLength":0.49999999}},{"type":"Feature","geometry":{"type":"LineString","coordinates":[[-95.368354,29.752643],[-95.368475,29.752489],[-95.369061,29.751736],[-95.369152,29.751625],[-95.369659,29.750993],[-95.370252,29.750235],[-95.370824,29.749488],[-95.370954,29.749325],[-95.371045,29.74921],[-95.371424,29.748734],[-95.372025,29.748013],[-95.372614,29.747263],[-95.373081,29.746669]]},"properties":{"Full_Name":"MAIN ST","ped_crash_count":4,"ped_death_count":1,"total_crash_count":8,"MilesLength":0.49999999}},{"type":"Feature","geometry":{"type":"LineString","coordinates":[[-95.377324,29.686735],[-95.377255,29.686704],[-95.374732,29.685909],[-95.371661,29.684952],[-95.371526,29.684904],[-95.371522,29.684903]]},"properties":{"Full_Name":"MAINER ST","ped_crash_count":1,"ped_death_count":0,"total_crash_count":3,"MilesLength":0.37106219}},{"type":"Feature","geometry":{"type":"LineString","coordinates":[[-95.371522,29.684903],[-95.368273,29.683903],[-95.36582,29.683113]]},"properties":{"Full_Name":"MAINER ST","ped_crash_count":1,"ped_death_count":0,"total_crash_count":3,"MilesLength":0.36439719}},{"type":"Feature","geometry":{"type":"LineString","coordinates":[[-95.458887,29.807664],[-95.458904,29.807952],[-95.458912,29.808332],[-95.458986,29.809802],[-95.458978,29.810246],[-95.458981,29.81041],[-95.458984,29.81058],[-95.458974,29.811136],[-95.458967,29.811256],[-95.459103,29.811929],[-95.459169,29.812405],[-95.459259,29.814092],[-95.459286,29.814906]]},"properties":{"Full_Name":"MANGUM RD","ped_crash_count":2,"ped_death_count":0,"total_crash_count":3,"MilesLength":0.50000004}},{"type":"Feature","geometry":{"type":"LineString","coordinates":[[-95.214613,29.76721],[-95.214322,29.76722],[-95.213269,29.767252],[-95.212492,29.7673],[-95.212007,29.767329],[-95.211665,29.76735],[-95.211401,29.76736],[-95.207788,29.767494],[-95.207062,29.767566],[-95.206304,29.76758]]},"properties":{"Full_Name":"MARKET ST","ped_crash_count":2,"ped_death_count":0,"total_crash_count":3,"MilesLength":0.50000001}},{"type":"Feature","geometry":{"type":"LineString","coordinates":[[-95.335748,29.707969],[-95.335323,29.707129],[-95.334937,29.706336],[-95.334465,29.705428],[-95.334385,29.705276],[-95.334315,29.705124],[-95.334249,29.704947],[-95.334213,29.704758],[-95.334198,29.704583],[-95.334212,29.704383],[-95.334251,29.704202],[-95.334311,29.704023],[-95.335158,29.701909],[-95.33545,29.701162]]},"properties":{"Full_Name":"MARTIN LUTHER KING BLVD","ped_crash_count":1,"ped_death_count":0,"total_crash_count":4,"MilesLength":0.49999998}},{"type":"Feature","geometry":{"type":"LineString","coordinates":[[-95.336551,29.659706],[-95.33652,29.658628],[-95.336511,29.65792],[-95.336512,29.657727],[-95.33648,29.656941],[-95.336456,29.656161],[-95.336447,29.655388],[-95.336437,29.654621],[-95.336413,29.653848],[-95.336396,29.653081],[-95.336396,29.652447]]},"properties":{"Full_Name":"MARTIN LUTHER KING BLVD","ped_crash_count":2,"ped_death_count":2,"total_crash_count":5,"MilesLength":0.50000005}},{"type":"Feature","geometry":{"type":"LineString","coordinates":[[-95.336415,29.674079],[-95.336413,29.673879],[-95.336443,29.673762],[-95.336564,29.672968],[-95.336827,29.672245],[-95.336965,29.671886],[-95.337242,29.670783],[-95.33731,29.669985],[-95.337294,29.669198],[-95.337259,29.668408],[-95.337234,29.667604],[-95.337229,29.667385],[-95.337217,29.666935],[-95.337216,29.666913]]},"properties":{"Full_Name":"MARTIN LUTHER KING BLVD","ped_crash_count":2,"ped_death_count":0,"total_crash_count":7,"MilesLength":0.50000002}},{"type":"Feature","geometry":{"type":"LineString","coordinates":[[-95.338684,29.680636],[-95.338592,29.680525],[-95.33782,29.679946],[-95.337133,29.679352],[-95.336833,29.678949],[-95.336619,29.678455],[-95.336509,29.676973],[-95.336453,29.676208],[-95.336444,29.675424],[-95.336411,29.674685],[-95.336417,29.67423],[-95.336415,29.674079]]},"properties":{"Full_Name":"MARTIN LUTHER KING BLVD","ped_crash_count":3,"ped_death_count":1,"total_crash_count":8,"MilesLength":0.49999996}},{"type":"Feature","geometry":{"type":"LineString","coordinates":[[-95.340908,29.687448],[-95.341043,29.687128],[-95.341137,29.686794],[-95.341138,29.686427],[-95.341043,29.685995],[-95.340948,29.685712],[-95.34089,29.68554],[-95.340789,29.685238],[-95.340606,29.6848],[-95.340321,29.684067],[-95.340059,29.683345],[-95.339763,29.682614],[-95.339468,29.681884],[-95.339117,29.681165],[-95.338684,29.680636]]},"properties":{"Full_Name":"MARTIN LUTHER KING BLVD","ped_crash_count":1,"ped_death_count":1,"total_crash_count":12,"MilesLength":0.49999999}},{"type":"Feature","geometry":{"type":"LineString","coordinates":[[-95.33545,29.701162],[-95.335495,29.701046],[-95.335804,29.700281],[-95.336571,29.698375],[-95.336773,29.697897],[-95.33696,29.697438],[-95.337043,29.697212],[-95.337338,29.696439],[-95.337444,29.696166],[-95.337631,29.695689],[-95.337915,29.694971],[-95.338181,29.694305]]},"properties":{"Full_Name":"MARTIN LUTHER KING BLVD","ped_crash_count":1,"ped_death_count":0,"total_crash_count":5,"MilesLength":0.50000001}},{"type":"Feature","geometry":{"type":"LineString","coordinates":[[-95.218499,29.776579],[-95.218498,29.77653],[-95.21828,29.775843],[-95.218269,29.775457],[-95.218455,29.775281],[-95.218429,29.774285],[-95.218425,29.773976],[-95.218414,29.77345],[-95.218395,29.772925],[-95.218361,29.771174],[-95.218356,29.770699]]},"properties":{"Full_Name":"MAXEY RD","ped_crash_count":3,"ped_death_count":0,"total_crash_count":5,"MilesLength":0.41114139}},{"type":"Feature","geometry":{"type":"LineString","coordinates":[[-95.218655,29.783837],[-95.218651,29.783635],[-95.218598,29.780652],[-95.218585,29.780094],[-95.218582,29.779977],[-95.218563,29.779161],[-95.218561,29.779076],[-95.218551,29.778651],[-95.21854,29.778172],[-95.218537,29.778041],[-95.218529,29.77776],[-95.218525,29.777549],[-95.218509,29.776964],[-95.218499,29.776579]]},"properties":{"Full_Name":"MAXEY RD","ped_crash_count":2,"ped_death_count":2,"total_crash_count":4,"MilesLength":0.49999999}},{"type":"Feature","geometry":{"type":"LineString","coordinates":[[-95.218687,29.791096],[-95.218658,29.7888],[-95.218694,29.787971],[-95.218698,29.786617],[-95.218662,29.78415],[-95.218655,29.783837]]},"properties":{"Full_Name":"MAXEY RD","ped_crash_count":1,"ped_death_count":0,"total_crash_count":6,"MilesLength":0.50000002}},{"type":"Feature","geometry":{"type":"LineString","coordinates":[[-95.364811,29.739819],[-95.364625,29.739712],[-95.363785,29.739198],[-95.363445,29.739],[-95.362931,29.738677],[-95.362088,29.738182],[-95.361224,29.737657],[-95.360371,29.73714],[-95.359522,29.736629],[-95.358678,29.736116],[-95.357963,29.735697]]},"properties":{"Full_Name":"MC GOWEN ST","ped_crash_count":1,"ped_death_count":0,"total_crash_count":4,"MilesLength":0.49999999}},{"type":"Feature","geometry":{"type":"LineString","coordinates":[[-95.52022,29.579985],[-95.519575,29.579986],[-95.519518,29.579994],[-95.518304,29.580002],[-95.514536,29.580074],[-95.513181,29.580093]]},"properties":{"Full_Name":"MC HARD RD","ped_crash_count":1,"ped_death_count":1,"total_crash_count":3,"MilesLength":0.42386638}},{"type":"Feature","geometry":{"type":"LineString","coordinates":[[-95.290954,29.69135],[-95.290867,29.691367],[-95.290517,29.691409],[-95.289988,29.691536],[-95.289482,29.691741],[-95.289039,29.692068],[-95.288694,29.692436],[-95.288646,29.692493],[-95.288416,29.692742],[-95.288152,29.692986],[-95.287816,29.693182],[-95.287381,29.693336],[-95.286955,29.69337],[-95.286616,29.693474],[-95.286255,29.69371]]},"properties":{"Full_Name":"MC HENRY ST","ped_crash_count":2,"ped_death_count":0,"total_crash_count":2,"MilesLength":0.33777427}},{"type":"Feature","geometry":{"type":"LineString","coordinates":[[-95.363734,29.756239],[-95.363199,29.755913],[-95.362333,29.755396],[-95.361473,29.754876],[-95.360614,29.75436],[-95.360396,29.754244],[-95.360237,29.754186],[-95.360068,29.754159],[-95.359893,29.754162],[-95.359477,29.754214],[-95.359098,29.754235],[-95.35891,29.754245],[-95.358754,29.754226],[-95.358482,29.754142],[-95.358379,29.754152]]},"properties":{"Full_Name":"MCKINNEY ST","ped_crash_count":1,"ped_death_count":0,"total_crash_count":3,"MilesLength":0.36675731}},{"type":"Feature","geometry":{"type":"LineString","coordinates":[[-95.574563,29.772618],[-95.574969,29.772608],[-95.575193,29.772603],[-95.575941,29.772598],[-95.578772,29.77258],[-95.579276,29.772593],[-95.579689,29.772635],[-95.580033,29.772693],[-95.580423,29.772779],[-95.580803,29.772883],[-95.581615,29.773112],[-95.582027,29.773194],[-95.582422,29.773251],[-95.582787,29.773274]]},"properties":{"Full_Name":"MEMORIAL DR","ped_crash_count":1,"ped_death_count":0,"total_crash_count":3,"MilesLength":0.50000002}},{"type":"Feature","geometry":{"type":"LineString","coordinates":[[-95.412974,29.762905],[-95.41342,29.762901],[-95.414283,29.762721],[-95.414598,29.762531],[-95.415583,29.761717],[-95.416217,29.761487],[-95.416943,29.761416],[-95.41757,29.761383],[-95.418386,29.761374],[-95.419211,29.761369],[-95.420085,29.761359],[-95.420772,29.761363]]},"properties":{"Full_Name":"MEMORIAL DR","ped_crash_count":1,"ped_death_count":0,"total_crash_count":3,"MilesLength":0.5}},{"type":"Feature","geometry":{"type":"LineString","coordinates":[[-95.262389,29.851827],[-95.262401,29.852515],[-95.262396,29.85288],[-95.262393,29.853518],[-95.262404,29.85495],[-95.262407,29.855187],[-95.262413,29.855723],[-95.262421,29.856433],[-95.262427,29.856982],[-95.26243,29.857862],[-95.262424,29.858729],[-95.262429,29.859087]]},"properties":{"Full_Name":"MESA DR","ped_crash_count":2,"ped_death_count":0,"total_crash_count":8,"MilesLength":0.50000002}},{"type":"Feature","geometry":{"type":"LineString","coordinates":[[-95.262311,29.84457],[-95.262317,29.844922],[-95.262316,29.845283],[-95.262321,29.846069],[-95.262313,29.846419],[-95.262334,29.846932],[-95.262323,29.848175],[-95.262341,29.848389],[-95.262355,29.848828],[-95.262374,29.849181],[-95.262367,29.849377],[-95.262343,29.850059],[-95.262378,29.851178],[-95.262389,29.851827]]},"properties":{"Full_Name":"MESA DR","ped_crash_count":1,"ped_death_count":0,"total_crash_count":9,"MilesLength":0.49999998}},{"type":"Feature","geometry":{"type":"LineString","coordinates":[[-95.26222,29.837311],[-95.26222,29.837346],[-95.262226,29.83807],[-95.262224,29.83895],[-95.262241,29.839769],[-95.262261,29.840592],[-95.262262,29.841263],[-95.262261,29.841427],[-95.262268,29.841707],[-95.262272,29.842247],[-95.262276,29.842603],[-95.262281,29.84308],[-95.262295,29.843575],[-95.262304,29.844145],[-95.262311,29.84457]]},"properties":{"Full_Name":"MESA DR","ped_crash_count":2,"ped_death_count":1,"total_crash_count":11,"MilesLength":0.49999999}},{"type":"Feature","geometry":{"type":"LineString","coordinates":[[-95.377313,29.744559],[-95.377865,29.743858],[-95.378311,29.743288],[-95.378791,29.742687],[-95.379348,29.741979],[-95.379811,29.741407],[-95.380259,29.740812],[-95.380833,29.740095],[-95.381287,29.739523],[-95.381814,29.738876],[-95.382088,29.738619]]},"properties":{"Full_Name":"MILAM ST","ped_crash_count":3,"ped_death_count":0,"total_crash_count":3,"MilesLength":0.49999999}},{"type":"Feature","geometry":{"type":"LineString","coordinates":[[-95.367855,29.756504],[-95.368433,29.755764],[-95.369023,29.755033],[-95.369031,29.755022],[-95.369623,29.754283],[-95.370209,29.753543],[-95.37081,29.75279],[-95.371407,29.752038],[-95.371986,29.751288],[-95.372066,29.751202],[-95.372588,29.750537],[-95.37259,29.750535]]},"properties":{"Full_Name":"MILAM ST","ped_crash_count":3,"ped_death_count":0,"total_crash_count":6,"MilesLength":0.5}},{"type":"Feature","geometry":{"type":"LineString","coordinates":[[-95.30193,29.817149],[-95.301057,29.817151],[-95.3007,29.817129],[-95.300308,29.817031],[-95.30001,29.816971],[-95.297916,29.816969],[-95.293659,29.816976],[-95.29363,29.816977]]},"properties":{"Full_Name":"MILEY ST","ped_crash_count":1,"ped_death_count":0,"total_crash_count":4,"MilesLength":0.5}},{"type":"Feature","geometry":{"type":"LineString","coordinates":[[-95.391259,29.744418],[-95.391253,29.743459],[-95.391225,29.742371],[-95.391216,29.74134],[-95.391202,29.740484],[-95.391197,29.739636],[-95.391181,29.738782],[-95.391172,29.737873],[-95.391157,29.737159]]},"properties":{"Full_Name":"MONTROSE BLVD","ped_crash_count":4,"ped_death_count":0,"total_crash_count":5,"MilesLength":0.49999996}},{"type":"Feature","geometry":{"type":"LineString","coordinates":[[-95.392359,29.758839],[-95.392334,29.758096],[-95.392278,29.757468],[-95.392189,29.755492],[-95.392124,29.753334],[-95.392129,29.75295],[-95.392135,29.752529],[-95.392129,29.751777],[-95.392121,29.751583]]},"properties":{"Full_Name":"MONTROSE BLVD","ped_crash_count":1,"ped_death_count":0,"total_crash_count":3,"MilesLength":0.50000003}},{"type":"Feature","geometry":{"type":"LineString","coordinates":[[-95.308278,29.737554],[-95.307908,29.738445],[-95.307733,29.738875],[-95.307647,29.739108],[-95.307491,29.73949],[-95.307432,29.739583],[-95.307146,29.740302],[-95.306853,29.740962],[-95.306565,29.741677],[-95.306279,29.742348],[-95.306006,29.743006],[-95.30573,29.743672],[-95.305644,29.743902],[-95.305469,29.74434],[-95.305452,29.74438]]},"properties":{"Full_Name":"N CESAR CHAVEZ BLVD","ped_crash_count":2,"ped_death_count":0,"total_crash_count":3,"MilesLength":0.49999997}},{"type":"Feature","geometry":{"type":"LineString","coordinates":[[-95.305452,29.74438],[-95.305189,29.744991],[-95.304868,29.745767],[-95.304592,29.746432],[-95.304307,29.747096],[-95.304035,29.747758],[-95.30377,29.748406],[-95.303488,29.749068],[-95.303226,29.749721],[-95.302949,29.750388],[-95.302666,29.751044],[-95.302602,29.7512]]},"properties":{"Full_Name":"N CESAR CHAVEZ BLVD","ped_crash_count":1,"ped_death_count":0,"total_crash_count":3,"MilesLength":0.50000001}},{"type":"Feature","geometry":{"type":"LineString","coordinates":[[-95.349137,29.763876],[-95.349314,29.763138],[-95.349396,29.762258],[-95.349458,29.761542],[-95.349579,29.760668],[-95.349629,29.760468],[-95.349714,29.760266],[-95.349816,29.760032],[-95.349964,29.759846],[-95.350309,29.759377]]},"properties":{"Full_Name":"N CHARTRES ST","ped_crash_count":1,"ped_death_count":1,"total_crash_count":3,"MilesLength":0.32298485}},{"type":"Feature","geometry":{"type":"LineString","coordinates":[[-95.613002,29.78565],[-95.613244,29.785656],[-95.613512,29.785669],[-95.613743,29.785719],[-95.613966,29.785788],[-95.614245,29.785916],[-95.614473,29.786061],[-95.614777,29.786303],[-95.614987,29.786555],[-95.615177,29.786719],[-95.615304,29.786842],[-95.615523,29.787038],[-95.615637,29.787098],[-95.615796,29.787178],[-95.616005,29.787288],[-95.61618,29.787356],[-95.616439,29.78744],[-95.617152,29.787494],[-95.617669,29.787486],[-95.618697,29.787488]]},"properties":{"Full_Name":"N DAIRY ASHFORD RD","ped_crash_count":1,"ped_death_count":1,"total_crash_count":3,"MilesLength":0.38514945}},{"type":"Feature","geometry":{"type":"LineString","coordinates":[[-95.411703,29.799647],[-95.411705,29.799707],[-95.411808,29.800019],[-95.41205,29.800485],[-95.412114,29.800715],[-95.412188,29.800997],[-95.41223,29.801728],[-95.412244,29.802745],[-95.412263,29.803769],[-95.412283,29.80478],[-95.4123,29.8058],[-95.412303,29.805955],[-95.412324,29.806812],[-95.412324,29.806833]]},"properties":{"Full_Name":"N DURHAM DR","ped_crash_count":1,"ped_death_count":0,"total_crash_count":4,"MilesLength":0.5}},{"type":"Feature","geometry":{"type":"LineString","coordinates":[[-95.617742,29.785106],[-95.617742,29.78534],[-95.617753,29.786682],[-95.617669,29.787486],[-95.617647,29.787644],[-95.617631,29.787732],[-95.617495,29.788187],[-95.617437,29.788445],[-95.617362,29.788641],[-95.617239,29.78945],[-95.617239,29.790609],[-95.617286,29.792322]]},"properties":{"Full_Name":"N ELDRIDGE PKWY","ped_crash_count":1,"ped_death_count":1,"total_crash_count":4,"MilesLength":0.49999999}},{"type":"Feature","geometry":{"type":"LineString","coordinates":[[-95.487932,29.867443],[-95.488059,29.867586],[-95.488139,29.867697],[-95.48903,29.868696],[-95.489742,29.86954],[-95.49207,29.872189],[-95.492419,29.872602],[-95.492712,29.872915],[-95.492978,29.873218]]},"properties":{"Full_Name":"N HOUSTON ROSSLYN RD","ped_crash_count":1,"ped_death_count":1,"total_crash_count":6,"MilesLength":0.50000001}},{"type":"Feature","geometry":{"type":"LineString","coordinates":[[-95.359071,29.710765],[-95.358994,29.710796],[-95.358688,29.710954],[-95.358485,29.711028],[-95.358326,29.711074],[-95.358041,29.711111],[-95.357837,29.711094],[-95.357643,29.711058],[-95.357398,29.71097],[-95.357207,29.710868],[-95.35686,29.710591],[-95.35635,29.710233],[-95.356117,29.710144],[-95.356025,29.710115],[-95.355902,29.71008],[-95.355651,29.710019],[-95.355394,29.710001],[-95.355251,29.710003],[-95.35507,29.71001],[-95.354851,29.710036],[-95.354703,29.71007],[-95.354533,29.710113],[-95.354213,29.710232],[-95.353933,29.710352],[-95.353764,29.710408],[-95.353556,29.710454],[-95.353397,29.710466],[-95.353184,29.710468],[-95.352985,29.710439],[-95.352663,29.710372],[-95.352428,29.710354],[-95.35223,29.710366],[-95.352094,29.710393],[-95.351861,29.710447],[-95.351366,29.710622]]},"properties":{"Full_Name":"N MACGREGOR WAY","ped_crash_count":2,"ped_death_count":0,"total_crash_count":4,"MilesLength":0.49999997}},{"type":"Feature","geometry":{"type":"LineString","coordinates":[[-95.388942,29.806567],[-95.389002,29.80673],[-95.389082,29.806907],[-95.389239,29.807339],[-95.389537,29.808166],[-95.389842,29.808996],[-95.390149,29.809817],[-95.390432,29.810642],[-95.390739,29.811471],[-95.391031,29.812293],[-95.391341,29.813114],[-95.391471,29.813483]]},"properties":{"Full_Name":"N MAIN ST","ped_crash_count":1,"ped_death_count":0,"total_crash_count":3,"MilesLength":0.49999998}},{"type":"Feature","geometry":{"type":"LineString","coordinates":[[-95.393976,29.820406],[-95.394032,29.82057],[-95.394332,29.821393],[-95.394629,29.822211],[-95.394854,29.82285],[-95.395096,29.823442],[-95.395147,29.823512],[-95.395523,29.82418],[-95.39592,29.824887],[-95.396363,29.825679],[-95.396745,29.826451],[-95.397011,29.826985],[-95.397078,29.827125]]},"properties":{"Full_Name":"N MAIN ST","ped_crash_count":2,"ped_death_count":2,"total_crash_count":3,"MilesLength":0.5}},{"type":"Feature","geometry":{"type":"LineString","coordinates":[[-95.272518,29.795891],[-95.271848,29.796662],[-95.271677,29.796857],[-95.271537,29.797018],[-95.271266,29.797328],[-95.270098,29.798668],[-95.267483,29.801672]]},"properties":{"Full_Name":"N MCCARTY ST","ped_crash_count":1,"ped_death_count":1,"total_crash_count":3,"MilesLength":0.49999999}},{"type":"Feature","geometry":{"type":"LineString","coordinates":[[-95.26243,29.807442],[-95.260567,29.809599],[-95.258792,29.811533],[-95.257956,29.812171]]},"properties":{"Full_Name":"N MCCARTY ST","ped_crash_count":1,"ped_death_count":1,"total_crash_count":4,"MilesLength":0.42335045}},{"type":"Feature","geometry":{"type":"LineString","coordinates":[[-95.412371,29.856353],[-95.412373,29.857124],[-95.412413,29.858752],[-95.412449,29.859736],[-95.412475,29.860703],[-95.412486,29.862183],[-95.412494,29.863184],[-95.412499,29.863611]]},"properties":{"Full_Name":"N SHEPHERD DR","ped_crash_count":1,"ped_death_count":1,"total_crash_count":2,"MilesLength":0.49999999}},{"type":"Feature","geometry":{"type":"LineString","coordinates":[[-95.411541,29.849156],[-95.411562,29.849253],[-95.411602,29.849459],[-95.411781,29.850108],[-95.411974,29.851],[-95.412149,29.851673],[-95.412233,29.852397],[-95.41227,29.852672],[-95.412289,29.85299],[-95.412311,29.853277],[-95.412367,29.855212],[-95.412371,29.856353]]},"properties":{"Full_Name":"N SHEPHERD DR","ped_crash_count":1,"ped_death_count":1,"total_crash_count":6,"MilesLength":0.5}},{"type":"Feature","geometry":{"type":"LineString","coordinates":[[-95.41092,29.841934],[-95.410926,29.842224],[-95.410932,29.842959],[-95.410962,29.843837],[-95.410969,29.844118],[-95.410982,29.845442],[-95.411124,29.847164],[-95.411208,29.847656],[-95.411541,29.849156]]},"properties":{"Full_Name":"N SHEPHERD DR","ped_crash_count":3,"ped_death_count":0,"total_crash_count":4,"MilesLength":0.49999996}},{"type":"Feature","geometry":{"type":"LineString","coordinates":[[-95.410766,29.834676],[-95.410767,29.834725],[-95.41078,29.835214],[-95.410785,29.835689],[-95.410834,29.837264],[-95.410845,29.838045],[-95.410848,29.838247],[-95.410855,29.838823],[-95.410912,29.841154],[-95.410917,29.841409],[-95.410914,29.841667],[-95.41092,29.841934]]},"properties":{"Full_Name":"N SHEPHERD DR","ped_crash_count":2,"ped_death_count":1,"total_crash_count":5,"MilesLength":0.5}},{"type":"Feature","geometry":{"type":"LineString","coordinates":[[-95.410617,29.827417],[-95.410632,29.828019],[-95.410652,29.829241],[-95.410651,29.829571],[-95.41065,29.829631],[-95.410688,29.830938],[-95.410696,29.831401],[-95.410719,29.832524],[-95.410766,29.834676]]},"properties":{"Full_Name":"N SHEPHERD DR","ped_crash_count":2,"ped_death_count":1,"total_crash_count":6,"MilesLength":0.50000003}},{"type":"Feature","geometry":{"type":"LineString","coordinates":[[-95.410474,29.820159],[-95.410487,29.820966],[-95.410513,29.822136],[-95.410534,29.823366],[-95.410557,29.824624],[-95.410568,29.82573],[-95.410615,29.827345],[-95.410617,29.827417]]},"properties":{"Full_Name":"N SHEPHERD DR","ped_crash_count":1,"ped_death_count":0,"total_crash_count":4,"MilesLength":0.49999997}},{"type":"Feature","geometry":{"type":"LineString","coordinates":[[-95.410324,29.812904],[-95.410324,29.81298],[-95.410326,29.813173],[-95.410342,29.813904],[-95.410338,29.815281],[-95.410391,29.815568],[-95.410446,29.817427],[-95.410438,29.817735],[-95.410443,29.818418],[-95.410446,29.819104],[-95.410468,29.819823],[-95.410474,29.820159]]},"properties":{"Full_Name":"N SHEPHERD DR","ped_crash_count":1,"ped_death_count":0,"total_crash_count":5,"MilesLength":0.50000005}},{"type":"Feature","geometry":{"type":"LineString","coordinates":[[-95.409459,29.697308],[-95.409419,29.697028],[-95.408959,29.696102],[-95.408779,29.695741],[-95.408423,29.694964],[-95.408217,29.694574],[-95.408047,29.694124],[-95.408005,29.694011],[-95.407929,29.693636],[-95.407866,29.693338],[-95.407812,29.692993],[-95.407797,29.692521],[-95.407795,29.691947],[-95.407791,29.691308],[-95.407799,29.690309]]},"properties":{"Full_Name":"N STADIUM DR","ped_crash_count":1,"ped_death_count":0,"total_crash_count":3,"MilesLength":0.49999998}},{"type":"Feature","geometry":{"type":"LineString","coordinates":[[-95.294898,29.756987],[-95.294867,29.757328],[-95.294849,29.75758],[-95.294571,29.760059],[-95.294543,29.760455],[-95.294523,29.7609],[-95.294547,29.762919],[-95.294556,29.763626],[-95.294565,29.764232]]},"properties":{"Full_Name":"N WAYSIDE DR","ped_crash_count":1,"ped_death_count":1,"total_crash_count":4,"MilesLength":0.49999998}},{"type":"Feature","geometry":{"type":"LineString","coordinates":[[-95.284577,29.805112],[-95.284578,29.805221],[-95.284574,29.805626],[-95.284567,29.80612],[-95.284543,29.806982],[-95.284538,29.807943],[-95.284531,29.808742],[-95.284517,29.809449],[-95.284513,29.810164],[-95.284506,29.810968],[-95.2845,29.811723],[-95.284503,29.812074],[-95.284492,29.812372]]},"properties":{"Full_Name":"N WAYSIDE DR","ped_crash_count":2,"ped_death_count":0,"total_crash_count":3,"MilesLength":0.49999998}},{"type":"Feature","geometry":{"type":"LineString","coordinates":[[-95.284873,29.848625],[-95.284875,29.848768],[-95.284859,29.848995],[-95.284538,29.849797],[-95.284512,29.849836],[-95.284284,29.850252],[-95.283778,29.851283],[-95.283531,29.851847],[-95.283208,29.852429],[-95.282899,29.853037],[-95.282841,29.853125],[-95.282688,29.853396],[-95.282335,29.854035],[-95.282084,29.854698],[-95.281889,29.855363]]},"properties":{"Full_Name":"N WAYSIDE DR","ped_crash_count":1,"ped_death_count":0,"total_crash_count":6,"MilesLength":0.50000005}},{"type":"Feature","geometry":{"type":"LineString","coordinates":[[-95.284502,29.841401],[-95.284503,29.841435],[-95.284512,29.842314],[-95.28452,29.843197],[-95.284529,29.844077],[-95.284547,29.844949],[-95.284564,29.845828],[-95.284573,29.846708],[-95.284578,29.84713],[-95.284593,29.84728],[-95.284623,29.847456],[-95.284865,29.848127],[-95.284873,29.848625]]},"properties":{"Full_Name":"N WAYSIDE DR","ped_crash_count":1,"ped_death_count":0,"total_crash_count":5,"MilesLength":0.49999997}},{"type":"Feature","geometry":{"type":"LineString","coordinates":[[-95.28444,29.826887],[-95.284438,29.827079],[-95.284434,29.82802],[-95.284418,29.828673],[-95.284414,29.829169],[-95.28439,29.829718],[-95.284369,29.831334],[-95.284368,29.833159],[-95.284355,29.833934],[-95.284356,29.834146]]},"properties":{"Full_Name":"N WAYSIDE DR","ped_crash_count":1,"ped_death_count":0,"total_crash_count":3,"MilesLength":0.50000001}},{"type":"Feature","geometry":{"type":"LineString","coordinates":[[-95.284492,29.812372],[-95.284489,29.812467],[-95.284504,29.813131],[-95.284504,29.813802],[-95.2845,29.813917],[-95.284506,29.814212],[-95.284507,29.814304],[-95.284496,29.814621],[-95.28448,29.815356],[-95.284487,29.816091],[-95.284492,29.816385],[-95.284482,29.816935],[-95.28449,29.817499],[-95.284477,29.817839],[-95.284487,29.818571],[-95.284479,29.819243],[-95.284481,29.819631]]},"properties":{"Full_Name":"N WAYSIDE DR","ped_crash_count":1,"ped_death_count":1,"total_crash_count":4,"MilesLength":0.50000004}},{"type":"Feature","geometry":{"type":"LineString","coordinates":[[-95.576019,29.765866],[-95.575949,29.766529],[-95.575721,29.767348],[-95.575629,29.767664],[-95.575555,29.767998],[-95.575519,29.76833],[-95.575508,29.768715],[-95.575509,29.769497],[-95.575524,29.769871],[-95.575559,29.770334],[-95.575762,29.771171],[-95.575928,29.772004],[-95.575951,29.772275],[-95.575941,29.772598],[-95.575931,29.773049]]},"properties":{"Full_Name":"N WILCREST DR","ped_crash_count":1,"ped_death_count":0,"total_crash_count":6,"MilesLength":0.50000002}},{"type":"Feature","geometry":{"type":"LineString","coordinates":[[-95.305265,29.745895],[-95.304868,29.745767],[-95.302904,29.745112],[-95.300906,29.744464],[-95.299095,29.74389],[-95.298898,29.743821],[-95.298547,29.743706],[-95.298247,29.743606],[-95.297467,29.743366]]},"properties":{"Full_Name":"NAVIGATION BLVD","ped_crash_count":1,"ped_death_count":1,"total_crash_count":5,"MilesLength":0.49999996}},{"type":"Feature","geometry":{"type":"LineString","coordinates":[[-95.289621,29.740952],[-95.288841,29.740707],[-95.286959,29.740137],[-95.28684,29.740105],[-95.285384,29.73966],[-95.284893,29.739445]]},"properties":{"Full_Name":"NAVIGATION BLVD","ped_crash_count":2,"ped_death_count":2,"total_crash_count":4,"MilesLength":0.30276669}},{"type":"Feature","geometry":{"type":"LineString","coordinates":[[-95.344373,29.662951],[-95.344352,29.662372],[-95.344347,29.662147],[-95.344323,29.661102],[-95.344293,29.659833],[-95.344308,29.658792],[-95.344306,29.65855],[-95.344265,29.656636],[-95.344242,29.655692]]},"properties":{"Full_Name":"NOEL ST","ped_crash_count":1,"ped_death_count":1,"total_crash_count":2,"MilesLength":0.49999997}},{"type":"Feature","geometry":{"type":"LineString","coordinates":[[-95.381052,29.827307],[-95.381164,29.827813],[-95.381306,29.828265],[-95.381468,29.828638],[-95.381529,29.828788],[-95.38165,29.829032],[-95.381806,29.829308],[-95.381957,29.829521],[-95.382095,29.829641],[-95.382487,29.830099],[-95.382837,29.830517],[-95.383122,29.830926],[-95.383431,29.831451],[-95.3844,29.832702],[-95.385096,29.833567]]},"properties":{"Full_Name":"NORTH FWY","ped_crash_count":1,"ped_death_count":1,"total_crash_count":2,"MilesLength":0.49999994}},{"type":"Feature","geometry":{"type":"LineString","coordinates":[[-95.48587,29.872117],[-95.486214,29.871949],[-95.486728,29.871647],[-95.487585,29.871075],[-95.489742,29.86954]]},"properties":{"Full_Name":"OAKNUT DR","ped_crash_count":1,"ped_death_count":0,"total_crash_count":2,"MilesLength":0.29281533}},{"type":"Feature","geometry":{"type":"LineString","coordinates":[[-95.510086,29.737511],[-95.51009,29.737555],[-95.51009,29.738565],[-95.510305,29.739462],[-95.510593,29.739972],[-95.510698,29.740125],[-95.511048,29.740556],[-95.511391,29.740965],[-95.512169,29.741399],[-95.513202,29.741674],[-95.514056,29.741742],[-95.514917,29.741718],[-95.515214,29.741703]]},"properties":{"Full_Name":"OLD FARM RD","ped_crash_count":2,"ped_death_count":2,"total_crash_count":3,"MilesLength":0.50000002}},{"type":"Feature","geometry":{"type":"LineString","coordinates":[[-95.417374,29.690538],[-95.41702,29.690915],[-95.416026,29.691653],[-95.415658,29.691883],[-95.415543,29.691955],[-95.415112,29.692159],[-95.414651,29.692363],[-95.414441,29.692427],[-95.41307,29.692784],[-95.412523,29.692908],[-95.411652,29.693113],[-95.411308,29.693194],[-95.410693,29.693346],[-95.409986,29.693522]]},"properties":{"Full_Name":"OLD SPANISH TRL","ped_crash_count":4,"ped_death_count":1,"total_crash_count":8,"MilesLength":0.49999998}},{"type":"Feature","geometry":{"type":"LineString","coordinates":[[-95.36131,29.702184],[-95.361304,29.702184],[-95.360324,29.702257],[-95.359449,29.702301],[-95.358547,29.702358],[-95.358147,29.702393],[-95.357325,29.70243],[-95.354901,29.702559],[-95.353982,29.702622],[-95.353511,29.702672],[-95.353185,29.702709],[-95.35302,29.702734]]},"properties":{"Full_Name":"OLD SPANISH TRL","ped_crash_count":1,"ped_death_count":0,"total_crash_count":5,"MilesLength":0.49999998}},{"type":"Feature","geometry":{"type":"LineString","coordinates":[[-95.377741,29.700593],[-95.377061,29.700713],[-95.375799,29.700932],[-95.375438,29.700953],[-95.374775,29.700993],[-95.374306,29.701022],[-95.37416,29.70106],[-95.37388,29.701144],[-95.373624,29.70127],[-95.373353,29.701426],[-95.373212,29.701491],[-95.373039,29.701503],[-95.372341,29.70154],[-95.371814,29.701578],[-95.370931,29.701631],[-95.37071,29.701644],[-95.369819,29.701714],[-95.369609,29.701725]]},"properties":{"Full_Name":"OLD SPANISH TRL","ped_crash_count":1,"ped_death_count":0,"total_crash_count":8,"MilesLength":0.50000004}},{"type":"Feature","geometry":{"type":"LineString","coordinates":[[-95.409986,29.693522],[-95.409805,29.693566],[-95.409571,29.693624],[-95.409196,29.693716],[-95.409051,29.693751],[-95.408578,29.693866],[-95.408005,29.694011],[-95.404772,29.694789],[-95.40413,29.694953],[-95.402275,29.695391],[-95.401974,29.695466]]},"properties":{"Full_Name":"OLD SPANISH TRL","ped_crash_count":2,"ped_death_count":0,"total_crash_count":7,"MilesLength":0.50000001}},{"type":"Feature","geometry":{"type":"LineString","coordinates":[[-95.35302,29.702734],[-95.352645,29.70279],[-95.352526,29.702814],[-95.352225,29.702874],[-95.351963,29.702933],[-95.351906,29.702945],[-95.350937,29.703251],[-95.350221,29.703515],[-95.349722,29.70371],[-95.348664,29.704099],[-95.346919,29.704793],[-95.346042,29.70512],[-95.345313,29.70541]]},"properties":{"Full_Name":"OLD SPANISH TRL","ped_crash_count":1,"ped_death_count":1,"total_crash_count":9,"MilesLength":0.49999997}},{"type":"Feature","geometry":{"type":"LineString","coordinates":[[-95.592612,29.736383],[-95.592586,29.735441],[-95.592569,29.734393],[-95.592564,29.733736],[-95.592515,29.731681],[-95.592509,29.731133],[-95.592505,29.73073],[-95.592489,29.729862],[-95.592481,29.729124]]},"properties":{"Full_Name":"OLD WESTHEIMER RD","ped_crash_count":1,"ped_death_count":1,"total_crash_count":3,"MilesLength":0.50000002}},{"type":"Feature","geometry":{"type":"LineString","coordinates":[[-95.282254,29.685451],[-95.281708,29.68546],[-95.280299,29.685491],[-95.278925,29.685503],[-95.278505,29.685535],[-95.278322,29.685632],[-95.278119,29.685756],[-95.278037,29.685806],[-95.278023,29.685815],[-95.277901,29.685898],[-95.277779,29.685982],[-95.277655,29.686066]]},"properties":{"Full_Name":"PARK PLACE BLVD","ped_crash_count":1,"ped_death_count":0,"total_crash_count":4,"MilesLength":0.2884349}},{"type":"Feature","geometry":{"type":"LineString","coordinates":[[-95.369405,29.751941],[-95.369147,29.751789],[-95.369061,29.751736],[-95.368198,29.751209],[-95.367337,29.750682],[-95.366479,29.750166],[-95.365624,29.749656],[-95.364762,29.74914],[-95.363907,29.748624],[-95.363541,29.7484],[-95.36306,29.748104],[-95.362569,29.747804]]},"properties":{"Full_Name":"PEASE ST","ped_crash_count":1,"ped_death_count":0,"total_crash_count":5,"MilesLength":0.49999997}},{"type":"Feature","geometry":{"type":"LineString","coordinates":[[-95.393011,29.752513],[-95.393704,29.752501],[-95.395893,29.752465],[-95.397223,29.752433],[-95.397936,29.752415]]},"properties":{"Full_Name":"PEDEN ST","ped_crash_count":1,"ped_death_count":0,"total_crash_count":2,"MilesLength":0.29605764}},{"type":"Feature","geometry":{"type":"LineString","coordinates":[[-95.309869,29.81945],[-95.3092,29.819472],[-95.308357,29.819426],[-95.307814,29.819411],[-95.307045,29.819481],[-95.306585,29.819526],[-95.305553,29.819452],[-95.305082,29.819486],[-95.304734,29.819526],[-95.304483,29.819531],[-95.304078,29.819502],[-95.303607,29.819478],[-95.301947,29.819471]]},"properties":{"Full_Name":"PEYTON","ped_crash_count":1,"ped_death_count":0,"total_crash_count":2,"MilesLength":0.47696619}},{"type":"Feature","geometry":{"type":"LineString","coordinates":[[-95.378667,29.753923],[-95.378181,29.753919],[-95.37792,29.753779],[-95.377664,29.753608],[-95.376842,29.753121],[-95.376787,29.753076],[-95.375991,29.752604],[-95.375144,29.752075],[-95.37429,29.751579],[-95.374065,29.751455],[-95.373756,29.751284],[-95.373413,29.751095],[-95.372588,29.750537],[-95.371739,29.750036]]},"properties":{"Full_Name":"PIERCE ST","ped_crash_count":2,"ped_death_count":0,"total_crash_count":5,"MilesLength":0.50000001}},{"type":"Feature","geometry":{"type":"LineString","coordinates":[[-95.364889,29.745917],[-95.364817,29.745874],[-95.364177,29.745504],[-95.363987,29.745372],[-95.36398,29.745367],[-95.363119,29.744828],[-95.362806,29.744643],[-95.362511,29.744468],[-95.362239,29.744307],[-95.361886,29.744079],[-95.361414,29.743772],[-95.360783,29.743409],[-95.360563,29.743282],[-95.359695,29.74278],[-95.35885,29.742255],[-95.358054,29.74178]]},"properties":{"Full_Name":"PIERCE ST","ped_crash_count":2,"ped_death_count":0,"total_crash_count":11,"MilesLength":0.50000003}},{"type":"Feature","geometry":{"type":"LineString","coordinates":[[-95.371739,29.750036],[-95.37172,29.750025],[-95.370824,29.749488],[-95.369985,29.748955],[-95.369263,29.748531],[-95.369121,29.748441],[-95.368242,29.747929],[-95.3674,29.747406],[-95.366542,29.746887],[-95.365676,29.746377],[-95.364889,29.745917]]},"properties":{"Full_Name":"PIERCE ST","ped_crash_count":4,"ped_death_count":0,"total_crash_count":11,"MilesLength":0.49999998}},{"type":"Feature","geometry":{"type":"LineString","coordinates":[[-95.639287,29.740432],[-95.63933,29.74044],[-95.639548,29.740457],[-95.639708,29.740471],[-95.639902,29.740476],[-95.641973,29.740462],[-95.642382,29.74046],[-95.642538,29.740467],[-95.642737,29.740492],[-95.642844,29.740504],[-95.642994,29.740522],[-95.643125,29.740518],[-95.643267,29.740493],[-95.643503,29.740448],[-95.643676,29.740429],[-95.643838,29.74042],[-95.643995,29.740418],[-95.64416,29.740419],[-95.644783,29.740401],[-95.644955,29.740405],[-95.645124,29.740451],[-95.645281,29.740542],[-95.645653,29.740739],[-95.645978,29.740789],[-95.647057,29.74083]]},"properties":{"Full_Name":"PIPING ROCK LN","ped_crash_count":3,"ped_death_count":1,"total_crash_count":5,"MilesLength":0.47459364}},{"type":"Feature","geometry":{"type":"LineString","coordinates":[[-95.372202,29.756782],[-95.371566,29.756566],[-95.371183,29.756505],[-95.370764,29.756501],[-95.370362,29.756517],[-95.370171,29.75652],[-95.369889,29.756494],[-95.369644,29.756436],[-95.369286,29.756297],[-95.368993,29.756109],[-95.368433,29.755764],[-95.367588,29.755256],[-95.366704,29.754724],[-95.365826,29.754192],[-95.36497,29.753663],[-95.364937,29.753644]]},"properties":{"Full_Name":"POLK ST","ped_crash_count":1,"ped_death_count":0,"total_crash_count":5,"MilesLength":0.49999999}},{"type":"Feature","geometry":{"type":"LineString","coordinates":[[-95.395708,29.704196],[-95.396097,29.704363],[-95.396306,29.704375],[-95.396642,29.704384],[-95.397453,29.704393],[-95.398508,29.704416],[-95.398984,29.704416],[-95.399278,29.7044],[-95.399475,29.704374],[-95.40039,29.704204],[-95.401884,29.703912],[-95.402849,29.703701],[-95.403823,29.703499],[-95.403861,29.703494]]},"properties":{"Full_Name":"PRESSLER ST","ped_crash_count":1,"ped_death_count":0,"total_crash_count":2,"MilesLength":0.5}},{"type":"Feature","geometry":{"type":"LineString","coordinates":[[-95.369316,29.779352],[-95.369287,29.779348],[-95.369052,29.779327],[-95.368931,29.779317],[-95.368812,29.779306],[-95.368466,29.779299],[-95.368445,29.779299],[-95.368256,29.779316],[-95.36825,29.779316],[-95.368201,29.779323],[-95.368166,29.779328],[-95.368018,29.779347],[-95.367721,29.779397],[-95.367449,29.779466],[-95.367306,29.779516],[-95.366555,29.779792],[-95.365911,29.780028],[-95.365169,29.780299],[-95.364691,29.780472],[-95.363861,29.780776],[-95.363347,29.780974],[-95.363074,29.781075],[-95.362276,29.781357],[-95.361517,29.781634]]},"properties":{"Full_Name":"QUITMAN ST","ped_crash_count":1,"ped_death_count":0,"total_crash_count":2,"MilesLength":0.49999997}},{"type":"Feature","geometry":{"type":"LineString","coordinates":[[-95.353582,29.78335],[-95.353055,29.783359],[-95.352238,29.783358],[-95.351433,29.783377],[-95.350607,29.78338],[-95.349793,29.783396],[-95.348977,29.783434],[-95.347595,29.783472],[-95.34741,29.783474],[-95.347359,29.783475],[-95.347205,29.783474],[-95.345837,29.783509],[-95.345263,29.783514]]},"properties":{"Full_Name":"QUITMAN ST","ped_crash_count":1,"ped_death_count":0,"total_crash_count":3,"MilesLength":0.50000003}},{"type":"Feature","geometry":{"type":"LineString","coordinates":[[-95.345263,29.783514],[-95.345057,29.783516],[-95.344983,29.783517],[-95.343977,29.783513],[-95.342919,29.783519],[-95.342817,29.783527],[-95.342716,29.783529],[-95.341897,29.78353],[-95.341385,29.783556],[-95.340841,29.783624],[-95.340378,29.783738],[-95.340207,29.783784],[-95.340095,29.783815],[-95.339656,29.783934],[-95.339317,29.784026],[-95.339077,29.784165],[-95.338856,29.784308],[-95.338614,29.7845],[-95.338357,29.784665]]},"properties":{"Full_Name":"QUITMAN ST","ped_crash_count":1,"ped_death_count":0,"total_crash_count":4,"MilesLength":0.43440834}},{"type":"Feature","geometry":{"type":"LineString","coordinates":[[-95.332848,29.784888],[-95.332851,29.785587],[-95.332858,29.786268],[-95.332869,29.786928],[-95.332869,29.787605],[-95.332877,29.788282],[-95.332883,29.788958],[-95.332905,29.78963]]},"properties":{"Full_Name":"RALSTON ST","ped_crash_count":1,"ped_death_count":1,"total_crash_count":2,"MilesLength":0.32657349}},{"type":"Feature","geometry":{"type":"LineString","coordinates":[[-95.488901,29.712691],[-95.488907,29.712159],[-95.488892,29.711862],[-95.488892,29.7117],[-95.488887,29.711298],[-95.488879,29.71094],[-95.488857,29.710039],[-95.488867,29.709137],[-95.48883,29.708225],[-95.48883,29.707316],[-95.488823,29.706472],[-95.488818,29.705512],[-95.488817,29.705433]]},"properties":{"Full_Name":"RAMPART ST","ped_crash_count":3,"ped_death_count":1,"total_crash_count":4,"MilesLength":0.49999999}},{"type":"Feature","geometry":{"type":"LineString","coordinates":[[-95.489009,29.719951],[-95.488997,29.719259],[-95.488981,29.718328],[-95.48898,29.718168],[-95.488974,29.717159],[-95.488969,29.716386],[-95.488936,29.714642],[-95.488937,29.71445],[-95.488906,29.71334],[-95.4889,29.712752],[-95.488901,29.712691]]},"properties":{"Full_Name":"RAMPART ST","ped_crash_count":2,"ped_death_count":1,"total_crash_count":2,"MilesLength":0.49999999}},{"type":"Feature","geometry":{"type":"LineString","coordinates":[[-95.548861,29.718802],[-95.548862,29.718634],[-95.548824,29.717238],[-95.548769,29.716799],[-95.548731,29.716584],[-95.548661,29.716392],[-95.548547,29.716058],[-95.548436,29.715813],[-95.548348,29.715639],[-95.548251,29.715479],[-95.548177,29.715361],[-95.547952,29.715055],[-95.547806,29.714871],[-95.547506,29.714571],[-95.547455,29.714515],[-95.547355,29.714419],[-95.547252,29.714318],[-95.546826,29.713944],[-95.546463,29.713546],[-95.546007,29.712894],[-95.545778,29.712345],[-95.545774,29.712334]]},"properties":{"Full_Name":"RANCHESTER DR","ped_crash_count":1,"ped_death_count":0,"total_crash_count":3,"MilesLength":0.49999999}},{"type":"Feature","geometry":{"type":"LineString","coordinates":[[-95.536236,29.711605],[-95.536208,29.709808],[-95.53621,29.708992],[-95.536187,29.708164],[-95.536178,29.707343],[-95.536166,29.706508],[-95.536158,29.705023]]},"properties":{"Full_Name":"REDDING RD","ped_crash_count":2,"ped_death_count":2,"total_crash_count":3,"MilesLength":0.45331818}},{"type":"Feature","geometry":{"type":"LineString","coordinates":[[-95.359096,29.658372],[-95.358603,29.658376],[-95.355455,29.658428],[-95.354964,29.658426],[-95.352676,29.658447],[-95.35175,29.658452],[-95.350784,29.658465]]},"properties":{"Full_Name":"REED RD","ped_crash_count":1,"ped_death_count":0,"total_crash_count":6,"MilesLength":0.50000002}},{"type":"Feature","geometry":{"type":"LineString","coordinates":[[-95.367407,29.658274],[-95.365907,29.658296],[-95.364914,29.658323],[-95.364435,29.658315],[-95.361827,29.658349],[-95.359096,29.658372]]},"properties":{"Full_Name":"REED RD","ped_crash_count":1,"ped_death_count":1,"total_crash_count":2,"MilesLength":0.49999994}},{"type":"Feature","geometry":{"type":"LineString","coordinates":[[-95.375718,29.658141],[-95.375496,29.658147],[-95.372474,29.658224],[-95.371992,29.658225],[-95.370928,29.65823],[-95.370301,29.658241],[-95.369824,29.658236],[-95.369224,29.658237],[-95.368697,29.658245],[-95.36802,29.658265],[-95.367407,29.658274]]},"properties":{"Full_Name":"REED RD","ped_crash_count":2,"ped_death_count":1,"total_crash_count":3,"MilesLength":0.50000005}},{"type":"Feature","geometry":{"type":"LineString","coordinates":[[-95.384025,29.657894],[-95.383695,29.657911],[-95.380918,29.658024],[-95.378729,29.658067],[-95.376314,29.658126],[-95.375718,29.658141]]},"properties":{"Full_Name":"REED RD","ped_crash_count":1,"ped_death_count":1,"total_crash_count":2,"MilesLength":0.49999999}},{"type":"Feature","geometry":{"type":"LineString","coordinates":[[-95.342474,29.658571],[-95.341549,29.658581],[-95.340293,29.658595],[-95.339778,29.6586],[-95.337819,29.658624],[-95.337315,29.658639],[-95.33652,29.658628],[-95.335401,29.658645],[-95.334966,29.658589],[-95.334616,29.658552],[-95.33417,29.658558]]},"properties":{"Full_Name":"REED RD","ped_crash_count":1,"ped_death_count":1,"total_crash_count":3,"MilesLength":0.50000001}},{"type":"Feature","geometry":{"type":"LineString","coordinates":[[-95.350784,29.658465],[-95.348894,29.658492],[-95.346139,29.658486],[-95.345439,29.658499],[-95.344306,29.65855],[-95.343094,29.658565],[-95.342474,29.658571]]},"properties":{"Full_Name":"REED RD","ped_crash_count":2,"ped_death_count":2,"total_crash_count":5,"MilesLength":0.50000001}},{"type":"Feature","geometry":{"type":"LineString","coordinates":[[-95.484285,29.724293],[-95.484307,29.72422],[-95.484351,29.724074],[-95.484355,29.724058],[-95.484369,29.724015],[-95.484425,29.723844],[-95.484536,29.723542],[-95.48467,29.723092],[-95.484825,29.722387],[-95.48485,29.722019],[-95.484869,29.721795],[-95.484865,29.721283],[-95.484861,29.720628]]},"properties":{"Full_Name":"RENWICK DR","ped_crash_count":2,"ped_death_count":0,"total_crash_count":3,"MilesLength":0.25658999}},{"type":"Feature","geometry":{"type":"LineString","coordinates":[[-95.48465,29.706109],[-95.484637,29.705536],[-95.484627,29.703736],[-95.484613,29.70192],[-95.484611,29.701397],[-95.48461,29.701163],[-95.484579,29.699199],[-95.484573,29.69885]]},"properties":{"Full_Name":"RENWICK DR","ped_crash_count":1,"ped_death_count":1,"total_crash_count":2,"MilesLength":0.49999997}},{"type":"Feature","geometry":{"type":"LineString","coordinates":[[-95.484779,29.713368],[-95.484778,29.713232],[-95.484768,29.712802],[-95.484732,29.71191],[-95.484724,29.710985],[-95.484718,29.710101],[-95.48469,29.709182],[-95.484686,29.708265],[-95.484674,29.707732],[-95.484679,29.707353],[-95.48465,29.706109]]},"properties":{"Full_Name":"RENWICK DR","ped_crash_count":1,"ped_death_count":1,"total_crash_count":4,"MilesLength":0.50000001}},{"type":"Feature","geometry":{"type":"LineString","coordinates":[[-95.484861,29.720628],[-95.484858,29.720229],[-95.484857,29.720056],[-95.484838,29.718684],[-95.484821,29.717423],[-95.484818,29.717175],[-95.484812,29.716782],[-95.484807,29.716429],[-95.484798,29.715444],[-95.484791,29.714697],[-95.48479,29.714563],[-95.484782,29.713745],[-95.484779,29.713368]]},"properties":{"Full_Name":"RENWICK DR","ped_crash_count":3,"ped_death_count":0,"total_crash_count":4,"MilesLength":0.50000005}},{"type":"Feature","geometry":{"type":"LineString","coordinates":[[-95.291546,29.695131],[-95.291366,29.69466],[-95.291099,29.693967],[-95.290795,29.693229],[-95.290597,29.692405],[-95.290517,29.691409],[-95.290506,29.690611],[-95.290495,29.689785],[-95.290478,29.688901],[-95.290467,29.688713],[-95.290457,29.688342],[-95.290427,29.688003]]},"properties":{"Full_Name":"REVEILLE ST","ped_crash_count":3,"ped_death_count":0,"total_crash_count":5,"MilesLength":0.49999998}},{"type":"Feature","geometry":{"type":"LineString","coordinates":[[-95.382983,29.734133],[-95.383526,29.734458],[-95.383905,29.734557],[-95.384421,29.734581],[-95.38489,29.734551],[-95.385217,29.734542],[-95.385449,29.734536],[-95.385756,29.734527],[-95.386163,29.734499],[-95.386905,29.734478],[-95.387873,29.734479],[-95.388448,29.734514],[-95.388852,29.73452],[-95.389825,29.734519],[-95.390297,29.734507],[-95.390411,29.734505],[-95.391137,29.734481],[-95.391163,29.734481]]},"properties":{"Full_Name":"RICHMOND AVE","ped_crash_count":1,"ped_death_count":0,"total_crash_count":5,"MilesLength":0.5}},{"type":"Feature","geometry":{"type":"LineString","coordinates":[[-95.547891,29.728809],[-95.548462,29.728782],[-95.548984,29.728758],[-95.549255,29.728739],[-95.549781,29.728689],[-95.550215,29.728605],[-95.550588,29.728533],[-95.551109,29.728418],[-95.552049,29.728168],[-95.552646,29.727971],[-95.552991,29.727875],[-95.553149,29.727832],[-95.553504,29.727765],[-95.553649,29.727738],[-95.55402,29.727664],[-95.554545,29.727634],[-95.555013,29.727622],[-95.555529,29.727624],[-95.555832,29.72763],[-95.555868,29.727629],[-95.556037,29.727631]]},"properties":{"Full_Name":"RICHMOND AVE","ped_crash_count":2,"ped_death_count":0,"total_crash_count":6,"MilesLength":0.50000002}},{"type":"Feature","geometry":{"type":"LineString","coordinates":[[-95.523324,29.729043],[-95.52349,29.72904],[-95.524139,29.729036],[-95.524699,29.729035],[-95.525156,29.729039],[-95.52606,29.729024],[-95.526925,29.729011],[-95.527788,29.728999],[-95.52869,29.728995],[-95.529593,29.728991],[-95.530495,29.728995],[-95.531403,29.72901],[-95.531641,29.729003]]},"properties":{"Full_Name":"RICHMOND AVE","ped_crash_count":1,"ped_death_count":0,"total_crash_count":7,"MilesLength":0.5}},{"type":"Feature","geometry":{"type":"LineString","coordinates":[[-95.50682,29.729969],[-95.507671,29.729634],[-95.508428,29.729467],[-95.509123,29.729346],[-95.510214,29.729336],[-95.510411,29.729334],[-95.510518,29.72933],[-95.511017,29.729333],[-95.511607,29.729337],[-95.512211,29.72933],[-95.512365,29.729328],[-95.51243,29.729328],[-95.512604,29.729326],[-95.512779,29.729324],[-95.513937,29.72931],[-95.514066,29.729308],[-95.514481,29.7293],[-95.515018,29.729287]]},"properties":{"Full_Name":"RICHMOND AVE","ped_crash_count":1,"ped_death_count":0,"total_crash_count":3,"MilesLength":0.5}},{"type":"Feature","geometry":{"type":"LineString","coordinates":[[-95.498878,29.731709],[-95.499074,29.731705],[-95.499839,29.731689],[-95.50003,29.731685],[-95.501193,29.731667],[-95.501833,29.731641],[-95.502657,29.731518],[-95.50365,29.731175],[-95.505555,29.730465],[-95.506476,29.730104],[-95.50682,29.729969]]},"properties":{"Full_Name":"RICHMOND AVE","ped_crash_count":1,"ped_death_count":1,"total_crash_count":6,"MilesLength":0.49999998}},{"type":"Feature","geometry":{"type":"LineString","coordinates":[[-95.482262,29.731521],[-95.482844,29.731519],[-95.483728,29.731516],[-95.484212,29.731514],[-95.48487,29.731551],[-95.485407,29.731581],[-95.485704,29.73162],[-95.486468,29.731721],[-95.486929,29.731782],[-95.486975,29.731782],[-95.489789,29.731797],[-95.49056,29.731791]]},"properties":{"Full_Name":"RICHMOND AVE","ped_crash_count":1,"ped_death_count":1,"total_crash_count":5,"MilesLength":0.5}},{"type":"Feature","geometry":{"type":"LineString","coordinates":[[-95.465628,29.731633],[-95.465653,29.73163],[-95.466627,29.731574],[-95.468261,29.731529],[-95.468935,29.731519],[-95.469915,29.731515],[-95.470503,29.731513],[-95.471003,29.731511],[-95.471707,29.731523],[-95.473109,29.731525],[-95.473943,29.731526]]},"properties":{"Full_Name":"RICHMOND AVE","ped_crash_count":1,"ped_death_count":0,"total_crash_count":2,"MilesLength":0.49999996}},{"type":"Feature","geometry":{"type":"LineString","coordinates":[[-95.399481,29.734425],[-95.399489,29.734425],[-95.400616,29.734396],[-95.402072,29.734326],[-95.404466,29.734302],[-95.406241,29.734269],[-95.407054,29.734271],[-95.407796,29.734268]]},"properties":{"Full_Name":"RICHMOND AVE","ped_crash_count":2,"ped_death_count":0,"total_crash_count":3,"MilesLength":0.49999996}},{"type":"Feature","geometry":{"type":"LineString","coordinates":[[-95.391163,29.734481],[-95.392509,29.734487],[-95.393697,29.734488],[-95.3941,29.734482],[-95.394653,29.73446],[-95.396494,29.734454],[-95.396748,29.73445],[-95.397002,29.734446],[-95.39788,29.734435],[-95.399481,29.734425]]},"properties":{"Full_Name":"RICHMOND AVE","ped_crash_count":1,"ped_death_count":0,"total_crash_count":4,"MilesLength":0.50000002}},{"type":"Feature","geometry":{"type":"LineString","coordinates":[[-95.356987,29.786729],[-95.357003,29.7881],[-95.357021,29.789717],[-95.356985,29.789761],[-95.356926,29.789787],[-95.35695,29.790632],[-95.356982,29.79149],[-95.357,29.792335],[-95.357012,29.792632],[-95.357033,29.793144],[-95.357061,29.793946]]},"properties":{"Full_Name":"ROBERTSON ST","ped_crash_count":1,"ped_death_count":1,"total_crash_count":3,"MilesLength":0.50000002}},{"type":"Feature","geometry":{"type":"LineString","coordinates":[[-95.276803,29.665565],[-95.276234,29.665575],[-95.275267,29.66559],[-95.275018,29.665594],[-95.273149,29.665634],[-95.27287,29.66564],[-95.272041,29.665636],[-95.271027,29.665458],[-95.270663,29.665387],[-95.270344,29.665344],[-95.269804,29.665319],[-95.269043,29.665345],[-95.268526,29.665358]]},"properties":{"Full_Name":"ROCKHILL ST","ped_crash_count":1,"ped_death_count":0,"total_crash_count":2,"MilesLength":0.49999998}},{"type":"Feature","geometry":{"type":"LineString","coordinates":[[-95.51572,29.737456],[-95.515712,29.736696],[-95.515706,29.736258],[-95.515705,29.736119],[-95.515702,29.735922],[-95.515696,29.735387],[-95.515686,29.735209],[-95.515683,29.734812],[-95.51568,29.734379],[-95.515676,29.733666]]},"properties":{"Full_Name":"ROLIDO DR","ped_crash_count":1,"ped_death_count":1,"total_crash_count":2,"MilesLength":0.26101487}},{"type":"Feature","geometry":{"type":"LineString","coordinates":[[-95.535523,29.67464],[-95.536122,29.674975],[-95.53664,29.675235],[-95.537413,29.675547],[-95.538239,29.675826],[-95.539293,29.67603],[-95.538592,29.676045],[-95.538144,29.676096]]},"properties":{"Full_Name":"S BRAESWOOD BLVD","ped_crash_count":2,"ped_death_count":1,"total_crash_count":3,"MilesLength":0.31750597}},{"type":"Feature","geometry":{"type":"LineString","coordinates":[[-95.562766,29.689258],[-95.562753,29.688358],[-95.562731,29.687208],[-95.562732,29.686523],[-95.562726,29.685953],[-95.562723,29.685636],[-95.562713,29.685248],[-95.562713,29.685125],[-95.56271,29.684812],[-95.562708,29.684598],[-95.562694,29.683569],[-95.56269,29.683236],[-95.562683,29.682115],[-95.562679,29.681998]]},"properties":{"Full_Name":"S COURSE DR","ped_crash_count":1,"ped_death_count":0,"total_crash_count":2,"MilesLength":0.49999998}},{"type":"Feature","geometry":{"type":"LineString","coordinates":[[-95.604452,29.703219],[-95.604437,29.701992],[-95.604441,29.701613],[-95.604438,29.701261],[-95.60444,29.699931],[-95.604437,29.698648],[-95.604428,29.698205],[-95.604429,29.697775],[-95.604413,29.69694],[-95.604397,29.695996],[-95.604395,29.695959]]},"properties":{"Full_Name":"S DAIRY ASHFORD RD","ped_crash_count":1,"ped_death_count":0,"total_crash_count":2,"MilesLength":0.49999999}},{"type":"Feature","geometry":{"type":"LineString","coordinates":[[-95.604614,29.710477],[-95.604594,29.710149],[-95.604582,29.709323],[-95.604569,29.708427],[-95.604571,29.708241],[-95.604558,29.70767],[-95.604558,29.707276],[-95.604547,29.706867],[-95.604539,29.706071],[-95.604505,29.705471],[-95.604485,29.70449],[-95.604473,29.704211],[-95.604455,29.703497],[-95.604452,29.703219]]},"properties":{"Full_Name":"S DAIRY ASHFORD RD","ped_crash_count":2,"ped_death_count":0,"total_crash_count":3,"MilesLength":0.50000001}},{"type":"Feature","geometry":{"type":"LineString","coordinates":[[-95.52787,29.646705],[-95.52785,29.646362],[-95.527838,29.645735],[-95.527838,29.645043],[-95.527831,29.644367],[-95.527806,29.643746],[-95.527789,29.643371],[-95.527801,29.643108],[-95.527815,29.642699],[-95.527847,29.642407],[-95.527917,29.641931],[-95.528105,29.641294],[-95.528459,29.640356],[-95.528868,29.639602]]},"properties":{"Full_Name":"S GESSNER RD","ped_crash_count":1,"ped_death_count":1,"total_crash_count":2,"MilesLength":0.49999999}},{"type":"Feature","geometry":{"type":"LineString","coordinates":[[-95.532109,29.688848],[-95.532056,29.688817],[-95.531598,29.688546],[-95.530983,29.68819],[-95.53082,29.688099],[-95.53076,29.688065],[-95.530684,29.688024],[-95.530491,29.687918],[-95.530326,29.687829],[-95.529431,29.6872],[-95.528875,29.686494],[-95.528616,29.685762],[-95.528578,29.685057],[-95.528578,29.68473],[-95.528573,29.683867],[-95.528549,29.683069],[-95.528548,29.68299]]},"properties":{"Full_Name":"S GESSNER RD","ped_crash_count":3,"ped_death_count":0,"total_crash_count":10,"MilesLength":0.49999997}},{"type":"Feature","geometry":{"type":"LineString","coordinates":[[-95.537948,29.701573],[-95.537944,29.701371],[-95.537907,29.698902],[-95.537772,29.696531],[-95.537542,29.695228],[-95.537245,29.694369]]},"properties":{"Full_Name":"S GESSNER RD","ped_crash_count":1,"ped_death_count":1,"total_crash_count":6,"MilesLength":0.49999999}},{"type":"Feature","geometry":{"type":"LineString","coordinates":[[-95.538807,29.708743],[-95.538704,29.707959],[-95.538658,29.7078],[-95.538526,29.70742],[-95.538287,29.706789],[-95.538092,29.706193],[-95.538027,29.705795],[-95.537986,29.705004],[-95.537971,29.702787],[-95.537948,29.701573]]},"properties":{"Full_Name":"S GESSNER RD","ped_crash_count":2,"ped_death_count":1,"total_crash_count":4,"MilesLength":0.50000001}},{"type":"Feature","geometry":{"type":"LineString","coordinates":[[-95.538943,29.716],[-95.538961,29.715488],[-95.538934,29.714642],[-95.538942,29.714492],[-95.538939,29.713637],[-95.538927,29.712706],[-95.538924,29.712544],[-95.538901,29.711413],[-95.538888,29.710842],[-95.538874,29.710307],[-95.538855,29.709628],[-95.538846,29.709335],[-95.538836,29.708961],[-95.538807,29.708743]]},"properties":{"Full_Name":"S GESSNER RD","ped_crash_count":4,"ped_death_count":0,"total_crash_count":6,"MilesLength":0.49999998}},{"type":"Feature","geometry":{"type":"LineString","coordinates":[[-95.539103,29.723258],[-95.539101,29.722709],[-95.539096,29.722558],[-95.539088,29.722105],[-95.539084,29.721762],[-95.539081,29.721403],[-95.539076,29.720856],[-95.539067,29.719883],[-95.539067,29.719798],[-95.539066,29.719677],[-95.539066,29.719593],[-95.539056,29.719486],[-95.539046,29.719077],[-95.539009,29.71861],[-95.538973,29.717692],[-95.53894,29.716109],[-95.538943,29.716]]},"properties":{"Full_Name":"S GESSNER RD","ped_crash_count":3,"ped_death_count":1,"total_crash_count":9,"MilesLength":0.50000001}},{"type":"Feature","geometry":{"type":"LineString","coordinates":[[-95.304618,29.83611],[-95.304141,29.835868],[-95.304136,29.835865],[-95.303946,29.835812],[-95.303741,29.835784],[-95.303491,29.83577],[-95.302031,29.835779],[-95.298034,29.835794],[-95.296495,29.835791],[-95.29638,29.835791]]},"properties":{"Full_Name":"S HALL ST","ped_crash_count":1,"ped_death_count":0,"total_crash_count":3,"MilesLength":0.50000002}},{"type":"Feature","geometry":{"type":"LineString","coordinates":[[-95.588098,29.715001],[-95.588058,29.714637],[-95.588051,29.714117],[-95.588043,29.713984],[-95.588028,29.713284],[-95.588011,29.712651],[-95.588009,29.712434],[-95.588001,29.712084],[-95.587998,29.711901],[-95.587997,29.711643],[-95.587995,29.711551],[-95.587994,29.711211],[-95.587999,29.710984],[-95.587993,29.710176],[-95.587977,29.709683],[-95.587964,29.708924],[-95.587937,29.707887],[-95.587933,29.707744]]},"properties":{"Full_Name":"S KIRKWOOD RD","ped_crash_count":1,"ped_death_count":1,"total_crash_count":2,"MilesLength":0.49999998}},{"type":"Feature","geometry":{"type":"LineString","coordinates":[[-95.587933,29.707744],[-95.587924,29.707391],[-95.587917,29.706903],[-95.587894,29.706265],[-95.587895,29.704882],[-95.587898,29.704637],[-95.587891,29.704069],[-95.58787,29.703746],[-95.587841,29.703204],[-95.587831,29.702918],[-95.587776,29.700486]]},"properties":{"Full_Name":"S KIRKWOOD RD","ped_crash_count":1,"ped_death_count":0,"total_crash_count":2,"MilesLength":0.49999999}},{"type":"Feature","geometry":{"type":"LineString","coordinates":[[-95.587279,29.664645],[-95.587272,29.664632],[-95.587066,29.664353],[-95.586842,29.664029],[-95.58633,29.663308],[-95.586071,29.662942],[-95.585696,29.662422],[-95.585335,29.662047],[-95.584821,29.661468],[-95.58435,29.66083],[-95.583989,29.66014],[-95.583658,29.659072],[-95.58351,29.658287]]},"properties":{"Full_Name":"S KIRKWOOD RD","ped_crash_count":2,"ped_death_count":1,"total_crash_count":3,"MilesLength":0.50000001}},{"type":"Feature","geometry":{"type":"LineString","coordinates":[[-95.588707,29.742362],[-95.588702,29.741711],[-95.588689,29.740658],[-95.588668,29.739579],[-95.58866,29.739047],[-95.588647,29.73799],[-95.588638,29.73764],[-95.588633,29.737285],[-95.588627,29.736526],[-95.58858,29.735747],[-95.588659,29.735107]]},"properties":{"Full_Name":"S KIRKWOOD RD","ped_crash_count":1,"ped_death_count":1,"total_crash_count":3,"MilesLength":0.50000002}},{"type":"Feature","geometry":{"type":"LineString","coordinates":[[-95.330123,29.741408],[-95.330372,29.740903],[-95.330682,29.740165],[-95.330977,29.739467],[-95.331078,29.739214],[-95.331387,29.738442],[-95.331675,29.73778],[-95.331674,29.737704],[-95.331715,29.737567],[-95.331804,29.737355],[-95.33186,29.737212],[-95.331909,29.737076],[-95.331944,29.736907],[-95.331963,29.73676],[-95.331977,29.736614],[-95.331962,29.736325],[-95.331969,29.736229],[-95.331936,29.735976],[-95.331886,29.735728],[-95.331852,29.735583],[-95.331828,29.735426],[-95.331822,29.735243],[-95.331827,29.735139],[-95.331865,29.734945],[-95.331928,29.734722],[-95.332037,29.734468]]},"properties":{"Full_Name":"S LOCKWOOD DR","ped_crash_count":1,"ped_death_count":0,"total_crash_count":2,"MilesLength":0.49999999}},{"type":"Feature","geometry":{"type":"LineString","coordinates":[[-95.462736,29.66814],[-95.462839,29.667851],[-95.463217,29.666823],[-95.463305,29.666592],[-95.463376,29.666382],[-95.463641,29.665675],[-95.463748,29.665355],[-95.463827,29.664976],[-95.464005,29.664311],[-95.464063,29.663429],[-95.464069,29.662641],[-95.464075,29.661976],[-95.464063,29.661497],[-95.464055,29.66115],[-95.46405,29.661042]]},"properties":{"Full_Name":"S POST OAK RD","ped_crash_count":1,"ped_death_count":0,"total_crash_count":3,"MilesLength":0.50000002}},{"type":"Feature","geometry":{"type":"LineString","coordinates":[[-95.466622,29.596359],[-95.467041,29.595512],[-95.467644,29.594318],[-95.468291,29.593016],[-95.469579,29.590496],[-95.469982,29.589719]]},"properties":{"Full_Name":"S POST OAK RD","ped_crash_count":1,"ped_death_count":0,"total_crash_count":5,"MilesLength":0.5}},{"type":"Feature","geometry":{"type":"LineString","coordinates":[[-95.464496,29.603253],[-95.46448,29.603126],[-95.464478,29.602309],[-95.464453,29.601684],[-95.464462,29.60122],[-95.464612,29.600646],[-95.464722,29.600342],[-95.464785,29.600168],[-95.46492,29.599792],[-95.465027,29.599593],[-95.465142,29.599377],[-95.465519,29.598636],[-95.465857,29.597965],[-95.466203,29.597206],[-95.466622,29.596359]]},"properties":{"Full_Name":"S POST OAK RD","ped_crash_count":2,"ped_death_count":2,"total_crash_count":3,"MilesLength":0.49999997}},{"type":"Feature","geometry":{"type":"LineString","coordinates":[[-95.465138,29.625006],[-95.465144,29.624151],[-95.465139,29.623999],[-95.465115,29.623159],[-95.465092,29.622532],[-95.465072,29.621683],[-95.465088,29.620824],[-95.465069,29.620355],[-95.465035,29.619106],[-95.465028,29.619038],[-95.465004,29.618277],[-95.465021,29.618065],[-95.465023,29.617748]]},"properties":{"Full_Name":"S POST OAK RD","ped_crash_count":1,"ped_death_count":0,"total_crash_count":4,"MilesLength":0.49999999}},{"type":"Feature","geometry":{"type":"LineString","coordinates":[[-95.463574,29.639268],[-95.463565,29.636428],[-95.463558,29.636038],[-95.463537,29.635084],[-95.46354,29.634749],[-95.463584,29.63395],[-95.46355,29.632882],[-95.46356,29.632044],[-95.463568,29.63201]]},"properties":{"Full_Name":"S POST OAK RD","ped_crash_count":1,"ped_death_count":0,"total_crash_count":3,"MilesLength":0.50000001}},{"type":"Feature","geometry":{"type":"LineString","coordinates":[[-95.463907,29.653784],[-95.463903,29.653528],[-95.463903,29.653514],[-95.463841,29.651601],[-95.463846,29.651284],[-95.46384,29.650915],[-95.46376,29.648483],[-95.463736,29.646525]]},"properties":{"Full_Name":"S POST OAK RD","ped_crash_count":1,"ped_death_count":0,"total_crash_count":3,"MilesLength":0.5}},{"type":"Feature","geometry":{"type":"LineString","coordinates":[[-95.46405,29.661042],[-95.464014,29.660329],[-95.464011,29.659271],[-95.46398,29.658027],[-95.463946,29.656903],[-95.46394,29.656652],[-95.46394,29.656417],[-95.463933,29.655797],[-95.463928,29.655301],[-95.463917,29.654515],[-95.463914,29.654304],[-95.463908,29.653893],[-95.463907,29.653784]]},"properties":{"Full_Name":"S POST OAK RD","ped_crash_count":1,"ped_death_count":0,"total_crash_count":5,"MilesLength":0.49999997}},{"type":"Feature","geometry":{"type":"LineString","coordinates":[[-95.227776,29.680627],[-95.228671,29.679772],[-95.228916,29.67953],[-95.229911,29.678594],[-95.230042,29.67847],[-95.230802,29.677723],[-95.231061,29.67747],[-95.23188,29.676668],[-95.232157,29.676382],[-95.232572,29.675983],[-95.232814,29.675723],[-95.233002,29.675548],[-95.233247,29.675322]]},"properties":{"Full_Name":"S RICHEY ST","ped_crash_count":1,"ped_death_count":0,"total_crash_count":2,"MilesLength":0.49172231}},{"type":"Feature","geometry":{"type":"LineString","coordinates":[[-95.410662,29.746274],[-95.41065,29.744675],[-95.410629,29.74433],[-95.410763,29.744031],[-95.410736,29.742587],[-95.41074,29.742184],[-95.410725,29.741488],[-95.410718,29.740693],[-95.41072,29.739999],[-95.410717,29.739934],[-95.410717,29.739869],[-95.410702,29.739293],[-95.410701,29.739037]]},"properties":{"Full_Name":"S SHEPHERD DR","ped_crash_count":1,"ped_death_count":0,"total_crash_count":2,"MilesLength":0.49999999}},{"type":"Feature","geometry":{"type":"LineString","coordinates":[[-95.313267,29.719559],[-95.313314,29.719441],[-95.313529,29.718947],[-95.313599,29.718761],[-95.313827,29.718322],[-95.314086,29.717797],[-95.314903,29.716167],[-95.315256,29.715456],[-95.315325,29.71527],[-95.315373,29.715141],[-95.315419,29.715017],[-95.315484,29.714842],[-95.315826,29.714051],[-95.316285,29.712816],[-95.31629,29.712803]]},"properties":{"Full_Name":"S WAYSIDE DR","ped_crash_count":2,"ped_death_count":0,"total_crash_count":10,"MilesLength":0.49999997}},{"type":"Feature","geometry":{"type":"LineString","coordinates":[[-95.475339,29.750094],[-95.475843,29.750095],[-95.47622,29.750073],[-95.476972,29.750063],[-95.477855,29.750054],[-95.479541,29.750038],[-95.47991,29.750031],[-95.481293,29.750006],[-95.482648,29.749982],[-95.483657,29.749953]]},"properties":{"Full_Name":"SAN FELIPE ST","ped_crash_count":1,"ped_death_count":0,"total_crash_count":2,"MilesLength":0.49999998}},{"type":"Feature","geometry":{"type":"LineString","coordinates":[[-95.383725,29.730009],[-95.383781,29.729938],[-95.384234,29.729361],[-95.384796,29.728651],[-95.38525,29.728085],[-95.385727,29.727483],[-95.386282,29.726782],[-95.386742,29.726213],[-95.387211,29.72562],[-95.387874,29.724776],[-95.388453,29.724036]]},"properties":{"Full_Name":"SAN JACINTO ST","ped_crash_count":1,"ped_death_count":0,"total_crash_count":3,"MilesLength":0.50000001}},{"type":"Feature","geometry":{"type":"LineString","coordinates":[[-95.369554,29.747932],[-95.369719,29.747704],[-95.370299,29.746964],[-95.370881,29.746225],[-95.3713,29.745697],[-95.371421,29.745535],[-95.371599,29.745301],[-95.371872,29.744973],[-95.372348,29.744351],[-95.372998,29.743516],[-95.373368,29.743069],[-95.373824,29.74248],[-95.374245,29.741937]]},"properties":{"Full_Name":"SAN JACINTO ST","ped_crash_count":2,"ped_death_count":0,"total_crash_count":6,"MilesLength":0.50000002}},{"type":"Feature","geometry":{"type":"LineString","coordinates":[[-95.3648,29.753884],[-95.36497,29.753663],[-95.365552,29.752928],[-95.366153,29.752177],[-95.366736,29.751445],[-95.367337,29.750682],[-95.367923,29.749934],[-95.368516,29.749201],[-95.369121,29.748441],[-95.36925,29.748341],[-95.36927,29.748326],[-95.369345,29.748222],[-95.369554,29.747932]]},"properties":{"Full_Name":"SAN JACINTO ST","ped_crash_count":1,"ped_death_count":0,"total_crash_count":4,"MilesLength":0.50000001}},{"type":"Feature","geometry":{"type":"LineString","coordinates":[[-95.382745,29.768324],[-95.382752,29.769097],[-95.38276,29.769669],[-95.382758,29.769895],[-95.382778,29.770665],[-95.382797,29.772171],[-95.382804,29.772921],[-95.382788,29.773299],[-95.382734,29.773534],[-95.382698,29.773641],[-95.382566,29.773826],[-95.382284,29.7741],[-95.381938,29.774395],[-95.381745,29.774612],[-95.381621,29.774779],[-95.381604,29.774809],[-95.381487,29.775107]]},"properties":{"Full_Name":"SAWYER ST","ped_crash_count":1,"ped_death_count":0,"total_crash_count":3,"MilesLength":0.49291453}},{"type":"Feature","geometry":{"type":"LineString","coordinates":[[-95.347453,29.636331],[-95.346589,29.636393],[-95.346155,29.636429],[-95.34572,29.63646],[-95.345554,29.636473],[-95.344808,29.636531],[-95.343926,29.636608],[-95.343105,29.636666],[-95.342168,29.636742],[-95.341541,29.636782],[-95.340723,29.636862],[-95.340021,29.636909],[-95.339397,29.636964],[-95.339177,29.636988]]},"properties":{"Full_Name":"SELINSKY RD","ped_crash_count":1,"ped_death_count":1,"total_crash_count":3,"MilesLength":0.49999999}},{"type":"Feature","geometry":{"type":"LineString","coordinates":[[-95.645503,29.814063],[-95.64553,29.814559],[-95.64554,29.814828],[-95.645532,29.816016],[-95.645519,29.816906],[-95.645505,29.819458],[-95.645517,29.820724],[-95.645523,29.821322]]},"properties":{"Full_Name":"SH 6 N","ped_crash_count":1,"ped_death_count":1,"total_crash_count":4,"MilesLength":0.49999997}},{"type":"Feature","geometry":{"type":"LineString","coordinates":[[-95.644798,29.78504],[-95.644771,29.783404],[-95.644768,29.782923],[-95.644769,29.782591],[-95.644739,29.781792],[-95.644724,29.781296],[-95.64472,29.780985],[-95.644706,29.780637],[-95.644704,29.780283],[-95.644706,29.779908],[-95.644694,29.779616],[-95.644755,29.778349],[-95.644752,29.778164],[-95.644743,29.778007],[-95.644736,29.777873],[-95.644734,29.777783]]},"properties":{"Full_Name":"SH 6 S","ped_crash_count":3,"ped_death_count":2,"total_crash_count":9,"MilesLength":0.49999999}},{"type":"Feature","geometry":{"type":"LineString","coordinates":[[-95.644051,29.734637],[-95.644042,29.733985],[-95.644033,29.733413],[-95.644017,29.732735],[-95.644002,29.732053],[-95.643995,29.731594],[-95.643991,29.731316],[-95.643996,29.731145],[-95.643991,29.730944],[-95.64399,29.730623],[-95.643986,29.730401],[-95.643986,29.73005],[-95.643975,29.729678],[-95.643973,29.729396],[-95.643968,29.729146],[-95.643968,29.729142],[-95.643948,29.727879],[-95.643947,29.727634],[-95.643948,29.727378]]},"properties":{"Full_Name":"SH 6 S","ped_crash_count":1,"ped_death_count":1,"total_crash_count":5,"MilesLength":0.50000001}},{"type":"Feature","geometry":{"type":"LineString","coordinates":[[-95.644289,29.741891],[-95.644272,29.741718],[-95.644178,29.740981],[-95.644172,29.740905],[-95.64416,29.740419],[-95.644144,29.739554],[-95.644136,29.738916],[-95.644118,29.738117],[-95.644099,29.737086],[-95.644092,29.73642],[-95.644082,29.735592],[-95.644072,29.735271],[-95.64406,29.734999],[-95.644053,29.734746],[-95.644051,29.734637]]},"properties":{"Full_Name":"SH 6 S","ped_crash_count":10,"ped_death_count":6,"total_crash_count":22,"MilesLength":0.49999999}},{"type":"Feature","geometry":{"type":"LineString","coordinates":[[-95.644607,29.763657],[-95.644601,29.76209],[-95.644581,29.759388],[-95.644585,29.759276],[-95.644589,29.75917],[-95.644568,29.758706],[-95.644521,29.756398]]},"properties":{"Full_Name":"SH 6 S","ped_crash_count":1,"ped_death_count":1,"total_crash_count":5,"MilesLength":0.50000003}},{"type":"Feature","geometry":{"type":"LineString","coordinates":[[-95.644734,29.777783],[-95.644732,29.777703],[-95.644718,29.77745],[-95.644667,29.777128],[-95.644561,29.77665],[-95.64446,29.77629],[-95.64439,29.776127],[-95.644044,29.775382],[-95.643905,29.775138],[-95.643779,29.774816],[-95.643712,29.77467],[-95.643591,29.774442],[-95.643451,29.774106],[-95.643365,29.773885],[-95.643151,29.773203],[-95.643038,29.772693],[-95.642958,29.772367],[-95.642924,29.772014],[-95.642931,29.771576],[-95.643041,29.77078]]},"properties":{"Full_Name":"SH 6 S","ped_crash_count":3,"ped_death_count":2,"total_crash_count":8,"MilesLength":0.5}},{"type":"Feature","geometry":{"type":"LineString","coordinates":[[-95.453723,29.814113],[-95.454704,29.81411],[-95.459259,29.814092],[-95.460095,29.814076],[-95.460407,29.814096],[-95.46086,29.814222],[-95.461202,29.814318],[-95.46151,29.814386],[-95.461652,29.81439],[-95.461778,29.814393],[-95.461992,29.814351]]},"properties":{"Full_Name":"SHERWOOD LN","ped_crash_count":2,"ped_death_count":0,"total_crash_count":2,"MilesLength":0.49999996}},{"type":"Feature","geometry":{"type":"LineString","coordinates":[[-95.46805,29.786679],[-95.468052,29.787018],[-95.468068,29.787859],[-95.468067,29.788252],[-95.468066,29.788674],[-95.46807,29.789476],[-95.468105,29.791281],[-95.468104,29.791645],[-95.468103,29.792166],[-95.468112,29.792844],[-95.468123,29.793695],[-95.468131,29.793939]]},"properties":{"Full_Name":"SILBER RD","ped_crash_count":1,"ped_death_count":0,"total_crash_count":2,"MilesLength":0.5}},{"type":"Feature","geometry":{"type":"LineString","coordinates":[[-95.363136,29.764678],[-95.363867,29.764393],[-95.364112,29.764281],[-95.36421,29.764221],[-95.364292,29.764139],[-95.364398,29.764038],[-95.364788,29.763571],[-95.365378,29.762848],[-95.365986,29.76203],[-95.366609,29.761282],[-95.367193,29.76054],[-95.36723,29.760495]]},"properties":{"Full_Name":"SMITH ST","ped_crash_count":1,"ped_death_count":0,"total_crash_count":3,"MilesLength":0.38635244}},{"type":"Feature","geometry":{"type":"LineString","coordinates":[[-95.342002,29.68439],[-95.341908,29.684174],[-95.341703,29.683988],[-95.341536,29.683911],[-95.341293,29.683865],[-95.340998,29.683867],[-95.340516,29.684003],[-95.340321,29.684067],[-95.337056,29.685045],[-95.335331,29.685562],[-95.334933,29.685673],[-95.33472,29.685685],[-95.334448,29.685631],[-95.334333,29.685599]]},"properties":{"Full_Name":"SOUTHLEA ST","ped_crash_count":1,"ped_death_count":1,"total_crash_count":4,"MilesLength":0.50000003}},{"type":"Feature","geometry":{"type":"LineString","coordinates":[[-95.380588,29.724398],[-95.378631,29.72321],[-95.377559,29.722567],[-95.377201,29.722361],[-95.376898,29.722187],[-95.376688,29.722052],[-95.376392,29.721861],[-95.37544,29.721296],[-95.374942,29.720973],[-95.37435,29.720539],[-95.373969,29.720251],[-95.373834,29.720169]]},"properties":{"Full_Name":"SOUTHMORE BLVD","ped_crash_count":1,"ped_death_count":0,"total_crash_count":4,"MilesLength":0.50000003}},{"type":"Feature","geometry":{"type":"LineString","coordinates":[[-95.304303,29.73634],[-95.303984,29.737097],[-95.303748,29.737627],[-95.303457,29.738328],[-95.30317,29.739037],[-95.302889,29.739713],[-95.302598,29.74041],[-95.302312,29.741098],[-95.302036,29.74175],[-95.301759,29.742431],[-95.301497,29.743083],[-95.301463,29.743164]]},"properties":{"Full_Name":"SSGT MACARIO GARCIA DR","ped_crash_count":1,"ped_death_count":0,"total_crash_count":3,"MilesLength":0.5}},{"type":"Feature","geometry":{"type":"LineString","coordinates":[[-95.301463,29.743164],[-95.301217,29.743745],[-95.301194,29.743779],[-95.300906,29.744464],[-95.300621,29.745175],[-95.300353,29.74584],[-95.300086,29.746495],[-95.299802,29.747153],[-95.299514,29.747822],[-95.299259,29.748477],[-95.298975,29.749128],[-95.298707,29.749797],[-95.298629,29.749989]]},"properties":{"Full_Name":"SSGT MACARIO GARCIA DR","ped_crash_count":1,"ped_death_count":1,"total_crash_count":3,"MilesLength":0.49999999}},{"type":"Feature","geometry":{"type":"LineString","coordinates":[[-95.355251,29.75157],[-95.355494,29.751268],[-95.356085,29.750525],[-95.356667,29.749784],[-95.357249,29.749019],[-95.357846,29.748276],[-95.358438,29.747532],[-95.359039,29.746766],[-95.359631,29.746036],[-95.359971,29.745592]]},"properties":{"Full_Name":"ST EMANUEL ST","ped_crash_count":1,"ped_death_count":0,"total_crash_count":2,"MilesLength":0.49999999}},{"type":"Feature","geometry":{"type":"LineString","coordinates":[[-95.37455,29.752818],[-95.37447,29.752772],[-95.373692,29.752321],[-95.372825,29.751803],[-95.371986,29.751288],[-95.371126,29.750764],[-95.370252,29.750235],[-95.369378,29.749715],[-95.36922,29.74962],[-95.368516,29.749201],[-95.367698,29.7487]]},"properties":{"Full_Name":"ST JOSEPH PKWY","ped_crash_count":3,"ped_death_count":1,"total_crash_count":6,"MilesLength":0.50000001}},{"type":"Feature","geometry":{"type":"LineString","coordinates":[[-95.367698,29.7487],[-95.367651,29.748671],[-95.366804,29.748159],[-95.365945,29.747649],[-95.365086,29.747126],[-95.364235,29.746602],[-95.36338,29.746081],[-95.362485,29.745575],[-95.362369,29.745494],[-95.36231,29.745453],[-95.36225,29.745419],[-95.362146,29.745359],[-95.362117,29.745343],[-95.36199,29.745272],[-95.361678,29.745091],[-95.36157,29.745023],[-95.361331,29.744874],[-95.360854,29.744574]]},"properties":{"Full_Name":"ST JOSEPH PKWY","ped_crash_count":2,"ped_death_count":1,"total_crash_count":5,"MilesLength":0.5}},{"type":"Feature","geometry":{"type":"LineString","coordinates":[[-95.262767,29.854949],[-95.262404,29.85495],[-95.262101,29.854948],[-95.261964,29.854955],[-95.26091,29.854974],[-95.260525,29.854915],[-95.259019,29.8543],[-95.25872,29.854255],[-95.258183,29.854263],[-95.257921,29.854267],[-95.257124,29.854267],[-95.257019,29.854264],[-95.256338,29.854258],[-95.255546,29.854276],[-95.254743,29.854287],[-95.254607,29.854287]]},"properties":{"Full_Name":"STERLINGSHIRE ST","ped_crash_count":2,"ped_death_count":0,"total_crash_count":6,"MilesLength":0.49999997}},{"type":"Feature","geometry":{"type":"LineString","coordinates":[[-95.270169,29.67526],[-95.269917,29.674963],[-95.269448,29.674462],[-95.268737,29.67372],[-95.267687,29.672623],[-95.267274,29.67219],[-95.266886,29.67184],[-95.266347,29.671298],[-95.265633,29.670564],[-95.26503,29.669946],[-95.264867,29.669679]]},"properties":{"Full_Name":"STONE ST","ped_crash_count":2,"ped_death_count":0,"total_crash_count":3,"MilesLength":0.49999997}},{"type":"Feature","geometry":{"type":"LineString","coordinates":[[-95.387036,29.779439],[-95.387061,29.77981],[-95.387114,29.780122],[-95.387456,29.780979],[-95.387592,29.781256],[-95.387685,29.781632],[-95.387699,29.782545],[-95.387719,29.783466],[-95.387731,29.784378],[-95.387748,29.785253],[-95.387765,29.786057],[-95.387764,29.786611]]},"properties":{"Full_Name":"STUDEWOOD ST","ped_crash_count":1,"ped_death_count":0,"total_crash_count":2,"MilesLength":0.49999998}},{"type":"Feature","geometry":{"type":"LineString","coordinates":[[-95.614727,29.708096],[-95.614693,29.707496],[-95.614692,29.707262],[-95.614707,29.706821],[-95.614681,29.705517],[-95.614783,29.704792],[-95.614776,29.70415],[-95.614773,29.70351],[-95.614735,29.702478],[-95.61475,29.702034],[-95.614718,29.701274],[-95.614701,29.700866],[-95.614701,29.700844]]},"properties":{"Full_Name":"SYNOTT RD","ped_crash_count":1,"ped_death_count":0,"total_crash_count":3,"MilesLength":0.5}},{"type":"Feature","geometry":{"type":"LineString","coordinates":[[-95.614728,29.715348],[-95.614697,29.715179],[-95.614666,29.714965],[-95.614666,29.714758],[-95.61466,29.714457],[-95.614647,29.714281],[-95.614664,29.714076],[-95.614694,29.713656],[-95.614707,29.713498],[-95.614718,29.713363],[-95.614735,29.713139],[-95.614742,29.713054],[-95.614763,29.712508],[-95.614785,29.711924],[-95.614788,29.710605],[-95.614777,29.710003],[-95.614776,29.70981],[-95.61474,29.708827],[-95.614736,29.708252],[-95.614727,29.708096]]},"properties":{"Full_Name":"SYNOTT RD","ped_crash_count":1,"ped_death_count":0,"total_crash_count":3,"MilesLength":0.49999999}},{"type":"Feature","geometry":{"type":"LineString","coordinates":[[-95.417445,29.770658],[-95.417445,29.771006],[-95.417471,29.771412],[-95.417598,29.771917],[-95.417817,29.7725],[-95.417924,29.773073],[-95.417968,29.77405],[-95.417983,29.774759],[-95.417993,29.774985],[-95.418011,29.775461],[-95.418062,29.776202],[-95.418086,29.776934],[-95.418076,29.777291],[-95.418073,29.777435],[-95.418069,29.777567],[-95.418062,29.777864]]},"properties":{"Full_Name":"T C JESTER BLVD","ped_crash_count":1,"ped_death_count":0,"total_crash_count":3,"MilesLength":0.49999999}},{"type":"Feature","geometry":{"type":"LineString","coordinates":[[-95.385809,29.758185],[-95.385806,29.758115],[-95.385761,29.757919],[-95.385723,29.757796],[-95.385718,29.757625],[-95.385706,29.75692],[-95.385709,29.756237],[-95.385704,29.755567],[-95.385695,29.754858],[-95.385687,29.754176],[-95.385683,29.753547],[-95.385721,29.753455],[-95.38574,29.753389],[-95.38574,29.752989],[-95.385741,29.75266],[-95.385739,29.752003],[-95.385724,29.751584],[-95.385724,29.750942]]},"properties":{"Full_Name":"TAFT ST","ped_crash_count":1,"ped_death_count":1,"total_crash_count":3,"MilesLength":0.5}},{"type":"Feature","geometry":{"type":"LineString","coordinates":[[-95.367649,29.763051],[-95.367245,29.762811],[-95.365986,29.76203],[-95.365134,29.761531],[-95.364275,29.761012],[-95.363423,29.760505],[-95.36254,29.759982],[-95.361671,29.75944],[-95.361258,29.759201]]},"properties":{"Full_Name":"TEXAS ST","ped_crash_count":2,"ped_death_count":0,"total_crash_count":3,"MilesLength":0.46665781}},{"type":"Feature","geometry":{"type":"LineString","coordinates":[[-95.367867,29.846185],[-95.36782,29.846186],[-95.367633,29.846191],[-95.36689,29.846204],[-95.366807,29.846206],[-95.366723,29.846205],[-95.365783,29.846214],[-95.364453,29.846236],[-95.362691,29.846247],[-95.361807,29.846286],[-95.361367,29.846273],[-95.360916,29.846274],[-95.360553,29.846289],[-95.360301,29.846307],[-95.360085,29.846338],[-95.35964,29.846409],[-95.359554,29.846422]]},"properties":{"Full_Name":"TIDWELL RD","ped_crash_count":1,"ped_death_count":1,"total_crash_count":4,"MilesLength":0.50000001}},{"type":"Feature","geometry":{"type":"LineString","coordinates":[[-95.310029,29.848369],[-95.309967,29.84837],[-95.308751,29.848373],[-95.307273,29.848395],[-95.306751,29.848406],[-95.305896,29.848419],[-95.304672,29.848429],[-95.303684,29.848461],[-95.30345,29.848469],[-95.302158,29.848495],[-95.301702,29.848494]]},"properties":{"Full_Name":"TIDWELL RD","ped_crash_count":3,"ped_death_count":0,"total_crash_count":13,"MilesLength":0.49999996}},{"type":"Feature","geometry":{"type":"LineString","coordinates":[[-95.326601,29.848507],[-95.326412,29.848434],[-95.326052,29.848303],[-95.325724,29.848208],[-95.325407,29.848141],[-95.325214,29.848113],[-95.324946,29.84809],[-95.32464,29.848093],[-95.32437,29.848101],[-95.324217,29.848096],[-95.323813,29.848103],[-95.321675,29.848145],[-95.319124,29.848181],[-95.318353,29.848192]]},"properties":{"Full_Name":"TIDWELL RD","ped_crash_count":2,"ped_death_count":1,"total_crash_count":5,"MilesLength":0.49999999}},{"type":"Feature","geometry":{"type":"LineString","coordinates":[[-95.334886,29.848725],[-95.334185,29.848739],[-95.333546,29.848725],[-95.333313,29.848729],[-95.33304,29.848734],[-95.331769,29.84874],[-95.328714,29.848755],[-95.327654,29.848753],[-95.327557,29.84875],[-95.327285,29.848697],[-95.327079,29.848655],[-95.326848,29.848594],[-95.326672,29.848534],[-95.326601,29.848507]]},"properties":{"Full_Name":"TIDWELL RD","ped_crash_count":1,"ped_death_count":0,"total_crash_count":4,"MilesLength":0.50000004}},{"type":"Feature","geometry":{"type":"LineString","coordinates":[[-95.343153,29.848154],[-95.34291,29.848156],[-95.341186,29.848195],[-95.339613,29.84823],[-95.338127,29.848261],[-95.337708,29.848297],[-95.337478,29.848331],[-95.337279,29.84837],[-95.337042,29.848425],[-95.336756,29.8485],[-95.336377,29.848598],[-95.336034,29.848666],[-95.335747,29.848702],[-95.335449,29.848719],[-95.335008,29.848723],[-95.334886,29.848725]]},"properties":{"Full_Name":"TIDWELL RD","ped_crash_count":2,"ped_death_count":1,"total_crash_count":4,"MilesLength":0.5}},{"type":"Feature","geometry":{"type":"LineString","coordinates":[[-95.252225,29.850868],[-95.252135,29.850875],[-95.249752,29.85089],[-95.246809,29.850921],[-95.244547,29.850925],[-95.243897,29.850932]]},"properties":{"Full_Name":"TIDWELL RD","ped_crash_count":1,"ped_death_count":1,"total_crash_count":2,"MilesLength":0.5}},{"type":"Feature","geometry":{"type":"LineString","coordinates":[[-95.260449,29.850079],[-95.259942,29.850085],[-95.257112,29.850095],[-95.256478,29.850119],[-95.255919,29.850221],[-95.255456,29.850367],[-95.254521,29.850606],[-95.253391,29.850785],[-95.252225,29.850868]]},"properties":{"Full_Name":"TIDWELL RD","ped_crash_count":2,"ped_death_count":1,"total_crash_count":7,"MilesLength":0.5}},{"type":"Feature","geometry":{"type":"LineString","coordinates":[[-95.268776,29.84999],[-95.268564,29.849998],[-95.267476,29.850009],[-95.266419,29.85003],[-95.264619,29.850043],[-95.263819,29.850049],[-95.262343,29.850059],[-95.260449,29.850079]]},"properties":{"Full_Name":"TIDWELL RD","ped_crash_count":3,"ped_death_count":0,"total_crash_count":9,"MilesLength":0.50000003}},{"type":"Feature","geometry":{"type":"LineString","coordinates":[[-95.285199,29.848633],[-95.284875,29.848768],[-95.283699,29.849221],[-95.282995,29.849427],[-95.282976,29.84943],[-95.282374,29.849539],[-95.281188,29.849774],[-95.280359,29.849837],[-95.279336,29.849817],[-95.277954,29.849826],[-95.27728,29.84985],[-95.277102,29.849857]]},"properties":{"Full_Name":"TIDWELL RD","ped_crash_count":1,"ped_death_count":0,"total_crash_count":4,"MilesLength":0.49999995}},{"type":"Feature","geometry":{"type":"LineString","coordinates":[[-95.368875,29.691781],[-95.369111,29.691189],[-95.369374,29.690571],[-95.369618,29.689952],[-95.36982,29.689459],[-95.370091,29.688785],[-95.370368,29.688117],[-95.370575,29.687646],[-95.370846,29.686978],[-95.371022,29.686535],[-95.371111,29.686298],[-95.371387,29.685629],[-95.371511,29.685311],[-95.371661,29.684952],[-95.371665,29.684942]]},"properties":{"Full_Name":"TIERWESTER ST","ped_crash_count":1,"ped_death_count":0,"total_crash_count":4,"MilesLength":0.50000002}},{"type":"Feature","geometry":{"type":"LineString","coordinates":[[-95.371665,29.684942],[-95.371951,29.684266],[-95.372206,29.683604],[-95.372476,29.682925],[-95.372492,29.682885],[-95.372508,29.682842],[-95.372587,29.682652],[-95.372691,29.682355],[-95.372644,29.681446],[-95.372616,29.681213]]},"properties":{"Full_Name":"TIERWESTER ST","ped_crash_count":1,"ped_death_count":0,"total_crash_count":2,"MilesLength":0.26737519}},{"type":"Feature","geometry":{"type":"LineString","coordinates":[[-95.369371,29.752997],[-95.369949,29.752261],[-95.370545,29.75152],[-95.370605,29.751428],[-95.371126,29.750764],[-95.37172,29.750025],[-95.371859,29.749847],[-95.371947,29.749734],[-95.372313,29.749265],[-95.372902,29.74854],[-95.373487,29.747792],[-95.373647,29.747591],[-95.374028,29.747112],[-95.374098,29.747023]]},"properties":{"Full_Name":"TRAVIS ST","ped_crash_count":4,"ped_death_count":1,"total_crash_count":7,"MilesLength":0.50000004}},{"type":"Feature","geometry":{"type":"LineString","coordinates":[[-95.364639,29.758968],[-95.365222,29.758231],[-95.365808,29.757477],[-95.36588,29.757381],[-95.366399,29.756743],[-95.366981,29.756004],[-95.367588,29.755256],[-95.368171,29.754506],[-95.36876,29.753761],[-95.369091,29.753342],[-95.369354,29.753019],[-95.369371,29.752997]]},"properties":{"Full_Name":"TRAVIS ST","ped_crash_count":1,"ped_death_count":0,"total_crash_count":4,"MilesLength":0.50000003}},{"type":"Feature","geometry":{"type":"LineString","coordinates":[[-95.360566,29.765128],[-95.360526,29.764362],[-95.360644,29.764036],[-95.361018,29.763533],[-95.361611,29.762786],[-95.362209,29.762027],[-95.362803,29.761275],[-95.363423,29.760505],[-95.364028,29.75973],[-95.364623,29.758988],[-95.364639,29.758968]]},"properties":{"Full_Name":"TRAVIS ST","ped_crash_count":5,"ped_death_count":0,"total_crash_count":6,"MilesLength":0.49999996}},{"type":"Feature","geometry":{"type":"LineString","coordinates":[[-95.383983,29.748313],[-95.383784,29.748378],[-95.383616,29.748363],[-95.383285,29.748168],[-95.382427,29.747665],[-95.381581,29.747137],[-95.380722,29.746627],[-95.379941,29.746145]]},"properties":{"Full_Name":"TUAM ST","ped_crash_count":1,"ped_death_count":0,"total_crash_count":3,"MilesLength":0.29146104}},{"type":"Feature","geometry":{"type":"LineString","coordinates":[[-95.409126,29.790525],[-95.409903,29.790511],[-95.41057,29.790473],[-95.41084,29.790457],[-95.411281,29.790432],[-95.411807,29.790384],[-95.412462,29.790342],[-95.413407,29.790297],[-95.414328,29.790219],[-95.415343,29.790148],[-95.416354,29.79013],[-95.417077,29.790125],[-95.417432,29.790121]]},"properties":{"Full_Name":"W 11TH ST","ped_crash_count":1,"ped_death_count":0,"total_crash_count":3,"MilesLength":0.49999998}},{"type":"Feature","geometry":{"type":"LineString","coordinates":[[-95.441964,29.801588],[-95.442662,29.801565],[-95.443115,29.801557],[-95.443514,29.801556],[-95.444387,29.801564],[-95.445223,29.801572],[-95.445412,29.801575],[-95.44606,29.801569],[-95.447244,29.801571],[-95.447704,29.801566],[-95.448407,29.801565],[-95.448706,29.801563],[-95.449192,29.801559],[-95.450025,29.801525],[-95.450266,29.801525],[-95.450286,29.801525]]},"properties":{"Full_Name":"W 18TH ST","ped_crash_count":1,"ped_death_count":0,"total_crash_count":3,"MilesLength":0.50000001}},{"type":"Feature","geometry":{"type":"LineString","coordinates":[[-95.397931,29.802958],[-95.3992,29.802935],[-95.401414,29.802911],[-95.403621,29.80289],[-95.405874,29.802846],[-95.406254,29.80284]]},"properties":{"Full_Name":"W 19TH ST","ped_crash_count":4,"ped_death_count":1,"total_crash_count":4,"MilesLength":0.50000001}},{"type":"Feature","geometry":{"type":"LineString","coordinates":[[-95.414576,29.802733],[-95.417321,29.80272],[-95.41781,29.802719],[-95.418034,29.802718],[-95.42232,29.802713],[-95.422862,29.802705],[-95.4229,29.802704]]},"properties":{"Full_Name":"W 19TH ST","ped_crash_count":1,"ped_death_count":0,"total_crash_count":2,"MilesLength":0.49999995}},{"type":"Feature","geometry":{"type":"LineString","coordinates":[[-95.473693,29.819362],[-95.473759,29.819363],[-95.475126,29.81934],[-95.476426,29.819296],[-95.477154,29.819288],[-95.477723,29.819284],[-95.478279,29.819269],[-95.478831,29.819255],[-95.479434,29.819239],[-95.480159,29.81922],[-95.48069,29.819218],[-95.481321,29.819202],[-95.481989,29.819037]]},"properties":{"Full_Name":"W 34TH ST","ped_crash_count":1,"ped_death_count":0,"total_crash_count":2,"MilesLength":0.49999996}},{"type":"Feature","geometry":{"type":"LineString","coordinates":[[-95.465372,29.819513],[-95.465521,29.819517],[-95.465927,29.819509],[-95.466257,29.819509],[-95.466634,29.819502],[-95.468064,29.819489],[-95.469179,29.819438],[-95.470068,29.819401],[-95.471227,29.819409],[-95.471432,29.819407],[-95.471758,29.8194],[-95.472731,29.819374],[-95.473272,29.819352],[-95.473693,29.819362]]},"properties":{"Full_Name":"W 34TH ST","ped_crash_count":3,"ped_death_count":0,"total_crash_count":8,"MilesLength":0.50000002}},{"type":"Feature","geometry":{"type":"LineString","coordinates":[[-95.415932,29.817383],[-95.416872,29.817385],[-95.417694,29.817374],[-95.418644,29.817361],[-95.420244,29.817365],[-95.424096,29.817322],[-95.424257,29.817321]]},"properties":{"Full_Name":"W 34TH ST","ped_crash_count":1,"ped_death_count":0,"total_crash_count":3,"MilesLength":0.50000002}},{"type":"Feature","geometry":{"type":"LineString","coordinates":[[-95.407797,29.818062],[-95.407876,29.818042],[-95.408121,29.817978],[-95.408518,29.81785],[-95.408892,29.817694],[-95.409327,29.817419],[-95.41009,29.817471],[-95.410446,29.817427],[-95.411728,29.817417],[-95.412151,29.817414],[-95.413222,29.817439],[-95.415903,29.817383],[-95.415932,29.817383]]},"properties":{"Full_Name":"W 34TH ST","ped_crash_count":1,"ped_death_count":0,"total_crash_count":4,"MilesLength":0.49999997}},{"type":"Feature","geometry":{"type":"LineString","coordinates":[[-95.485199,29.833223],[-95.48556,29.833231],[-95.486027,29.833211],[-95.486571,29.83318],[-95.487335,29.833055],[-95.48886,29.833021],[-95.489833,29.833038],[-95.490263,29.833096],[-95.490423,29.833136],[-95.490833,29.833314],[-95.491126,29.833427],[-95.492026,29.833774],[-95.49264,29.834023],[-95.493087,29.834193],[-95.493221,29.834246]]},"properties":{"Full_Name":"W 43RD ST","ped_crash_count":2,"ped_death_count":1,"total_crash_count":5,"MilesLength":0.50000003}},{"type":"Feature","geometry":{"type":"LineString","coordinates":[[-95.511293,29.644211],[-95.51148,29.644208],[-95.511683,29.644211],[-95.511892,29.644194],[-95.512527,29.644093],[-95.513026,29.644018],[-95.513519,29.643873],[-95.513886,29.643729],[-95.51403,29.643674],[-95.514243,29.643552],[-95.514661,29.64336],[-95.514867,29.643236],[-95.515236,29.643044],[-95.515307,29.642996],[-95.516204,29.642547],[-95.516589,29.642418],[-95.517456,29.642137],[-95.51868,29.641881],[-95.519034,29.641885]]},"properties":{"Full_Name":"W AIRPORT BLVD","ped_crash_count":1,"ped_death_count":0,"total_crash_count":4,"MilesLength":0.49999998}},{"type":"Feature","geometry":{"type":"LineString","coordinates":[[-95.502985,29.644332],[-95.503164,29.644331],[-95.504239,29.644336],[-95.505054,29.644301],[-95.505828,29.644286],[-95.506415,29.644274],[-95.506996,29.644278],[-95.507483,29.644263],[-95.507923,29.644261],[-95.5083,29.644237],[-95.509497,29.644234],[-95.509549,29.644233],[-95.509968,29.644223],[-95.510832,29.644218],[-95.511293,29.644211]]},"properties":{"Full_Name":"W AIRPORT BLVD","ped_crash_count":1,"ped_death_count":0,"total_crash_count":5,"MilesLength":0.50000003}},{"type":"Feature","geometry":{"type":"LineString","coordinates":[[-95.408056,29.642609],[-95.408276,29.642577],[-95.408494,29.642539],[-95.408711,29.642494],[-95.408926,29.642442],[-95.409138,29.642384],[-95.409349,29.642319],[-95.409556,29.642248],[-95.40976,29.642171],[-95.409962,29.642088],[-95.41016,29.641998],[-95.410354,29.641903],[-95.410544,29.641801],[-95.41073,29.641694],[-95.410912,29.641582],[-95.412506,29.640378],[-95.412827,29.640144],[-95.41323,29.639839],[-95.413586,29.639582],[-95.414675,29.639006],[-95.414972,29.6389]]},"properties":{"Full_Name":"W AIRPORT BLVD","ped_crash_count":1,"ped_death_count":0,"total_crash_count":2,"MilesLength":0.49529585}},{"type":"Feature","geometry":{"type":"LineString","coordinates":[[-95.389051,29.7388],[-95.389874,29.738798],[-95.390259,29.738792],[-95.391181,29.738782],[-95.392568,29.738768],[-95.393749,29.738759],[-95.394749,29.738742],[-95.395722,29.738725],[-95.397369,29.738721]]},"properties":{"Full_Name":"W ALABAMA ST","ped_crash_count":1,"ped_death_count":0,"total_crash_count":3,"MilesLength":0.50000002}},{"type":"Feature","geometry":{"type":"LineString","coordinates":[[-95.561128,29.652725],[-95.562154,29.652894],[-95.563525,29.653246],[-95.56394,29.653375],[-95.564799,29.65363],[-95.565016,29.653697],[-95.565242,29.653785],[-95.565457,29.653853],[-95.565605,29.6539],[-95.565833,29.653971],[-95.566026,29.654032],[-95.566366,29.654129],[-95.566818,29.654265],[-95.567093,29.654353],[-95.567459,29.654464],[-95.567964,29.654617],[-95.56847,29.654766],[-95.568807,29.654869],[-95.569033,29.654937]]},"properties":{"Full_Name":"W BELLFORT AVE","ped_crash_count":3,"ped_death_count":1,"total_crash_count":9,"MilesLength":0.50000001}},{"type":"Feature","geometry":{"type":"LineString","coordinates":[[-95.552825,29.652789],[-95.55293,29.652776],[-95.553822,29.652744],[-95.555568,29.652714],[-95.556565,29.652694],[-95.557509,29.652673],[-95.557952,29.652668],[-95.558361,29.652649],[-95.560185,29.652647],[-95.560921,29.652691],[-95.561128,29.652725]]},"properties":{"Full_Name":"W BELLFORT AVE","ped_crash_count":1,"ped_death_count":1,"total_crash_count":2,"MilesLength":0.49999996}},{"type":"Feature","geometry":{"type":"LineString","coordinates":[[-95.520561,29.655627],[-95.521313,29.655624],[-95.52144,29.655614],[-95.521513,29.655618],[-95.521749,29.655602],[-95.522799,29.655615],[-95.523562,29.655664],[-95.524349,29.65571],[-95.524514,29.655714],[-95.525209,29.655737],[-95.525393,29.655743],[-95.525644,29.655738],[-95.526682,29.655717],[-95.527272,29.655705],[-95.528031,29.655689],[-95.528185,29.655691],[-95.528867,29.655701]]},"properties":{"Full_Name":"W BELLFORT AVE","ped_crash_count":1,"ped_death_count":0,"total_crash_count":2,"MilesLength":0.49999996}},{"type":"Feature","geometry":{"type":"LineString","coordinates":[[-95.503965,29.656057],[-95.504923,29.656035],[-95.505143,29.656033],[-95.50526,29.656033],[-95.50598,29.656035],[-95.506448,29.656035],[-95.506996,29.656025],[-95.507113,29.656023],[-95.507677,29.656023],[-95.508433,29.656023],[-95.50868,29.656016],[-95.509735,29.656011],[-95.510908,29.656],[-95.511499,29.656],[-95.511999,29.655996],[-95.512276,29.655993]]},"properties":{"Full_Name":"W BELLFORT AVE","ped_crash_count":4,"ped_death_count":0,"total_crash_count":7,"MilesLength":0.50000001}},{"type":"Feature","geometry":{"type":"LineString","coordinates":[[-95.380378,29.803934],[-95.380849,29.803918],[-95.381418,29.803843],[-95.381924,29.803854],[-95.383199,29.803836],[-95.383898,29.803928],[-95.384428,29.803967],[-95.384858,29.803963],[-95.386165,29.803952],[-95.387824,29.803975],[-95.388042,29.804081]]},"properties":{"Full_Name":"W CAVALCADE ST","ped_crash_count":1,"ped_death_count":0,"total_crash_count":2,"MilesLength":0.46329097}},{"type":"Feature","geometry":{"type":"LineString","coordinates":[[-95.389555,29.757544],[-95.389595,29.757544],[-95.389759,29.757538],[-95.390718,29.757503],[-95.391306,29.757492],[-95.391802,29.757479],[-95.392278,29.757468],[-95.393035,29.757461],[-95.393472,29.757454],[-95.394018,29.757439],[-95.394752,29.757421],[-95.395595,29.757401],[-95.396033,29.757393],[-95.39638,29.757387],[-95.397154,29.75737],[-95.397873,29.757346]]},"properties":{"Full_Name":"W DALLAS ST","ped_crash_count":2,"ped_death_count":0,"total_crash_count":6,"MilesLength":0.50000003}},{"type":"Feature","geometry":{"type":"LineString","coordinates":[[-95.406603,29.844195],[-95.406643,29.844194],[-95.407197,29.844184],[-95.407732,29.844185],[-95.408305,29.844175],[-95.408815,29.844167],[-95.410069,29.844151],[-95.410777,29.844142],[-95.410969,29.844118],[-95.412765,29.844092],[-95.412879,29.844092],[-95.414928,29.844067]]},"properties":{"Full_Name":"W DONOVAN ST","ped_crash_count":2,"ped_death_count":0,"total_crash_count":3,"MilesLength":0.49999999}},{"type":"Feature","geometry":{"type":"LineString","coordinates":[[-95.497282,29.598856],[-95.497378,29.598853],[-95.497587,29.598846],[-95.497808,29.598846],[-95.498311,29.598857],[-95.499019,29.598939],[-95.500046,29.599182],[-95.500442,29.599332],[-95.500489,29.599352],[-95.500547,29.599378],[-95.500638,29.599413],[-95.501715,29.599898],[-95.502323,29.600205],[-95.502465,29.600277],[-95.502707,29.6004]]},"properties":{"Full_Name":"W FUQUA ST","ped_crash_count":1,"ped_death_count":1,"total_crash_count":2,"MilesLength":0.34994269}},{"type":"Feature","geometry":{"type":"LineString","coordinates":[[-95.438708,29.613432],[-95.439045,29.613424],[-95.441936,29.613382],[-95.442825,29.613392],[-95.442939,29.61339],[-95.444311,29.613363],[-95.445897,29.613335],[-95.447016,29.613325]]},"properties":{"Full_Name":"W FUQUA ST","ped_crash_count":1,"ped_death_count":1,"total_crash_count":3,"MilesLength":0.50000002}},{"type":"Feature","geometry":{"type":"LineString","coordinates":[[-95.4304,29.613547],[-95.430708,29.613545],[-95.432209,29.613526],[-95.432848,29.613518],[-95.433339,29.613511],[-95.434478,29.613497],[-95.435249,29.613487],[-95.435937,29.613477],[-95.437449,29.613454],[-95.438426,29.613439],[-95.438708,29.613432]]},"properties":{"Full_Name":"W FUQUA ST","ped_crash_count":2,"ped_death_count":0,"total_crash_count":6,"MilesLength":0.49999998}},{"type":"Feature","geometry":{"type":"LineString","coordinates":[[-95.422092,29.613621],[-95.422702,29.613613],[-95.423736,29.6136],[-95.424187,29.613605],[-95.427692,29.613558],[-95.429914,29.61355],[-95.4304,29.613547]]},"properties":{"Full_Name":"W FUQUA ST","ped_crash_count":1,"ped_death_count":0,"total_crash_count":3,"MilesLength":0.49999998}},{"type":"Feature","geometry":{"type":"LineString","coordinates":[[-95.378658,29.753099],[-95.37893,29.753179],[-95.379267,29.753246],[-95.379543,29.753275],[-95.380424,29.75329],[-95.381296,29.753272],[-95.382187,29.753262],[-95.383066,29.753253],[-95.384021,29.753251],[-95.384735,29.753413],[-95.384829,29.753465],[-95.385193,29.753463],[-95.385721,29.753455],[-95.386911,29.753433]]},"properties":{"Full_Name":"W GRAY ST","ped_crash_count":2,"ped_death_count":1,"total_crash_count":4,"MilesLength":0.5}},{"type":"Feature","geometry":{"type":"LineString","coordinates":[[-95.38066,29.932612],[-95.38126,29.935071],[-95.38131,29.935255],[-95.381467,29.935572],[-95.381716,29.935868],[-95.381901,29.93605],[-95.382574,29.936633],[-95.38273,29.936833],[-95.382871,29.937134],[-95.383047,29.937512],[-95.383094,29.937613],[-95.383171,29.938446],[-95.383164,29.938558],[-95.383158,29.938661],[-95.383155,29.938709],[-95.38315,29.938792]]},"properties":{"Full_Name":"W HARDY RD","ped_crash_count":1,"ped_death_count":1,"total_crash_count":4,"MilesLength":0.4649705}},{"type":"Feature","geometry":{"type":"LineString","coordinates":[[-95.405073,29.706251],[-95.407923,29.706225],[-95.409115,29.706224],[-95.410816,29.706221],[-95.412055,29.706213],[-95.412598,29.70621],[-95.413389,29.706201]]},"properties":{"Full_Name":"W HOLCOMBE BLVD","ped_crash_count":1,"ped_death_count":0,"total_crash_count":3,"MilesLength":0.5}},{"type":"Feature","geometry":{"type":"LineString","coordinates":[[-95.398804,29.869903],[-95.399719,29.869892],[-95.400635,29.869881],[-95.40082,29.869876],[-95.401029,29.869875],[-95.401212,29.869873],[-95.401452,29.869872],[-95.401737,29.869872],[-95.402554,29.869866],[-95.402974,29.869861],[-95.403773,29.869854],[-95.404146,29.869854],[-95.404675,29.86985],[-95.406346,29.869859],[-95.407133,29.869888]]},"properties":{"Full_Name":"W LITTLE YORK RD","ped_crash_count":1,"ped_death_count":0,"total_crash_count":8,"MilesLength":0.49999997}},{"type":"Feature","geometry":{"type":"LineString","coordinates":[[-95.479684,29.864921],[-95.479816,29.865131],[-95.480035,29.865361],[-95.480383,29.865663],[-95.480957,29.865756],[-95.481623,29.865767],[-95.48188,29.865767],[-95.482465,29.865765],[-95.483215,29.865763],[-95.483849,29.865762],[-95.484585,29.865761],[-95.486779,29.865758],[-95.48691,29.865756],[-95.487593,29.86575]]},"properties":{"Full_Name":"W LITTLE YORK RD","ped_crash_count":1,"ped_death_count":1,"total_crash_count":7,"MilesLength":0.50000005}},{"type":"Feature","geometry":{"type":"LineString","coordinates":[[-95.407133,29.869888],[-95.40743,29.869899],[-95.407648,29.869902],[-95.407817,29.869902],[-95.407943,29.869899],[-95.408153,29.869901],[-95.408779,29.869896],[-95.409033,29.869877],[-95.409679,29.869863],[-95.410478,29.869846],[-95.41084,29.869773],[-95.411456,29.869643],[-95.412596,29.869246],[-95.412965,29.869111],[-95.414257,29.868613],[-95.414502,29.868526],[-95.414814,29.868422],[-95.415126,29.868308]]},"properties":{"Full_Name":"W LITTLE YORK RD","ped_crash_count":1,"ped_death_count":0,"total_crash_count":6,"MilesLength":0.50000005}},{"type":"Feature","geometry":{"type":"LineString","coordinates":[[-95.409058,29.847185],[-95.409094,29.84735],[-95.409166,29.847461],[-95.409288,29.84756],[-95.409396,29.847577],[-95.409536,29.847646],[-95.409742,29.84778],[-95.409967,29.847956],[-95.411156,29.848924],[-95.411562,29.849253],[-95.413372,29.85086],[-95.413872,29.851281],[-95.414576,29.851903],[-95.414943,29.852237]]},"properties":{"Full_Name":"W MONTGOMERY RD","ped_crash_count":1,"ped_death_count":1,"total_crash_count":2,"MilesLength":0.49999998}},{"type":"Feature","geometry":{"type":"LineString","coordinates":[[-95.444166,29.878066],[-95.444902,29.87881],[-95.445187,29.879103],[-95.445876,29.879761],[-95.446814,29.880765],[-95.447182,29.88112],[-95.448468,29.882417],[-95.449506,29.883528],[-95.449569,29.88359]]},"properties":{"Full_Name":"W MONTGOMERY RD","ped_crash_count":1,"ped_death_count":0,"total_crash_count":6,"MilesLength":0.49999997}},{"type":"Feature","geometry":{"type":"LineString","coordinates":[[-95.408771,29.897501],[-95.40917,29.897725],[-95.410071,29.898048],[-95.410265,29.898087],[-95.410875,29.898212],[-95.41188,29.898267],[-95.41211,29.898267],[-95.412256,29.898268],[-95.412436,29.898268],[-95.412625,29.898269],[-95.413288,29.898253]]},"properties":{"Full_Name":"W MOUNT HOUSTON RD","ped_crash_count":1,"ped_death_count":1,"total_crash_count":6,"MilesLength":0.28141803}},{"type":"Feature","geometry":{"type":"LineString","coordinates":[[-95.55974,29.679799],[-95.559741,29.679795],[-95.559762,29.679688],[-95.55997,29.678626],[-95.560099,29.678156],[-95.560187,29.677693],[-95.560331,29.677151],[-95.56057,29.676359],[-95.560703,29.675782],[-95.560779,29.675151],[-95.560852,29.674612],[-95.560867,29.674162],[-95.560865,29.673827],[-95.560869,29.673332],[-95.560851,29.672637]]},"properties":{"Full_Name":"W SAM HOUSTON PKWY S","ped_crash_count":1,"ped_death_count":1,"total_crash_count":3,"MilesLength":0.49999998}},{"type":"Feature","geometry":{"type":"LineString","coordinates":[[-95.506191,29.851693],[-95.506375,29.851705],[-95.506908,29.851726],[-95.507417,29.851723],[-95.507926,29.851688],[-95.50854,29.851605],[-95.508978,29.851496],[-95.509274,29.851422],[-95.509616,29.851361],[-95.509783,29.851335],[-95.509895,29.851311],[-95.510242,29.851212],[-95.510311,29.851195],[-95.510622,29.851121],[-95.510922,29.851049],[-95.511063,29.851026],[-95.5116,29.850963],[-95.513026,29.850933],[-95.51406,29.850942],[-95.514415,29.850939]]},"properties":{"Full_Name":"W TIDWELL RD","ped_crash_count":1,"ped_death_count":0,"total_crash_count":6,"MilesLength":0.50000002}},{"type":"Feature","geometry":{"type":"LineString","coordinates":[[-95.47337,29.848886],[-95.473908,29.848904],[-95.474976,29.849014],[-95.475641,29.849123],[-95.476624,29.849447],[-95.477565,29.849877],[-95.478558,29.85023],[-95.479737,29.850492],[-95.480089,29.85053],[-95.481065,29.850575],[-95.481368,29.850576]]},"properties":{"Full_Name":"W TIDWELL RD","ped_crash_count":2,"ped_death_count":0,"total_crash_count":4,"MilesLength":0.49999999}},{"type":"Feature","geometry":{"type":"LineString","coordinates":[[-95.46507,29.848697],[-95.46586,29.848869],[-95.466719,29.848932],[-95.468913,29.848915],[-95.469046,29.848923],[-95.471103,29.848904],[-95.47209,29.848891],[-95.473301,29.848883],[-95.47337,29.848886]]},"properties":{"Full_Name":"W TIDWELL RD","ped_crash_count":2,"ped_death_count":0,"total_crash_count":4,"MilesLength":0.50000001}},{"type":"Feature","geometry":{"type":"LineString","coordinates":[[-95.370074,29.76115],[-95.369907,29.761051],[-95.369507,29.76081],[-95.368839,29.760424],[-95.368627,29.760294],[-95.367796,29.759796],[-95.36693,29.759271],[-95.366083,29.758745],[-95.365222,29.758231],[-95.364332,29.757684],[-95.363725,29.757322],[-95.363716,29.757317]]},"properties":{"Full_Name":"WALKER ST","ped_crash_count":2,"ped_death_count":0,"total_crash_count":3,"MilesLength":0.46439927}},{"type":"Feature","geometry":{"type":"LineString","coordinates":[[-95.414363,29.770481],[-95.414381,29.770482],[-95.414954,29.770508],[-95.415362,29.770527],[-95.415722,29.770554],[-95.416353,29.770603],[-95.417445,29.770658],[-95.418489,29.770771],[-95.419324,29.770833],[-95.420206,29.770905],[-95.421157,29.770968],[-95.421853,29.771047],[-95.422158,29.771061],[-95.422653,29.771091]]},"properties":{"Full_Name":"WASHINGTON AVE","ped_crash_count":4,"ped_death_count":0,"total_crash_count":5,"MilesLength":0.50000001}},{"type":"Feature","geometry":{"type":"LineString","coordinates":[[-95.406045,29.770497],[-95.40613,29.770506],[-95.40725,29.770493],[-95.408351,29.770478],[-95.409471,29.770476],[-95.409794,29.770463],[-95.41059,29.770467],[-95.411532,29.770442],[-95.4125,29.770432],[-95.413424,29.770433],[-95.414363,29.770481]]},"properties":{"Full_Name":"WASHINGTON AVE","ped_crash_count":2,"ped_death_count":1,"total_crash_count":7,"MilesLength":0.49999999}},{"type":"Feature","geometry":{"type":"LineString","coordinates":[[-95.381232,29.768198],[-95.381623,29.768233],[-95.382745,29.768313],[-95.383838,29.768342],[-95.384754,29.768376],[-95.385488,29.768453],[-95.386273,29.768544],[-95.386908,29.768603],[-95.387598,29.768674],[-95.388163,29.768711],[-95.389075,29.768751],[-95.389198,29.768762],[-95.389521,29.768783]]},"properties":{"Full_Name":"WASHINGTON AVE","ped_crash_count":1,"ped_death_count":0,"total_crash_count":3,"MilesLength":0.50000001}},{"type":"Feature","geometry":{"type":"LineString","coordinates":[[-95.424519,29.619475],[-95.424338,29.619213],[-95.424255,29.618799],[-95.424241,29.616981],[-95.424215,29.616207],[-95.424204,29.615208],[-95.424187,29.613605]]},"properties":{"Full_Name":"WATERLOO DR","ped_crash_count":1,"ped_death_count":0,"total_crash_count":2,"MilesLength":0.40773283}},{"type":"Feature","geometry":{"type":"LineString","coordinates":[[-95.398155,29.759339],[-95.398148,29.758252],[-95.398125,29.757338],[-95.398084,29.755339],[-95.398067,29.754642],[-95.398039,29.75395],[-95.398025,29.753234],[-95.398046,29.752664],[-95.397936,29.752415],[-95.397841,29.752206],[-95.397792,29.752125]]},"properties":{"Full_Name":"WAUGH DR","ped_crash_count":1,"ped_death_count":0,"total_crash_count":4,"MilesLength":0.50000002}},{"type":"Feature","geometry":{"type":"LineString","coordinates":[[-95.398101,29.766326],[-95.398103,29.766182],[-95.398112,29.765925],[-95.398144,29.765768],[-95.398179,29.76561],[-95.398222,29.765294],[-95.398473,29.764884],[-95.398718,29.764456],[-95.398835,29.764248],[-95.398952,29.763947],[-95.399023,29.763534],[-95.398977,29.763171],[-95.398909,29.762929],[-95.398832,29.762731],[-95.398625,29.762333],[-95.398264,29.761411],[-95.398253,29.761281],[-95.398252,29.761277],[-95.398239,29.76112],[-95.398156,29.759568],[-95.398155,29.759339]]},"properties":{"Full_Name":"WAUGH DR","ped_crash_count":2,"ped_death_count":0,"total_crash_count":3,"MilesLength":0.50000003}},{"type":"Feature","geometry":{"type":"LineString","coordinates":[[-95.325312,29.834063],[-95.325048,29.834073],[-95.324876,29.834072],[-95.32437,29.834087],[-95.323636,29.834095],[-95.323171,29.834104],[-95.32273,29.834111],[-95.322053,29.834124],[-95.321434,29.834127],[-95.318867,29.834175],[-95.317423,29.834197],[-95.316987,29.834206]]},"properties":{"Full_Name":"WEAVER RD","ped_crash_count":3,"ped_death_count":0,"total_crash_count":4,"MilesLength":0.49999999}},{"type":"Feature","geometry":{"type":"LineString","coordinates":[[-95.441531,29.734711],[-95.441528,29.734475],[-95.441513,29.733648],[-95.441479,29.73265],[-95.441467,29.731722],[-95.441461,29.730695],[-95.441439,29.729299],[-95.44143,29.729013],[-95.441426,29.728866],[-95.441422,29.728738],[-95.441415,29.728502],[-95.441385,29.727756]]},"properties":{"Full_Name":"WESLAYAN ST","ped_crash_count":3,"ped_death_count":0,"total_crash_count":6,"MilesLength":0.47909766}},{"type":"Feature","geometry":{"type":"LineString","coordinates":[[-95.381702,29.744451],[-95.382019,29.744573],[-95.382343,29.744622],[-95.382589,29.744645],[-95.38302,29.744659],[-95.384792,29.744607],[-95.385951,29.744576],[-95.387238,29.744542],[-95.388851,29.744515],[-95.389084,29.744516],[-95.38939,29.74454],[-95.389665,29.744625],[-95.389788,29.744654],[-95.389924,29.744673],[-95.389959,29.744675]]},"properties":{"Full_Name":"WESTHEIMER RD","ped_crash_count":1,"ped_death_count":0,"total_crash_count":3,"MilesLength":0.49999999}},{"type":"Feature","geometry":{"type":"LineString","coordinates":[[-95.638258,29.735673],[-95.638815,29.735664],[-95.640037,29.735645],[-95.640702,29.735643],[-95.640843,29.73564],[-95.641237,29.735633],[-95.641421,29.735632],[-95.641888,29.735621],[-95.642368,29.735614],[-95.642733,29.73561],[-95.642993,29.735613],[-95.644082,29.735592],[-95.646575,29.735557]]},"properties":{"Full_Name":"WESTHEIMER RD","ped_crash_count":5,"ped_death_count":2,"total_crash_count":12,"MilesLength":0.49999995}},{"type":"Feature","geometry":{"type":"LineString","coordinates":[[-95.63139,29.735765],[-95.63202,29.735753],[-95.634343,29.735724],[-95.635157,29.735712],[-95.635733,29.735705],[-95.636333,29.735701],[-95.636607,29.735697],[-95.637811,29.735687],[-95.638153,29.735678],[-95.63822,29.735674],[-95.638258,29.735673]]},"properties":{"Full_Name":"WESTHEIMER RD","ped_crash_count":1,"ped_death_count":0,"total_crash_count":3,"MilesLength":0.41282678}},{"type":"Feature","geometry":{"type":"LineString","coordinates":[[-95.613305,29.736021],[-95.613544,29.736014],[-95.61426,29.735987],[-95.614892,29.735979],[-95.615192,29.735978],[-95.615969,29.735973],[-95.616949,29.73596],[-95.61752,29.735951],[-95.618114,29.735952],[-95.619695,29.73592],[-95.620838,29.735908],[-95.621024,29.735904],[-95.621622,29.735898]]},"properties":{"Full_Name":"WESTHEIMER RD","ped_crash_count":2,"ped_death_count":0,"total_crash_count":8,"MilesLength":0.5}},{"type":"Feature","geometry":{"type":"LineString","coordinates":[[-95.60499,29.736195],[-95.605307,29.736185],[-95.605846,29.736183],[-95.607057,29.73617],[-95.607299,29.736163],[-95.608733,29.736139],[-95.609079,29.736129],[-95.609376,29.736115],[-95.611462,29.736076],[-95.612443,29.736048],[-95.612613,29.736041],[-95.613305,29.736021]]},"properties":{"Full_Name":"WESTHEIMER RD","ped_crash_count":4,"ped_death_count":2,"total_crash_count":6,"MilesLength":0.49999999}},{"type":"Feature","geometry":{"type":"LineString","coordinates":[[-95.588358,29.736529],[-95.588627,29.736526],[-95.589366,29.736515],[-95.589532,29.736507],[-95.589653,29.736504],[-95.591103,29.736451],[-95.591739,29.736419],[-95.592592,29.736386],[-95.592612,29.736383],[-95.593083,29.736369],[-95.594391,29.736342],[-95.59471,29.736337],[-95.595701,29.736317],[-95.596672,29.736299]]},"properties":{"Full_Name":"WESTHEIMER RD","ped_crash_count":4,"ped_death_count":3,"total_crash_count":8,"MilesLength":0.49999997}},{"type":"Feature","geometry":{"type":"LineString","coordinates":[[-95.580041,29.73665],[-95.581208,29.736633],[-95.582276,29.736619],[-95.585008,29.736558],[-95.58625,29.736549],[-95.587235,29.736534],[-95.587768,29.736534],[-95.588358,29.736529]]},"properties":{"Full_Name":"WESTHEIMER RD","ped_crash_count":3,"ped_death_count":0,"total_crash_count":5,"MilesLength":0.5}},{"type":"Feature","geometry":{"type":"LineString","coordinates":[[-95.571723,29.736754],[-95.571768,29.736753],[-95.572532,29.736746],[-95.572744,29.736741],[-95.573456,29.736725],[-95.573737,29.736717],[-95.575574,29.736714],[-95.576174,29.736696],[-95.579455,29.736659],[-95.580041,29.73665]]},"properties":{"Full_Name":"WESTHEIMER RD","ped_crash_count":3,"ped_death_count":0,"total_crash_count":18,"MilesLength":0.49999997}},{"type":"Feature","geometry":{"type":"LineString","coordinates":[[-95.563405,29.736875],[-95.563493,29.736873],[-95.56421,29.736865],[-95.565147,29.736855],[-95.566913,29.736829],[-95.567682,29.736822],[-95.568567,29.736818],[-95.569608,29.736792],[-95.570653,29.736777],[-95.571723,29.736754]]},"properties":{"Full_Name":"WESTHEIMER RD","ped_crash_count":1,"ped_death_count":0,"total_crash_count":6,"MilesLength":0.50000003}},{"type":"Feature","geometry":{"type":"LineString","coordinates":[[-95.555088,29.736986],[-95.555516,29.736982],[-95.557097,29.736956],[-95.557531,29.736952],[-95.557726,29.73695],[-95.558404,29.736943],[-95.559102,29.736917],[-95.559859,29.736924],[-95.560172,29.736919],[-95.560537,29.736922],[-95.560785,29.73692],[-95.5609,29.736915],[-95.561719,29.736897],[-95.562312,29.736892],[-95.563148,29.736883],[-95.563405,29.736875]]},"properties":{"Full_Name":"WESTHEIMER RD","ped_crash_count":1,"ped_death_count":0,"total_crash_count":5,"MilesLength":0.49999998}},{"type":"Feature","geometry":{"type":"LineString","coordinates":[[-95.530136,29.737299],[-95.531446,29.737292],[-95.532444,29.737256],[-95.532849,29.737251],[-95.533687,29.737264],[-95.5348,29.737256],[-95.534858,29.73725],[-95.535671,29.737232],[-95.535874,29.737227],[-95.537335,29.7372],[-95.5377,29.73719],[-95.538103,29.73719],[-95.538453,29.73719]]},"properties":{"Full_Name":"WESTHEIMER RD","ped_crash_count":1,"ped_death_count":1,"total_crash_count":5,"MilesLength":0.50000004}},{"type":"Feature","geometry":{"type":"LineString","coordinates":[[-95.521819,29.737388],[-95.522123,29.737383],[-95.522608,29.737374],[-95.523009,29.73737],[-95.524983,29.737342],[-95.525844,29.737313],[-95.527042,29.737308],[-95.52815,29.737295],[-95.528562,29.737296],[-95.528812,29.737299],[-95.529002,29.737304],[-95.530136,29.737299]]},"properties":{"Full_Name":"WESTHEIMER RD","ped_crash_count":2,"ped_death_count":0,"total_crash_count":5,"MilesLength":0.49999999}},{"type":"Feature","geometry":{"type":"LineString","coordinates":[[-95.513501,29.737467],[-95.514202,29.737457],[-95.51572,29.737456],[-95.516866,29.737436],[-95.517116,29.737432],[-95.518859,29.737405],[-95.519769,29.737394],[-95.520479,29.737387],[-95.521175,29.7374],[-95.521819,29.737388]]},"properties":{"Full_Name":"WESTHEIMER RD","ped_crash_count":8,"ped_death_count":4,"total_crash_count":16,"MilesLength":0.5}},{"type":"Feature","geometry":{"type":"LineString","coordinates":[[-95.505184,29.73756],[-95.50605,29.737575],[-95.50637,29.737576],[-95.506811,29.737555],[-95.507188,29.737536],[-95.5074,29.737534],[-95.507886,29.737535],[-95.509384,29.737517],[-95.510086,29.737511],[-95.511069,29.737513],[-95.512274,29.737484],[-95.513501,29.737467]]},"properties":{"Full_Name":"WESTHEIMER RD","ped_crash_count":7,"ped_death_count":7,"total_crash_count":11,"MilesLength":0.5}},{"type":"Feature","geometry":{"type":"LineString","coordinates":[[-95.496867,29.73766],[-95.496928,29.737659],[-95.497256,29.737667],[-95.497365,29.73767],[-95.498332,29.73765],[-95.499196,29.737633],[-95.499408,29.737629],[-95.500913,29.737599],[-95.501923,29.737592],[-95.503399,29.737571],[-95.504144,29.737561],[-95.505051,29.737558],[-95.505184,29.73756]]},"properties":{"Full_Name":"WESTHEIMER RD","ped_crash_count":7,"ped_death_count":3,"total_crash_count":21,"MilesLength":0.49999999}},{"type":"Feature","geometry":{"type":"LineString","coordinates":[[-95.488551,29.737773],[-95.488564,29.737773],[-95.489859,29.73774],[-95.491607,29.737709],[-95.492864,29.737684],[-95.493546,29.737674],[-95.495114,29.7377],[-95.495752,29.737667],[-95.496362,29.73767],[-95.496867,29.73766]]},"properties":{"Full_Name":"WESTHEIMER RD","ped_crash_count":13,"ped_death_count":5,"total_crash_count":22,"MilesLength":0.49999997}},{"type":"Feature","geometry":{"type":"LineString","coordinates":[[-95.480233,29.737884],[-95.481505,29.737863],[-95.482487,29.737837],[-95.4838,29.737827],[-95.484295,29.737833],[-95.484674,29.737828],[-95.485313,29.737819],[-95.487218,29.737794],[-95.488551,29.737773]]},"properties":{"Full_Name":"WESTHEIMER RD","ped_crash_count":5,"ped_death_count":3,"total_crash_count":10,"MilesLength":0.5}},{"type":"Feature","geometry":{"type":"LineString","coordinates":[[-95.472071,29.738714],[-95.472533,29.738552],[-95.47287,29.738445],[-95.47389,29.738092],[-95.47426,29.738002],[-95.474648,29.737956],[-95.476356,29.737911],[-95.476582,29.737925],[-95.476976,29.737928],[-95.477239,29.737917],[-95.47773,29.737914],[-95.478,29.737888],[-95.478428,29.737902],[-95.479404,29.737879],[-95.479545,29.737891],[-95.480121,29.737886],[-95.480233,29.737884]]},"properties":{"Full_Name":"WESTHEIMER RD","ped_crash_count":4,"ped_death_count":2,"total_crash_count":6,"MilesLength":0.50000002}},{"type":"Feature","geometry":{"type":"LineString","coordinates":[[-95.464145,29.740688],[-95.464195,29.740685],[-95.465965,29.740568],[-95.466956,29.740467],[-95.469441,29.739623],[-95.470658,29.73921],[-95.472071,29.738714]]},"properties":{"Full_Name":"WESTHEIMER RD","ped_crash_count":3,"ped_death_count":1,"total_crash_count":7,"MilesLength":0.49999999}},{"type":"Feature","geometry":{"type":"LineString","coordinates":[[-95.455845,29.741167],[-95.457725,29.741034],[-95.458089,29.741019],[-95.458198,29.741014],[-95.458299,29.741011],[-95.458688,29.741],[-95.459384,29.740961],[-95.459652,29.740937],[-95.46027,29.740891],[-95.46052,29.740887],[-95.460907,29.740846],[-95.461355,29.740827],[-95.461907,29.7408],[-95.462078,29.740791],[-95.464145,29.740688]]},"properties":{"Full_Name":"WESTHEIMER RD","ped_crash_count":3,"ped_death_count":1,"total_crash_count":5,"MilesLength":0.5}},{"type":"Feature","geometry":{"type":"LineString","coordinates":[[-95.447547,29.741669],[-95.448174,29.741635],[-95.45015,29.741528],[-95.450939,29.741492],[-95.451725,29.741433],[-95.452117,29.741411],[-95.452621,29.741383],[-95.453446,29.741323],[-95.453937,29.741289],[-95.454598,29.741248],[-95.455571,29.741186],[-95.455845,29.741167]]},"properties":{"Full_Name":"WESTHEIMER RD","ped_crash_count":1,"ped_death_count":0,"total_crash_count":4,"MilesLength":0.50000005}},{"type":"Feature","geometry":{"type":"LineString","coordinates":[[-95.414352,29.742507],[-95.414722,29.742489],[-95.415524,29.742434],[-95.416397,29.742401],[-95.417583,29.742385],[-95.418785,29.742324],[-95.419918,29.742263],[-95.421151,29.742187],[-95.421875,29.742174],[-95.422323,29.742172],[-95.42266,29.742161]]},"properties":{"Full_Name":"WESTHEIMER RD","ped_crash_count":1,"ped_death_count":0,"total_crash_count":3,"MilesLength":0.5}},{"type":"Feature","geometry":{"type":"LineString","coordinates":[[-95.406045,29.742736],[-95.406264,29.742737],[-95.407057,29.742748],[-95.407845,29.74277],[-95.408272,29.742774],[-95.40873,29.742752],[-95.409332,29.742703],[-95.409702,29.742673],[-95.410252,29.742629],[-95.410736,29.742587],[-95.410776,29.742584],[-95.411342,29.742587],[-95.411538,29.742582],[-95.411937,29.742581],[-95.412321,29.74256],[-95.413122,29.74254],[-95.413602,29.742542],[-95.41393,29.742527],[-95.414352,29.742507]]},"properties":{"Full_Name":"WESTHEIMER RD","ped_crash_count":1,"ped_death_count":0,"total_crash_count":2,"MilesLength":0.49999997}},{"type":"Feature","geometry":{"type":"LineString","coordinates":[[-95.397727,29.742806],[-95.398181,29.7428],[-95.398864,29.742799],[-95.399261,29.7428],[-95.399318,29.742801],[-95.399374,29.742803],[-95.400489,29.742795],[-95.401259,29.742795],[-95.402075,29.742792],[-95.402895,29.742772],[-95.403749,29.742761],[-95.404607,29.742745],[-95.405452,29.742735],[-95.406045,29.742736]]},"properties":{"Full_Name":"WESTHEIMER RD","ped_crash_count":3,"ped_death_count":0,"total_crash_count":5,"MilesLength":0.50000005}},{"type":"Feature","geometry":{"type":"LineString","coordinates":[[-95.389959,29.744675],[-95.390051,29.74468],[-95.390528,29.744678],[-95.391261,29.744678],[-95.391833,29.744678],[-95.392139,29.744663],[-95.392345,29.744654],[-95.392649,29.744648],[-95.393122,29.74466],[-95.393295,29.744659],[-95.393451,29.744595],[-95.393828,29.744406],[-95.394381,29.744158],[-95.39481,29.743937],[-95.395764,29.743415],[-95.395853,29.743378],[-95.395919,29.743353],[-95.396948,29.742868],[-95.39704,29.742832],[-95.397146,29.742816],[-95.397551,29.742808],[-95.397727,29.742806]]},"properties":{"Full_Name":"WESTHEIMER RD","ped_crash_count":2,"ped_death_count":0,"total_crash_count":3,"MilesLength":0.49999999}},{"type":"Feature","geometry":{"type":"LineString","coordinates":[[-95.332377,29.663254],[-95.331025,29.663276],[-95.328603,29.663321],[-95.325135,29.663387]]},"properties":{"Full_Name":"WESTOVER ST","ped_crash_count":1,"ped_death_count":0,"total_crash_count":2,"MilesLength":0.43569882}},{"type":"Feature","geometry":{"type":"LineString","coordinates":[[-95.585084,29.72315],[-95.586032,29.723741],[-95.5871,29.724204],[-95.588727,29.724544],[-95.590227,29.724532],[-95.590223,29.724532],[-95.592398,29.724501],[-95.593006,29.724492]]},"properties":{"Full_Name":"WESTPARK DR","ped_crash_count":1,"ped_death_count":0,"total_crash_count":3,"MilesLength":0.49999997}},{"type":"Feature","geometry":{"type":"LineString","coordinates":[[-95.54473,29.723054],[-95.545534,29.722996],[-95.546943,29.722878],[-95.547238,29.722852],[-95.547441,29.722836],[-95.548872,29.722718],[-95.550937,29.72255],[-95.551956,29.722461],[-95.552688,29.722399],[-95.553011,29.722374]]},"properties":{"Full_Name":"WESTPARK DR","ped_crash_count":1,"ped_death_count":0,"total_crash_count":6,"MilesLength":0.5}},{"type":"Feature","geometry":{"type":"LineString","coordinates":[[-95.537042,29.720917],[-95.537086,29.720937],[-95.537368,29.721099],[-95.5375,29.721175],[-95.537951,29.72149],[-95.538111,29.721602],[-95.538298,29.721721],[-95.538623,29.721909],[-95.539088,29.722105],[-95.539616,29.722295],[-95.539761,29.722359],[-95.54009,29.722476],[-95.5404,29.722586],[-95.540599,29.722665],[-95.540744,29.722716],[-95.540953,29.72279],[-95.541325,29.722891],[-95.541525,29.722937],[-95.541619,29.722958],[-95.542042,29.723046],[-95.542397,29.723097],[-95.542696,29.723128],[-95.543384,29.723144],[-95.543672,29.723138],[-95.543989,29.723115],[-95.544498,29.723071],[-95.54473,29.723054]]},"properties":{"Full_Name":"WESTPARK DR","ped_crash_count":3,"ped_death_count":2,"total_crash_count":3,"MilesLength":0.50000001}},{"type":"Feature","geometry":{"type":"LineString","coordinates":[[-95.50404,29.722779],[-95.504383,29.722755],[-95.50599,29.72263],[-95.507712,29.722487],[-95.508784,29.722406],[-95.509267,29.72237],[-95.50992,29.72231],[-95.5108,29.722228],[-95.512322,29.722106]]},"properties":{"Full_Name":"WESTPARK DR","ped_crash_count":1,"ped_death_count":1,"total_crash_count":2,"MilesLength":0.49999997}},{"type":"Feature","geometry":{"type":"LineString","coordinates":[[-95.479185,29.724691],[-95.480697,29.724576],[-95.482941,29.724391],[-95.484285,29.724293],[-95.485276,29.724196],[-95.487468,29.724031]]},"properties":{"Full_Name":"WESTPARK DR","ped_crash_count":2,"ped_death_count":0,"total_crash_count":4,"MilesLength":0.49999999}},{"type":"Feature","geometry":{"type":"LineString","coordinates":[[-95.413888,29.682097],[-95.414488,29.682111],[-95.41552,29.682135],[-95.41572,29.682138],[-95.415821,29.68214],[-95.416347,29.682149],[-95.417382,29.682166],[-95.417965,29.682175],[-95.419137,29.682195],[-95.419656,29.682204],[-95.420494,29.682228],[-95.421297,29.68225],[-95.421604,29.682245],[-95.421842,29.682258],[-95.4222,29.682264]]},"properties":{"Full_Name":"WESTRIDGE ST","ped_crash_count":2,"ped_death_count":0,"total_crash_count":4,"MilesLength":0.49999999}},{"type":"Feature","geometry":{"type":"LineString","coordinates":[[-95.383077,29.780782],[-95.383077,29.78091],[-95.383086,29.781083],[-95.383118,29.781293],[-95.383173,29.7814],[-95.383257,29.781513],[-95.38342,29.781608],[-95.383666,29.781676],[-95.384231,29.781676],[-95.385943,29.781661],[-95.387685,29.781632],[-95.38862,29.781615],[-95.388743,29.781614],[-95.389913,29.781601],[-95.390657,29.781593]]},"properties":{"Full_Name":"WHITE OAK DR","ped_crash_count":2,"ped_death_count":0,"total_crash_count":3,"MilesLength":0.49999997}},{"type":"Feature","geometry":{"type":"LineString","coordinates":[[-95.569942,29.658678],[-95.570032,29.658462],[-95.570208,29.658016],[-95.57053,29.657184],[-95.570613,29.656966],[-95.570677,29.656732],[-95.570721,29.656559],[-95.570778,29.65631],[-95.570798,29.65602],[-95.57083,29.655493],[-95.570701,29.654477],[-95.570585,29.654112],[-95.570416,29.653626],[-95.569963,29.652909],[-95.569707,29.652574],[-95.569192,29.652042],[-95.569084,29.651948]]},"properties":{"Full_Name":"WILCREST DR","ped_crash_count":1,"ped_death_count":1,"total_crash_count":2,"MilesLength":0.49999997}},{"type":"Feature","geometry":{"type":"LineString","coordinates":[[-95.570146,29.680084],[-95.570164,29.679955],[-95.570214,29.679839],[-95.570437,29.67911],[-95.570606,29.678385],[-95.570669,29.677529],[-95.570623,29.676682],[-95.570599,29.676395],[-95.570537,29.67595],[-95.570434,29.675325],[-95.570429,29.675238],[-95.5704,29.674857],[-95.570392,29.67476],[-95.570396,29.674225],[-95.570396,29.67361],[-95.570375,29.672888]]},"properties":{"Full_Name":"WILCREST DR","ped_crash_count":1,"ped_death_count":0,"total_crash_count":9,"MilesLength":0.50000002}},{"type":"Feature","geometry":{"type":"LineString","coordinates":[[-95.571083,29.694406],[-95.571073,29.693977],[-95.571079,29.693235],[-95.571068,29.692449],[-95.57105,29.692046],[-95.571043,29.691808],[-95.571019,29.691484],[-95.570976,29.691179],[-95.57092,29.690836],[-95.570658,29.689832],[-95.570557,29.68946],[-95.570263,29.68838],[-95.570096,29.687781],[-95.57004,29.687574],[-95.569959,29.687283],[-95.569951,29.687252]]},"properties":{"Full_Name":"WILCREST DR","ped_crash_count":4,"ped_death_count":0,"total_crash_count":7,"MilesLength":0.49999997}},{"type":"Feature","geometry":{"type":"LineString","coordinates":[[-95.571316,29.708925],[-95.571314,29.708785],[-95.571269,29.706173],[-95.571254,29.705462],[-95.571247,29.705008],[-95.571237,29.704617],[-95.571219,29.703931],[-95.571217,29.703643],[-95.571215,29.703415],[-95.571188,29.701666]]},"properties":{"Full_Name":"WILCREST DR","ped_crash_count":1,"ped_death_count":0,"total_crash_count":4,"MilesLength":0.49999999}},{"type":"Feature","geometry":{"type":"LineString","coordinates":[[-95.361918,29.656058],[-95.358388,29.655998],[-95.357293,29.655968],[-95.357075,29.655967],[-95.356841,29.655959],[-95.356481,29.655947],[-95.355425,29.655913],[-95.355262,29.65587],[-95.354819,29.655871],[-95.354177,29.655874],[-95.353615,29.655883]]},"properties":{"Full_Name":"WILMINGTON ST","ped_crash_count":1,"ped_death_count":0,"total_crash_count":5,"MilesLength":0.50000001}},{"type":"Feature","geometry":{"type":"LineString","coordinates":[[-95.492891,29.72607],[-95.493565,29.726059],[-95.493945,29.726053],[-95.494224,29.726057],[-95.495268,29.726032],[-95.496263,29.725816],[-95.497497,29.725801],[-95.497833,29.7258],[-95.498362,29.72579],[-95.498946,29.725783],[-95.500047,29.725767],[-95.501115,29.725747]]},"properties":{"Full_Name":"WINDSWEPT LN","ped_crash_count":3,"ped_death_count":1,"total_crash_count":5,"MilesLength":0.49627361}},{"type":"Feature","geometry":{"type":"LineString","coordinates":[[-95.497604,29.743045],[-95.497599,29.742425],[-95.497464,29.742415],[-95.496667,29.742432],[-95.496652,29.740915],[-95.496655,29.739124],[-95.496656,29.738719],[-95.496648,29.738692],[-95.496592,29.738519],[-95.496459,29.738287],[-95.496401,29.738165],[-95.496349,29.738043],[-95.496362,29.73767]]},"properties":{"Full_Name":"WINROCK BLVD","ped_crash_count":4,"ped_death_count":1,"total_crash_count":5,"MilesLength":0.43040017}},{"type":"Feature","geometry":{"type":"LineString","coordinates":[[-95.484958,29.809628],[-95.484996,29.810577],[-95.485077,29.811493],[-95.485129,29.812763],[-95.485137,29.813341],[-95.485145,29.813906],[-95.485153,29.814745],[-95.485199,29.816188],[-95.485297,29.816878]]},"properties":{"Full_Name":"WIRT RD","ped_crash_count":1,"ped_death_count":0,"total_crash_count":3,"MilesLength":0.49999997}},{"type":"Feature","geometry":{"type":"LineString","coordinates":[[-95.48484,29.80237],[-95.484839,29.802844],[-95.484879,29.804745],[-95.484895,29.805546],[-95.484924,29.806713],[-95.484948,29.807691],[-95.484933,29.807879],[-95.48494,29.809186],[-95.484958,29.809628]]},"properties":{"Full_Name":"WIRT RD","ped_crash_count":3,"ped_death_count":2,"total_crash_count":4,"MilesLength":0.5}},{"type":"Feature","geometry":{"type":"LineString","coordinates":[[-95.545258,29.72861],[-95.545316,29.728432],[-95.545352,29.728169],[-95.545332,29.727997],[-95.545288,29.727815],[-95.545175,29.727531],[-95.545073,29.727205],[-95.545033,29.726882],[-95.545031,29.726762],[-95.545037,29.72663],[-95.545087,29.726335],[-95.545242,29.725934],[-95.545316,29.725799],[-95.545376,29.725677],[-95.545429,29.72558],[-95.545522,29.725298],[-95.545548,29.725213],[-95.545583,29.725066],[-95.545601,29.72498],[-95.545615,29.724888],[-95.545637,29.724786],[-95.545655,29.724481],[-95.54564,29.724246],[-95.545632,29.724155],[-95.545621,29.724076],[-95.545593,29.723735],[-95.545575,29.723567],[-95.545549,29.723149],[-95.545534,29.722996],[-95.545525,29.722812],[-95.545499,29.722656],[-95.545455,29.722386],[-95.545324,29.7219],[-95.545286,29.721793],[-95.545237,29.721647],[-95.545184,29.721519]]},"properties":{"Full_Name":"WOODCHASE DR","ped_crash_count":1,"ped_death_count":0,"total_crash_count":4,"MilesLength":0.50000003}},{"type":"Feature","geometry":{"type":"LineString","coordinates":[[-95.552965,29.678669],[-95.553463,29.677494],[-95.553677,29.676901],[-95.553697,29.676821],[-95.55376,29.676426],[-95.553753,29.67612],[-95.55373,29.67575],[-95.553662,29.675091]]},"properties":{"Full_Name":"WOODFAIR DR","ped_crash_count":2,"ped_death_count":1,"total_crash_count":3,"MilesLength":0.25437681}},{"type":"Feature","geometry":{"type":"LineString","coordinates":[[-95.262261,29.841427],[-95.261752,29.841428],[-95.258627,29.841437],[-95.256107,29.841451]]},"properties":{"Full_Name":"WOODLYN RD","ped_crash_count":1,"ped_death_count":1,"total_crash_count":2,"MilesLength":0.36945557}},{"type":"Feature","geometry":{"type":"LineString","coordinates":[[-95.398176,29.768664],[-95.398362,29.768848],[-95.398517,29.76911],[-95.398575,29.769319],[-95.398589,29.769522],[-95.398579,29.769712],[-95.398587,29.770095],[-95.398593,29.770522],[-95.398631,29.771582],[-95.39866,29.774291],[-95.39869,29.775619],[-95.398694,29.775822]]},"properties":{"Full_Name":"YALE ST","ped_crash_count":1,"ped_death_count":0,"total_crash_count":3,"MilesLength":0.5}},{"type":"Feature","geometry":{"type":"LineString","coordinates":[[-95.399114,29.797598],[-95.399124,29.798041],[-95.399171,29.799889],[-95.399173,29.800907],[-95.399193,29.801914],[-95.3992,29.802935],[-95.399212,29.80346],[-95.399222,29.803964],[-95.399254,29.804857]]},"properties":{"Full_Name":"YALE ST","ped_crash_count":1,"ped_death_count":0,"total_crash_count":7,"MilesLength":0.50000002}},{"type":"Feature","geometry":{"type":"LineString","coordinates":[[-95.36589,29.6949],[-95.363709,29.694246],[-95.36165,29.693602],[-95.361496,29.693546],[-95.360841,29.693349],[-95.359339,29.692893],[-95.358821,29.692737],[-95.358487,29.692636],[-95.358043,29.692498]]},"properties":{"Full_Name":"YELLOWSTONE BLVD","ped_crash_count":3,"ped_death_count":1,"total_crash_count":5,"MilesLength":0.50000002}},{"type":"Feature","geometry":{"type":"LineString","coordinates":[[-95.350148,29.69029],[-95.349854,29.690206],[-95.349131,29.689977],[-95.348374,29.689748],[-95.347624,29.689512],[-95.346908,29.68929],[-95.345882,29.688922],[-95.344799,29.688624],[-95.344197,29.68848],[-95.343604,29.688382],[-95.343091,29.688363],[-95.342516,29.688408],[-95.342209,29.688473]]},"properties":{"Full_Name":"YELLOWSTONE BLVD","ped_crash_count":1,"ped_death_count":1,"total_crash_count":3,"MilesLength":0.50000001}}]}