{"type":"FeatureCollection","features":[{"type":"Feature","geometry":{"type":"LineString","coordinates":[[-95.327457,29.701206],[-95.327383,29.700484]]},"properties":{"RR_COMPANY":"Union Pacific Railroad Company","RR_ABRVN":"UP","RR_STATUS":"Active"}},{"type":"Feature","geometry":{"type":"LineString","coordinates":[[-95.329365,29.706471],[-95.327383,29.700484]]},"properties":{"RR_COMPANY":"Union Pacific Railroad Company","RR_ABRVN":"UP","RR_STATUS":"Active"}},{"type":"Feature","geometry":{"type":"LineString","coordinates":[[-95.327787,29.700219],[-95.33048,29.708348]]},"properties":{"RR_COMPANY":"Union Pacific Railroad Company","RR_ABRVN":"UP","RR_STATUS":"Active"}},{"type":"Feature","geometry":{"type":"LineString","coordinates":[[-95.380078,29.702598],[-95.380244,29.70249],[-95.380395,29.702408],[-95.380557,29.702337],[-95.38073,29.702277],[-95.380912,29.702231],[-95.381095,29.7022],[-95.38128,29.702184],[-95.381465,29.702183],[-95.381687,29.702201],[-95.381908,29.702241],[-95.383795,29.702726]]},"properties":{"RR_COMPANY":"Union Pacific Railroad Company","RR_ABRVN":"UP","RR_STATUS":"Active"}},{"type":"Feature","geometry":{"type":"LineString","coordinates":[[-95.329742,29.707106],[-95.327313,29.699803]]},"properties":{"RR_COMPANY":"Union Pacific Railroad Company","RR_ABRVN":"UP","RR_STATUS":"Active"}},{"type":"Feature","geometry":{"type":"LineString","coordinates":[[-95.32767,29.699381],[-95.330852,29.708975]]},"properties":{"RR_COMPANY":"Union Pacific Railroad Company","RR_ABRVN":"UP","RR_STATUS":"Active"}},{"type":"Feature","geometry":{"type":"LineString","coordinates":[[-95.330107,29.70772],[-95.327241,29.699092]]},"properties":{"RR_COMPANY":"Union Pacific Railroad Company","RR_ABRVN":"UP","RR_STATUS":"Active"}},{"type":"Feature","geometry":{"type":"LineString","coordinates":[[-95.32723,29.698983],[-95.327787,29.700219]]},"properties":{"RR_COMPANY":"Union Pacific Railroad Company","RR_ABRVN":"UP","RR_STATUS":"Active"}},{"type":"Feature","geometry":{"type":"LineString","coordinates":[[-95.32723,29.698983],[-95.327195,29.698907],[-95.326783,29.697725],[-95.326733,29.69584]]},"properties":{"RR_COMPANY":"Union Pacific Railroad Company","RR_ABRVN":"UP","RR_STATUS":"Active"}},{"type":"Feature","geometry":{"type":"LineString","coordinates":[[-95.327548,29.698509],[-95.326733,29.69584]]},"properties":{"RR_COMPANY":"Union Pacific Railroad Company","RR_ABRVN":"UP","RR_STATUS":"Active"}},{"type":"Feature","geometry":{"type":"LineString","coordinates":[[-95.293096,29.761019],[-95.292847,29.761584]]},"properties":{"RR_COMPANY":"Union Pacific Railroad Company","RR_ABRVN":"UP","RR_STATUS":"Active"}},{"type":"Feature","geometry":{"type":"LineString","coordinates":[[-95.292847,29.761584],[-95.292595,29.762155]]},"properties":{"RR_COMPANY":"Union Pacific Railroad Company","RR_ABRVN":"UP","RR_STATUS":"Active"}},{"type":"Feature","geometry":{"type":"LineString","coordinates":[[-95.326733,29.69584],[-95.326621,29.695469]]},"properties":{"RR_COMPANY":"Union Pacific Railroad Company","RR_ABRVN":"UP","RR_STATUS":"Active"}},{"type":"Feature","geometry":{"type":"LineString","coordinates":[[-95.326919,29.695904],[-95.326991,29.69565],[-95.32709,29.695421],[-95.327224,29.695199],[-95.327391,29.694989]]},"properties":{"RR_COMPANY":null,"RR_ABRVN":null,"RR_STATUS":"Active"}},{"type":"Feature","geometry":{"type":"LineString","coordinates":[[-95.386154,29.694831],[-95.386199,29.694725],[-95.386224,29.694613],[-95.386229,29.694504],[-95.386213,29.694391],[-95.386178,29.694286],[-95.386122,29.694183],[-95.386047,29.694089],[-95.385956,29.694007],[-95.385835,29.69393],[-95.385699,29.693875],[-95.384456,29.693535]]},"properties":{"RR_COMPANY":null,"RR_ABRVN":null,"RR_STATUS":"Active"}},{"type":"Feature","geometry":{"type":"LineString","coordinates":[[-95.336795,29.725892],[-95.33648,29.725446]]},"properties":{"RR_COMPANY":"Union Pacific Railroad Company","RR_ABRVN":"UP","RR_STATUS":"Active"}},{"type":"Feature","geometry":{"type":"LineString","coordinates":[[-95.327241,29.699092],[-95.32723,29.698983]]},"properties":{"RR_COMPANY":"Union Pacific Railroad Company","RR_ABRVN":"UP","RR_STATUS":"Active"}},{"type":"Feature","geometry":{"type":"LineString","coordinates":[[-95.327383,29.700484],[-95.327313,29.699803]]},"properties":{"RR_COMPANY":"Union Pacific Railroad Company","RR_ABRVN":"UP","RR_STATUS":"Active"}},{"type":"Feature","geometry":{"type":"LineString","coordinates":[[-95.327313,29.699803],[-95.327241,29.699092]]},"properties":{"RR_COMPANY":"Union Pacific Railroad Company","RR_ABRVN":"UP","RR_STATUS":"Active"}},{"type":"Feature","geometry":{"type":"LineString","coordinates":[[-95.327581,29.702416],[-95.327531,29.701929]]},"properties":{"RR_COMPANY":"Union Pacific Railroad Company","RR_ABRVN":"UP","RR_STATUS":"Active"}},{"type":"Feature","geometry":{"type":"LineString","coordinates":[[-95.327531,29.701929],[-95.327457,29.701206]]},"properties":{"RR_COMPANY":"Union Pacific Railroad Company","RR_ABRVN":"UP","RR_STATUS":"Active"}},{"type":"Feature","geometry":{"type":"LineString","coordinates":[[-95.327548,29.698509],[-95.32767,29.699381]]},"properties":{"RR_COMPANY":"Union Pacific Railroad Company","RR_ABRVN":"UP","RR_STATUS":"Active"}},{"type":"Feature","geometry":{"type":"LineString","coordinates":[[-95.32767,29.699381],[-95.327787,29.700219]]},"properties":{"RR_COMPANY":"Union Pacific Railroad Company","RR_ABRVN":"UP","RR_STATUS":"Active"}},{"type":"Feature","geometry":{"type":"LineString","coordinates":[[-95.328628,29.705231],[-95.328998,29.705853]]},"properties":{"RR_COMPANY":"Union Pacific Railroad Company","RR_ABRVN":"UP","RR_STATUS":"Active"}},{"type":"Feature","geometry":{"type":"LineString","coordinates":[[-95.325083,29.766115],[-95.325307,29.766081],[-95.325501,29.76603],[-95.325694,29.765953],[-95.325869,29.765857],[-95.326028,29.765741],[-95.326171,29.765604],[-95.326289,29.765455],[-95.326385,29.76529],[-95.326436,29.765169],[-95.326474,29.765044],[-95.326498,29.764917],[-95.326508,29.764784],[-95.326424,29.763345],[-95.326411,29.763222],[-95.326387,29.7631],[-95.326352,29.76298],[-95.326303,29.762858],[-95.326246,29.762745],[-95.326179,29.762636],[-95.326102,29.762532],[-95.326012,29.76243],[-95.325652,29.762077],[-95.325548,29.761991],[-95.325431,29.761909],[-95.325285,29.761825],[-95.325131,29.761753],[-95.324969,29.761695],[-95.324799,29.761651],[-95.324575,29.761582],[-95.324364,29.761488],[-95.324169,29.76137],[-95.32399,29.761226],[-95.323891,29.761128],[-95.322194,29.759269]]},"properties":{"RR_COMPANY":"Union Pacific Railroad Company","RR_ABRVN":"UP","RR_STATUS":"Active"}},{"type":"Feature","geometry":{"type":"LineString","coordinates":[[-95.319673,29.765818],[-95.319919,29.765833],[-95.320143,29.765818],[-95.320367,29.765772],[-95.32058,29.765697],[-95.320778,29.765594],[-95.320958,29.765463],[-95.32111,29.765312],[-95.321236,29.765138],[-95.321303,29.765011],[-95.321355,29.764874],[-95.321389,29.764737],[-95.321406,29.764593],[-95.321348,29.763051],[-95.32133,29.762898],[-95.321288,29.762746],[-95.321221,29.762597],[-95.321092,29.762395],[-95.32103,29.762271],[-95.320977,29.76211],[-95.320951,29.761944],[-95.320965,29.757844]]},"properties":{"RR_COMPANY":"Union Pacific Railroad Company","RR_ABRVN":"UP","RR_STATUS":"Active"}},{"type":"Feature","geometry":{"type":"LineString","coordinates":[[-95.316813,29.765003],[-95.316645,29.764907],[-95.316506,29.764801],[-95.316385,29.76468],[-95.316284,29.764542],[-95.316207,29.764392],[-95.316155,29.764234],[-95.31613,29.764072],[-95.316133,29.763907],[-95.316164,29.763739],[-95.316225,29.763576],[-95.317133,29.761782],[-95.317197,29.761675],[-95.317277,29.761576],[-95.317523,29.761358],[-95.317657,29.761218],[-95.317756,29.761089],[-95.317845,29.760949]]},"properties":{"RR_COMPANY":"Union Pacific Railroad Company","RR_ABRVN":"UP","RR_STATUS":"Active"}},{"type":"Feature","geometry":{"type":"LineString","coordinates":[[-95.278262,29.766519],[-95.27816,29.760812],[-95.278164,29.760705],[-95.278181,29.760599],[-95.278238,29.76042],[-95.278331,29.760251],[-95.278454,29.760099],[-95.278606,29.759968],[-95.278712,29.759899],[-95.278826,29.759841],[-95.279793,29.759428],[-95.279927,29.759363],[-95.280048,29.759285],[-95.280158,29.759196],[-95.280256,29.759097],[-95.28034,29.758988],[-95.280409,29.758872],[-95.280463,29.758749],[-95.2805,29.758617],[-95.280516,29.758519],[-95.280522,29.758416],[-95.280507,29.755295],[-95.280529,29.755187],[-95.280579,29.755081],[-95.280657,29.754987],[-95.280756,29.754912],[-95.280869,29.754837],[-95.28097,29.754754],[-95.281059,29.754662],[-95.281138,29.754559],[-95.281203,29.754452],[-95.281253,29.754339],[-95.281288,29.754222],[-95.28131,29.7541],[-95.281315,29.753984],[-95.281255,29.750237]]},"properties":{"RR_COMPANY":"Union Pacific Railroad Company","RR_ABRVN":"UP","RR_STATUS":"Active"}},{"type":"Feature","geometry":{"type":"LineString","coordinates":[[-95.340238,29.752253],[-95.340047,29.752455],[-95.339873,29.752617],[-95.339441,29.753018],[-95.339032,29.753436],[-95.338724,29.753779],[-95.337883,29.75476],[-95.336899,29.755809],[-95.336782,29.7559],[-95.336644,29.755964],[-95.336512,29.755996],[-95.336375,29.756004],[-95.334683,29.755908],[-95.334579,29.755916],[-95.334471,29.755937],[-95.334367,29.75597],[-95.334269,29.756015],[-95.334152,29.756092],[-95.334055,29.756182],[-95.33307,29.757345],[-95.332916,29.757501],[-95.332741,29.757633],[-95.332541,29.757743],[-95.33233,29.757826],[-95.332102,29.757881],[-95.331873,29.757906],[-95.331636,29.757901],[-95.331408,29.757867],[-95.331161,29.757795],[-95.330927,29.757686],[-95.328881,29.756446],[-95.328703,29.756344],[-95.328519,29.756251],[-95.328329,29.756167],[-95.328128,29.756089],[-95.327917,29.75602],[-95.326568,29.755619]]},"properties":{"RR_COMPANY":"Union Pacific Railroad Company","RR_ABRVN":"UP","RR_STATUS":"Active"}},{"type":"Feature","geometry":{"type":"LineString","coordinates":[[-95.293034,29.755833],[-95.29289,29.755641],[-95.292761,29.755485],[-95.292615,29.75533],[-95.292457,29.75518],[-95.290894,29.753912],[-95.290714,29.753757],[-95.290547,29.753591],[-95.290388,29.753409],[-95.290252,29.753234]]},"properties":{"RR_COMPANY":"Union Pacific Railroad Company","RR_ABRVN":"UP","RR_STATUS":"Active"}},{"type":"Feature","geometry":{"type":"LineString","coordinates":[[-95.309895,29.751561],[-95.310133,29.751631],[-95.310344,29.751723],[-95.310539,29.751843],[-95.31071,29.751985],[-95.310838,29.752125],[-95.310945,29.752279],[-95.311221,29.752835],[-95.311313,29.753005],[-95.311419,29.753164],[-95.31154,29.753314],[-95.311675,29.753455],[-95.311824,29.753585],[-95.311984,29.753704],[-95.312155,29.753811],[-95.312336,29.753905],[-95.312636,29.754025],[-95.312947,29.754109],[-95.31441,29.754336]]},"properties":{"RR_COMPANY":"Union Pacific Railroad Company","RR_ABRVN":"UP","RR_STATUS":"Active"}},{"type":"Feature","geometry":{"type":"LineString","coordinates":[[-95.309895,29.751561],[-95.311558,29.751518],[-95.311756,29.751492],[-95.311945,29.751439],[-95.312092,29.751375],[-95.31223,29.751293],[-95.312352,29.751198],[-95.31246,29.751086],[-95.312548,29.750965],[-95.312617,29.750833],[-95.312666,29.750693],[-95.312691,29.750549],[-95.312722,29.750246],[-95.312749,29.750157],[-95.312842,29.749945],[-95.312971,29.749744],[-95.313123,29.749571],[-95.313303,29.749415],[-95.313507,29.749282],[-95.31373,29.749176],[-95.314717,29.74878],[-95.314901,29.748713],[-95.31524,29.748618],[-95.315592,29.748556],[-95.315957,29.748528],[-95.317316,29.748509],[-95.317452,29.748523],[-95.317584,29.748553],[-95.31771,29.748598],[-95.317828,29.748658],[-95.317968,29.748756],[-95.318083,29.74887],[-95.318176,29.749004],[-95.31824,29.749145],[-95.319067,29.752304]]},"properties":{"RR_COMPANY":"Union Pacific Railroad Company","RR_ABRVN":"UP","RR_STATUS":"Active"}},{"type":"Feature","geometry":{"type":"LineString","coordinates":[[-95.284152,29.750222],[-95.281826,29.748231],[-95.28168,29.748092],[-95.281543,29.747942],[-95.281418,29.747779],[-95.281305,29.747604],[-95.281211,29.747425],[-95.281132,29.747237],[-95.281072,29.747048],[-95.281028,29.746851],[-95.281003,29.746652],[-95.280996,29.746452],[-95.281027,29.744031]]},"properties":{"RR_COMPANY":"Union Pacific Railroad Company","RR_ABRVN":"UP","RR_STATUS":"Active"}},{"type":"Feature","geometry":{"type":"LineString","coordinates":[[-95.304792,29.758257],[-95.30263,29.757202]]},"properties":{"RR_COMPANY":"Union Pacific Railroad Company","RR_ABRVN":"UP","RR_STATUS":"Active"}},{"type":"Feature","geometry":{"type":"LineString","coordinates":[[-95.340349,29.75941],[-95.33838,29.758302]]},"properties":{"RR_COMPANY":"Union Pacific Railroad Company","RR_ABRVN":"UP","RR_STATUS":"Active"}},{"type":"Feature","geometry":{"type":"LineString","coordinates":[[-95.406439,29.634431],[-95.404178,29.634466],[-95.403892,29.634485],[-95.403609,29.63453],[-95.403338,29.634597],[-95.403134,29.634666],[-95.402654,29.634854]]},"properties":{"RR_COMPANY":"Union Pacific Railroad Company","RR_ABRVN":"UP","RR_STATUS":"Active"}},{"type":"Feature","geometry":{"type":"LineString","coordinates":[[-95.409032,29.634222],[-95.406439,29.634431]]},"properties":{"RR_COMPANY":"Union Pacific Railroad Company","RR_ABRVN":"UP","RR_STATUS":"Active"}},{"type":"Feature","geometry":{"type":"LineString","coordinates":[[-95.410609,29.63535],[-95.410629,29.63523],[-95.410632,29.635124],[-95.410618,29.635016],[-95.410586,29.634911],[-95.410538,29.63481],[-95.410475,29.634717],[-95.410397,29.634632],[-95.410304,29.634555],[-95.410159,29.634471],[-95.409997,29.634412],[-95.409895,29.634391],[-95.409792,29.634381],[-95.409439,29.634384],[-95.409032,29.634222]]},"properties":{"RR_COMPANY":"Union Pacific Railroad Company","RR_ABRVN":"UP","RR_STATUS":"Active"}},{"type":"Feature","geometry":{"type":"LineString","coordinates":[[-95.30664,29.629153],[-95.308213,29.634584],[-95.308749,29.63576]]},"properties":{"RR_COMPANY":"BNSF Railway Company","RR_ABRVN":"BNSF","RR_STATUS":"Active"}},{"type":"Feature","geometry":{"type":"LineString","coordinates":[[-95.303353,29.628925],[-95.295068,29.634607]]},"properties":{"RR_COMPANY":"BNSF Railway Company","RR_ABRVN":"BNSF","RR_STATUS":"Active"}},{"type":"Feature","geometry":{"type":"LineString","coordinates":[[-95.304134,29.62839],[-95.303353,29.628925]]},"properties":{"RR_COMPANY":"BNSF Railway Company","RR_ABRVN":"BNSF","RR_STATUS":"Active"}},{"type":"Feature","geometry":{"type":"LineString","coordinates":[[-95.30664,29.629153],[-95.306545,29.628993],[-95.30645,29.628864],[-95.306337,29.62874],[-95.306211,29.628626],[-95.306072,29.628524],[-95.305917,29.628432],[-95.305752,29.628355],[-95.305578,29.628293],[-95.305398,29.628247],[-95.30522,29.628218],[-95.305039,29.628206],[-95.304851,29.62821],[-95.304665,29.62823],[-95.304489,29.628266],[-95.304323,29.628316],[-95.304134,29.62839]]},"properties":{"RR_COMPANY":"BNSF Railway Company","RR_ABRVN":"BNSF","RR_STATUS":"Active"}},{"type":"Feature","geometry":{"type":"LineString","coordinates":[[-95.406439,29.634431],[-95.406253,29.634393],[-95.406105,29.634352],[-95.405954,29.634299],[-95.405806,29.634233],[-95.405665,29.634157],[-95.405532,29.634071],[-95.405408,29.633975],[-95.405291,29.633868],[-95.405195,29.633765],[-95.405106,29.633653],[-95.403795,29.631802]]},"properties":{"RR_COMPANY":"Union Pacific Railroad Company","RR_ABRVN":"UP","RR_STATUS":"Active"}},{"type":"Feature","geometry":{"type":"LineString","coordinates":[[-95.329742,29.707106],[-95.330107,29.70772]]},"properties":{"RR_COMPANY":"Union Pacific Railroad Company","RR_ABRVN":"UP","RR_STATUS":"Active"}},{"type":"Feature","geometry":{"type":"LineString","coordinates":[[-95.290917,29.796556],[-95.290912,29.796572],[-95.290821,29.796751]]},"properties":{"RR_COMPANY":"Union Pacific Railroad Company","RR_ABRVN":"UP","RR_STATUS":"Active"}},{"type":"Feature","geometry":{"type":"LineString","coordinates":[[-95.291006,29.795906],[-95.291004,29.79593],[-95.291002,29.796061]]},"properties":{"RR_COMPANY":"Union Pacific Railroad Company","RR_ABRVN":"UP","RR_STATUS":"Active"}},{"type":"Feature","geometry":{"type":"LineString","coordinates":[[-95.291082,29.795568],[-95.291044,29.795682],[-95.291031,29.795742]]},"properties":{"RR_COMPANY":"Union Pacific Railroad Company","RR_ABRVN":"UP","RR_STATUS":"Active"}},{"type":"Feature","geometry":{"type":"LineString","coordinates":[[-95.291031,29.795742],[-95.291017,29.795808],[-95.291006,29.795906]]},"properties":{"RR_COMPANY":"Union Pacific Railroad Company","RR_ABRVN":"UP","RR_STATUS":"Active"}},{"type":"Feature","geometry":{"type":"LineString","coordinates":[[-95.291779,29.796956],[-95.291992,29.797019]]},"properties":{"RR_COMPANY":"Union Pacific Railroad Company","RR_ABRVN":"UP","RR_STATUS":"Active"}},{"type":"Feature","geometry":{"type":"LineString","coordinates":[[-95.291992,29.797019],[-95.292054,29.797038],[-95.292219,29.797074]]},"properties":{"RR_COMPANY":"Union Pacific Railroad Company","RR_ABRVN":"UP","RR_STATUS":"Active"}},{"type":"Feature","geometry":{"type":"LineString","coordinates":[[-95.292219,29.797074],[-95.292463,29.797097],[-95.292528,29.797094]]},"properties":{"RR_COMPANY":"Union Pacific Railroad Company","RR_ABRVN":"UP","RR_STATUS":"Active"}},{"type":"Feature","geometry":{"type":"LineString","coordinates":[[-95.292528,29.797094],[-95.292709,29.797087],[-95.292949,29.797044],[-95.293185,29.796967],[-95.312302,29.788795]]},"properties":{"RR_COMPANY":"Union Pacific Railroad Company","RR_ABRVN":"UP","RR_STATUS":"Active"}},{"type":"Feature","geometry":{"type":"LineString","coordinates":[[-95.291761,29.807599],[-95.291382,29.807462],[-95.291062,29.807321]]},"properties":{"RR_COMPANY":"Union Pacific Railroad Company","RR_ABRVN":"UP","RR_STATUS":"Active"}},{"type":"Feature","geometry":{"type":"LineString","coordinates":[[-95.304632,29.621402],[-95.304644,29.621558],[-95.304639,29.621852],[-95.304653,29.621978],[-95.304679,29.622102],[-95.305712,29.625517]]},"properties":{"RR_COMPANY":"BNSF Railway Company","RR_ABRVN":"BNSF","RR_STATUS":"Active"}},{"type":"Feature","geometry":{"type":"LineString","coordinates":[[-95.414392,29.62584],[-95.414408,29.62568],[-95.41439,29.625378],[-95.414397,29.625127],[-95.41443,29.624878],[-95.414488,29.624633],[-95.414568,29.624398],[-95.415422,29.622277]]},"properties":{"RR_COMPANY":"Union Pacific Railroad Company","RR_ABRVN":"UP","RR_STATUS":"Active"}},{"type":"Feature","geometry":{"type":"LineString","coordinates":[[-95.346762,29.743786],[-95.347096,29.743982]]},"properties":{"RR_COMPANY":"Union Pacific Railroad Company","RR_ABRVN":"UP","RR_STATUS":"Active"}},{"type":"Feature","geometry":{"type":"LineString","coordinates":[[-95.282473,29.744561],[-95.281411,29.743691],[-95.27849,29.740607]]},"properties":{"RR_COMPANY":"Union Pacific Railroad Company","RR_ABRVN":"UP","RR_STATUS":"Active"}},{"type":"Feature","geometry":{"type":"LineString","coordinates":[[-95.346762,29.743786],[-95.346904,29.743657],[-95.347055,29.74354],[-95.347216,29.743434],[-95.347394,29.743336],[-95.347573,29.743253],[-95.347766,29.743181],[-95.347965,29.743122],[-95.348161,29.743079]]},"properties":{"RR_COMPANY":"Union Pacific Railroad Company","RR_ABRVN":"UP","RR_STATUS":"Active"}},{"type":"Feature","geometry":{"type":"LineString","coordinates":[[-95.27849,29.740607],[-95.278328,29.74018]]},"properties":{"RR_COMPANY":"Union Pacific Railroad Company","RR_ABRVN":"UP","RR_STATUS":"Active"}},{"type":"Feature","geometry":{"type":"LineString","coordinates":[[-95.282192,29.744144],[-95.281526,29.743597],[-95.2786,29.740507],[-95.278472,29.740362],[-95.278328,29.74018]]},"properties":{"RR_COMPANY":"Union Pacific Railroad Company","RR_ABRVN":"UP","RR_STATUS":"Active"}},{"type":"Feature","geometry":{"type":"LineString","coordinates":[[-95.290899,29.742687],[-95.285707,29.741062],[-95.285363,29.740919],[-95.285036,29.740747],[-95.284734,29.740552],[-95.284431,29.740317]]},"properties":{"RR_COMPANY":"Union Pacific Railroad Company","RR_ABRVN":"UP","RR_STATUS":"Active"}},{"type":"Feature","geometry":{"type":"LineString","coordinates":[[-95.283923,29.740104],[-95.284174,29.74022],[-95.284431,29.740317]]},"properties":{"RR_COMPANY":"Union Pacific Railroad Company","RR_ABRVN":"UP","RR_STATUS":"Active"}},{"type":"Feature","geometry":{"type":"LineString","coordinates":[[-95.279151,29.739887],[-95.279198,29.739984],[-95.281305,29.742282]]},"properties":{"RR_COMPANY":"Union Pacific Railroad Company","RR_ABRVN":"UP","RR_STATUS":"Active"}},{"type":"Feature","geometry":{"type":"LineString","coordinates":[[-95.286414,29.742838],[-95.286107,29.742714],[-95.285841,29.742572],[-95.285592,29.742399],[-95.285367,29.742198],[-95.285225,29.74204],[-95.283348,29.739737]]},"properties":{"RR_COMPANY":"Union Pacific Railroad Company","RR_ABRVN":"UP","RR_STATUS":"Active"}},{"type":"Feature","geometry":{"type":"LineString","coordinates":[[-95.278328,29.74018],[-95.278316,29.740056],[-95.278463,29.739533]]},"properties":{"RR_COMPANY":"Union Pacific Railroad Company","RR_ABRVN":"UP","RR_STATUS":"Active"}},{"type":"Feature","geometry":{"type":"LineString","coordinates":[[-95.279151,29.739887],[-95.278463,29.739533]]},"properties":{"RR_COMPANY":"Union Pacific Railroad Company","RR_ABRVN":"UP","RR_STATUS":"Active"}},{"type":"Feature","geometry":{"type":"LineString","coordinates":[[-95.278328,29.74018],[-95.278215,29.740004],[-95.278119,29.739835],[-95.277811,29.739196]]},"properties":{"RR_COMPANY":"Union Pacific Railroad Company","RR_ABRVN":"UP","RR_STATUS":"Active"}},{"type":"Feature","geometry":{"type":"LineString","coordinates":[[-95.278463,29.739533],[-95.277811,29.739196]]},"properties":{"RR_COMPANY":"Union Pacific Railroad Company","RR_ABRVN":"UP","RR_STATUS":"Active"}},{"type":"Feature","geometry":{"type":"LineString","coordinates":[[-95.27849,29.740607],[-95.278369,29.740472],[-95.278254,29.740329],[-95.278151,29.740185],[-95.278054,29.740032],[-95.277939,29.73982],[-95.277584,29.73908]]},"properties":{"RR_COMPANY":"Union Pacific Railroad Company","RR_ABRVN":"UP","RR_STATUS":"Active"}},{"type":"Feature","geometry":{"type":"LineString","coordinates":[[-95.277811,29.739196],[-95.277584,29.73908]]},"properties":{"RR_COMPANY":"Union Pacific Railroad Company","RR_ABRVN":"UP","RR_STATUS":"Active"}},{"type":"Feature","geometry":{"type":"LineString","coordinates":[[-95.312323,29.740372],[-95.312155,29.740472],[-95.311966,29.740616]]},"properties":{"RR_COMPANY":"Union Pacific Railroad Company","RR_ABRVN":"UP","RR_STATUS":"Active"}},{"type":"Feature","geometry":{"type":"LineString","coordinates":[[-95.312323,29.740372],[-95.310304,29.743289]]},"properties":{"RR_COMPANY":"Union Pacific Railroad Company","RR_ABRVN":"UP","RR_STATUS":"Active"}},{"type":"Feature","geometry":{"type":"LineString","coordinates":[[-95.274137,29.74296],[-95.273928,29.742813],[-95.273754,29.742672],[-95.27359,29.742518],[-95.273438,29.742354],[-95.273301,29.74218],[-95.273176,29.741994],[-95.27307,29.741805],[-95.272979,29.741604],[-95.272895,29.741368],[-95.272835,29.741121],[-95.272438,29.738803],[-95.27231,29.737653]]},"properties":{"RR_COMPANY":"Union Pacific Railroad Company","RR_ABRVN":"UP","RR_STATUS":"Active"}},{"type":"Feature","geometry":{"type":"LineString","coordinates":[[-95.346248,29.744438],[-95.343405,29.742747],[-95.343134,29.742569],[-95.342886,29.742373],[-95.342655,29.742156],[-95.341909,29.741309]]},"properties":{"RR_COMPANY":"Union Pacific Railroad Company","RR_ABRVN":"UP","RR_STATUS":"Active"}},{"type":"Feature","geometry":{"type":"LineString","coordinates":[[-95.278463,29.739533],[-95.278523,29.739321],[-95.278503,29.738559]]},"properties":{"RR_COMPANY":"Union Pacific Railroad Company","RR_ABRVN":"UP","RR_STATUS":"Active"}},{"type":"Feature","geometry":{"type":"LineString","coordinates":[[-95.278503,29.738559],[-95.279151,29.739887]]},"properties":{"RR_COMPANY":"Union Pacific Railroad Company","RR_ABRVN":"UP","RR_STATUS":"Active"}},{"type":"Feature","geometry":{"type":"LineString","coordinates":[[-95.290899,29.742687],[-95.291302,29.7425],[-95.291494,29.742391],[-95.291707,29.742233],[-95.291896,29.742047],[-95.291986,29.741937],[-95.294389,29.738715]]},"properties":{"RR_COMPANY":"Union Pacific Railroad Company","RR_ABRVN":"UP","RR_STATUS":"Active"}},{"type":"Feature","geometry":{"type":"LineString","coordinates":[[-95.27219,29.736537],[-95.272702,29.737662],[-95.272742,29.737788],[-95.273292,29.741006],[-95.273328,29.741176],[-95.273378,29.741343],[-95.273441,29.741507],[-95.273517,29.741666],[-95.273606,29.74182],[-95.273707,29.741969],[-95.27382,29.742111],[-95.273944,29.742245],[-95.274136,29.742421],[-95.274348,29.74258],[-95.275679,29.743419]]},"properties":{"RR_COMPANY":"Union Pacific Railroad Company","RR_ABRVN":"UP","RR_STATUS":"Active"}},{"type":"Feature","geometry":{"type":"LineString","coordinates":[[-95.277584,29.73908],[-95.2761,29.735982]]},"properties":{"RR_COMPANY":"Union Pacific Railroad Company","RR_ABRVN":"UP","RR_STATUS":"Active"}},{"type":"Feature","geometry":{"type":"LineString","coordinates":[[-95.314432,29.737325],[-95.312323,29.740372]]},"properties":{"RR_COMPANY":"Union Pacific Railroad Company","RR_ABRVN":"UP","RR_STATUS":"Active"}},{"type":"Feature","geometry":{"type":"LineString","coordinates":[[-95.293547,29.766526],[-95.294074,29.764626],[-95.29413,29.764393],[-95.294174,29.764158],[-95.294214,29.763825],[-95.29423,29.76349],[-95.294214,29.762195]]},"properties":{"RR_COMPANY":"Union Pacific Railroad Company","RR_ABRVN":"UP","RR_STATUS":"Active"}},{"type":"Feature","geometry":{"type":"LineString","coordinates":[[-95.294214,29.762195],[-95.294202,29.761211]]},"properties":{"RR_COMPANY":"Union Pacific Railroad Company","RR_ABRVN":"UP","RR_STATUS":"Active"}},{"type":"Feature","geometry":{"type":"LineString","coordinates":[[-95.294202,29.761211],[-95.294181,29.760657],[-95.294165,29.760412]]},"properties":{"RR_COMPANY":"Union Pacific Railroad Company","RR_ABRVN":"UP","RR_STATUS":"Active"}},{"type":"Feature","geometry":{"type":"LineString","coordinates":[[-95.294165,29.760412],[-95.294023,29.758129],[-95.293998,29.757935],[-95.293938,29.757702],[-95.293842,29.757473],[-95.293344,29.756632]]},"properties":{"RR_COMPANY":"Union Pacific Railroad Company","RR_ABRVN":"UP","RR_STATUS":"Active"}},{"type":"Feature","geometry":{"type":"LineString","coordinates":[[-95.288085,29.813189],[-95.288256,29.812051]]},"properties":{"RR_COMPANY":"Union Pacific Railroad Company","RR_ABRVN":"UP","RR_STATUS":"Active"}},{"type":"Feature","geometry":{"type":"LineString","coordinates":[[-95.288256,29.812051],[-95.288321,29.811623],[-95.288432,29.810746]]},"properties":{"RR_COMPANY":"Union Pacific Railroad Company","RR_ABRVN":"UP","RR_STATUS":"Active"}},{"type":"Feature","geometry":{"type":"LineString","coordinates":[[-95.287902,29.814509],[-95.287824,29.824958],[-95.287851,29.825267],[-95.288025,29.82645]]},"properties":{"RR_COMPANY":"Union Pacific Railroad Company","RR_ABRVN":"UP","RR_STATUS":"Active"}},{"type":"Feature","geometry":{"type":"LineString","coordinates":[[-95.288025,29.82645],[-95.28819,29.827566]]},"properties":{"RR_COMPANY":"Union Pacific Railroad Company","RR_ABRVN":"UP","RR_STATUS":"Active"}},{"type":"Feature","geometry":{"type":"LineString","coordinates":[[-95.269547,29.806815],[-95.269707,29.806725],[-95.269875,29.806644],[-95.271367,29.806002]]},"properties":{"RR_COMPANY":"Union Pacific Railroad Company","RR_ABRVN":"UP","RR_STATUS":"Active"}},{"type":"Feature","geometry":{"type":"LineString","coordinates":[[-95.288459,29.805517],[-95.288426,29.805809],[-95.288309,29.806329],[-95.28826,29.806554],[-95.288224,29.806776],[-95.28798,29.808628],[-95.287949,29.808989],[-95.287902,29.814509]]},"properties":{"RR_COMPANY":"Union Pacific Railroad Company","RR_ABRVN":"UP","RR_STATUS":"Active"}},{"type":"Feature","geometry":{"type":"LineString","coordinates":[[-95.288432,29.810746],[-95.288459,29.805517]]},"properties":{"RR_COMPANY":"Union Pacific Railroad Company","RR_ABRVN":"UP","RR_STATUS":"Active"}},{"type":"Feature","geometry":{"type":"LineString","coordinates":[[-95.288345,29.829706],[-95.287694,29.825281],[-95.287671,29.825063],[-95.287664,29.824845],[-95.287789,29.809033],[-95.287823,29.808612],[-95.288083,29.806651],[-95.288143,29.80635],[-95.288401,29.8053],[-95.288436,29.805101],[-95.288462,29.804859]]},"properties":{"RR_COMPANY":"Union Pacific Railroad Company","RR_ABRVN":"UP","RR_STATUS":"Active"}},{"type":"Feature","geometry":{"type":"LineString","coordinates":[[-95.288459,29.805517],[-95.288462,29.804859]]},"properties":{"RR_COMPANY":"Union Pacific Railroad Company","RR_ABRVN":"UP","RR_STATUS":"Active"}},{"type":"Feature","geometry":{"type":"LineString","coordinates":[[-95.288768,29.808605],[-95.288785,29.804735]]},"properties":{"RR_COMPANY":"Union Pacific Railroad Company","RR_ABRVN":"UP","RR_STATUS":"Active"}},{"type":"Feature","geometry":{"type":"LineString","coordinates":[[-95.291062,29.807321],[-95.290854,29.807214],[-95.290649,29.807097],[-95.290461,29.806976],[-95.290272,29.806842],[-95.290099,29.806705],[-95.289926,29.806554],[-95.28977,29.806402],[-95.289616,29.806236],[-95.289478,29.806072],[-95.289345,29.805893],[-95.289227,29.805717],[-95.289115,29.805528],[-95.289019,29.805342],[-95.288933,29.805153],[-95.288862,29.804969],[-95.288785,29.804735]]},"properties":{"RR_COMPANY":"Union Pacific Railroad Company","RR_ABRVN":"UP","RR_STATUS":"Active"}},{"type":"Feature","geometry":{"type":"LineString","coordinates":[[-95.288785,29.804735],[-95.28873,29.804508],[-95.288686,29.804259],[-95.28866,29.804017],[-95.288626,29.803621]]},"properties":{"RR_COMPANY":"Union Pacific Railroad Company","RR_ABRVN":"UP","RR_STATUS":"Active"}},{"type":"Feature","geometry":{"type":"LineString","coordinates":[[-95.269547,29.806815],[-95.269697,29.806676],[-95.269815,29.80655],[-95.269923,29.806413],[-95.270021,29.806266],[-95.270104,29.806112],[-95.270173,29.805953],[-95.270227,29.80579],[-95.270266,29.80562],[-95.270288,29.805465],[-95.270296,29.805306],[-95.270287,29.802748]]},"properties":{"RR_COMPANY":"Union Pacific Railroad Company","RR_ABRVN":"UP","RR_STATUS":"Active"}},{"type":"Feature","geometry":{"type":"LineString","coordinates":[[-95.271367,29.806002],[-95.271534,29.805893],[-95.271671,29.805786],[-95.2718,29.805666],[-95.271914,29.805536],[-95.272014,29.805397],[-95.272101,29.805247],[-95.272169,29.805094],[-95.272221,29.804933],[-95.272259,29.804747],[-95.272273,29.804554],[-95.272244,29.802703]]},"properties":{"RR_COMPANY":"Union Pacific Railroad Company","RR_ABRVN":"UP","RR_STATUS":"Active"}},{"type":"Feature","geometry":{"type":"LineString","coordinates":[[-95.288785,29.804735],[-95.288791,29.803415],[-95.288797,29.803334],[-95.28883,29.803219],[-95.288891,29.803107],[-95.288974,29.803013],[-95.289082,29.802932],[-95.289218,29.802868],[-95.289373,29.802832],[-95.289528,29.802828],[-95.289685,29.802857],[-95.289809,29.802906],[-95.290866,29.803459]]},"properties":{"RR_COMPANY":"Union Pacific Railroad Company","RR_ABRVN":"UP","RR_STATUS":"Active"}},{"type":"Feature","geometry":{"type":"LineString","coordinates":[[-95.288462,29.804859],[-95.288484,29.799419]]},"properties":{"RR_COMPANY":"Union Pacific Railroad Company","RR_ABRVN":"UP","RR_STATUS":"Active"}},{"type":"Feature","geometry":{"type":"LineString","coordinates":[[-95.268012,29.80797],[-95.288483,29.79924]]},"properties":{"RR_COMPANY":"Union Pacific Railroad Company","RR_ABRVN":"UP","RR_STATUS":"Active"}},{"type":"Feature","geometry":{"type":"LineString","coordinates":[[-95.288484,29.799419],[-95.288483,29.79924]]},"properties":{"RR_COMPANY":"Union Pacific Railroad Company","RR_ABRVN":"UP","RR_STATUS":"Active"}},{"type":"Feature","geometry":{"type":"LineString","coordinates":[[-95.288483,29.79924],[-95.288643,29.799171]]},"properties":{"RR_COMPANY":"Union Pacific Railroad Company","RR_ABRVN":"UP","RR_STATUS":"Active"}},{"type":"Feature","geometry":{"type":"LineString","coordinates":[[-95.288482,29.798445],[-95.288195,29.798541]]},"properties":{"RR_COMPANY":"Union Pacific Railroad Company","RR_ABRVN":"UP","RR_STATUS":"Active"}},{"type":"Feature","geometry":{"type":"LineString","coordinates":[[-95.288483,29.79924],[-95.288482,29.798445]]},"properties":{"RR_COMPANY":"Union Pacific Railroad Company","RR_ABRVN":"UP","RR_STATUS":"Active"}},{"type":"Feature","geometry":{"type":"LineString","coordinates":[[-95.288643,29.798388],[-95.288482,29.798445]]},"properties":{"RR_COMPANY":"Union Pacific Railroad Company","RR_ABRVN":"UP","RR_STATUS":"Active"}},{"type":"Feature","geometry":{"type":"LineString","coordinates":[[-95.288482,29.798365],[-95.288422,29.798402]]},"properties":{"RR_COMPANY":"Union Pacific Railroad Company","RR_ABRVN":"UP","RR_STATUS":"Active"}},{"type":"Feature","geometry":{"type":"LineString","coordinates":[[-95.288482,29.798445],[-95.288482,29.798365]]},"properties":{"RR_COMPANY":"Union Pacific Railroad Company","RR_ABRVN":"UP","RR_STATUS":"Active"}},{"type":"Feature","geometry":{"type":"LineString","coordinates":[[-95.288482,29.798362],[-95.288422,29.798402]]},"properties":{"RR_COMPANY":"Union Pacific Railroad Company","RR_ABRVN":"UP","RR_STATUS":"Active"}},{"type":"Feature","geometry":{"type":"LineString","coordinates":[[-95.288482,29.798365],[-95.288482,29.798362]]},"properties":{"RR_COMPANY":"Union Pacific Railroad Company","RR_ABRVN":"UP","RR_STATUS":"Active"}},{"type":"Feature","geometry":{"type":"LineString","coordinates":[[-95.288642,29.798267],[-95.288482,29.798365]]},"properties":{"RR_COMPANY":"Union Pacific Railroad Company","RR_ABRVN":"UP","RR_STATUS":"Active"}},{"type":"Feature","geometry":{"type":"LineString","coordinates":[[-95.288642,29.798243],[-95.288482,29.798362]]},"properties":{"RR_COMPANY":"Union Pacific Railroad Company","RR_ABRVN":"UP","RR_STATUS":"Active"}},{"type":"Feature","geometry":{"type":"LineString","coordinates":[[-95.29515,29.801048],[-95.295152,29.799283],[-95.295172,29.799128],[-95.295222,29.798979],[-95.295278,29.798871],[-95.295348,29.798771],[-95.295433,29.798679],[-95.29553,29.798597],[-95.295629,29.798532],[-95.29645,29.798061]]},"properties":{"RR_COMPANY":"Union Pacific Railroad Company","RR_ABRVN":"UP","RR_STATUS":"Active"}},{"type":"Feature","geometry":{"type":"LineString","coordinates":[[-95.349235,29.811448],[-95.347206,29.802802],[-95.347172,29.802577],[-95.347153,29.80235],[-95.347057,29.799781]]},"properties":{"RR_COMPANY":"Union Pacific Railroad Company","RR_ABRVN":"UP","RR_STATUS":"Active"}},{"type":"Feature","geometry":{"type":"LineString","coordinates":[[-95.351539,29.817872],[-95.347057,29.799781]]},"properties":{"RR_COMPANY":"Union Pacific Railroad Company","RR_ABRVN":"UP","RR_STATUS":"Active"}},{"type":"Feature","geometry":{"type":"LineString","coordinates":[[-95.409032,29.634222],[-95.408917,29.634149],[-95.408815,29.63407],[-95.408722,29.633982],[-95.408635,29.633883],[-95.407203,29.631897]]},"properties":{"RR_COMPANY":"Union Pacific Railroad Company","RR_ABRVN":"UP","RR_STATUS":"Active"}},{"type":"Feature","geometry":{"type":"LineString","coordinates":[[-95.326552,29.708042],[-95.327369,29.705755],[-95.32748,29.704498],[-95.327589,29.70249],[-95.327581,29.702416]]},"properties":{"RR_COMPANY":"Union Pacific Railroad Company","RR_ABRVN":"UP","RR_STATUS":"Active"}},{"type":"Feature","geometry":{"type":"LineString","coordinates":[[-95.328628,29.705231],[-95.328348,29.704758],[-95.327581,29.702416]]},"properties":{"RR_COMPANY":"Union Pacific Railroad Company","RR_ABRVN":"UP","RR_STATUS":"Active"}},{"type":"Feature","geometry":{"type":"LineString","coordinates":[[-95.327531,29.701929],[-95.328628,29.705231]]},"properties":{"RR_COMPANY":"Union Pacific Railroad Company","RR_ABRVN":"UP","RR_STATUS":"Active"}},{"type":"Feature","geometry":{"type":"LineString","coordinates":[[-95.327457,29.701206],[-95.328998,29.705853]]},"properties":{"RR_COMPANY":"Union Pacific Railroad Company","RR_ABRVN":"UP","RR_STATUS":"Active"}},{"type":"Feature","geometry":{"type":"LineString","coordinates":[[-95.271367,29.806002],[-95.27315,29.805233],[-95.273409,29.805088],[-95.27353,29.805004],[-95.273648,29.80491],[-95.2738,29.804764],[-95.273939,29.804602],[-95.274057,29.804428],[-95.274154,29.804245],[-95.274228,29.804058],[-95.27428,29.803862],[-95.274309,29.803661],[-95.274314,29.803459],[-95.274222,29.800682]]},"properties":{"RR_COMPANY":"Union Pacific Railroad Company","RR_ABRVN":"UP","RR_STATUS":"Active"}},{"type":"Feature","geometry":{"type":"LineString","coordinates":[[-95.305652,29.804387],[-95.304452,29.804348],[-95.304327,29.804329],[-95.304204,29.804299],[-95.304085,29.804259],[-95.303971,29.804209],[-95.303831,29.804128],[-95.303701,29.804031],[-95.303589,29.803922],[-95.303493,29.803798],[-95.303418,29.803668],[-95.303361,29.803527],[-95.303326,29.80338],[-95.303314,29.803231],[-95.303269,29.795748],[-95.303285,29.795624],[-95.303317,29.795502],[-95.303364,29.795384],[-95.303427,29.795272],[-95.303505,29.795167],[-95.303596,29.79507],[-95.303694,29.794987],[-95.303816,29.794902]]},"properties":{"RR_COMPANY":"Union Pacific Railroad Company","RR_ABRVN":"UP","RR_STATUS":"Active"}},{"type":"Feature","geometry":{"type":"LineString","coordinates":[[-95.29235,29.797769],[-95.292695,29.797698],[-95.292983,29.797663],[-95.293273,29.797654],[-95.293562,29.797671],[-95.293852,29.797715],[-95.294132,29.797783],[-95.294401,29.797877],[-95.29466,29.797994],[-95.294867,29.798085],[-95.295085,29.798154],[-95.295311,29.798199],[-95.295541,29.79822],[-95.295773,29.798217],[-95.296003,29.798189],[-95.296219,29.798139],[-95.29645,29.798061]]},"properties":{"RR_COMPANY":"Union Pacific Railroad Company","RR_ABRVN":"UP","RR_STATUS":"Active"}},{"type":"Feature","geometry":{"type":"LineString","coordinates":[[-95.303816,29.794902],[-95.305164,29.794324],[-95.305292,29.794263],[-95.305415,29.794191],[-95.305528,29.794112],[-95.305636,29.794023],[-95.305731,29.793928],[-95.305819,29.793823],[-95.305894,29.793715],[-95.305959,29.793598],[-95.306043,29.79339],[-95.306089,29.793174],[-95.306099,29.793041],[-95.306139,29.79188]]},"properties":{"RR_COMPANY":"Union Pacific Railroad Company","RR_ABRVN":"UP","RR_STATUS":"Active"}},{"type":"Feature","geometry":{"type":"LineString","coordinates":[[-95.438359,29.796934],[-95.441566,29.79692],[-95.441831,29.796893],[-95.442181,29.796809],[-95.442366,29.796782],[-95.443547,29.796763],[-95.443675,29.796755],[-95.443801,29.796732],[-95.443922,29.796696],[-95.444043,29.796644],[-95.44415,29.796582],[-95.444251,29.796505],[-95.444337,29.796421],[-95.444412,29.796324],[-95.444471,29.796225],[-95.444514,29.796119],[-95.444542,29.79601],[-95.444554,29.795893],[-95.444549,29.795781],[-95.444528,29.79567],[-95.444494,29.795568],[-95.444436,29.795448]]},"properties":{"RR_COMPANY":"Union Pacific Railroad Company","RR_ABRVN":"UP","RR_STATUS":"Active"}},{"type":"Feature","geometry":{"type":"LineString","coordinates":[[-95.273333,29.786852],[-95.273321,29.786407],[-95.273326,29.786256],[-95.273354,29.786043],[-95.273406,29.785833],[-95.27351,29.78544],[-95.273581,29.785039],[-95.273618,29.784638],[-95.273622,29.784232],[-95.27356,29.782429]]},"properties":{"RR_COMPANY":"Union Pacific Railroad Company","RR_ABRVN":"UP","RR_STATUS":"Active"}},{"type":"Feature","geometry":{"type":"LineString","coordinates":[[-95.274612,29.781657],[-95.280292,29.781562],[-95.280633,29.781586],[-95.280963,29.781647],[-95.281286,29.781744],[-95.281714,29.781919],[-95.281859,29.781955],[-95.282014,29.781974],[-95.283717,29.781977],[-95.283918,29.781947],[-95.284238,29.781853],[-95.284351,29.781837],[-95.284459,29.781831],[-95.286874,29.781809],[-95.287076,29.781789],[-95.287276,29.781742],[-95.287458,29.781673],[-95.287627,29.781581],[-95.287778,29.781468],[-95.287909,29.781338],[-95.288015,29.781195],[-95.288097,29.781037],[-95.288152,29.780874],[-95.288183,29.780691]]},"properties":{"RR_COMPANY":"Union Pacific Railroad Company","RR_ABRVN":"UP","RR_STATUS":"Active"}},{"type":"Feature","geometry":{"type":"LineString","coordinates":[[-95.439919,29.787784],[-95.439723,29.787672],[-95.439555,29.787588],[-95.439374,29.78751],[-95.439184,29.787441],[-95.438989,29.787383],[-95.438791,29.787337],[-95.438589,29.787302],[-95.438381,29.787278],[-95.438128,29.787265],[-95.433108,29.787202],[-95.433001,29.78719],[-95.432897,29.787156],[-95.432805,29.787102],[-95.432729,29.78703],[-95.432675,29.786946],[-95.432645,29.786852],[-95.43264,29.786755],[-95.432662,29.78666]]},"properties":{"RR_COMPANY":"Union Pacific Railroad Company","RR_ABRVN":"UP","RR_STATUS":"Active"}},{"type":"Feature","geometry":{"type":"LineString","coordinates":[[-95.422833,29.784042],[-95.422141,29.784167],[-95.421796,29.784205],[-95.421521,29.784212],[-95.42047,29.784191],[-95.419952,29.784169],[-95.419433,29.784124],[-95.41892,29.784057],[-95.418408,29.783966]]},"properties":{"RR_COMPANY":"Union Pacific Railroad Company","RR_ABRVN":"UP","RR_STATUS":"Active"}},{"type":"Feature","geometry":{"type":"LineString","coordinates":[[-95.429039,29.78392],[-95.428861,29.783935],[-95.428359,29.784007],[-95.427938,29.78403],[-95.424374,29.783962],[-95.424174,29.783965],[-95.423832,29.784001],[-95.42233,29.784274],[-95.421958,29.784324],[-95.421712,29.784343],[-95.421472,29.784349],[-95.420466,29.784331],[-95.420043,29.784315],[-95.419617,29.784283],[-95.419193,29.784236],[-95.418776,29.784174],[-95.414439,29.783321]]},"properties":{"RR_COMPANY":"Union Pacific Railroad Company","RR_ABRVN":"UP","RR_STATUS":"Active"}},{"type":"Feature","geometry":{"type":"LineString","coordinates":[[-95.277026,29.76819],[-95.277294,29.76824],[-95.277414,29.768278],[-95.277531,29.768324],[-95.277646,29.768381],[-95.277752,29.768445],[-95.277853,29.768519],[-95.277944,29.768599],[-95.278029,29.768687],[-95.278104,29.768783],[-95.278169,29.768883],[-95.278221,29.768985],[-95.278265,29.769095],[-95.278296,29.769203],[-95.278316,29.769318],[-95.278325,29.769433],[-95.278404,29.773302],[-95.278393,29.773437],[-95.278355,29.773576],[-95.278291,29.773704],[-95.278202,29.773821],[-95.278092,29.773924],[-95.277964,29.774009],[-95.277821,29.774073],[-95.277668,29.774115],[-95.277508,29.774134],[-95.276032,29.774196],[-95.275832,29.774196],[-95.275638,29.774187],[-95.275445,29.774167],[-95.275248,29.774136],[-95.273765,29.773847]]},"properties":{"RR_COMPANY":"Union Pacific Railroad Company","RR_ABRVN":"UP","RR_STATUS":"Active"}},{"type":"Feature","geometry":{"type":"LineString","coordinates":[[-95.434003,29.781927],[-95.432662,29.78111],[-95.431288,29.780317],[-95.429987,29.779605],[-95.428288,29.778717],[-95.428134,29.778633],[-95.427976,29.778566],[-95.427812,29.778513],[-95.427516,29.778435]]},"properties":{"RR_COMPANY":"Union Pacific Railroad Company","RR_ABRVN":"UP","RR_STATUS":"Active"}},{"type":"Feature","geometry":{"type":"LineString","coordinates":[[-95.30263,29.757202],[-95.302108,29.756955],[-95.301999,29.756911],[-95.301801,29.756856],[-95.301589,29.756831],[-95.301466,29.756831],[-95.30134,29.756842],[-95.301217,29.756864],[-95.301102,29.756895],[-95.300992,29.756936],[-95.300884,29.756987],[-95.300678,29.75712]]},"properties":{"RR_COMPANY":"Union Pacific Railroad Company","RR_ABRVN":"UP","RR_STATUS":"Active"}},{"type":"Feature","geometry":{"type":"LineString","coordinates":[[-95.293344,29.756632],[-95.293204,29.756321],[-95.293097,29.756035]]},"properties":{"RR_COMPANY":"Union Pacific Railroad Company","RR_ABRVN":"UP","RR_STATUS":"Active"}},{"type":"Feature","geometry":{"type":"LineString","coordinates":[[-95.349624,29.759127],[-95.349732,29.758916],[-95.34986,29.758711],[-95.350309,29.758131]]},"properties":{"RR_COMPANY":"Union Pacific Railroad Company","RR_ABRVN":"UP","RR_STATUS":"Active"}},{"type":"Feature","geometry":{"type":"LineString","coordinates":[[-95.350309,29.758131],[-95.354596,29.760703]]},"properties":{"RR_COMPANY":"Union Pacific Railroad Company","RR_ABRVN":"UP","RR_STATUS":"Active"}},{"type":"Feature","geometry":{"type":"LineString","coordinates":[[-95.293097,29.756035],[-95.293034,29.755833]]},"properties":{"RR_COMPANY":"Union Pacific Railroad Company","RR_ABRVN":"UP","RR_STATUS":"Active"}},{"type":"Feature","geometry":{"type":"LineString","coordinates":[[-95.30263,29.757202],[-95.302834,29.757256],[-95.30302,29.757282],[-95.303217,29.757285],[-95.303416,29.757262],[-95.303574,29.757225],[-95.303731,29.75717],[-95.303852,29.757112],[-95.304079,29.756984],[-95.304276,29.756904],[-95.304508,29.756845],[-95.304748,29.756819],[-95.315994,29.756685]]},"properties":{"RR_COMPANY":"Union Pacific Railroad Company","RR_ABRVN":"UP","RR_STATUS":"Active"}},{"type":"Feature","geometry":{"type":"LineString","coordinates":[[-95.293344,29.756632],[-95.293127,29.756271],[-95.293003,29.756097],[-95.292829,29.755903],[-95.292611,29.755709]]},"properties":{"RR_COMPANY":"Union Pacific Railroad Company","RR_ABRVN":"UP","RR_STATUS":"Active"}},{"type":"Feature","geometry":{"type":"LineString","coordinates":[[-95.349589,29.7577],[-95.350309,29.758131]]},"properties":{"RR_COMPANY":"Union Pacific Railroad Company","RR_ABRVN":"UP","RR_STATUS":"Active"}},{"type":"Feature","geometry":{"type":"LineString","coordinates":[[-95.349116,29.757416],[-95.349589,29.7577]]},"properties":{"RR_COMPANY":"Union Pacific Railroad Company","RR_ABRVN":"UP","RR_STATUS":"Active"}},{"type":"Feature","geometry":{"type":"LineString","coordinates":[[-95.293839,29.758857],[-95.293827,29.758693],[-95.2938,29.75853],[-95.293761,29.75837],[-95.293706,29.758208],[-95.293639,29.758054],[-95.293559,29.757906],[-95.293467,29.757763],[-95.29336,29.757622],[-95.29322,29.757466],[-95.29138,29.755621],[-95.291069,29.755344],[-95.290748,29.755103]]},"properties":{"RR_COMPANY":"Union Pacific Railroad Company","RR_ABRVN":"UP","RR_STATUS":"Active"}},{"type":"Feature","geometry":{"type":"LineString","coordinates":[[-95.348568,29.757087],[-95.349116,29.757416]]},"properties":{"RR_COMPANY":"Union Pacific Railroad Company","RR_ABRVN":"UP","RR_STATUS":"Active"}},{"type":"Feature","geometry":{"type":"LineString","coordinates":[[-95.348568,29.757087],[-95.348481,29.757035],[-95.345193,29.755064],[-95.345172,29.755052],[-95.345136,29.75503]]},"properties":{"RR_COMPANY":"Union Pacific Railroad Company","RR_ABRVN":"UP","RR_STATUS":"Active"}},{"type":"Feature","geometry":{"type":"LineString","coordinates":[[-95.298811,29.759619],[-95.301619,29.755443],[-95.301681,29.755365],[-95.301751,29.755294],[-95.301973,29.755129],[-95.302096,29.755011]]},"properties":{"RR_COMPANY":"Union Pacific Railroad Company","RR_ABRVN":"UP","RR_STATUS":"Active"}},{"type":"Feature","geometry":{"type":"LineString","coordinates":[[-95.261314,29.827286],[-95.259386,29.827229],[-95.25928,29.827212],[-95.259179,29.827181],[-95.259085,29.827137],[-95.258997,29.827079],[-95.258911,29.826998],[-95.258843,29.826905],[-95.258796,29.826803],[-95.258771,29.826693],[-95.25878,29.825296],[-95.258764,29.825129],[-95.258713,29.824967],[-95.258629,29.824817],[-95.258515,29.824682],[-95.258375,29.824567],[-95.258212,29.824477],[-95.258034,29.824414],[-95.257842,29.824381],[-95.248668,29.824381],[-95.248414,29.824364],[-95.248163,29.824309],[-95.247929,29.824222],[-95.247711,29.8241],[-95.247521,29.823952],[-95.247438,29.823868],[-95.247359,29.823775],[-95.247234,29.823582],[-95.247186,29.82348],[-95.247146,29.82337],[-95.247108,29.823215],[-95.24709,29.823054],[-95.24697,29.818954],[-95.246963,29.818873],[-95.246944,29.818793],[-95.246916,29.818715],[-95.246874,29.818636],[-95.246826,29.818566],[-95.246768,29.818502],[-95.246703,29.818443],[-95.246625,29.818389],[-95.246251,29.818165],[-95.246107,29.8181],[-95.245951,29.818044],[-95.245795,29.818004],[-95.245642,29.817976],[-95.245481,29.817961],[-95.245328,29.817958],[-95.245142,29.817967]]},"properties":{"RR_COMPANY":"Union Pacific Railroad Company","RR_ABRVN":"UP","RR_STATUS":"Active"}},{"type":"Feature","geometry":{"type":"LineString","coordinates":[[-95.289809,29.828047],[-95.290484,29.826416],[-95.290578,29.826171],[-95.29066,29.825923],[-95.290728,29.825672],[-95.290783,29.825414],[-95.290825,29.825159],[-95.290853,29.824902],[-95.290867,29.824644],[-95.290868,29.824382],[-95.290848,29.823577],[-95.290783,29.823061],[-95.290767,29.822745],[-95.290775,29.822484],[-95.290853,29.82153],[-95.290857,29.821354],[-95.29085,29.821179],[-95.290814,29.82089],[-95.290507,29.81921]]},"properties":{"RR_COMPANY":"Union Pacific Railroad Company","RR_ABRVN":"UP","RR_STATUS":"Active"}},{"type":"Feature","geometry":{"type":"LineString","coordinates":[[-95.290507,29.81921],[-95.289931,29.816036],[-95.289888,29.815722],[-95.289857,29.815406],[-95.289837,29.815089],[-95.289828,29.814769],[-95.289775,29.809322],[-95.289795,29.809088],[-95.289853,29.808859],[-95.289914,29.808709],[-95.289994,29.80856],[-95.290091,29.808418],[-95.290203,29.808285],[-95.290326,29.808168],[-95.290466,29.808057],[-95.290619,29.807959],[-95.290782,29.807876],[-95.290947,29.807809],[-95.291125,29.807754],[-95.29131,29.807716],[-95.291497,29.807694],[-95.291679,29.807688],[-95.291861,29.807698],[-95.292033,29.807722],[-95.292238,29.807767]]},"properties":{"RR_COMPANY":"Union Pacific Railroad Company","RR_ABRVN":"UP","RR_STATUS":"Active"}},{"type":"Feature","geometry":{"type":"LineString","coordinates":[[-95.290507,29.81921],[-95.290458,29.817595],[-95.290432,29.816127],[-95.290403,29.809689],[-95.290415,29.809489],[-95.290452,29.809299],[-95.290513,29.809113],[-95.290596,29.808935],[-95.290702,29.808766],[-95.290828,29.808607],[-95.290973,29.808462],[-95.291143,29.808327],[-95.291322,29.808214],[-95.291514,29.808119],[-95.291717,29.808043],[-95.291937,29.807985],[-95.292154,29.807951],[-95.292374,29.807937],[-95.292595,29.807945],[-95.292831,29.807975]]},"properties":{"RR_COMPANY":"Union Pacific Railroad Company","RR_ABRVN":"UP","RR_STATUS":"Active"}},{"type":"Feature","geometry":{"type":"LineString","coordinates":[[-95.292831,29.807975],[-95.292299,29.807788],[-95.292238,29.807767]]},"properties":{"RR_COMPANY":"Union Pacific Railroad Company","RR_ABRVN":"UP","RR_STATUS":"Active"}},{"type":"Feature","geometry":{"type":"LineString","coordinates":[[-95.292238,29.807767],[-95.291791,29.807609],[-95.291761,29.807599]]},"properties":{"RR_COMPANY":"Union Pacific Railroad Company","RR_ABRVN":"UP","RR_STATUS":"Active"}},{"type":"Feature","geometry":{"type":"LineString","coordinates":[[-95.288768,29.808605],[-95.289232,29.807994],[-95.28938,29.807845],[-95.28955,29.80771],[-95.289776,29.807575],[-95.290023,29.80747],[-95.290284,29.807397],[-95.290555,29.807359],[-95.291062,29.807321]]},"properties":{"RR_COMPANY":"Union Pacific Railroad Company","RR_ABRVN":"UP","RR_STATUS":"Active"}},{"type":"Feature","geometry":{"type":"LineString","coordinates":[[-95.328998,29.705853],[-95.329365,29.706471]]},"properties":{"RR_COMPANY":"Union Pacific Railroad Company","RR_ABRVN":"UP","RR_STATUS":"Active"}},{"type":"Feature","geometry":{"type":"LineString","coordinates":[[-95.274581,29.73251],[-95.273875,29.730458],[-95.273759,29.730175],[-95.273612,29.7299],[-95.273436,29.729636],[-95.273234,29.729389],[-95.273005,29.729157],[-95.271226,29.727519],[-95.271093,29.727417],[-95.27095,29.727327],[-95.270799,29.727248],[-95.27064,29.727182],[-95.27036,29.727099],[-95.270212,29.727071],[-95.270062,29.727053],[-95.266777,29.726852]]},"properties":{"RR_COMPANY":"Union Pacific Railroad Company","RR_ABRVN":"UP","RR_STATUS":"Active"}},{"type":"Feature","geometry":{"type":"LineString","coordinates":[[-95.279059,29.73113],[-95.279091,29.730887],[-95.279162,29.730648],[-95.280848,29.726446],[-95.280972,29.726112],[-95.281077,29.725775],[-95.281163,29.725433],[-95.281232,29.725083],[-95.281273,29.724796],[-95.281301,29.724503],[-95.281357,29.723397]]},"properties":{"RR_COMPANY":"Union Pacific Railroad Company","RR_ABRVN":"UP","RR_STATUS":"Active"}},{"type":"Feature","geometry":{"type":"LineString","coordinates":[[-95.279274,29.720639],[-95.280139,29.72089],[-95.280283,29.720939],[-95.280415,29.720995],[-95.280537,29.721059],[-95.280652,29.721131],[-95.280764,29.721214],[-95.280887,29.721323],[-95.280998,29.721443],[-95.281094,29.721573],[-95.281173,29.721706],[-95.281238,29.721849],[-95.281285,29.721993],[-95.281317,29.722145],[-95.281331,29.722295],[-95.281357,29.723397]]},"properties":{"RR_COMPANY":"Union Pacific Railroad Company","RR_ABRVN":"UP","RR_STATUS":"Active"}},{"type":"Feature","geometry":{"type":"LineString","coordinates":[[-95.351539,29.817872],[-95.351554,29.817798],[-95.351575,29.817587],[-95.351574,29.817361]]},"properties":{"RR_COMPANY":"Union Pacific Railroad Company","RR_ABRVN":"UP","RR_STATUS":"Active"}},{"type":"Feature","geometry":{"type":"LineString","coordinates":[[-95.30586,29.626461],[-95.305855,29.626608],[-95.305841,29.626724],[-95.305814,29.626848],[-95.305776,29.626967],[-95.305726,29.627086],[-95.305663,29.6272],[-95.305589,29.627309],[-95.305505,29.627412],[-95.305384,29.627533],[-95.305247,29.627642],[-95.305039,29.627769],[-95.304134,29.62839]]},"properties":{"RR_COMPANY":"BNSF Railway Company","RR_ABRVN":"BNSF","RR_STATUS":"Active"}},{"type":"Feature","geometry":{"type":"LineString","coordinates":[[-95.30586,29.626461],[-95.30664,29.629153]]},"properties":{"RR_COMPANY":"BNSF Railway Company","RR_ABRVN":"BNSF","RR_STATUS":"Active"}},{"type":"Feature","geometry":{"type":"LineString","coordinates":[[-95.292348,29.762714],[-95.292217,29.763019],[-95.292117,29.763286],[-95.292029,29.763569],[-95.291957,29.763857],[-95.291902,29.764147],[-95.291864,29.764439],[-95.291843,29.764732],[-95.291838,29.765031],[-95.291852,29.765923]]},"properties":{"RR_COMPANY":"Union Pacific Railroad Company","RR_ABRVN":"UP","RR_STATUS":"Active"}},{"type":"Feature","geometry":{"type":"LineString","coordinates":[[-95.291852,29.765923],[-95.291866,29.766877]]},"properties":{"RR_COMPANY":"Union Pacific Railroad Company","RR_ABRVN":"UP","RR_STATUS":"Active"}},{"type":"Feature","geometry":{"type":"LineString","coordinates":[[-95.291866,29.766877],[-95.291881,29.76785]]},"properties":{"RR_COMPANY":"Union Pacific Railroad Company","RR_ABRVN":"UP","RR_STATUS":"Active"}},{"type":"Feature","geometry":{"type":"LineString","coordinates":[[-95.293162,29.767744],[-95.293214,29.767624]]},"properties":{"RR_COMPANY":"Union Pacific Railroad Company","RR_ABRVN":"UP","RR_STATUS":"Active"}},{"type":"Feature","geometry":{"type":"LineString","coordinates":[[-95.293214,29.767624],[-95.293259,29.767522],[-95.293327,29.767321],[-95.293547,29.766526]]},"properties":{"RR_COMPANY":"Union Pacific Railroad Company","RR_ABRVN":"UP","RR_STATUS":"Active"}},{"type":"Feature","geometry":{"type":"LineString","coordinates":[[-95.291006,29.795906],[-95.30533,29.789785]]},"properties":{"RR_COMPANY":"Union Pacific Railroad Company","RR_ABRVN":"UP","RR_STATUS":"Active"}},{"type":"Feature","geometry":{"type":"LineString","coordinates":[[-95.308674,29.787645],[-95.308252,29.78777],[-95.291862,29.794774],[-95.291648,29.794889],[-95.29146,29.79503],[-95.291344,29.795149]]},"properties":{"RR_COMPANY":"Union Pacific Railroad Company","RR_ABRVN":"UP","RR_STATUS":"Active"}},{"type":"Feature","geometry":{"type":"LineString","coordinates":[[-95.291344,29.795149],[-95.2913,29.795195],[-95.291171,29.795379]]},"properties":{"RR_COMPANY":"Union Pacific Railroad Company","RR_ABRVN":"UP","RR_STATUS":"Active"}},{"type":"Feature","geometry":{"type":"LineString","coordinates":[[-95.290472,29.794831],[-95.290548,29.794734],[-95.290657,29.794618],[-95.290768,29.794518],[-95.290884,29.794427]]},"properties":{"RR_COMPANY":"Union Pacific Railroad Company","RR_ABRVN":"UP","RR_STATUS":"Active"}},{"type":"Feature","geometry":{"type":"LineString","coordinates":[[-95.290884,29.794427],[-95.29089,29.794422],[-95.291469,29.794051],[-95.291728,29.793915],[-95.305468,29.788042]]},"properties":{"RR_COMPANY":"Union Pacific Railroad Company","RR_ABRVN":"UP","RR_STATUS":"Active"}},{"type":"Feature","geometry":{"type":"LineString","coordinates":[[-95.250592,29.716599],[-95.250445,29.716801],[-95.249396,29.718352],[-95.249276,29.718506],[-95.249133,29.718644],[-95.248972,29.718765],[-95.248793,29.718866],[-95.248601,29.718946],[-95.248399,29.719003],[-95.248194,29.719035],[-95.247981,29.719045],[-95.247747,29.719027],[-95.247523,29.71898],[-95.245235,29.718294]]},"properties":{"RR_COMPANY":"Port Terminal Railroad Association","RR_ABRVN":"PTRA","RR_STATUS":"Active"}},{"type":"Feature","geometry":{"type":"LineString","coordinates":[[-95.324128,29.686713],[-95.324112,29.686512],[-95.324116,29.68633],[-95.32414,29.686149],[-95.324185,29.685965],[-95.324252,29.685786],[-95.324338,29.685614],[-95.324443,29.68545],[-95.324567,29.685296],[-95.324703,29.685158],[-95.324859,29.685028],[-95.325028,29.684912],[-95.325211,29.684811],[-95.325403,29.684727],[-95.325605,29.68466],[-95.325813,29.68461],[-95.326025,29.684579],[-95.326184,29.684556],[-95.32634,29.684519],[-95.32649,29.684468],[-95.326634,29.684404],[-95.32677,29.684328],[-95.326896,29.68424],[-95.327011,29.684142],[-95.327118,29.68403],[-95.327208,29.683913],[-95.327284,29.683789],[-95.327345,29.683659],[-95.32739,29.683523],[-95.32742,29.683385],[-95.327434,29.683245],[-95.327431,29.683104],[-95.327411,29.68296],[-95.32644,29.678068],[-95.326229,29.67292]]},"properties":{"RR_COMPANY":"BNSF Railway Company","RR_ABRVN":"BNSF","RR_STATUS":"Active"}},{"type":"Feature","geometry":{"type":"LineString","coordinates":[[-95.300169,29.761634],[-95.29992,29.761608],[-95.29969,29.761621],[-95.299462,29.761673],[-95.299349,29.761714],[-95.299246,29.761764],[-95.299144,29.761824],[-95.299054,29.761889],[-95.298968,29.761965],[-95.298893,29.762045],[-95.298826,29.762135],[-95.298771,29.762226],[-95.298726,29.762321],[-95.298692,29.762419],[-95.298666,29.762536],[-95.298655,29.762655],[-95.298572,29.767142]]},"properties":{"RR_COMPANY":"Union Pacific Railroad Company","RR_ABRVN":"UP","RR_STATUS":"Active"}},{"type":"Feature","geometry":{"type":"LineString","coordinates":[[-95.294202,29.761211],[-95.293214,29.767624]]},"properties":{"RR_COMPANY":"Union Pacific Railroad Company","RR_ABRVN":"UP","RR_STATUS":"Active"}},{"type":"Feature","geometry":{"type":"LineString","coordinates":[[-95.300169,29.761634],[-95.299207,29.761368],[-95.298947,29.761332],[-95.298688,29.76133],[-95.298531,29.761345],[-95.298373,29.761372],[-95.298219,29.761413],[-95.298073,29.761463],[-95.297932,29.761525],[-95.297799,29.761598],[-95.297679,29.761676],[-95.297546,29.761778]]},"properties":{"RR_COMPANY":"Union Pacific Railroad Company","RR_ABRVN":"UP","RR_STATUS":"Active"}},{"type":"Feature","geometry":{"type":"LineString","coordinates":[[-95.291691,29.769525],[-95.291746,29.769415],[-95.291795,29.76929],[-95.291833,29.769165],[-95.291861,29.769038],[-95.293096,29.761019]]},"properties":{"RR_COMPANY":"Union Pacific Railroad Company","RR_ABRVN":"UP","RR_STATUS":"Active"}},{"type":"Feature","geometry":{"type":"LineString","coordinates":[[-95.293096,29.761019],[-95.293346,29.760451]]},"properties":{"RR_COMPANY":"Union Pacific Railroad Company","RR_ABRVN":"UP","RR_STATUS":"Active"}},{"type":"Feature","geometry":{"type":"LineString","coordinates":[[-95.292163,29.768941],[-95.292184,29.768678],[-95.292167,29.76825],[-95.292186,29.767977],[-95.293346,29.760451]]},"properties":{"RR_COMPANY":"Union Pacific Railroad Company","RR_ABRVN":"UP","RR_STATUS":"Active"}},{"type":"Feature","geometry":{"type":"LineString","coordinates":[[-95.294165,29.760412],[-95.292996,29.76799]]},"properties":{"RR_COMPANY":"Union Pacific Railroad Company","RR_ABRVN":"UP","RR_STATUS":"Active"}},{"type":"Feature","geometry":{"type":"LineString","coordinates":[[-95.293592,29.759895],[-95.293346,29.760451]]},"properties":{"RR_COMPANY":"Union Pacific Railroad Company","RR_ABRVN":"UP","RR_STATUS":"Active"}},{"type":"Feature","geometry":{"type":"LineString","coordinates":[[-95.293592,29.759895],[-95.29227,29.768489],[-95.292224,29.768715],[-95.292163,29.768941]]},"properties":{"RR_COMPANY":"Union Pacific Railroad Company","RR_ABRVN":"UP","RR_STATUS":"Active"}},{"type":"Feature","geometry":{"type":"LineString","coordinates":[[-95.391098,29.763405],[-95.391157,29.766349]]},"properties":{"RR_COMPANY":"Union Pacific Railroad Company","RR_ABRVN":"UP","RR_STATUS":"Active"}},{"type":"Feature","geometry":{"type":"LineString","coordinates":[[-95.391071,29.768556],[-95.391156,29.76847],[-95.391239,29.768366],[-95.391309,29.768262],[-95.391368,29.768153],[-95.391416,29.76804],[-95.391454,29.767923],[-95.39148,29.767805],[-95.391494,29.767682],[-95.391413,29.7634]]},"properties":{"RR_COMPANY":"Union Pacific Railroad Company","RR_ABRVN":"UP","RR_STATUS":"Active"}},{"type":"Feature","geometry":{"type":"LineString","coordinates":[[-95.391071,29.768556],[-95.391188,29.76832],[-95.391269,29.768089],[-95.39132,29.767845],[-95.391339,29.767598],[-95.391141,29.757659]]},"properties":{"RR_COMPANY":"Union Pacific Railroad Company","RR_ABRVN":"UP","RR_STATUS":"Active"}},{"type":"Feature","geometry":{"type":"LineString","coordinates":[[-95.293034,29.755833],[-95.292976,29.755603],[-95.29293,29.755372],[-95.292898,29.75514],[-95.292878,29.754907],[-95.292871,29.754673],[-95.292877,29.754434],[-95.292898,29.754184],[-95.292928,29.753989]]},"properties":{"RR_COMPANY":"Union Pacific Railroad Company","RR_ABRVN":"UP","RR_STATUS":"Active"}},{"type":"Feature","geometry":{"type":"LineString","coordinates":[[-95.333518,29.716518],[-95.333645,29.716898]]},"properties":{"RR_COMPANY":"Union Pacific Railroad Company","RR_ABRVN":"UP","RR_STATUS":"Active"}},{"type":"Feature","geometry":{"type":"LineString","coordinates":[[-95.333576,29.717096],[-95.333493,29.717337]]},"properties":{"RR_COMPANY":"Union Pacific Railroad Company","RR_ABRVN":"UP","RR_STATUS":"Active"}},{"type":"Feature","geometry":{"type":"LineString","coordinates":[[-95.333493,29.717337],[-95.333409,29.717579]]},"properties":{"RR_COMPANY":"Union Pacific Railroad Company","RR_ABRVN":"UP","RR_STATUS":"Active"}},{"type":"Feature","geometry":{"type":"LineString","coordinates":[[-95.333409,29.717579],[-95.333325,29.71782]]},"properties":{"RR_COMPANY":"Union Pacific Railroad Company","RR_ABRVN":"UP","RR_STATUS":"Active"}},{"type":"Feature","geometry":{"type":"LineString","coordinates":[[-95.333325,29.71782],[-95.333242,29.718061],[-95.334994,29.723347],[-95.3353,29.723778]]},"properties":{"RR_COMPANY":"Union Pacific Railroad Company","RR_ABRVN":"UP","RR_STATUS":"Active"}},{"type":"Feature","geometry":{"type":"LineString","coordinates":[[-95.289803,29.824154],[-95.289825,29.824087],[-95.289963,29.823733]]},"properties":{"RR_COMPANY":"Union Pacific Railroad Company","RR_ABRVN":"UP","RR_STATUS":"Active"}},{"type":"Feature","geometry":{"type":"LineString","coordinates":[[-95.274542,29.731917],[-95.275323,29.734187]]},"properties":{"RR_COMPANY":"Union Pacific Railroad Company","RR_ABRVN":"UP","RR_STATUS":"Active"}},{"type":"Feature","geometry":{"type":"LineString","coordinates":[[-95.284431,29.740317],[-95.284226,29.74012],[-95.284055,29.739933],[-95.283895,29.739732],[-95.28375,29.739516],[-95.279289,29.732047]]},"properties":{"RR_COMPANY":"Union Pacific Railroad Company","RR_ABRVN":"UP","RR_STATUS":"Active"}},{"type":"Feature","geometry":{"type":"LineString","coordinates":[[-95.292095,29.733444],[-95.291444,29.732836],[-95.290913,29.732384]]},"properties":{"RR_COMPANY":"Union Pacific Railroad Company","RR_ABRVN":"UP","RR_STATUS":"Active"}},{"type":"Feature","geometry":{"type":"LineString","coordinates":[[-95.274235,29.731027],[-95.274542,29.731917]]},"properties":{"RR_COMPANY":"Union Pacific Railroad Company","RR_ABRVN":"UP","RR_STATUS":"Active"}},{"type":"Feature","geometry":{"type":"LineString","coordinates":[[-95.279289,29.732047],[-95.279179,29.731828],[-95.279104,29.731602],[-95.279064,29.731369],[-95.279059,29.73113]]},"properties":{"RR_COMPANY":"Union Pacific Railroad Company","RR_ABRVN":"UP","RR_STATUS":"Active"}},{"type":"Feature","geometry":{"type":"LineString","coordinates":[[-95.279059,29.73113],[-95.279026,29.731321],[-95.279002,29.731576],[-95.278994,29.731813],[-95.279,29.732049],[-95.27902,29.732285],[-95.279053,29.732515],[-95.279102,29.732752],[-95.279159,29.732964]]},"properties":{"RR_COMPANY":"Union Pacific Railroad Company","RR_ABRVN":"UP","RR_STATUS":"Active"}},{"type":"Feature","geometry":{"type":"LineString","coordinates":[[-95.274299,29.730735],[-95.274235,29.731027]]},"properties":{"RR_COMPANY":"Union Pacific Railroad Company","RR_ABRVN":"UP","RR_STATUS":"Active"}},{"type":"Feature","geometry":{"type":"LineString","coordinates":[[-95.275542,29.734345],[-95.274299,29.730735]]},"properties":{"RR_COMPANY":"Union Pacific Railroad Company","RR_ABRVN":"UP","RR_STATUS":"Active"}},{"type":"Feature","geometry":{"type":"LineString","coordinates":[[-95.255702,29.715061],[-95.253429,29.715172],[-95.253075,29.715212],[-95.252719,29.715283],[-95.252466,29.715353],[-95.252226,29.715436],[-95.251985,29.715535],[-95.25176,29.715645],[-95.251537,29.715772],[-95.251331,29.715908],[-95.251136,29.716056],[-95.250945,29.716221]]},"properties":{"RR_COMPANY":"Port Terminal Railroad Association","RR_ABRVN":"PTRA","RR_STATUS":"Active"}},{"type":"Feature","geometry":{"type":"LineString","coordinates":[[-95.3353,29.723778],[-95.333325,29.71782]]},"properties":{"RR_COMPANY":"Union Pacific Railroad Company","RR_ABRVN":"UP","RR_STATUS":"Active"}},{"type":"Feature","geometry":{"type":"LineString","coordinates":[[-95.335613,29.72422],[-95.333409,29.717579]]},"properties":{"RR_COMPANY":"Union Pacific Railroad Company","RR_ABRVN":"UP","RR_STATUS":"Active"}},{"type":"Feature","geometry":{"type":"LineString","coordinates":[[-95.333493,29.717337],[-95.335921,29.724656]]},"properties":{"RR_COMPANY":"Union Pacific Railroad Company","RR_ABRVN":"UP","RR_STATUS":"Active"}},{"type":"Feature","geometry":{"type":"LineString","coordinates":[[-95.336229,29.725093],[-95.333576,29.717096]]},"properties":{"RR_COMPANY":"Union Pacific Railroad Company","RR_ABRVN":"UP","RR_STATUS":"Active"}},{"type":"Feature","geometry":{"type":"LineString","coordinates":[[-95.333645,29.716898],[-95.333576,29.717096]]},"properties":{"RR_COMPANY":"Union Pacific Railroad Company","RR_ABRVN":"UP","RR_STATUS":"Active"}},{"type":"Feature","geometry":{"type":"LineString","coordinates":[[-95.333645,29.716898],[-95.33648,29.725446]]},"properties":{"RR_COMPANY":"Union Pacific Railroad Company","RR_ABRVN":"UP","RR_STATUS":"Active"}},{"type":"Feature","geometry":{"type":"LineString","coordinates":[[-95.33373,29.716651],[-95.333645,29.716898]]},"properties":{"RR_COMPANY":"Union Pacific Railroad Company","RR_ABRVN":"UP","RR_STATUS":"Active"}},{"type":"Feature","geometry":{"type":"LineString","coordinates":[[-95.333329,29.715441],[-95.33337,29.715794],[-95.333378,29.716095]]},"properties":{"RR_COMPANY":"Union Pacific Railroad Company","RR_ABRVN":"UP","RR_STATUS":"Active"}},{"type":"Feature","geometry":{"type":"LineString","coordinates":[[-95.28998,29.819678],[-95.289826,29.818865]]},"properties":{"RR_COMPANY":"Union Pacific Railroad Company","RR_ABRVN":"UP","RR_STATUS":"Active"}},{"type":"Feature","geometry":{"type":"LineString","coordinates":[[-95.29422,29.756811],[-95.293909,29.756512],[-95.293777,29.756364],[-95.293648,29.756204],[-95.293529,29.756039],[-95.29342,29.755869],[-95.293322,29.755694],[-95.293233,29.755515],[-95.293156,29.755332],[-95.293089,29.755146],[-95.293034,29.754957],[-95.29299,29.754766],[-95.292957,29.754573],[-95.292936,29.754379],[-95.292926,29.754184],[-95.292928,29.753989]]},"properties":{"RR_COMPANY":"Union Pacific Railroad Company","RR_ABRVN":"UP","RR_STATUS":"Active"}},{"type":"Feature","geometry":{"type":"LineString","coordinates":[[-95.288422,29.798402],[-95.288195,29.798541]]},"properties":{"RR_COMPANY":"Union Pacific Railroad Company","RR_ABRVN":"UP","RR_STATUS":"Active"}},{"type":"Feature","geometry":{"type":"LineString","coordinates":[[-95.288195,29.798541],[-95.285053,29.800464],[-95.284829,29.800591],[-95.284597,29.800706],[-95.268857,29.807481],[-95.268454,29.807678]]},"properties":{"RR_COMPANY":"Union Pacific Railroad Company","RR_ABRVN":"UP","RR_STATUS":"Active"}},{"type":"Feature","geometry":{"type":"LineString","coordinates":[[-95.30533,29.789785],[-95.310071,29.787758],[-95.31019,29.787714],[-95.310314,29.787679],[-95.310588,29.787635]]},"properties":{"RR_COMPANY":"Union Pacific Railroad Company","RR_ABRVN":"UP","RR_STATUS":"Active"}},{"type":"Feature","geometry":{"type":"LineString","coordinates":[[-95.391157,29.766349],[-95.391122,29.766258],[-95.391082,29.766183],[-95.391032,29.766114],[-95.390969,29.766046],[-95.390901,29.765989],[-95.39082,29.765937],[-95.390733,29.765895],[-95.390639,29.765862],[-95.39053,29.765839],[-95.390414,29.76583],[-95.389393,29.765849]]},"properties":{"RR_COMPANY":"Union Pacific Railroad Company","RR_ABRVN":"UP","RR_STATUS":"Active"}},{"type":"Feature","geometry":{"type":"LineString","coordinates":[[-95.293162,29.767744],[-95.296802,29.762335]]},"properties":{"RR_COMPANY":"Union Pacific Railroad Company","RR_ABRVN":"UP","RR_STATUS":"Active"}},{"type":"Feature","geometry":{"type":"LineString","coordinates":[[-95.292595,29.762155],[-95.292348,29.762714]]},"properties":{"RR_COMPANY":"Union Pacific Railroad Company","RR_ABRVN":"UP","RR_STATUS":"Active"}},{"type":"Feature","geometry":{"type":"LineString","coordinates":[[-95.292595,29.762155],[-95.291866,29.766877]]},"properties":{"RR_COMPANY":"Union Pacific Railroad Company","RR_ABRVN":"UP","RR_STATUS":"Active"}},{"type":"Feature","geometry":{"type":"LineString","coordinates":[[-95.293547,29.766526],[-95.294214,29.762195]]},"properties":{"RR_COMPANY":"Union Pacific Railroad Company","RR_ABRVN":"UP","RR_STATUS":"Active"}},{"type":"Feature","geometry":{"type":"LineString","coordinates":[[-95.302701,29.767177],[-95.302764,29.763361],[-95.302751,29.76317],[-95.302717,29.763014],[-95.302664,29.762863],[-95.302591,29.762718],[-95.302497,29.762578],[-95.302388,29.762451],[-95.302263,29.762336],[-95.302129,29.762238],[-95.301964,29.762141]]},"properties":{"RR_COMPANY":"Union Pacific Railroad Company","RR_ABRVN":"UP","RR_STATUS":"Active"}},{"type":"Feature","geometry":{"type":"LineString","coordinates":[[-95.305121,29.763032],[-95.301964,29.762141]]},"properties":{"RR_COMPANY":"Union Pacific Railroad Company","RR_ABRVN":"UP","RR_STATUS":"Active"}},{"type":"Feature","geometry":{"type":"LineString","coordinates":[[-95.301964,29.762141],[-95.301777,29.762088]]},"properties":{"RR_COMPANY":"Union Pacific Railroad Company","RR_ABRVN":"UP","RR_STATUS":"Active"}},{"type":"Feature","geometry":{"type":"LineString","coordinates":[[-95.300305,29.767178],[-95.30038,29.763072],[-95.30039,29.76296],[-95.300415,29.762846],[-95.300446,29.762755],[-95.300489,29.762665],[-95.3006,29.762499],[-95.300745,29.762354],[-95.300922,29.762233],[-95.301118,29.762145],[-95.301329,29.762091],[-95.301544,29.762072],[-95.301777,29.762088]]},"properties":{"RR_COMPANY":"Union Pacific Railroad Company","RR_ABRVN":"UP","RR_STATUS":"Active"}},{"type":"Feature","geometry":{"type":"LineString","coordinates":[[-95.291881,29.76785],[-95.292847,29.761584]]},"properties":{"RR_COMPANY":"Union Pacific Railroad Company","RR_ABRVN":"UP","RR_STATUS":"Active"}},{"type":"Feature","geometry":{"type":"LineString","coordinates":[[-95.301777,29.762088],[-95.300169,29.761634]]},"properties":{"RR_COMPANY":"Union Pacific Railroad Company","RR_ABRVN":"UP","RR_STATUS":"Active"}},{"type":"Feature","geometry":{"type":"LineString","coordinates":[[-95.291691,29.769525],[-95.291717,29.769394]]},"properties":{"RR_COMPANY":"Union Pacific Railroad Company","RR_ABRVN":"UP","RR_STATUS":"Active"}},{"type":"Feature","geometry":{"type":"LineString","coordinates":[[-95.357248,29.77176],[-95.35677,29.771922],[-95.35654,29.771971],[-95.354798,29.772086],[-95.354264,29.772078],[-95.353977,29.772103]]},"properties":{"RR_COMPANY":"Union Pacific Railroad Company","RR_ABRVN":"UP","RR_STATUS":"Active"}},{"type":"Feature","geometry":{"type":"LineString","coordinates":[[-95.357248,29.77176],[-95.357092,29.771792],[-95.356957,29.771808],[-95.354757,29.771952],[-95.354347,29.772013],[-95.354127,29.772061],[-95.353977,29.772103]]},"properties":{"RR_COMPANY":"Union Pacific Railroad Company","RR_ABRVN":"UP","RR_STATUS":"Active"}},{"type":"Feature","geometry":{"type":"LineString","coordinates":[[-95.259274,29.768341],[-95.259951,29.768394],[-95.26058,29.76841],[-95.268442,29.768305]]},"properties":{"RR_COMPANY":"Union Pacific Railroad Company","RR_ABRVN":"UP","RR_STATUS":"Active"}},{"type":"Feature","geometry":{"type":"LineString","coordinates":[[-95.357754,29.771587],[-95.357248,29.77176]]},"properties":{"RR_COMPANY":"Union Pacific Railroad Company","RR_ABRVN":"UP","RR_STATUS":"Active"}},{"type":"Feature","geometry":{"type":"LineString","coordinates":[[-95.441348,29.787243],[-95.440277,29.786467],[-95.440104,29.786377],[-95.439914,29.786318],[-95.439798,29.7863]]},"properties":{"RR_COMPANY":"Union Pacific Railroad Company","RR_ABRVN":"UP","RR_STATUS":"Active"}},{"type":"Feature","geometry":{"type":"LineString","coordinates":[[-95.273391,29.780139],[-95.273382,29.781355],[-95.273472,29.781676]]},"properties":{"RR_COMPANY":"Union Pacific Railroad Company","RR_ABRVN":"UP","RR_STATUS":"Active"}},{"type":"Feature","geometry":{"type":"LineString","coordinates":[[-95.288482,29.798362],[-95.288449,29.795303],[-95.288183,29.780691]]},"properties":{"RR_COMPANY":"Union Pacific Railroad Company","RR_ABRVN":"UP","RR_STATUS":"Active"}},{"type":"Feature","geometry":{"type":"LineString","coordinates":[[-95.273029,29.781684],[-95.272687,29.781619],[-95.272377,29.781525],[-95.270599,29.780783],[-95.270401,29.780712],[-95.270198,29.780655],[-95.270014,29.780617],[-95.264759,29.779677]]},"properties":{"RR_COMPANY":"Union Pacific Railroad Company","RR_ABRVN":"UP","RR_STATUS":"Active"}},{"type":"Feature","geometry":{"type":"LineString","coordinates":[[-95.348425,29.782631],[-95.348282,29.782823],[-95.348108,29.783003]]},"properties":{"RR_COMPANY":"Union Pacific Railroad Company","RR_ABRVN":"UP","RR_STATUS":"Active"}},{"type":"Feature","geometry":{"type":"LineString","coordinates":[[-95.346156,29.782924],[-95.347732,29.7829],[-95.347848,29.782891],[-95.348004,29.78286],[-95.348158,29.782805],[-95.348294,29.782731],[-95.348425,29.782631]]},"properties":{"RR_COMPANY":"Union Pacific Railroad Company","RR_ABRVN":"UP","RR_STATUS":"Active"}},{"type":"Feature","geometry":{"type":"LineString","coordinates":[[-95.348651,29.782118],[-95.348556,29.782389],[-95.348496,29.782513],[-95.348425,29.782631]]},"properties":{"RR_COMPANY":"Union Pacific Railroad Company","RR_ABRVN":"UP","RR_STATUS":"Active"}},{"type":"Feature","geometry":{"type":"LineString","coordinates":[[-95.279289,29.732047],[-95.279255,29.732291]]},"properties":{"RR_COMPANY":"Union Pacific Railroad Company","RR_ABRVN":"UP","RR_STATUS":"Active"}},{"type":"Feature","geometry":{"type":"LineString","coordinates":[[-95.279255,29.732291],[-95.279221,29.732528]]},"properties":{"RR_COMPANY":"Union Pacific Railroad Company","RR_ABRVN":"UP","RR_STATUS":"Active"}},{"type":"Feature","geometry":{"type":"LineString","coordinates":[[-95.279221,29.732528],[-95.279187,29.732769]]},"properties":{"RR_COMPANY":"Union Pacific Railroad Company","RR_ABRVN":"UP","RR_STATUS":"Active"}},{"type":"Feature","geometry":{"type":"LineString","coordinates":[[-95.279187,29.732769],[-95.279159,29.732964]]},"properties":{"RR_COMPANY":"West Texas & Lubbock Company","RR_ABRVN":"WTLC","RR_STATUS":"Active"}},{"type":"Feature","geometry":{"type":"LineString","coordinates":[[-95.279159,29.732964],[-95.279214,29.733121]]},"properties":{"RR_COMPANY":"Union Pacific Railroad Company","RR_ABRVN":"UP","RR_STATUS":"Active"}},{"type":"Feature","geometry":{"type":"LineString","coordinates":[[-95.279214,29.733121],[-95.279299,29.733365],[-95.279607,29.734066]]},"properties":{"RR_COMPANY":"Union Pacific Railroad Company","RR_ABRVN":"UP","RR_STATUS":"Active"}},{"type":"Feature","geometry":{"type":"LineString","coordinates":[[-95.276243,29.743941],[-95.276782,29.744441]]},"properties":{"RR_COMPANY":"Union Pacific Railroad Company","RR_ABRVN":"UP","RR_STATUS":"Active"}},{"type":"Feature","geometry":{"type":"LineString","coordinates":[[-95.27166,29.741882],[-95.272448,29.742225]]},"properties":{"RR_COMPANY":"Union Pacific Railroad Company","RR_ABRVN":"UP","RR_STATUS":"Active"}},{"type":"Feature","geometry":{"type":"LineString","coordinates":[[-95.272448,29.742225],[-95.273237,29.742568]]},"properties":{"RR_COMPANY":"Union Pacific Railroad Company","RR_ABRVN":"UP","RR_STATUS":"Active"}},{"type":"Feature","geometry":{"type":"LineString","coordinates":[[-95.429635,29.786143],[-95.429558,29.786023],[-95.429502,29.785913],[-95.429459,29.785792],[-95.42943,29.785669],[-95.429417,29.785527],[-95.429415,29.784775]]},"properties":{"RR_COMPANY":"Union Pacific Railroad Company","RR_ABRVN":"UP","RR_STATUS":"Active"}},{"type":"Feature","geometry":{"type":"LineString","coordinates":[[-95.292364,29.768934],[-95.292571,29.768621]]},"properties":{"RR_COMPANY":"Union Pacific Railroad Company","RR_ABRVN":"UP","RR_STATUS":"Active"}},{"type":"Feature","geometry":{"type":"LineString","coordinates":[[-95.359213,29.771242],[-95.358952,29.771146],[-95.358713,29.771084],[-95.358456,29.771042],[-95.358196,29.771026],[-95.354811,29.771242],[-95.354442,29.771283],[-95.354043,29.771352]]},"properties":{"RR_COMPANY":"Union Pacific Railroad Company","RR_ABRVN":"UP","RR_STATUS":"Active"}},{"type":"Feature","geometry":{"type":"LineString","coordinates":[[-95.399248,29.773011],[-95.399433,29.772855],[-95.399631,29.772736],[-95.399854,29.772644],[-95.400085,29.772588],[-95.400337,29.772565],[-95.401931,29.772566]]},"properties":{"RR_COMPANY":"Union Pacific Railroad Company","RR_ABRVN":"UP","RR_STATUS":"Active"}},{"type":"Feature","geometry":{"type":"LineString","coordinates":[[-95.386887,29.774734],[-95.386865,29.772419],[-95.386902,29.772272],[-95.386934,29.772202],[-95.386979,29.772131],[-95.387087,29.772013],[-95.387232,29.771911]]},"properties":{"RR_COMPANY":"Union Pacific Railroad Company","RR_ABRVN":"UP","RR_STATUS":"Active"}},{"type":"Feature","geometry":{"type":"LineString","coordinates":[[-95.292571,29.768621],[-95.292785,29.768303]]},"properties":{"RR_COMPANY":"Union Pacific Railroad Company","RR_ABRVN":"UP","RR_STATUS":"Active"}},{"type":"Feature","geometry":{"type":"LineString","coordinates":[[-95.382341,29.771502],[-95.379595,29.771501],[-95.379395,29.771517],[-95.379224,29.771556],[-95.379062,29.771616],[-95.378947,29.771675],[-95.378307,29.772055],[-95.37812,29.772131],[-95.377904,29.772186]]},"properties":{"RR_COMPANY":"Union Pacific Railroad Company","RR_ABRVN":"UP","RR_STATUS":"Active"}},{"type":"Feature","geometry":{"type":"LineString","coordinates":[[-95.292785,29.768303],[-95.292996,29.76799]]},"properties":{"RR_COMPANY":"Union Pacific Railroad Company","RR_ABRVN":"UP","RR_STATUS":"Active"}},{"type":"Feature","geometry":{"type":"LineString","coordinates":[[-95.291717,29.769394],[-95.29179,29.769042],[-95.291845,29.768636],[-95.291875,29.768243],[-95.291881,29.76785]]},"properties":{"RR_COMPANY":"Union Pacific Railroad Company","RR_ABRVN":"UP","RR_STATUS":"Active"}},{"type":"Feature","geometry":{"type":"LineString","coordinates":[[-95.399248,29.773011],[-95.399508,29.772412],[-95.3996,29.772273],[-95.399717,29.772147],[-95.399798,29.772079],[-95.399889,29.772017],[-95.399986,29.771963],[-95.400089,29.771918],[-95.400304,29.771856],[-95.40054,29.771828]]},"properties":{"RR_COMPANY":"Union Pacific Railroad Company","RR_ABRVN":"UP","RR_STATUS":"Active"}},{"type":"Feature","geometry":{"type":"LineString","coordinates":[[-95.292996,29.76799],[-95.293162,29.767744]]},"properties":{"RR_COMPANY":"Union Pacific Railroad Company","RR_ABRVN":"UP","RR_STATUS":"Active"}},{"type":"Feature","geometry":{"type":"LineString","coordinates":[[-95.388858,29.771237],[-95.388736,29.771313],[-95.388656,29.77138],[-95.388581,29.771458],[-95.388519,29.771539],[-95.388464,29.771629],[-95.388423,29.771719],[-95.388393,29.771813],[-95.388375,29.771908],[-95.388368,29.772024],[-95.388403,29.774708],[-95.388391,29.7748],[-95.388367,29.774884],[-95.388329,29.774965],[-95.388231,29.775125],[-95.388202,29.7752],[-95.388186,29.775278],[-95.38818,29.775356],[-95.388197,29.776173]]},"properties":{"RR_COMPANY":"Union Pacific Railroad Company","RR_ABRVN":"UP","RR_STATUS":"Active"}},{"type":"Feature","geometry":{"type":"LineString","coordinates":[[-95.389887,29.771023],[-95.389627,29.771032],[-95.389394,29.771063],[-95.389155,29.77112],[-95.388892,29.771217],[-95.388858,29.771237]]},"properties":{"RR_COMPANY":"Union Pacific Railroad Company","RR_ABRVN":"UP","RR_STATUS":"Active"}},{"type":"Feature","geometry":{"type":"LineString","coordinates":[[-95.392823,29.771325],[-95.389887,29.771023]]},"properties":{"RR_COMPANY":"Union Pacific Railroad Company","RR_ABRVN":"UP","RR_STATUS":"Active"}},{"type":"Feature","geometry":{"type":"LineString","coordinates":[[-95.389196,29.770951],[-95.388965,29.771033],[-95.387067,29.771826],[-95.386837,29.771904],[-95.386605,29.771959],[-95.386374,29.771993],[-95.38614,29.772008],[-95.383644,29.772021],[-95.383342,29.772078],[-95.383242,29.772116],[-95.383137,29.772142],[-95.383029,29.772154],[-95.382957,29.772162]]},"properties":{"RR_COMPANY":"Union Pacific Railroad Company","RR_ABRVN":"UP","RR_STATUS":"Active"}},{"type":"Feature","geometry":{"type":"LineString","coordinates":[[-95.389196,29.770951],[-95.389887,29.771023]]},"properties":{"RR_COMPANY":"Union Pacific Railroad Company","RR_ABRVN":"UP","RR_STATUS":"Active"}},{"type":"Feature","geometry":{"type":"LineString","coordinates":[[-95.389828,29.770875],[-95.389506,29.770893],[-95.389347,29.770919],[-95.389196,29.770951]]},"properties":{"RR_COMPANY":"Union Pacific Railroad Company","RR_ABRVN":"UP","RR_STATUS":"Active"}},{"type":"Feature","geometry":{"type":"LineString","coordinates":[[-95.394421,29.771348],[-95.389828,29.770875]]},"properties":{"RR_COMPANY":"Union Pacific Railroad Company","RR_ABRVN":"UP","RR_STATUS":"Active"}},{"type":"Feature","geometry":{"type":"LineString","coordinates":[[-95.387317,29.770756],[-95.389196,29.770951]]},"properties":{"RR_COMPANY":"Union Pacific Railroad Company","RR_ABRVN":"UP","RR_STATUS":"Active"}},{"type":"Feature","geometry":{"type":"LineString","coordinates":[[-95.278262,29.766519],[-95.278248,29.766678],[-95.278224,29.76681],[-95.278185,29.766944],[-95.278134,29.767074],[-95.278067,29.767205],[-95.277989,29.767325],[-95.277899,29.767439],[-95.277799,29.767546],[-95.277684,29.767647],[-95.277563,29.767736],[-95.277433,29.767816],[-95.277296,29.767885],[-95.277153,29.767944],[-95.277004,29.767991],[-95.276856,29.768025],[-95.276679,29.768054]]},"properties":{"RR_COMPANY":"Union Pacific Railroad Company","RR_ABRVN":"UP","RR_STATUS":"Active"}},{"type":"Feature","geometry":{"type":"LineString","coordinates":[[-95.279871,29.768011],[-95.279697,29.767981],[-95.279553,29.767946],[-95.279407,29.767899],[-95.279266,29.767842],[-95.279127,29.767773],[-95.278999,29.767696],[-95.27888,29.76761],[-95.278765,29.767512],[-95.278663,29.76741],[-95.278569,29.767297],[-95.278488,29.767181],[-95.278417,29.767055],[-95.27836,29.766929],[-95.278314,29.766795],[-95.278281,29.766658],[-95.278262,29.766519]]},"properties":{"RR_COMPANY":"Union Pacific Railroad Company","RR_ABRVN":"UP","RR_STATUS":"Active"}},{"type":"Feature","geometry":{"type":"LineString","coordinates":[[-95.389828,29.770875],[-95.385009,29.770378],[-95.384688,29.770325],[-95.384374,29.770239],[-95.38421,29.770183],[-95.384016,29.770135]]},"properties":{"RR_COMPANY":"Union Pacific Railroad Company","RR_ABRVN":"UP","RR_STATUS":"Active"}},{"type":"Feature","geometry":{"type":"LineString","coordinates":[[-95.383289,29.77006],[-95.384016,29.770135]]},"properties":{"RR_COMPANY":"Union Pacific Railroad Company","RR_ABRVN":"UP","RR_STATUS":"Active"}},{"type":"Feature","geometry":{"type":"LineString","coordinates":[[-95.37719,29.770132],[-95.378781,29.770086],[-95.380931,29.769959]]},"properties":{"RR_COMPANY":"Union Pacific Railroad Company","RR_ABRVN":"UP","RR_STATUS":"Active"}},{"type":"Feature","geometry":{"type":"LineString","coordinates":[[-95.383289,29.77006],[-95.383064,29.770071],[-95.382735,29.770116],[-95.382528,29.77012],[-95.380931,29.769959]]},"properties":{"RR_COMPANY":"Union Pacific Railroad Company","RR_ABRVN":"UP","RR_STATUS":"Active"}},{"type":"Feature","geometry":{"type":"LineString","coordinates":[[-95.311821,29.787651],[-95.311631,29.787849],[-95.311615,29.787864]]},"properties":{"RR_COMPANY":"Union Pacific Railroad Company","RR_ABRVN":"UP","RR_STATUS":"Active"}},{"type":"Feature","geometry":{"type":"LineString","coordinates":[[-95.311615,29.787864],[-95.311405,29.788043]]},"properties":{"RR_COMPANY":"Union Pacific Railroad Company","RR_ABRVN":"UP","RR_STATUS":"Active"}},{"type":"Feature","geometry":{"type":"LineString","coordinates":[[-95.310027,29.789461],[-95.308885,29.789797]]},"properties":{"RR_COMPANY":"Union Pacific Railroad Company","RR_ABRVN":"UP","RR_STATUS":"Active"}},{"type":"Feature","geometry":{"type":"LineString","coordinates":[[-95.418408,29.783966],[-95.418633,29.783991],[-95.418821,29.784001],[-95.422317,29.78407],[-95.422556,29.784066],[-95.422833,29.784042]]},"properties":{"RR_COMPANY":"Union Pacific Railroad Company","RR_ABRVN":"UP","RR_STATUS":"Active"}},{"type":"Feature","geometry":{"type":"LineString","coordinates":[[-95.418408,29.783966],[-95.417573,29.783801]]},"properties":{"RR_COMPANY":"Union Pacific Railroad Company","RR_ABRVN":"UP","RR_STATUS":"Active"}},{"type":"Feature","geometry":{"type":"LineString","coordinates":[[-95.422833,29.784042],[-95.423567,29.783908]]},"properties":{"RR_COMPANY":"Union Pacific Railroad Company","RR_ABRVN":"UP","RR_STATUS":"Active"}},{"type":"Feature","geometry":{"type":"LineString","coordinates":[[-95.417573,29.783801],[-95.417803,29.783826],[-95.417992,29.783836],[-95.423058,29.783936],[-95.423297,29.783932],[-95.423567,29.783908]]},"properties":{"RR_COMPANY":"Union Pacific Railroad Company","RR_ABRVN":"UP","RR_STATUS":"Active"}},{"type":"Feature","geometry":{"type":"LineString","coordinates":[[-95.417573,29.783801],[-95.416737,29.783636]]},"properties":{"RR_COMPANY":"Union Pacific Railroad Company","RR_ABRVN":"UP","RR_STATUS":"Active"}},{"type":"Feature","geometry":{"type":"LineString","coordinates":[[-95.416737,29.783636],[-95.416967,29.783661],[-95.417162,29.783672],[-95.424306,29.783812]]},"properties":{"RR_COMPANY":"Union Pacific Railroad Company","RR_ABRVN":"UP","RR_STATUS":"Active"}},{"type":"Feature","geometry":{"type":"LineString","coordinates":[[-95.423567,29.783908],[-95.423961,29.783841],[-95.424306,29.783812]]},"properties":{"RR_COMPANY":"Union Pacific Railroad Company","RR_ABRVN":"UP","RR_STATUS":"Active"}},{"type":"Feature","geometry":{"type":"LineString","coordinates":[[-95.416737,29.783636],[-95.415895,29.78347]]},"properties":{"RR_COMPANY":"Union Pacific Railroad Company","RR_ABRVN":"UP","RR_STATUS":"Active"}},{"type":"Feature","geometry":{"type":"LineString","coordinates":[[-95.429039,29.78392],[-95.428862,29.783955],[-95.428699,29.784011],[-95.428542,29.784092],[-95.428406,29.784188],[-95.428284,29.784306],[-95.428188,29.784434],[-95.428114,29.784573],[-95.428066,29.78472]]},"properties":{"RR_COMPANY":"Union Pacific Railroad Company","RR_ABRVN":"UP","RR_STATUS":"Active"}},{"type":"Feature","geometry":{"type":"LineString","coordinates":[[-95.43091,29.783948],[-95.4293,29.78391],[-95.429039,29.78392]]},"properties":{"RR_COMPANY":"Union Pacific Railroad Company","RR_ABRVN":"UP","RR_STATUS":"Active"}},{"type":"Feature","geometry":{"type":"LineString","coordinates":[[-95.43091,29.783948],[-95.430669,29.783985],[-95.430561,29.784017],[-95.430454,29.78406],[-95.430353,29.784113],[-95.430259,29.784175],[-95.430173,29.784246],[-95.430096,29.784324],[-95.43003,29.784409],[-95.429974,29.7845],[-95.42993,29.784595],[-95.429898,29.784694],[-95.429878,29.784796],[-95.429871,29.784898],[-95.429877,29.785001],[-95.429896,29.785103]]},"properties":{"RR_COMPANY":"Union Pacific Railroad Company","RR_ABRVN":"UP","RR_STATUS":"Active"}},{"type":"Feature","geometry":{"type":"LineString","coordinates":[[-95.264208,29.770407],[-95.26153,29.769972],[-95.261373,29.769939],[-95.261216,29.769896],[-95.26105,29.769836],[-95.260893,29.769766],[-95.260744,29.769685],[-95.2606,29.769591],[-95.260469,29.769489],[-95.260345,29.769375],[-95.260233,29.769252],[-95.260134,29.769122]]},"properties":{"RR_COMPANY":"Union Pacific Railroad Company","RR_ABRVN":"UP","RR_STATUS":"Active"}},{"type":"Feature","geometry":{"type":"LineString","coordinates":[[-95.28954,29.773131],[-95.291456,29.770283]]},"properties":{"RR_COMPANY":"Union Pacific Railroad Company","RR_ABRVN":"UP","RR_STATUS":"Active"}},{"type":"Feature","geometry":{"type":"LineString","coordinates":[[-95.351316,29.773005],[-95.351822,29.772935],[-95.352044,29.772878],[-95.353497,29.772262],[-95.35376,29.772166],[-95.353977,29.772103]]},"properties":{"RR_COMPANY":"Union Pacific Railroad Company","RR_ABRVN":"UP","RR_STATUS":"Active"}},{"type":"Feature","geometry":{"type":"LineString","coordinates":[[-95.360606,29.77243],[-95.360589,29.772366],[-95.360555,29.772302],[-95.36051,29.772249],[-95.36045,29.772202],[-95.360385,29.772169],[-95.360307,29.772146],[-95.360233,29.772138],[-95.360143,29.772143]]},"properties":{"RR_COMPANY":"Union Pacific Railroad Company","RR_ABRVN":"UP","RR_STATUS":"Active"}},{"type":"Feature","geometry":{"type":"LineString","coordinates":[[-95.259274,29.768341],[-95.25941,29.768413],[-95.259535,29.768491],[-95.259654,29.768577],[-95.259765,29.76867],[-95.259868,29.768771],[-95.259962,29.768877],[-95.260134,29.769122]]},"properties":{"RR_COMPANY":"Union Pacific Railroad Company","RR_ABRVN":"UP","RR_STATUS":"Active"}},{"type":"Feature","geometry":{"type":"LineString","coordinates":[[-95.291456,29.770283],[-95.291583,29.769905],[-95.291691,29.769525]]},"properties":{"RR_COMPANY":"Union Pacific Railroad Company","RR_ABRVN":"UP","RR_STATUS":"Active"}},{"type":"Feature","geometry":{"type":"LineString","coordinates":[[-95.259274,29.768341],[-95.258859,29.768283],[-95.258628,29.768243]]},"properties":{"RR_COMPANY":"Union Pacific Railroad Company","RR_ABRVN":"UP","RR_STATUS":"Active"}},{"type":"Feature","geometry":{"type":"LineString","coordinates":[[-95.291456,29.770283],[-95.292016,29.76945]]},"properties":{"RR_COMPANY":"Union Pacific Railroad Company","RR_ABRVN":"UP","RR_STATUS":"Active"}},{"type":"Feature","geometry":{"type":"LineString","coordinates":[[-95.306848,29.759679],[-95.306671,29.759548],[-95.306502,29.7594],[-95.306347,29.759241],[-95.306126,29.758981],[-95.305928,29.758808]]},"properties":{"RR_COMPANY":"Union Pacific Railroad Company","RR_ABRVN":"UP","RR_STATUS":"Active"}},{"type":"Feature","geometry":{"type":"LineString","coordinates":[[-95.31612,29.761835],[-95.307189,29.759367],[-95.306973,29.759295],[-95.306763,29.75921],[-95.305928,29.758808]]},"properties":{"RR_COMPANY":"Union Pacific Railroad Company","RR_ABRVN":"UP","RR_STATUS":"Active"}},{"type":"Feature","geometry":{"type":"LineString","coordinates":[[-95.305928,29.758808],[-95.30569,29.758692]]},"properties":{"RR_COMPANY":"Union Pacific Railroad Company","RR_ABRVN":"UP","RR_STATUS":"Active"}},{"type":"Feature","geometry":{"type":"LineString","coordinates":[[-95.30569,29.758692],[-95.304792,29.758257]]},"properties":{"RR_COMPANY":"Union Pacific Railroad Company","RR_ABRVN":"UP","RR_STATUS":"Active"}},{"type":"Feature","geometry":{"type":"LineString","coordinates":[[-95.333378,29.716095],[-95.333518,29.716518]]},"properties":{"RR_COMPANY":"Union Pacific Railroad Company","RR_ABRVN":"UP","RR_STATUS":"Active"}},{"type":"Feature","geometry":{"type":"LineString","coordinates":[[-95.308885,29.789797],[-95.307948,29.790072],[-95.307567,29.790207],[-95.291779,29.796956]]},"properties":{"RR_COMPANY":"Union Pacific Railroad Company","RR_ABRVN":"UP","RR_STATUS":"Active"}},{"type":"Feature","geometry":{"type":"LineString","coordinates":[[-95.310027,29.789461],[-95.311165,29.789128]]},"properties":{"RR_COMPANY":"Union Pacific Railroad Company","RR_ABRVN":"UP","RR_STATUS":"Active"}},{"type":"Feature","geometry":{"type":"LineString","coordinates":[[-95.30569,29.758692],[-95.305462,29.758613],[-95.305261,29.758559],[-95.30505,29.758519],[-95.304829,29.758495],[-95.304609,29.758488],[-95.302956,29.758507],[-95.302814,29.758501],[-95.302673,29.758482],[-95.302475,29.758436],[-95.302293,29.75837],[-95.301486,29.757973]]},"properties":{"RR_COMPANY":"Union Pacific Railroad Company","RR_ABRVN":"UP","RR_STATUS":"Active"}},{"type":"Feature","geometry":{"type":"LineString","coordinates":[[-95.340349,29.75941],[-95.340118,29.75933],[-95.339904,29.75928],[-95.33968,29.759253],[-95.339448,29.759249],[-95.339217,29.759271],[-95.338992,29.759318],[-95.338774,29.759389],[-95.338569,29.759484],[-95.33843,29.759565],[-95.338301,29.759657],[-95.338181,29.759759],[-95.338072,29.75987],[-95.337097,29.761138]]},"properties":{"RR_COMPANY":"Union Pacific Railroad Company","RR_ABRVN":"UP","RR_STATUS":"Active"}},{"type":"Feature","geometry":{"type":"LineString","coordinates":[[-95.304792,29.758257],[-95.305059,29.75835],[-95.305311,29.758412],[-95.305581,29.758453],[-95.305849,29.758468],[-95.316472,29.758344]]},"properties":{"RR_COMPANY":"Union Pacific Railroad Company","RR_ABRVN":"UP","RR_STATUS":"Active"}},{"type":"Feature","geometry":{"type":"LineString","coordinates":[[-95.349423,29.75978],[-95.349505,29.75944],[-95.349558,29.759286],[-95.349624,29.759127]]},"properties":{"RR_COMPANY":"Union Pacific Railroad Company","RR_ABRVN":"UP","RR_STATUS":"Active"}},{"type":"Feature","geometry":{"type":"LineString","coordinates":[[-95.270893,29.726294],[-95.270495,29.726125],[-95.270347,29.726083],[-95.270195,29.726057],[-95.266961,29.72584]]},"properties":{"RR_COMPANY":"Union Pacific Railroad Company","RR_ABRVN":"UP","RR_STATUS":"Active"}},{"type":"Feature","geometry":{"type":"LineString","coordinates":[[-95.354043,29.771352],[-95.355378,29.770707],[-95.355471,29.77065],[-95.355556,29.770585],[-95.355633,29.770513],[-95.355705,29.77043],[-95.355772,29.770331],[-95.355827,29.77022],[-95.355866,29.770105],[-95.355888,29.769986],[-95.355894,29.769882],[-95.355873,29.76897]]},"properties":{"RR_COMPANY":"Union Pacific Railroad Company","RR_ABRVN":"UP","RR_STATUS":"Active"}},{"type":"Feature","geometry":{"type":"LineString","coordinates":[[-95.380931,29.769959],[-95.379416,29.769804]]},"properties":{"RR_COMPANY":"Union Pacific Railroad Company","RR_ABRVN":"UP","RR_STATUS":"Active"}},{"type":"Feature","geometry":{"type":"LineString","coordinates":[[-95.275179,29.730673],[-95.276292,29.73399]]},"properties":{"RR_COMPANY":"Union Pacific Railroad Company","RR_ABRVN":"UP","RR_STATUS":"Active"}},{"type":"Feature","geometry":{"type":"LineString","coordinates":[[-95.33648,29.725446],[-95.336229,29.725093]]},"properties":{"RR_COMPANY":"Union Pacific Railroad Company","RR_ABRVN":"UP","RR_STATUS":"Active"}},{"type":"Feature","geometry":{"type":"LineString","coordinates":[[-95.336229,29.725093],[-95.335921,29.724656]]},"properties":{"RR_COMPANY":"Union Pacific Railroad Company","RR_ABRVN":"UP","RR_STATUS":"Active"}},{"type":"Feature","geometry":{"type":"LineString","coordinates":[[-95.335921,29.724656],[-95.335613,29.72422]]},"properties":{"RR_COMPANY":"Union Pacific Railroad Company","RR_ABRVN":"UP","RR_STATUS":"Active"}},{"type":"Feature","geometry":{"type":"LineString","coordinates":[[-95.289535,29.773411],[-95.298811,29.759619]]},"properties":{"RR_COMPANY":"Union Pacific Railroad Company","RR_ABRVN":"UP","RR_STATUS":"Active"}},{"type":"Feature","geometry":{"type":"LineString","coordinates":[[-95.293592,29.759895],[-95.2937,29.759645],[-95.293761,29.759469],[-95.293807,29.759275],[-95.293838,29.759051]]},"properties":{"RR_COMPANY":"Union Pacific Railroad Company","RR_ABRVN":"UP","RR_STATUS":"Active"}},{"type":"Feature","geometry":{"type":"LineString","coordinates":[[-95.292364,29.768934],[-95.29378,29.759746],[-95.29382,29.759399],[-95.293838,29.759051]]},"properties":{"RR_COMPANY":"Union Pacific Railroad Company","RR_ABRVN":"UP","RR_STATUS":"Active"}},{"type":"Feature","geometry":{"type":"LineString","coordinates":[[-95.293838,29.759051],[-95.293839,29.758914]]},"properties":{"RR_COMPANY":"Union Pacific Railroad Company","RR_ABRVN":"UP","RR_STATUS":"Active"}},{"type":"Feature","geometry":{"type":"LineString","coordinates":[[-95.292571,29.768621],[-95.29383,29.760457],[-95.293869,29.760065],[-95.293884,29.759673],[-95.293873,29.759262],[-95.293839,29.758914]]},"properties":{"RR_COMPANY":"Union Pacific Railroad Company","RR_ABRVN":"UP","RR_STATUS":"Active"}},{"type":"Feature","geometry":{"type":"LineString","coordinates":[[-95.293839,29.758914],[-95.293839,29.758857]]},"properties":{"RR_COMPANY":"Union Pacific Railroad Company","RR_ABRVN":"UP","RR_STATUS":"Active"}},{"type":"Feature","geometry":{"type":"LineString","coordinates":[[-95.292785,29.768303],[-95.293943,29.760761],[-95.293976,29.760283],[-95.293978,29.760043],[-95.29397,29.7598],[-95.293952,29.759557],[-95.293923,29.759314],[-95.293881,29.759056],[-95.293839,29.758857]]},"properties":{"RR_COMPANY":"Union Pacific Railroad Company","RR_ABRVN":"UP","RR_STATUS":"Active"}},{"type":"Feature","geometry":{"type":"LineString","coordinates":[[-95.354596,29.760703],[-95.354766,29.760868],[-95.355001,29.761155],[-95.355098,29.761247],[-95.355199,29.761328],[-95.355322,29.761411],[-95.356587,29.762177]]},"properties":{"RR_COMPANY":"Union Pacific Railroad Company","RR_ABRVN":"UP","RR_STATUS":"Active"}},{"type":"Feature","geometry":{"type":"LineString","coordinates":[[-95.354596,29.760703],[-95.357664,29.762542]]},"properties":{"RR_COMPANY":"Union Pacific Railroad Company","RR_ABRVN":"UP","RR_STATUS":"Active"}},{"type":"Feature","geometry":{"type":"LineString","coordinates":[[-95.244462,29.895255],[-95.244721,29.895067],[-95.244983,29.894918],[-95.245123,29.89482],[-95.24748,29.892532],[-95.247559,29.892441],[-95.247627,29.892343],[-95.247682,29.892239],[-95.247743,29.892072]]},"properties":{"RR_COMPANY":"Union Pacific Railroad Company","RR_ABRVN":"UP","RR_STATUS":"Active"}},{"type":"Feature","geometry":{"type":"LineString","coordinates":[[-95.32081,29.85595],[-95.320703,29.856114],[-95.320575,29.85625],[-95.320417,29.856365],[-95.320239,29.856454],[-95.320041,29.856513],[-95.319838,29.85654],[-95.319632,29.856533],[-95.319432,29.856494]]},"properties":{"RR_COMPANY":"Union Pacific Railroad Company","RR_ABRVN":"UP","RR_STATUS":"Active"}},{"type":"Feature","geometry":{"type":"LineString","coordinates":[[-95.321325,29.854681],[-95.321186,29.854903],[-95.321041,29.85509],[-95.32087,29.85527],[-95.320679,29.855434],[-95.320467,29.855582],[-95.320242,29.855709],[-95.320004,29.855816],[-95.319754,29.855902]]},"properties":{"RR_COMPANY":"Union Pacific Railroad Company","RR_ABRVN":"UP","RR_STATUS":"Active"}},{"type":"Feature","geometry":{"type":"LineString","coordinates":[[-95.286328,29.854334],[-95.286677,29.853948],[-95.286972,29.85358],[-95.287246,29.853188],[-95.287496,29.852771],[-95.287712,29.852352],[-95.2879,29.851912],[-95.288053,29.851472],[-95.288176,29.851014],[-95.288237,29.85072],[-95.288286,29.850413],[-95.28832,29.850104],[-95.288339,29.849795],[-95.288376,29.845505]]},"properties":{"RR_COMPANY":"Union Pacific Railroad Company","RR_ABRVN":"UP","RR_STATUS":"Active"}},{"type":"Feature","geometry":{"type":"LineString","coordinates":[[-95.349268,29.819751],[-95.349529,29.819707],[-95.349764,29.819653],[-95.349991,29.819581],[-95.350218,29.819486],[-95.350426,29.819377],[-95.350621,29.819252],[-95.350802,29.819111],[-95.350972,29.818951],[-95.351119,29.818782],[-95.351247,29.818603],[-95.351356,29.818414],[-95.351446,29.81821],[-95.351511,29.818006],[-95.351539,29.817872]]},"properties":{"RR_COMPANY":null,"RR_ABRVN":null,"RR_STATUS":"Active"}},{"type":"Feature","geometry":{"type":"LineString","coordinates":[[-95.288419,29.840331],[-95.28846,29.840109],[-95.288555,29.839747],[-95.288576,29.839604],[-95.288587,29.839455],[-95.288657,29.830937]]},"properties":{"RR_COMPANY":"Union Pacific Railroad Company","RR_ABRVN":"UP","RR_STATUS":"Active"}},{"type":"Feature","geometry":{"type":"LineString","coordinates":[[-95.288657,29.830937],[-95.288661,29.830384]]},"properties":{"RR_COMPANY":"Union Pacific Railroad Company","RR_ABRVN":"UP","RR_STATUS":"Active"}},{"type":"Feature","geometry":{"type":"LineString","coordinates":[[-95.288657,29.830937],[-95.288741,29.830645],[-95.288846,29.830372]]},"properties":{"RR_COMPANY":"Union Pacific Railroad Company","RR_ABRVN":"UP","RR_STATUS":"Active"}},{"type":"Feature","geometry":{"type":"LineString","coordinates":[[-95.288497,29.830782],[-95.288467,29.830646],[-95.288382,29.830435],[-95.288348,29.830293],[-95.288341,29.830189],[-95.288345,29.829706]]},"properties":{"RR_COMPANY":"Union Pacific Railroad Company","RR_ABRVN":"UP","RR_STATUS":"Active"}},{"type":"Feature","geometry":{"type":"LineString","coordinates":[[-95.288846,29.830372],[-95.288917,29.830255],[-95.288985,29.830164],[-95.289067,29.830073],[-95.289159,29.829991],[-95.289259,29.829916],[-95.289368,29.829851],[-95.289483,29.829795],[-95.289607,29.829748],[-95.289793,29.829701],[-95.289989,29.829677],[-95.291008,29.82967]]},"properties":{"RR_COMPANY":"Union Pacific Railroad Company","RR_ABRVN":"UP","RR_STATUS":"Active"}},{"type":"Feature","geometry":{"type":"LineString","coordinates":[[-95.291697,29.829667],[-95.291008,29.82967]]},"properties":{"RR_COMPANY":"Union Pacific Railroad Company","RR_ABRVN":"UP","RR_STATUS":"Active"}},{"type":"Feature","geometry":{"type":"LineString","coordinates":[[-95.288661,29.830384],[-95.288688,29.830105],[-95.288721,29.829878],[-95.288766,29.829654],[-95.288834,29.829383]]},"properties":{"RR_COMPANY":"Union Pacific Railroad Company","RR_ABRVN":"UP","RR_STATUS":"Active"}},{"type":"Feature","geometry":{"type":"LineString","coordinates":[[-95.288834,29.829383],[-95.288994,29.828931]]},"properties":{"RR_COMPANY":"Union Pacific Railroad Company","RR_ABRVN":"UP","RR_STATUS":"Active"}},{"type":"Feature","geometry":{"type":"LineString","coordinates":[[-95.288345,29.829706],[-95.288353,29.828669]]},"properties":{"RR_COMPANY":"Union Pacific Railroad Company","RR_ABRVN":"UP","RR_STATUS":"Active"}},{"type":"Feature","geometry":{"type":"LineString","coordinates":[[-95.288994,29.828931],[-95.289101,29.828684],[-95.28913,29.828586],[-95.289149,29.828483]]},"properties":{"RR_COMPANY":"Union Pacific Railroad Company","RR_ABRVN":"UP","RR_STATUS":"Active"}},{"type":"Feature","geometry":{"type":"LineString","coordinates":[[-95.289809,29.828047],[-95.288846,29.830372]]},"properties":{"RR_COMPANY":"Union Pacific Railroad Company","RR_ABRVN":"UP","RR_STATUS":"Active"}},{"type":"Feature","geometry":{"type":"LineString","coordinates":[[-95.291008,29.82967],[-95.290839,29.829636],[-95.2907,29.829595],[-95.290562,29.829541],[-95.290432,29.829475],[-95.290309,29.829397],[-95.290192,29.829306],[-95.290088,29.829204],[-95.289996,29.829093],[-95.28992,29.828979],[-95.289856,29.828854],[-95.289808,29.828724],[-95.289776,29.82859],[-95.28976,29.828459],[-95.28976,29.828322],[-95.289775,29.828195],[-95.289809,29.828047]]},"properties":{"RR_COMPANY":"Union Pacific Railroad Company","RR_ABRVN":"UP","RR_STATUS":"Active"}},{"type":"Feature","geometry":{"type":"LineString","coordinates":[[-95.288353,29.828669],[-95.288361,29.827789],[-95.288432,29.810746]]},"properties":{"RR_COMPANY":"Union Pacific Railroad Company","RR_ABRVN":"UP","RR_STATUS":"Active"}},{"type":"Feature","geometry":{"type":"LineString","coordinates":[[-95.28819,29.827566],[-95.288353,29.828669]]},"properties":{"RR_COMPANY":"Union Pacific Railroad Company","RR_ABRVN":"UP","RR_STATUS":"Active"}},{"type":"Feature","geometry":{"type":"LineString","coordinates":[[-95.289149,29.828483],[-95.289316,29.827258]]},"properties":{"RR_COMPANY":"Union Pacific Railroad Company","RR_ABRVN":"UP","RR_STATUS":"Active"}},{"type":"Feature","geometry":{"type":"LineString","coordinates":[[-95.289316,29.827258],[-95.289478,29.826061]]},"properties":{"RR_COMPANY":"Union Pacific Railroad Company","RR_ABRVN":"UP","RR_STATUS":"Active"}},{"type":"Feature","geometry":{"type":"LineString","coordinates":[[-95.303446,29.812894],[-95.303015,29.811891]]},"properties":{"RR_COMPANY":"Union Pacific Railroad Company","RR_ABRVN":"UP","RR_STATUS":"Active"}},{"type":"Feature","geometry":{"type":"LineString","coordinates":[[-95.268692,29.772359],[-95.268884,29.772301],[-95.269078,29.772271],[-95.270272,29.772233]]},"properties":{"RR_COMPANY":"Union Pacific Railroad Company","RR_ABRVN":"UP","RR_STATUS":"Active"}},{"type":"Feature","geometry":{"type":"LineString","coordinates":[[-95.268692,29.772359],[-95.26941,29.771776]]},"properties":{"RR_COMPANY":"Union Pacific Railroad Company","RR_ABRVN":"UP","RR_STATUS":"Active"}},{"type":"Feature","geometry":{"type":"LineString","coordinates":[[-95.345029,29.775098],[-95.346753,29.774362]]},"properties":{"RR_COMPANY":"Union Pacific Railroad Company","RR_ABRVN":"UP","RR_STATUS":"Active"}},{"type":"Feature","geometry":{"type":"LineString","coordinates":[[-95.26941,29.771776],[-95.269529,29.771686],[-95.269653,29.771617],[-95.269794,29.771563],[-95.269937,29.77153],[-95.270114,29.771515],[-95.270936,29.771528]]},"properties":{"RR_COMPANY":"Union Pacific Railroad Company","RR_ABRVN":"UP","RR_STATUS":"Active"}},{"type":"Feature","geometry":{"type":"LineString","coordinates":[[-95.348285,29.773686],[-95.353144,29.771632],[-95.353367,29.771547],[-95.353592,29.771473],[-95.353839,29.771403],[-95.354043,29.771352]]},"properties":{"RR_COMPANY":"Union Pacific Railroad Company","RR_ABRVN":"UP","RR_STATUS":"Active"}},{"type":"Feature","geometry":{"type":"LineString","coordinates":[[-95.268442,29.768305],[-95.271919,29.768258]]},"properties":{"RR_COMPANY":"Union Pacific Railroad Company","RR_ABRVN":"UP","RR_STATUS":"Active"}},{"type":"Feature","geometry":{"type":"LineString","coordinates":[[-95.272851,29.770053],[-95.272873,29.769169],[-95.272844,29.768991],[-95.272775,29.768819],[-95.272712,29.768714],[-95.272631,29.768614],[-95.272537,29.768524],[-95.272431,29.768445],[-95.272317,29.76838],[-95.272192,29.768326],[-95.272071,29.768289],[-95.271919,29.768258]]},"properties":{"RR_COMPANY":"Union Pacific Railroad Company","RR_ABRVN":"UP","RR_STATUS":"Active"}},{"type":"Feature","geometry":{"type":"LineString","coordinates":[[-95.357754,29.771587],[-95.358115,29.771464],[-95.358282,29.771416]]},"properties":{"RR_COMPANY":"Union Pacific Railroad Company","RR_ABRVN":"UP","RR_STATUS":"Active"}},{"type":"Feature","geometry":{"type":"LineString","coordinates":[[-95.271919,29.768258],[-95.273339,29.768239]]},"properties":{"RR_COMPANY":"Union Pacific Railroad Company","RR_ABRVN":"UP","RR_STATUS":"Active"}},{"type":"Feature","geometry":{"type":"LineString","coordinates":[[-95.274647,29.770693],[-95.274578,29.769289],[-95.274538,29.769096],[-95.27446,29.768908],[-95.274375,29.768773],[-95.27427,29.768649],[-95.274147,29.768538],[-95.274008,29.768442],[-95.273856,29.768364],[-95.273693,29.768304],[-95.27353,29.768264],[-95.273339,29.768239]]},"properties":{"RR_COMPANY":"Union Pacific Railroad Company","RR_ABRVN":"UP","RR_STATUS":"Active"}},{"type":"Feature","geometry":{"type":"LineString","coordinates":[[-95.292016,29.76945],[-95.292104,29.769198],[-95.292163,29.768941]]},"properties":{"RR_COMPANY":"Union Pacific Railroad Company","RR_ABRVN":"UP","RR_STATUS":"Active"}},{"type":"Feature","geometry":{"type":"LineString","coordinates":[[-95.292016,29.76945],[-95.292364,29.768934]]},"properties":{"RR_COMPANY":"Union Pacific Railroad Company","RR_ABRVN":"UP","RR_STATUS":"Active"}},{"type":"Feature","geometry":{"type":"LineString","coordinates":[[-95.358858,29.771346],[-95.358564,29.771365],[-95.358282,29.771416]]},"properties":{"RR_COMPANY":"Union Pacific Railroad Company","RR_ABRVN":"UP","RR_STATUS":"Active"}},{"type":"Feature","geometry":{"type":"LineString","coordinates":[[-95.359484,29.77142],[-95.359165,29.771363],[-95.358858,29.771346]]},"properties":{"RR_COMPANY":"Union Pacific Railroad Company","RR_ABRVN":"UP","RR_STATUS":"Active"}},{"type":"Feature","geometry":{"type":"LineString","coordinates":[[-95.284764,29.768695],[-95.287903,29.768633],[-95.288132,29.768643],[-95.288293,29.768666],[-95.288445,29.768701],[-95.288593,29.768747],[-95.288735,29.768806],[-95.28887,29.768875],[-95.288998,29.768956],[-95.289116,29.769046],[-95.289228,29.769148]]},"properties":{"RR_COMPANY":"Union Pacific Railroad Company","RR_ABRVN":"UP","RR_STATUS":"Active"}},{"type":"Feature","geometry":{"type":"LineString","coordinates":[[-95.310094,29.78882],[-95.311072,29.78825]]},"properties":{"RR_COMPANY":"Union Pacific Railroad Company","RR_ABRVN":"UP","RR_STATUS":"Active"}},{"type":"Feature","geometry":{"type":"LineString","coordinates":[[-95.311072,29.78825],[-95.311267,29.788136],[-95.311405,29.788043]]},"properties":{"RR_COMPANY":"Union Pacific Railroad Company","RR_ABRVN":"UP","RR_STATUS":"Active"}},{"type":"Feature","geometry":{"type":"LineString","coordinates":[[-95.273339,29.768239],[-95.277026,29.76819]]},"properties":{"RR_COMPANY":"Union Pacific Railroad Company","RR_ABRVN":"UP","RR_STATUS":"Active"}},{"type":"Feature","geometry":{"type":"LineString","coordinates":[[-95.384659,29.772153],[-95.384783,29.772178],[-95.384889,29.772212],[-95.384995,29.772261],[-95.385086,29.77232],[-95.385169,29.772391],[-95.385239,29.772472],[-95.385295,29.772561],[-95.385335,29.772654],[-95.385359,29.772742],[-95.385369,29.77283],[-95.38541,29.77433]]},"properties":{"RR_COMPANY":"Union Pacific Railroad Company","RR_ABRVN":"UP","RR_STATUS":"Active"}},{"type":"Feature","geometry":{"type":"LineString","coordinates":[[-95.27928,29.771421],[-95.27927,29.768949],[-95.279257,29.768851],[-95.27923,29.76875],[-95.279191,29.768657],[-95.279135,29.768565],[-95.279022,29.768434],[-95.278876,29.768322],[-95.278707,29.768239],[-95.278522,29.768188],[-95.278338,29.768172],[-95.277026,29.76819]]},"properties":{"RR_COMPANY":"Union Pacific Railroad Company","RR_ABRVN":"UP","RR_STATUS":"Active"}},{"type":"Feature","geometry":{"type":"LineString","coordinates":[[-95.311597,29.814562],[-95.311264,29.814531],[-95.310956,29.814533],[-95.310759,29.814551],[-95.309947,29.814658],[-95.309669,29.814673],[-95.309478,29.814666],[-95.309288,29.814644],[-95.309107,29.81461],[-95.308924,29.814561],[-95.304166,29.812858],[-95.304031,29.812803],[-95.303806,29.81268],[-95.3037,29.812606],[-95.303601,29.812524],[-95.303498,29.812423],[-95.303015,29.811891]]},"properties":{"RR_COMPANY":"Union Pacific Railroad Company","RR_ABRVN":"UP","RR_STATUS":"Active"}},{"type":"Feature","geometry":{"type":"LineString","coordinates":[[-95.288915,29.810849],[-95.288834,29.829383]]},"properties":{"RR_COMPANY":"Union Pacific Railroad Company","RR_ABRVN":"UP","RR_STATUS":"Active"}},{"type":"Feature","geometry":{"type":"LineString","coordinates":[[-95.28907,29.811475],[-95.28907,29.811449],[-95.289005,29.811178],[-95.288915,29.810849]]},"properties":{"RR_COMPANY":"Union Pacific Railroad Company","RR_ABRVN":"UP","RR_STATUS":"Active"}},{"type":"Feature","geometry":{"type":"LineString","coordinates":[[-95.303015,29.811891],[-95.302849,29.811712],[-95.302692,29.811568],[-95.302521,29.811437],[-95.302318,29.811305]]},"properties":{"RR_COMPANY":"Union Pacific Railroad Company","RR_ABRVN":"UP","RR_STATUS":"Active"}},{"type":"Feature","geometry":{"type":"LineString","coordinates":[[-95.288915,29.810849],[-95.288866,29.810678],[-95.288822,29.810495],[-95.288791,29.810315],[-95.288761,29.810066]]},"properties":{"RR_COMPANY":"Union Pacific Railroad Company","RR_ABRVN":"UP","RR_STATUS":"Active"}},{"type":"Feature","geometry":{"type":"LineString","coordinates":[[-95.268012,29.80797],[-95.267601,29.808254],[-95.267162,29.80852]]},"properties":{"RR_COMPANY":"Union Pacific Railroad Company","RR_ABRVN":"UP","RR_STATUS":"Active"}},{"type":"Feature","geometry":{"type":"LineString","coordinates":[[-95.288765,29.80926],[-95.288768,29.808605]]},"properties":{"RR_COMPANY":"Union Pacific Railroad Company","RR_ABRVN":"UP","RR_STATUS":"Active"}},{"type":"Feature","geometry":{"type":"LineString","coordinates":[[-95.268454,29.807678],[-95.268202,29.807835],[-95.268012,29.80797]]},"properties":{"RR_COMPANY":"Union Pacific Railroad Company","RR_ABRVN":"UP","RR_STATUS":"Active"}},{"type":"Feature","geometry":{"type":"LineString","coordinates":[[-95.268454,29.807678],[-95.26926,29.807014],[-95.269402,29.806909],[-95.269547,29.806815]]},"properties":{"RR_COMPANY":"Union Pacific Railroad Company","RR_ABRVN":"UP","RR_STATUS":"Active"}},{"type":"Feature","geometry":{"type":"LineString","coordinates":[[-95.288765,29.80926],[-95.28882,29.809037],[-95.288895,29.808833],[-95.288994,29.808638],[-95.28912,29.808447],[-95.289264,29.808274],[-95.289434,29.80811],[-95.289623,29.807963],[-95.289829,29.807835],[-95.290042,29.80773],[-95.290275,29.807642],[-95.290517,29.807577],[-95.290765,29.807535],[-95.291009,29.807517],[-95.291262,29.807521],[-95.291497,29.807547],[-95.291761,29.807599]]},"properties":{"RR_COMPANY":"Union Pacific Railroad Company","RR_ABRVN":"UP","RR_STATUS":"Active"}},{"type":"Feature","geometry":{"type":"LineString","coordinates":[[-95.290433,29.797163],[-95.290615,29.797071],[-95.290784,29.797003],[-95.290961,29.796952],[-95.291155,29.796917]]},"properties":{"RR_COMPANY":"Union Pacific Railroad Company","RR_ABRVN":"UP","RR_STATUS":"Active"}},{"type":"Feature","geometry":{"type":"LineString","coordinates":[[-95.291521,29.796912],[-95.291779,29.796956]]},"properties":{"RR_COMPANY":"Union Pacific Railroad Company","RR_ABRVN":"UP","RR_STATUS":"Active"}},{"type":"Feature","geometry":{"type":"LineString","coordinates":[[-95.291155,29.796917],[-95.291336,29.796907],[-95.291521,29.796912]]},"properties":{"RR_COMPANY":"Union Pacific Railroad Company","RR_ABRVN":"UP","RR_STATUS":"Active"}},{"type":"Feature","geometry":{"type":"LineString","coordinates":[[-95.290821,29.796751],[-95.290745,29.796864],[-95.290649,29.79698]]},"properties":{"RR_COMPANY":"Union Pacific Railroad Company","RR_ABRVN":"UP","RR_STATUS":"Active"}},{"type":"Feature","geometry":{"type":"LineString","coordinates":[[-95.29645,29.798061],[-95.299116,29.796916]]},"properties":{"RR_COMPANY":"Union Pacific Railroad Company","RR_ABRVN":"UP","RR_STATUS":"Active"}},{"type":"Feature","geometry":{"type":"LineString","coordinates":[[-95.299116,29.796916],[-95.298904,29.797075],[-95.298737,29.797243],[-95.298599,29.797435],[-95.298495,29.797644],[-95.298434,29.797842],[-95.298119,29.799287],[-95.298069,29.799563],[-95.298028,29.799918],[-95.298013,29.800268],[-95.298047,29.803917]]},"properties":{"RR_COMPANY":"Union Pacific Railroad Company","RR_ABRVN":"UP","RR_STATUS":"Active"}},{"type":"Feature","geometry":{"type":"LineString","coordinates":[[-95.290974,29.79638],[-95.305798,29.790044],[-95.306008,29.78997],[-95.30691,29.789717]]},"properties":{"RR_COMPANY":"Union Pacific Railroad Company","RR_ABRVN":"UP","RR_STATUS":"Active"}},{"type":"Feature","geometry":{"type":"LineString","coordinates":[[-95.30691,29.789717],[-95.307952,29.78943]]},"properties":{"RR_COMPANY":"Union Pacific Railroad Company","RR_ABRVN":"UP","RR_STATUS":"Active"}},{"type":"Feature","geometry":{"type":"LineString","coordinates":[[-95.291,29.796216],[-95.290974,29.79638]]},"properties":{"RR_COMPANY":"Union Pacific Railroad Company","RR_ABRVN":"UP","RR_STATUS":"Active"}},{"type":"Feature","geometry":{"type":"LineString","coordinates":[[-95.291002,29.796061],[-95.291,29.796216]]},"properties":{"RR_COMPANY":"Union Pacific Railroad Company","RR_ABRVN":"UP","RR_STATUS":"Active"}},{"type":"Feature","geometry":{"type":"LineString","coordinates":[[-95.299116,29.796916],[-95.300923,29.796142]]},"properties":{"RR_COMPANY":"Union Pacific Railroad Company","RR_ABRVN":"UP","RR_STATUS":"Active"}},{"type":"Feature","geometry":{"type":"LineString","coordinates":[[-95.300331,29.803308],[-95.300389,29.796982],[-95.300406,29.796864],[-95.300439,29.796744],[-95.300487,29.796627],[-95.300548,29.796516],[-95.30062,29.796416],[-95.300707,29.796318],[-95.300797,29.796237],[-95.300923,29.796142]]},"properties":{"RR_COMPANY":"Union Pacific Railroad Company","RR_ABRVN":"UP","RR_STATUS":"Active"}},{"type":"Feature","geometry":{"type":"LineString","coordinates":[[-95.290118,29.795642],[-95.290056,29.796052],[-95.289971,29.796391],[-95.289911,29.796567],[-95.289841,29.796741],[-95.289762,29.796911],[-95.289673,29.797077],[-95.289572,29.797246],[-95.289465,29.797404],[-95.289224,29.797705],[-95.289087,29.797852],[-95.288946,29.797989],[-95.288642,29.798243]]},"properties":{"RR_COMPANY":"Union Pacific Railroad Company","RR_ABRVN":"UP","RR_STATUS":"Active"}},{"type":"Feature","geometry":{"type":"LineString","coordinates":[[-95.291171,29.795379],[-95.291082,29.795568]]},"properties":{"RR_COMPANY":"Union Pacific Railroad Company","RR_ABRVN":"UP","RR_STATUS":"Active"}},{"type":"Feature","geometry":{"type":"LineString","coordinates":[[-95.290197,29.79533],[-95.290147,29.795487],[-95.290118,29.795642]]},"properties":{"RR_COMPANY":"Union Pacific Railroad Company","RR_ABRVN":"UP","RR_STATUS":"Active"}},{"type":"Feature","geometry":{"type":"LineString","coordinates":[[-95.289475,29.826061],[-95.289647,29.824787]]},"properties":{"RR_COMPANY":"Union Pacific Railroad Company","RR_ABRVN":"UP","RR_STATUS":"Active"}},{"type":"Feature","geometry":{"type":"LineString","coordinates":[[-95.28998,29.819678],[-95.289963,29.823733]]},"properties":{"RR_COMPANY":"Union Pacific Railroad Company","RR_ABRVN":"UP","RR_STATUS":"Active"}},{"type":"Feature","geometry":{"type":"LineString","coordinates":[[-95.289963,29.823733],[-95.290019,29.823556],[-95.290068,29.82335],[-95.2901,29.823153],[-95.290119,29.822948],[-95.290133,29.820761],[-95.290126,29.820554],[-95.290105,29.820348],[-95.28998,29.819678]]},"properties":{"RR_COMPANY":"Union Pacific Railroad Company","RR_ABRVN":"UP","RR_STATUS":"Active"}},{"type":"Feature","geometry":{"type":"LineString","coordinates":[[-95.289803,29.824154],[-95.289826,29.818865]]},"properties":{"RR_COMPANY":"Union Pacific Railroad Company","RR_ABRVN":"UP","RR_STATUS":"Active"}},{"type":"Feature","geometry":{"type":"LineString","coordinates":[[-95.328414,29.819861],[-95.3279,29.819811],[-95.327376,29.819744],[-95.326868,29.819663],[-95.32635,29.819565],[-95.325849,29.819454],[-95.325352,29.819328],[-95.324883,29.819195],[-95.324328,29.81902]]},"properties":{"RR_COMPANY":"Union Pacific Railroad Company","RR_ABRVN":"UP","RR_STATUS":"Active"}},{"type":"Feature","geometry":{"type":"LineString","coordinates":[[-95.289647,29.824787],[-95.289672,29.817732]]},"properties":{"RR_COMPANY":"Union Pacific Railroad Company","RR_ABRVN":"UP","RR_STATUS":"Active"}},{"type":"Feature","geometry":{"type":"LineString","coordinates":[[-95.350153,29.819743],[-95.350397,29.81981],[-95.350605,29.81988],[-95.350823,29.819966],[-95.351026,29.820061],[-95.35123,29.820172],[-95.351417,29.820289],[-95.351602,29.820422],[-95.351771,29.820559],[-95.351935,29.820711],[-95.352082,29.820866],[-95.352222,29.821036],[-95.352345,29.821206],[-95.352455,29.821383],[-95.352552,29.821566],[-95.352633,29.821747],[-95.352715,29.821966]]},"properties":{"RR_COMPANY":"BNSF Railway Company","RR_ABRVN":"BNSF","RR_STATUS":"Active"}},{"type":"Feature","geometry":{"type":"LineString","coordinates":[[-95.351713,29.81792],[-95.351787,29.818111],[-95.351861,29.818268],[-95.35195,29.818426],[-95.352053,29.818578],[-95.352171,29.818729],[-95.352297,29.818866],[-95.352434,29.818996],[-95.352582,29.819116],[-95.352744,29.819232],[-95.35291,29.819333],[-95.353083,29.819423],[-95.353263,29.819503],[-95.35345,29.819571],[-95.353641,29.819627],[-95.353829,29.819671],[-95.354049,29.819708]]},"properties":{"RR_COMPANY":"BNSF Railway Company","RR_ABRVN":"BNSF","RR_STATUS":"Active"}},{"type":"Feature","geometry":{"type":"LineString","coordinates":[[-95.310837,29.815215],[-95.310572,29.815363],[-95.310351,29.815499],[-95.31013,29.815651],[-95.30972,29.81597],[-95.309602,29.816083],[-95.309508,29.816213],[-95.309442,29.816355],[-95.309407,29.816499]]},"properties":{"RR_COMPANY":"Union Pacific Railroad Company","RR_ABRVN":"UP","RR_STATUS":"Active"}},{"type":"Feature","geometry":{"type":"LineString","coordinates":[[-95.377346,29.819489],[-95.377168,29.819427],[-95.377014,29.819343],[-95.376882,29.819236],[-95.376774,29.819109],[-95.376712,29.819002],[-95.376668,29.818888],[-95.376539,29.818317]]},"properties":{"RR_COMPANY":"BNSF Railway Company","RR_ABRVN":"BNSF","RR_STATUS":"Active"}},{"type":"Feature","geometry":{"type":"LineString","coordinates":[[-95.291,29.796216],[-95.303669,29.790801],[-95.303891,29.790685],[-95.304527,29.790288]]},"properties":{"RR_COMPANY":"Union Pacific Railroad Company","RR_ABRVN":"UP","RR_STATUS":"Active"}},{"type":"Feature","geometry":{"type":"LineString","coordinates":[[-95.304527,29.790288],[-95.30533,29.789785]]},"properties":{"RR_COMPANY":"Union Pacific Railroad Company","RR_ABRVN":"UP","RR_STATUS":"Active"}},{"type":"Feature","geometry":{"type":"LineString","coordinates":[[-95.288642,29.798267],[-95.290364,29.797213],[-95.290433,29.797163]]},"properties":{"RR_COMPANY":"Union Pacific Railroad Company","RR_ABRVN":"UP","RR_STATUS":"Active"}},{"type":"Feature","geometry":{"type":"LineString","coordinates":[[-95.290433,29.797163],[-95.290508,29.797109],[-95.290649,29.79698]]},"properties":{"RR_COMPANY":"Union Pacific Railroad Company","RR_ABRVN":"UP","RR_STATUS":"Active"}},{"type":"Feature","geometry":{"type":"LineString","coordinates":[[-95.290974,29.79638],[-95.290917,29.796556]]},"properties":{"RR_COMPANY":"Union Pacific Railroad Company","RR_ABRVN":"UP","RR_STATUS":"Active"}},{"type":"Feature","geometry":{"type":"LineString","coordinates":[[-95.289478,29.826061],[-95.28953,29.814811]]},"properties":{"RR_COMPANY":"Union Pacific Railroad Company","RR_ABRVN":"UP","RR_STATUS":"Active"}},{"type":"Feature","geometry":{"type":"LineString","coordinates":[[-95.377116,29.819488],[-95.376972,29.819457],[-95.376854,29.819419],[-95.376742,29.819368],[-95.376633,29.819303],[-95.376539,29.819229],[-95.376453,29.819142],[-95.37638,29.819045],[-95.376323,29.818942],[-95.376273,29.818803],[-95.376249,29.818656],[-95.376239,29.817598]]},"properties":{"RR_COMPANY":"BNSF Railway Company","RR_ABRVN":"BNSF","RR_STATUS":"Active"}},{"type":"Feature","geometry":{"type":"LineString","coordinates":[[-95.310837,29.815215],[-95.31292,29.815166],[-95.313225,29.815187],[-95.31354,29.815244]]},"properties":{"RR_COMPANY":"Union Pacific Railroad Company","RR_ABRVN":"UP","RR_STATUS":"Active"}},{"type":"Feature","geometry":{"type":"LineString","coordinates":[[-95.289316,29.827258],[-95.289379,29.813638]]},"properties":{"RR_COMPANY":"Union Pacific Railroad Company","RR_ABRVN":"UP","RR_STATUS":"Active"}},{"type":"Feature","geometry":{"type":"LineString","coordinates":[[-95.287902,29.814509],[-95.287975,29.813928],[-95.288085,29.813189]]},"properties":{"RR_COMPANY":"Union Pacific Railroad Company","RR_ABRVN":"UP","RR_STATUS":"Active"}},{"type":"Feature","geometry":{"type":"LineString","coordinates":[[-95.288085,29.813189],[-95.288025,29.82645]]},"properties":{"RR_COMPANY":"Union Pacific Railroad Company","RR_ABRVN":"UP","RR_STATUS":"Active"}},{"type":"Feature","geometry":{"type":"LineString","coordinates":[[-95.328414,29.819861],[-95.328016,29.819779],[-95.327696,29.819702],[-95.327362,29.819608],[-95.327038,29.819505],[-95.313491,29.814766],[-95.31324,29.814698],[-95.309929,29.813971]]},"properties":{"RR_COMPANY":"Union Pacific Railroad Company","RR_ABRVN":"UP","RR_STATUS":"Active"}},{"type":"Feature","geometry":{"type":"LineString","coordinates":[[-95.289149,29.828483],[-95.289225,29.812442]]},"properties":{"RR_COMPANY":"Union Pacific Railroad Company","RR_ABRVN":"UP","RR_STATUS":"Active"}},{"type":"Feature","geometry":{"type":"LineString","coordinates":[[-95.289379,29.813638],[-95.289225,29.812442]]},"properties":{"RR_COMPANY":"Union Pacific Railroad Company","RR_ABRVN":"UP","RR_STATUS":"Active"}},{"type":"Feature","geometry":{"type":"LineString","coordinates":[[-95.307927,29.815538],[-95.304488,29.814404],[-95.304346,29.814348],[-95.304207,29.814276],[-95.304065,29.814179],[-95.303934,29.814063],[-95.303822,29.813933],[-95.30373,29.813791],[-95.303682,29.813692],[-95.303643,29.813588],[-95.303446,29.812894]]},"properties":{"RR_COMPANY":"Union Pacific Railroad Company","RR_ABRVN":"UP","RR_STATUS":"Active"}},{"type":"Feature","geometry":{"type":"LineString","coordinates":[[-95.303446,29.812894],[-95.304006,29.813421],[-95.304173,29.813538],[-95.304358,29.813632],[-95.308837,29.815201],[-95.309007,29.81524],[-95.309182,29.815254],[-95.310837,29.815215]]},"properties":{"RR_COMPANY":"Union Pacific Railroad Company","RR_ABRVN":"UP","RR_STATUS":"Active"}},{"type":"Feature","geometry":{"type":"LineString","coordinates":[[-95.288256,29.812051],[-95.28819,29.827566]]},"properties":{"RR_COMPANY":"Union Pacific Railroad Company","RR_ABRVN":"UP","RR_STATUS":"Active"}},{"type":"Feature","geometry":{"type":"LineString","coordinates":[[-95.28907,29.811475],[-95.288994,29.828931]]},"properties":{"RR_COMPANY":"Union Pacific Railroad Company","RR_ABRVN":"UP","RR_STATUS":"Active"}},{"type":"Feature","geometry":{"type":"LineString","coordinates":[[-95.289225,29.812442],[-95.289149,29.811887],[-95.28907,29.811475]]},"properties":{"RR_COMPANY":"Union Pacific Railroad Company","RR_ABRVN":"UP","RR_STATUS":"Active"}},{"type":"Feature","geometry":{"type":"LineString","coordinates":[[-95.288376,29.845505],[-95.288398,29.845713],[-95.28843,29.845895],[-95.288477,29.846075],[-95.288537,29.846252],[-95.288617,29.846436],[-95.288706,29.846603],[-95.288808,29.846764],[-95.288923,29.846919],[-95.289058,29.847076],[-95.289197,29.847215],[-95.289356,29.847354],[-95.289516,29.847475],[-95.289697,29.847592],[-95.289875,29.847692],[-95.290061,29.84778],[-95.290253,29.847857],[-95.290464,29.847926],[-95.290667,29.847978],[-95.290873,29.848018],[-95.291082,29.848046],[-95.291293,29.84806],[-95.291519,29.848062],[-95.29173,29.84805],[-95.291939,29.848026],[-95.292147,29.847989],[-95.29235,29.84794],[-95.29255,29.847878],[-95.292756,29.8478],[-95.292944,29.847714],[-95.293135,29.84761],[-95.293307,29.847502],[-95.293481,29.847377]]},"properties":{"RR_COMPANY":"Union Pacific Railroad Company","RR_ABRVN":"UP","RR_STATUS":"Active"}},{"type":"Feature","geometry":{"type":"LineString","coordinates":[[-95.329365,29.706471],[-95.329742,29.707106]]},"properties":{"RR_COMPANY":"Union Pacific Railroad Company","RR_ABRVN":"UP","RR_STATUS":"Active"}},{"type":"Feature","geometry":{"type":"LineString","coordinates":[[-95.260398,29.770884],[-95.260504,29.772944]]},"properties":{"RR_COMPANY":"Union Pacific Railroad Company","RR_ABRVN":"UP","RR_STATUS":"Active"}},{"type":"Feature","geometry":{"type":"LineString","coordinates":[[-95.263111,29.772046],[-95.261405,29.771752],[-95.261253,29.771715],[-95.261108,29.771662],[-95.260981,29.771599],[-95.260862,29.771525],[-95.260753,29.77144],[-95.260656,29.771345],[-95.260571,29.771241],[-95.2605,29.77113],[-95.260447,29.771019],[-95.260398,29.770884]]},"properties":{"RR_COMPANY":"Union Pacific Railroad Company","RR_ABRVN":"UP","RR_STATUS":"Active"}},{"type":"Feature","geometry":{"type":"LineString","coordinates":[[-95.278402,29.745941],[-95.279017,29.74651]]},"properties":{"RR_COMPANY":"Union Pacific Railroad Company","RR_ABRVN":"UP","RR_STATUS":"Active"}},{"type":"Feature","geometry":{"type":"LineString","coordinates":[[-95.277388,29.745002],[-95.278402,29.745941]]},"properties":{"RR_COMPANY":"Union Pacific Railroad Company","RR_ABRVN":"UP","RR_STATUS":"Active"}},{"type":"Feature","geometry":{"type":"LineString","coordinates":[[-95.276782,29.744441],[-95.277388,29.745002]]},"properties":{"RR_COMPANY":"Union Pacific Railroad Company","RR_ABRVN":"UP","RR_STATUS":"Active"}},{"type":"Feature","geometry":{"type":"LineString","coordinates":[[-95.275679,29.743419],[-95.276243,29.743941]]},"properties":{"RR_COMPANY":"Union Pacific Railroad Company","RR_ABRVN":"UP","RR_STATUS":"Active"}},{"type":"Feature","geometry":{"type":"LineString","coordinates":[[-95.347081,29.774222],[-95.348182,29.773752],[-95.348285,29.773686]]},"properties":{"RR_COMPANY":"Union Pacific Railroad Company","RR_ABRVN":"UP","RR_STATUS":"Active"}},{"type":"Feature","geometry":{"type":"LineString","coordinates":[[-95.349202,29.77363],[-95.348891,29.773764]]},"properties":{"RR_COMPANY":"Union Pacific Railroad Company","RR_ABRVN":"UP","RR_STATUS":"Active"}},{"type":"Feature","geometry":{"type":"LineString","coordinates":[[-95.268323,29.772591],[-95.26918,29.771379],[-95.269268,29.771243],[-95.269355,29.771082],[-95.269428,29.770915],[-95.269483,29.770754],[-95.269533,29.770559]]},"properties":{"RR_COMPANY":"Union Pacific Railroad Company","RR_ABRVN":"UP","RR_STATUS":"Active"}},{"type":"Feature","geometry":{"type":"LineString","coordinates":[[-95.26941,29.771776],[-95.269492,29.771664],[-95.269547,29.771564],[-95.269586,29.771453],[-95.269607,29.771338],[-95.269608,29.771195],[-95.269533,29.770559]]},"properties":{"RR_COMPANY":"Union Pacific Railroad Company","RR_ABRVN":"UP","RR_STATUS":"Active"}},{"type":"Feature","geometry":{"type":"LineString","coordinates":[[-95.350253,29.77318],[-95.349202,29.77363]]},"properties":{"RR_COMPANY":"Union Pacific Railroad Company","RR_ABRVN":"UP","RR_STATUS":"Active"}},{"type":"Feature","geometry":{"type":"LineString","coordinates":[[-95.350253,29.77318],[-95.350475,29.773122],[-95.350779,29.773079]]},"properties":{"RR_COMPANY":"Union Pacific Railroad Company","RR_ABRVN":"UP","RR_STATUS":"Active"}},{"type":"Feature","geometry":{"type":"LineString","coordinates":[[-95.289359,29.771703],[-95.289312,29.771529],[-95.289246,29.771378],[-95.289155,29.771234],[-95.289038,29.771101],[-95.288902,29.770986],[-95.288746,29.770888],[-95.288575,29.77081],[-95.288393,29.770756],[-95.288227,29.770728],[-95.288058,29.770719],[-95.285235,29.770761]]},"properties":{"RR_COMPANY":"Union Pacific Railroad Company","RR_ABRVN":"UP","RR_STATUS":"Active"}},{"type":"Feature","geometry":{"type":"LineString","coordinates":[[-95.350779,29.773079],[-95.351316,29.773005]]},"properties":{"RR_COMPANY":"Union Pacific Railroad Company","RR_ABRVN":"UP","RR_STATUS":"Active"}},{"type":"Feature","geometry":{"type":"LineString","coordinates":[[-95.357805,29.773039],[-95.357667,29.773123],[-95.357555,29.773218],[-95.357464,29.773329],[-95.357397,29.773452],[-95.357354,29.773588],[-95.35734,29.773723],[-95.357353,29.773859],[-95.357393,29.77399]]},"properties":{"RR_COMPANY":"Union Pacific Railroad Company","RR_ABRVN":"UP","RR_STATUS":"Active"}},{"type":"Feature","geometry":{"type":"LineString","coordinates":[[-95.260134,29.769122],[-95.260211,29.769285],[-95.260261,29.769412],[-95.260302,29.769554],[-95.260329,29.769694],[-95.260345,29.769839],[-95.260398,29.770884]]},"properties":{"RR_COMPANY":"Union Pacific Railroad Company","RR_ABRVN":"UP","RR_STATUS":"Active"}},{"type":"Feature","geometry":{"type":"LineString","coordinates":[[-95.43091,29.783948],[-95.432332,29.783982]]},"properties":{"RR_COMPANY":"Union Pacific Railroad Company","RR_ABRVN":"UP","RR_STATUS":"Active"}},{"type":"Feature","geometry":{"type":"LineString","coordinates":[[-95.439919,29.787784],[-95.435263,29.784392],[-95.435098,29.784287],[-95.434953,29.784214],[-95.434801,29.784155],[-95.434636,29.784107],[-95.434473,29.784076],[-95.4343,29.784058],[-95.433178,29.784005]]},"properties":{"RR_COMPANY":"Union Pacific Railroad Company","RR_ABRVN":"UP","RR_STATUS":"Active"}},{"type":"Feature","geometry":{"type":"LineString","coordinates":[[-95.433109,29.784001],[-95.433178,29.784005]]},"properties":{"RR_COMPANY":"Union Pacific Railroad Company","RR_ABRVN":"UP","RR_STATUS":"Active"}},{"type":"Feature","geometry":{"type":"LineString","coordinates":[[-95.432332,29.783982],[-95.433109,29.784001]]},"properties":{"RR_COMPANY":"Union Pacific Railroad Company","RR_ABRVN":"UP","RR_STATUS":"Active"}},{"type":"Feature","geometry":{"type":"LineString","coordinates":[[-95.415895,29.78347],[-95.415249,29.783336]]},"properties":{"RR_COMPANY":"Union Pacific Railroad Company","RR_ABRVN":"UP","RR_STATUS":"Active"}},{"type":"Feature","geometry":{"type":"LineString","coordinates":[[-95.415895,29.78347],[-95.416289,29.783506],[-95.429064,29.783757]]},"properties":{"RR_COMPANY":"Union Pacific Railroad Company","RR_ABRVN":"UP","RR_STATUS":"Active"}},{"type":"Feature","geometry":{"type":"LineString","coordinates":[[-95.424306,29.783812],[-95.428122,29.783887],[-95.428408,29.783866],[-95.428798,29.783788],[-95.429064,29.783757]]},"properties":{"RR_COMPANY":"Union Pacific Railroad Company","RR_ABRVN":"UP","RR_STATUS":"Active"}},{"type":"Feature","geometry":{"type":"LineString","coordinates":[[-95.418692,29.783261],[-95.418487,29.783257]]},"properties":{"RR_COMPANY":"Union Pacific Railroad Company","RR_ABRVN":"UP","RR_STATUS":"Active"}},{"type":"Feature","geometry":{"type":"LineString","coordinates":[[-95.441608,29.787055],[-95.441502,29.784554],[-95.441492,29.78448],[-95.441471,29.784406],[-95.441441,29.784336],[-95.441399,29.784264],[-95.44131,29.784161],[-95.441194,29.784072],[-95.441066,29.784008],[-95.440919,29.783967],[-95.440803,29.783955],[-95.439427,29.783911],[-95.439256,29.783804]]},"properties":{"RR_COMPANY":null,"RR_ABRVN":null,"RR_STATUS":"Active"}},{"type":"Feature","geometry":{"type":"LineString","coordinates":[[-95.288183,29.780691],[-95.288137,29.778204],[-95.288128,29.777693],[-95.288112,29.776829],[-95.288116,29.776605],[-95.288147,29.77626],[-95.288207,29.775913],[-95.288312,29.775526],[-95.288454,29.775149],[-95.288633,29.774784],[-95.288844,29.774437],[-95.289348,29.773688]]},"properties":{"RR_COMPANY":"Union Pacific Railroad Company","RR_ABRVN":"UP","RR_STATUS":"Active"}},{"type":"Feature","geometry":{"type":"LineString","coordinates":[[-95.279607,29.734066],[-95.280132,29.735257],[-95.280765,29.736192],[-95.28179,29.737825],[-95.282005,29.738089]]},"properties":{"RR_COMPANY":"Union Pacific Railroad Company","RR_ABRVN":"UP","RR_STATUS":"Active"}},{"type":"Feature","geometry":{"type":"LineString","coordinates":[[-95.282005,29.738089],[-95.282675,29.738911]]},"properties":{"RR_COMPANY":"Union Pacific Railroad Company","RR_ABRVN":"UP","RR_STATUS":"Active"}},{"type":"Feature","geometry":{"type":"LineString","coordinates":[[-95.283348,29.739737],[-95.282675,29.738911]]},"properties":{"RR_COMPANY":"Union Pacific Railroad Company","RR_ABRVN":"UP","RR_STATUS":"Active"}},{"type":"Feature","geometry":{"type":"LineString","coordinates":[[-95.347982,29.753969],[-95.347444,29.752851]]},"properties":{"RR_COMPANY":"Union Pacific Railroad Company","RR_ABRVN":"UP","RR_STATUS":"Active"}},{"type":"Feature","geometry":{"type":"LineString","coordinates":[[-95.347444,29.752851],[-95.347397,29.752754],[-95.347304,29.7526],[-95.347211,29.752489],[-95.347132,29.752416]]},"properties":{"RR_COMPANY":"Union Pacific Railroad Company","RR_ABRVN":"UP","RR_STATUS":"Active"}},{"type":"Feature","geometry":{"type":"LineString","coordinates":[[-95.347132,29.752416],[-95.347103,29.752389],[-95.34691,29.752254]]},"properties":{"RR_COMPANY":"Union Pacific Railroad Company","RR_ABRVN":"UP","RR_STATUS":"Active"}},{"type":"Feature","geometry":{"type":"LineString","coordinates":[[-95.347444,29.752851],[-95.346572,29.750208],[-95.34607,29.748975]]},"properties":{"RR_COMPANY":"Union Pacific Railroad Company","RR_ABRVN":"UP","RR_STATUS":"Active"}},{"type":"Feature","geometry":{"type":"LineString","coordinates":[[-95.34607,29.748975],[-95.345635,29.747906]]},"properties":{"RR_COMPANY":"Union Pacific Railroad Company","RR_ABRVN":"UP","RR_STATUS":"Active"}},{"type":"Feature","geometry":{"type":"LineString","coordinates":[[-95.290317,29.795067],[-95.29025,29.795194],[-95.290197,29.79533]]},"properties":{"RR_COMPANY":"Union Pacific Railroad Company","RR_ABRVN":"UP","RR_STATUS":"Active"}},{"type":"Feature","geometry":{"type":"LineString","coordinates":[[-95.290472,29.794831],[-95.290385,29.794948],[-95.290317,29.795067]]},"properties":{"RR_COMPANY":"Union Pacific Railroad Company","RR_ABRVN":"UP","RR_STATUS":"Active"}},{"type":"Feature","geometry":{"type":"MultiLineString","coordinates":[[[-95.344937,29.796437],[-95.344844,29.796598],[-95.344757,29.796724],[-95.344658,29.796844],[-95.344553,29.796951],[-95.344398,29.79715],[-95.344297,29.797319],[-95.344217,29.797496]],[[-95.344217,29.797499],[-95.342966,29.800789],[-95.342919,29.800978],[-95.342849,29.801504],[-95.342792,29.80173]]]},"properties":{"RR_COMPANY":"Union Pacific Railroad Company","RR_ABRVN":"UP","RR_STATUS":"Active"}},{"type":"Feature","geometry":{"type":"LineString","coordinates":[[-95.300923,29.796142],[-95.303816,29.794902]]},"properties":{"RR_COMPANY":"Union Pacific Railroad Company","RR_ABRVN":"UP","RR_STATUS":"Active"}},{"type":"Feature","geometry":{"type":"LineString","coordinates":[[-95.458997,29.799285],[-95.458982,29.798863]]},"properties":{"RR_COMPANY":"Union Pacific Railroad Company","RR_ABRVN":"UP","RR_STATUS":"Active"}},{"type":"Feature","geometry":{"type":"LineString","coordinates":[[-95.459003,29.80005],[-95.457228,29.798764],[-95.456992,29.798632],[-95.456689,29.79851],[-95.456514,29.798427]]},"properties":{"RR_COMPANY":"Union Pacific Railroad Company","RR_ABRVN":"UP","RR_STATUS":"Active"}},{"type":"Feature","geometry":{"type":"LineString","coordinates":[[-95.458982,29.798863],[-95.458947,29.797818]]},"properties":{"RR_COMPANY":"Union Pacific Railroad Company","RR_ABRVN":"UP","RR_STATUS":"Active"}},{"type":"Feature","geometry":{"type":"LineString","coordinates":[[-95.458982,29.798863],[-95.458993,29.798826]]},"properties":{"RR_COMPANY":"Union Pacific Railroad Company","RR_ABRVN":"UP","RR_STATUS":"Active"}},{"type":"Feature","geometry":{"type":"LineString","coordinates":[[-95.445681,29.795736],[-95.445075,29.795729],[-95.44489,29.795703],[-95.444761,29.795664],[-95.44464,29.795607],[-95.444531,29.795535],[-95.444436,29.795448]]},"properties":{"RR_COMPANY":"Union Pacific Railroad Company","RR_ABRVN":"UP","RR_STATUS":"Active"}},{"type":"Feature","geometry":{"type":"LineString","coordinates":[[-95.304527,29.790288],[-95.291002,29.796061]]},"properties":{"RR_COMPANY":"Union Pacific Railroad Company","RR_ABRVN":"UP","RR_STATUS":"Active"}},{"type":"Feature","geometry":{"type":"LineString","coordinates":[[-95.444036,29.795095],[-95.444153,29.795162],[-95.444258,29.795243],[-95.44435,29.795335],[-95.444436,29.795448]]},"properties":{"RR_COMPANY":"Union Pacific Railroad Company","RR_ABRVN":"UP","RR_STATUS":"Active"}},{"type":"Feature","geometry":{"type":"LineString","coordinates":[[-95.444036,29.795095],[-95.444182,29.795118],[-95.444302,29.795127],[-95.44643,29.795146]]},"properties":{"RR_COMPANY":"Union Pacific Railroad Company","RR_ABRVN":"UP","RR_STATUS":"Active"}},{"type":"Feature","geometry":{"type":"LineString","coordinates":[[-95.444036,29.795095],[-95.443783,29.795042],[-95.443616,29.795033],[-95.438378,29.795071]]},"properties":{"RR_COMPANY":"Union Pacific Railroad Company","RR_ABRVN":"UP","RR_STATUS":"Active"}},{"type":"Feature","geometry":{"type":"LineString","coordinates":[[-95.442224,29.792723],[-95.442368,29.792743],[-95.442488,29.792772],[-95.442607,29.792813],[-95.442719,29.792866],[-95.442826,29.792932],[-95.442924,29.793008],[-95.44301,29.793095],[-95.443083,29.793186],[-95.443135,29.793271],[-95.443177,29.793359],[-95.443209,29.793451],[-95.44323,29.793545],[-95.443241,29.793653],[-95.443252,29.794204],[-95.443265,29.794332],[-95.443296,29.794454],[-95.443347,29.794574],[-95.443415,29.794684],[-95.443501,29.794788],[-95.4436,29.794879],[-95.443717,29.79496],[-95.443835,29.795021],[-95.444036,29.795095]]},"properties":{"RR_COMPANY":"Union Pacific Railroad Company","RR_ABRVN":"UP","RR_STATUS":"Active"}},{"type":"Feature","geometry":{"type":"LineString","coordinates":[[-95.290917,29.796556],[-95.30691,29.789717]]},"properties":{"RR_COMPANY":"Union Pacific Railroad Company","RR_ABRVN":"UP","RR_STATUS":"Active"}},{"type":"Feature","geometry":{"type":"LineString","coordinates":[[-95.291992,29.797019],[-95.308885,29.789797]]},"properties":{"RR_COMPANY":"Union Pacific Railroad Company","RR_ABRVN":"UP","RR_STATUS":"Active"}},{"type":"Feature","geometry":{"type":"LineString","coordinates":[[-95.451655,29.794903],[-95.451833,29.794974],[-95.451925,29.794993],[-95.45202,29.795002],[-95.455385,29.795027]]},"properties":{"RR_COMPANY":null,"RR_ABRVN":null,"RR_STATUS":"Active"}},{"type":"Feature","geometry":{"type":"LineString","coordinates":[[-95.291521,29.796912],[-95.30896,29.789458],[-95.309231,29.789322],[-95.310094,29.78882]]},"properties":{"RR_COMPANY":"Union Pacific Railroad Company","RR_ABRVN":"UP","RR_STATUS":"Active"}},{"type":"Feature","geometry":{"type":"LineString","coordinates":[[-95.292219,29.797074],[-95.310027,29.789461]]},"properties":{"RR_COMPANY":"Union Pacific Railroad Company","RR_ABRVN":"UP","RR_STATUS":"Active"}},{"type":"Feature","geometry":{"type":"LineString","coordinates":[[-95.451393,29.794713],[-95.451568,29.794782],[-95.451656,29.7948],[-95.451752,29.794808],[-95.456677,29.794812]]},"properties":{"RR_COMPANY":null,"RR_ABRVN":null,"RR_STATUS":"Active"}},{"type":"Feature","geometry":{"type":"LineString","coordinates":[[-95.272062,29.789325],[-95.272065,29.788751],[-95.272076,29.788631],[-95.272096,29.788512],[-95.272137,29.788363],[-95.272197,29.788213],[-95.272273,29.788069],[-95.272365,29.787933]]},"properties":{"RR_COMPANY":"Union Pacific Railroad Company","RR_ABRVN":"UP","RR_STATUS":"Active"}},{"type":"Feature","geometry":{"type":"LineString","coordinates":[[-95.271136,29.789624],[-95.271104,29.789127],[-95.271109,29.788991],[-95.271129,29.788889],[-95.271163,29.788784],[-95.271209,29.788689],[-95.271269,29.788593],[-95.271338,29.788509],[-95.271422,29.788429],[-95.272068,29.787909],[-95.27214,29.78788],[-95.272218,29.787874],[-95.272295,29.787891],[-95.272365,29.787933]]},"properties":{"RR_COMPANY":"Union Pacific Railroad Company","RR_ABRVN":"UP","RR_STATUS":"Active"}},{"type":"Feature","geometry":{"type":"LineString","coordinates":[[-95.292528,29.797094],[-95.311165,29.789128]]},"properties":{"RR_COMPANY":"Union Pacific Railroad Company","RR_ABRVN":"UP","RR_STATUS":"Active"}},{"type":"Feature","geometry":{"type":"LineString","coordinates":[[-95.291155,29.796917],[-95.310094,29.78882]]},"properties":{"RR_COMPANY":"Union Pacific Railroad Company","RR_ABRVN":"UP","RR_STATUS":"Active"}},{"type":"Feature","geometry":{"type":"LineString","coordinates":[[-95.288643,29.798388],[-95.289367,29.798134],[-95.289587,29.798072],[-95.28976,29.79804],[-95.291338,29.797816],[-95.291675,29.797736],[-95.291999,29.797625],[-95.313496,29.788432]]},"properties":{"RR_COMPANY":"Union Pacific Railroad Company","RR_ABRVN":"UP","RR_STATUS":"Active"}},{"type":"Feature","geometry":{"type":"LineString","coordinates":[[-95.273333,29.786852],[-95.273223,29.78705],[-95.273089,29.787224],[-95.272993,29.787322],[-95.27253,29.787746],[-95.272365,29.787933]]},"properties":{"RR_COMPANY":"Union Pacific Railroad Company","RR_ABRVN":"UP","RR_STATUS":"Active"}},{"type":"Feature","geometry":{"type":"LineString","coordinates":[[-95.274303,29.790241],[-95.274208,29.788437],[-95.274178,29.788264],[-95.27412,29.788118],[-95.274036,29.787983],[-95.273574,29.787462],[-95.273473,29.787321],[-95.273415,29.787208],[-95.273371,29.787091],[-95.273344,29.786969],[-95.273333,29.786852]]},"properties":{"RR_COMPANY":"Union Pacific Railroad Company","RR_ABRVN":"UP","RR_STATUS":"Active"}},{"type":"Feature","geometry":{"type":"LineString","coordinates":[[-95.290649,29.79698],[-95.311072,29.78825]]},"properties":{"RR_COMPANY":"Union Pacific Railroad Company","RR_ABRVN":"UP","RR_STATUS":"Active"}},{"type":"Feature","geometry":{"type":"LineString","coordinates":[[-95.292568,29.792036],[-95.300788,29.788484],[-95.301141,29.788354],[-95.301344,29.788297],[-95.301545,29.788254],[-95.301755,29.78822],[-95.301968,29.788199],[-95.302181,29.78819],[-95.304653,29.78816],[-95.304856,29.788145],[-95.305058,29.788121],[-95.305468,29.788042]]},"properties":{"RR_COMPANY":"Union Pacific Railroad Company","RR_ABRVN":"UP","RR_STATUS":"Active"}},{"type":"Feature","geometry":{"type":"LineString","coordinates":[[-95.449581,29.793399],[-95.449756,29.793485],[-95.449926,29.793545],[-95.450109,29.793584],[-95.450294,29.793599],[-95.456908,29.793576]]},"properties":{"RR_COMPANY":"Union Pacific Railroad Company","RR_ABRVN":"UP","RR_STATUS":"Active"}},{"type":"Feature","geometry":{"type":"LineString","coordinates":[[-95.313496,29.788432],[-95.314397,29.788052]]},"properties":{"RR_COMPANY":"Union Pacific Railroad Company","RR_ABRVN":"UP","RR_STATUS":"Active"}},{"type":"Feature","geometry":{"type":"LineString","coordinates":[[-95.442224,29.792723],[-95.431002,29.792803]]},"properties":{"RR_COMPANY":"Union Pacific Railroad Company","RR_ABRVN":"UP","RR_STATUS":"Active"}},{"type":"Feature","geometry":{"type":"LineString","coordinates":[[-95.314397,29.788052],[-95.314224,29.788099],[-95.314071,29.788127],[-95.313909,29.78814],[-95.313747,29.788136],[-95.313617,29.788122],[-95.313495,29.788098],[-95.31293,29.787946]]},"properties":{"RR_COMPANY":"Union Pacific Railroad Company","RR_ABRVN":"UP","RR_STATUS":"Active"}},{"type":"Feature","geometry":{"type":"LineString","coordinates":[[-95.305468,29.788042],[-95.305988,29.787821],[-95.30626,29.787733],[-95.306428,29.787695],[-95.306599,29.78767],[-95.306766,29.787657],[-95.306961,29.787654]]},"properties":{"RR_COMPANY":"Union Pacific Railroad Company","RR_ABRVN":"UP","RR_STATUS":"Active"}},{"type":"Feature","geometry":{"type":"LineString","coordinates":[[-95.306961,29.787654],[-95.306687,29.787698],[-95.306563,29.787733],[-95.306444,29.787777],[-95.290884,29.794427]]},"properties":{"RR_COMPANY":"Union Pacific Railroad Company","RR_ABRVN":"UP","RR_STATUS":"Active"}},{"type":"Feature","geometry":{"type":"LineString","coordinates":[[-95.306961,29.787654],[-95.307324,29.787652]]},"properties":{"RR_COMPANY":"Union Pacific Railroad Company","RR_ABRVN":"UP","RR_STATUS":"Active"}},{"type":"Feature","geometry":{"type":"LineString","coordinates":[[-95.307324,29.787652],[-95.30705,29.787696],[-95.30692,29.787733],[-95.306801,29.787778],[-95.2908,29.794616],[-95.290623,29.794711],[-95.290472,29.794831]]},"properties":{"RR_COMPANY":"Union Pacific Railroad Company","RR_ABRVN":"UP","RR_STATUS":"Active"}},{"type":"Feature","geometry":{"type":"LineString","coordinates":[[-95.312539,29.787839],[-95.31293,29.787946]]},"properties":{"RR_COMPANY":"Union Pacific Railroad Company","RR_ABRVN":"UP","RR_STATUS":"Active"}},{"type":"Feature","geometry":{"type":"LineString","coordinates":[[-95.307324,29.787652],[-95.307687,29.78765]]},"properties":{"RR_COMPANY":"Union Pacific Railroad Company","RR_ABRVN":"UP","RR_STATUS":"Active"}},{"type":"Feature","geometry":{"type":"LineString","coordinates":[[-95.307687,29.78765],[-95.307412,29.787694],[-95.307289,29.787729],[-95.307164,29.787776],[-95.290575,29.794865],[-95.290496,29.794906],[-95.290429,29.794952],[-95.290369,29.795006],[-95.290317,29.795067]]},"properties":{"RR_COMPANY":"Union Pacific Railroad Company","RR_ABRVN":"UP","RR_STATUS":"Active"}},{"type":"Feature","geometry":{"type":"LineString","coordinates":[[-95.312539,29.787839],[-95.312376,29.787823],[-95.312237,29.787819],[-95.312093,29.787827],[-95.311949,29.787846],[-95.311803,29.787879],[-95.311666,29.787922],[-95.311529,29.787978],[-95.311405,29.788043]]},"properties":{"RR_COMPANY":"Union Pacific Railroad Company","RR_ABRVN":"UP","RR_STATUS":"Active"}},{"type":"Feature","geometry":{"type":"LineString","coordinates":[[-95.44582,29.792697],[-95.442224,29.792723]]},"properties":{"RR_COMPANY":"Union Pacific Railroad Company","RR_ABRVN":"UP","RR_STATUS":"Active"}},{"type":"Feature","geometry":{"type":"LineString","coordinates":[[-95.307687,29.78765],[-95.308049,29.787648]]},"properties":{"RR_COMPANY":"Union Pacific Railroad Company","RR_ABRVN":"UP","RR_STATUS":"Active"}},{"type":"Feature","geometry":{"type":"LineString","coordinates":[[-95.308049,29.787648],[-95.307775,29.787692],[-95.307651,29.787727],[-95.307532,29.787772],[-95.290545,29.79503],[-95.290439,29.795085],[-95.290345,29.795155],[-95.290264,29.795236],[-95.290197,29.79533]]},"properties":{"RR_COMPANY":"Union Pacific Railroad Company","RR_ABRVN":"UP","RR_STATUS":"Active"}},{"type":"Feature","geometry":{"type":"LineString","coordinates":[[-95.308049,29.787648],[-95.308412,29.787646]]},"properties":{"RR_COMPANY":"Union Pacific Railroad Company","RR_ABRVN":"UP","RR_STATUS":"Active"}},{"type":"Feature","geometry":{"type":"LineString","coordinates":[[-95.308412,29.787646],[-95.308138,29.78769],[-95.308014,29.787725],[-95.307895,29.78777],[-95.290513,29.795199],[-95.290371,29.79528],[-95.290257,29.795384],[-95.290171,29.795506],[-95.290118,29.795642]]},"properties":{"RR_COMPANY":"Union Pacific Railroad Company","RR_ABRVN":"UP","RR_STATUS":"Active"}},{"type":"Feature","geometry":{"type":"LineString","coordinates":[[-95.291344,29.795149],[-95.30862,29.787766],[-95.30874,29.787721],[-95.308863,29.787686],[-95.309137,29.787643]]},"properties":{"RR_COMPANY":"Union Pacific Railroad Company","RR_ABRVN":"UP","RR_STATUS":"Active"}},{"type":"Feature","geometry":{"type":"LineString","coordinates":[[-95.309137,29.787643],[-95.3095,29.787641]]},"properties":{"RR_COMPANY":"Union Pacific Railroad Company","RR_ABRVN":"UP","RR_STATUS":"Active"}},{"type":"Feature","geometry":{"type":"LineString","coordinates":[[-95.291171,29.795379],[-95.308983,29.787764],[-95.309102,29.787719],[-95.309226,29.787684],[-95.3095,29.787641]]},"properties":{"RR_COMPANY":"Union Pacific Railroad Company","RR_ABRVN":"UP","RR_STATUS":"Active"}},{"type":"Feature","geometry":{"type":"LineString","coordinates":[[-95.3095,29.787641],[-95.309863,29.787639]]},"properties":{"RR_COMPANY":"Union Pacific Railroad Company","RR_ABRVN":"UP","RR_STATUS":"Active"}},{"type":"Feature","geometry":{"type":"LineString","coordinates":[[-95.291082,29.795568],[-95.30934,29.787764],[-95.309465,29.787717],[-95.309589,29.787682],[-95.309863,29.787639]]},"properties":{"RR_COMPANY":"Union Pacific Railroad Company","RR_ABRVN":"UP","RR_STATUS":"Active"}},{"type":"Feature","geometry":{"type":"LineString","coordinates":[[-95.447734,29.792683],[-95.44582,29.792697]]},"properties":{"RR_COMPANY":"Union Pacific Railroad Company","RR_ABRVN":"UP","RR_STATUS":"Active"}},{"type":"Feature","geometry":{"type":"LineString","coordinates":[[-95.309863,29.787639],[-95.310229,29.787637]]},"properties":{"RR_COMPANY":"Union Pacific Railroad Company","RR_ABRVN":"UP","RR_STATUS":"Active"}},{"type":"Feature","geometry":{"type":"LineString","coordinates":[[-95.310229,29.787637],[-95.309954,29.78768],[-95.30983,29.787714],[-95.309711,29.787759],[-95.291031,29.795742]]},"properties":{"RR_COMPANY":"Union Pacific Railroad Company","RR_ABRVN":"UP","RR_STATUS":"Active"}},{"type":"Feature","geometry":{"type":"LineString","coordinates":[[-95.310229,29.787637],[-95.310588,29.787635]]},"properties":{"RR_COMPANY":"Union Pacific Railroad Company","RR_ABRVN":"UP","RR_STATUS":"Active"}},{"type":"Feature","geometry":{"type":"LineString","coordinates":[[-95.31293,29.787946],[-95.313262,29.78798],[-95.313581,29.787977],[-95.314984,29.787801]]},"properties":{"RR_COMPANY":"Union Pacific Railroad Company","RR_ABRVN":"UP","RR_STATUS":"Active"}},{"type":"Feature","geometry":{"type":"LineString","coordinates":[[-95.314397,29.788052],[-95.314984,29.787801]]},"properties":{"RR_COMPANY":"Union Pacific Railroad Company","RR_ABRVN":"UP","RR_STATUS":"Active"}},{"type":"Feature","geometry":{"type":"LineString","coordinates":[[-95.311821,29.787651],[-95.312539,29.787839]]},"properties":{"RR_COMPANY":"Union Pacific Railroad Company","RR_ABRVN":"UP","RR_STATUS":"Active"}},{"type":"Feature","geometry":{"type":"LineString","coordinates":[[-95.310588,29.787635],[-95.311572,29.78763],[-95.311821,29.787651]]},"properties":{"RR_COMPANY":"Union Pacific Railroad Company","RR_ABRVN":"UP","RR_STATUS":"Active"}},{"type":"Feature","geometry":{"type":"LineString","coordinates":[[-95.314984,29.787801],[-95.315628,29.787526]]},"properties":{"RR_COMPANY":"Union Pacific Railroad Company","RR_ABRVN":"UP","RR_STATUS":"Active"}},{"type":"Feature","geometry":{"type":"LineString","coordinates":[[-95.315628,29.787526],[-95.317546,29.786706]]},"properties":{"RR_COMPANY":"Union Pacific Railroad Company","RR_ABRVN":"UP","RR_STATUS":"Active"}},{"type":"Feature","geometry":{"type":"LineString","coordinates":[[-95.317546,29.786706],[-95.317715,29.78661],[-95.317851,29.786522],[-95.317979,29.786426],[-95.318122,29.786303]]},"properties":{"RR_COMPANY":"Union Pacific Railroad Company","RR_ABRVN":"UP","RR_STATUS":"Active"}},{"type":"Feature","geometry":{"type":"LineString","coordinates":[[-95.433236,29.790499],[-95.438522,29.790429]]},"properties":{"RR_COMPANY":"Union Pacific Railroad Company","RR_ABRVN":"UP","RR_STATUS":"Active"}},{"type":"Feature","geometry":{"type":"LineString","coordinates":[[-95.443755,29.790586],[-95.444144,29.790864],[-95.444232,29.790944],[-95.444306,29.791029],[-95.444378,29.79114],[-95.444889,29.792079],[-95.444968,29.792195],[-95.445061,29.792302],[-95.445219,29.792439],[-95.4454,29.792552],[-95.445595,29.792635],[-95.44582,29.792697]]},"properties":{"RR_COMPANY":"Union Pacific Railroad Company","RR_ABRVN":"UP","RR_STATUS":"Active"}},{"type":"Feature","geometry":{"type":"LineString","coordinates":[[-95.438522,29.790429],[-95.44302,29.790371]]},"properties":{"RR_COMPANY":"Union Pacific Railroad Company","RR_ABRVN":"UP","RR_STATUS":"Active"}},{"type":"Feature","geometry":{"type":"LineString","coordinates":[[-95.443755,29.790586],[-95.443572,29.790502],[-95.4434,29.790442],[-95.443221,29.7904],[-95.44302,29.790371]]},"properties":{"RR_COMPANY":"Union Pacific Railroad Company","RR_ABRVN":"UP","RR_STATUS":"Active"}},{"type":"Feature","geometry":{"type":"LineString","coordinates":[[-95.44302,29.790371],[-95.443457,29.790362]]},"properties":{"RR_COMPANY":"Union Pacific Railroad Company","RR_ABRVN":"UP","RR_STATUS":"Active"}},{"type":"Feature","geometry":{"type":"LineString","coordinates":[[-95.443457,29.790362],[-95.443755,29.790586]]},"properties":{"RR_COMPANY":"Union Pacific Railroad Company","RR_ABRVN":"UP","RR_STATUS":"Active"}},{"type":"Feature","geometry":{"type":"LineString","coordinates":[[-95.443457,29.790362],[-95.444497,29.790348],[-95.44483,29.790368],[-95.445068,29.790404],[-95.445296,29.790456],[-95.445511,29.790524],[-95.445746,29.790616]]},"properties":{"RR_COMPANY":"Union Pacific Railroad Company","RR_ABRVN":"UP","RR_STATUS":"Active"}},{"type":"Feature","geometry":{"type":"LineString","coordinates":[[-95.447304,29.791746],[-95.447278,29.791661],[-95.447176,29.791507],[-95.44711,29.791436],[-95.447036,29.79137],[-95.445623,29.790344]]},"properties":{"RR_COMPANY":"Union Pacific Railroad Company","RR_ABRVN":"UP","RR_STATUS":"Active"}},{"type":"Feature","geometry":{"type":"LineString","coordinates":[[-95.45057,29.790405],[-95.446047,29.790457],[-95.445937,29.790448],[-95.44583,29.790426],[-95.445732,29.790394],[-95.445623,29.790344]]},"properties":{"RR_COMPANY":"Union Pacific Railroad Company","RR_ABRVN":"UP","RR_STATUS":"Active"}},{"type":"Feature","geometry":{"type":"LineString","coordinates":[[-95.445623,29.790344],[-95.444886,29.789809]]},"properties":{"RR_COMPANY":"Union Pacific Railroad Company","RR_ABRVN":"UP","RR_STATUS":"Active"}},{"type":"Feature","geometry":{"type":"LineString","coordinates":[[-95.450621,29.790075],[-95.445767,29.790076],[-95.445536,29.790051],[-95.445312,29.789998],[-95.445103,29.789921],[-95.444886,29.789809]]},"properties":{"RR_COMPANY":"Union Pacific Railroad Company","RR_ABRVN":"UP","RR_STATUS":"Active"}},{"type":"Feature","geometry":{"type":"LineString","coordinates":[[-95.290252,29.753234],[-95.290109,29.753005],[-95.290093,29.752973]]},"properties":{"RR_COMPANY":"Union Pacific Railroad Company","RR_ABRVN":"UP","RR_STATUS":"Active"}},{"type":"Feature","geometry":{"type":"LineString","coordinates":[[-95.290093,29.752973],[-95.289965,29.752731],[-95.289901,29.752627],[-95.289785,29.752482],[-95.289647,29.752352],[-95.289466,29.752224],[-95.287847,29.751275],[-95.287737,29.751196],[-95.287635,29.751111],[-95.28754,29.751019],[-95.287451,29.750916],[-95.287362,29.750793],[-95.287023,29.750255],[-95.283834,29.745041],[-95.283091,29.744231]]},"properties":{"RR_COMPANY":"Union Pacific Railroad Company","RR_ABRVN":"UP","RR_STATUS":"Active"}},{"type":"Feature","geometry":{"type":"LineString","coordinates":[[-95.279658,29.747104],[-95.28032,29.747717]]},"properties":{"RR_COMPANY":"West Texas & Lubbock Company","RR_ABRVN":"WTLC","RR_STATUS":"Active"}},{"type":"Feature","geometry":{"type":"LineString","coordinates":[[-95.279017,29.74651],[-95.279658,29.747104]]},"properties":{"RR_COMPANY":"Union Pacific Railroad Company","RR_ABRVN":"UP","RR_STATUS":"Active"}},{"type":"Feature","geometry":{"type":"LineString","coordinates":[[-95.425964,29.788333],[-95.429242,29.788316],[-95.429339,29.788309],[-95.429425,29.788293],[-95.429511,29.788266],[-95.42959,29.78823],[-95.429662,29.788185],[-95.429733,29.788127],[-95.430087,29.787783],[-95.430178,29.787712],[-95.43028,29.787659],[-95.430387,29.787626],[-95.430509,29.78761]]},"properties":{"RR_COMPANY":"Union Pacific Railroad Company","RR_ABRVN":"UP","RR_STATUS":"Active"}},{"type":"Feature","geometry":{"type":"LineString","coordinates":[[-95.273029,29.781684],[-95.271431,29.781712],[-95.271234,29.781745],[-95.271137,29.781776],[-95.271044,29.781816],[-95.270943,29.781875],[-95.270851,29.781945],[-95.269104,29.783498],[-95.268999,29.783614],[-95.268922,29.783746],[-95.268877,29.783878],[-95.268859,29.784014],[-95.268731,29.791179]]},"properties":{"RR_COMPANY":"Union Pacific Railroad Company","RR_ABRVN":"UP","RR_STATUS":"Active"}},{"type":"Feature","geometry":{"type":"LineString","coordinates":[[-95.273472,29.781676],[-95.273029,29.781684]]},"properties":{"RR_COMPANY":"Union Pacific Railroad Company","RR_ABRVN":"UP","RR_STATUS":"Active"}},{"type":"Feature","geometry":{"type":"LineString","coordinates":[[-95.27356,29.782429],[-95.273544,29.781931],[-95.273472,29.781676]]},"properties":{"RR_COMPANY":"Union Pacific Railroad Company","RR_ABRVN":"UP","RR_STATUS":"Active"}},{"type":"Feature","geometry":{"type":"LineString","coordinates":[[-95.439919,29.787784],[-95.443457,29.790362]]},"properties":{"RR_COMPANY":"Union Pacific Railroad Company","RR_ABRVN":"UP","RR_STATUS":"Active"}},{"type":"Feature","geometry":{"type":"LineString","coordinates":[[-95.274612,29.781657],[-95.273472,29.781676]]},"properties":{"RR_COMPANY":"Union Pacific Railroad Company","RR_ABRVN":"UP","RR_STATUS":"Active"}},{"type":"Feature","geometry":{"type":"LineString","coordinates":[[-95.27356,29.782429],[-95.273653,29.782286],[-95.273749,29.782166],[-95.273863,29.782051],[-95.27399,29.781947],[-95.274129,29.781855],[-95.274278,29.781777],[-95.27443,29.781714],[-95.274612,29.781657]]},"properties":{"RR_COMPANY":"Union Pacific Railroad Company","RR_ABRVN":"UP","RR_STATUS":"Active"}},{"type":"Feature","geometry":{"type":"LineString","coordinates":[[-95.438522,29.790429],[-95.438357,29.790382],[-95.438287,29.790348],[-95.438224,29.790305],[-95.438168,29.790255],[-95.43812,29.790198],[-95.438082,29.790136],[-95.438052,29.790065],[-95.438031,29.789948],[-95.437983,29.788085],[-95.437975,29.78801],[-95.437932,29.787883],[-95.43785,29.787764],[-95.43774,29.787672],[-95.437602,29.787604],[-95.437491,29.787575],[-95.437375,29.787565],[-95.430509,29.78761]]},"properties":{"RR_COMPANY":"Union Pacific Railroad Company","RR_ABRVN":"UP","RR_STATUS":"Active"}},{"type":"Feature","geometry":{"type":"LineString","coordinates":[[-95.450702,29.788349],[-95.444924,29.788401],[-95.444728,29.788391],[-95.444595,29.78837],[-95.444471,29.788339],[-95.444345,29.788297],[-95.444225,29.788244],[-95.443163,29.787617],[-95.443027,29.787547],[-95.442807,29.78747],[-95.442563,29.787424]]},"properties":{"RR_COMPANY":"Union Pacific Railroad Company","RR_ABRVN":"UP","RR_STATUS":"Active"}},{"type":"Feature","geometry":{"type":"LineString","coordinates":[[-95.318122,29.786303],[-95.325763,29.783038]]},"properties":{"RR_COMPANY":"Union Pacific Railroad Company","RR_ABRVN":"UP","RR_STATUS":"Active"}},{"type":"Feature","geometry":{"type":"LineString","coordinates":[[-95.444886,29.789809],[-95.441348,29.787243]]},"properties":{"RR_COMPANY":"Union Pacific Railroad Company","RR_ABRVN":"UP","RR_STATUS":"Active"}},{"type":"Feature","geometry":{"type":"LineString","coordinates":[[-95.441348,29.787243],[-95.441607,29.787344],[-95.441858,29.787401],[-95.442058,29.787419],[-95.442563,29.787424]]},"properties":{"RR_COMPANY":"Union Pacific Railroad Company","RR_ABRVN":"UP","RR_STATUS":"Active"}},{"type":"Feature","geometry":{"type":"LineString","coordinates":[[-95.442563,29.787424],[-95.447761,29.78747]]},"properties":{"RR_COMPANY":"Union Pacific Railroad Company","RR_ABRVN":"UP","RR_STATUS":"Active"}},{"type":"Feature","geometry":{"type":"LineString","coordinates":[[-95.317546,29.786706],[-95.326362,29.782936]]},"properties":{"RR_COMPANY":"Union Pacific Railroad Company","RR_ABRVN":"UP","RR_STATUS":"Active"}},{"type":"Feature","geometry":{"type":"LineString","coordinates":[[-95.288643,29.799171],[-95.326936,29.782827]]},"properties":{"RR_COMPANY":"Union Pacific Railroad Company","RR_ABRVN":"UP","RR_STATUS":"Active"}},{"type":"Feature","geometry":{"type":"LineString","coordinates":[[-95.326936,29.782827],[-95.326581,29.782901],[-95.326362,29.782936]]},"properties":{"RR_COMPANY":"Union Pacific Railroad Company","RR_ABRVN":"UP","RR_STATUS":"Active"}},{"type":"Feature","geometry":{"type":"LineString","coordinates":[[-95.326936,29.782827],[-95.327565,29.782558]]},"properties":{"RR_COMPANY":"Union Pacific Railroad Company","RR_ABRVN":"UP","RR_STATUS":"Active"}},{"type":"Feature","geometry":{"type":"LineString","coordinates":[[-95.346167,29.784308],[-95.346227,29.784192],[-95.346306,29.784084],[-95.346401,29.783988],[-95.346511,29.783904],[-95.346601,29.783851],[-95.347689,29.783293],[-95.347877,29.783183]]},"properties":{"RR_COMPANY":"Union Pacific Railroad Company","RR_ABRVN":"UP","RR_STATUS":"Active"}},{"type":"Feature","geometry":{"type":"LineString","coordinates":[[-95.430509,29.78761],[-95.430316,29.787565],[-95.430153,29.787488],[-95.43008,29.787438],[-95.43001,29.787376],[-95.429954,29.787312],[-95.429903,29.787237],[-95.429858,29.787142],[-95.429829,29.787037],[-95.42978,29.786395],[-95.429757,29.786307],[-95.429714,29.786232],[-95.429635,29.786143]]},"properties":{"RR_COMPANY":"Union Pacific Railroad Company","RR_ABRVN":"UP","RR_STATUS":"Active"}},{"type":"Feature","geometry":{"type":"LineString","coordinates":[[-95.427235,29.786044],[-95.429328,29.78603],[-95.429412,29.78604],[-95.429493,29.786062],[-95.429568,29.786097],[-95.429635,29.786143]]},"properties":{"RR_COMPANY":"Union Pacific Railroad Company","RR_ABRVN":"UP","RR_STATUS":"Active"}},{"type":"Feature","geometry":{"type":"LineString","coordinates":[[-95.348108,29.783003],[-95.347877,29.783183]]},"properties":{"RR_COMPANY":"Union Pacific Railroad Company","RR_ABRVN":"UP","RR_STATUS":"Active"}},{"type":"Feature","geometry":{"type":"LineString","coordinates":[[-95.346753,29.774362],[-95.347081,29.774222]]},"properties":{"RR_COMPANY":"Union Pacific Railroad Company","RR_ABRVN":"UP","RR_STATUS":"Active"}},{"type":"Feature","geometry":{"type":"LineString","coordinates":[[-95.307952,29.78943],[-95.290821,29.796751]]},"properties":{"RR_COMPANY":"Union Pacific Railroad Company","RR_ABRVN":"UP","RR_STATUS":"Active"}},{"type":"Feature","geometry":{"type":"LineString","coordinates":[[-95.289351,29.773578],[-95.289222,29.773655],[-95.289087,29.773711],[-95.288939,29.773751],[-95.288792,29.77377],[-95.284819,29.773858]]},"properties":{"RR_COMPANY":"Union Pacific Railroad Company","RR_ABRVN":"UP","RR_STATUS":"Active"}},{"type":"Feature","geometry":{"type":"LineString","coordinates":[[-95.289348,29.773688],[-95.289351,29.773578]]},"properties":{"RR_COMPANY":"Union Pacific Railroad Company","RR_ABRVN":"UP","RR_STATUS":"Active"}},{"type":"Feature","geometry":{"type":"LineString","coordinates":[[-95.430862,29.779777],[-95.429069,29.778845],[-95.428782,29.778717],[-95.42846,29.778602]]},"properties":{"RR_COMPANY":"Union Pacific Railroad Company","RR_ABRVN":"UP","RR_STATUS":"Active"}},{"type":"Feature","geometry":{"type":"LineString","coordinates":[[-95.289535,29.773411],[-95.289441,29.773505],[-95.289351,29.773578]]},"properties":{"RR_COMPANY":"Union Pacific Railroad Company","RR_ABRVN":"UP","RR_STATUS":"Active"}},{"type":"Feature","geometry":{"type":"LineString","coordinates":[[-95.289348,29.773688],[-95.289535,29.773411]]},"properties":{"RR_COMPANY":"Union Pacific Railroad Company","RR_ABRVN":"UP","RR_STATUS":"Active"}},{"type":"Feature","geometry":{"type":"LineString","coordinates":[[-95.269097,29.774004],[-95.26897,29.773977],[-95.268848,29.773937],[-95.268733,29.773885],[-95.268621,29.77382],[-95.268523,29.773745],[-95.268435,29.773662],[-95.268359,29.773569],[-95.268294,29.773467],[-95.268245,29.773362],[-95.268211,29.773252],[-95.268191,29.77314],[-95.268187,29.773023],[-95.268199,29.77291],[-95.268226,29.772795],[-95.268271,29.77268],[-95.268323,29.772591]]},"properties":{"RR_COMPANY":"Union Pacific Railroad Company","RR_ABRVN":"UP","RR_STATUS":"Active"}},{"type":"Feature","geometry":{"type":"LineString","coordinates":[[-95.268323,29.772591],[-95.268492,29.772462],[-95.268692,29.772359]]},"properties":{"RR_COMPANY":"Union Pacific Railroad Company","RR_ABRVN":"UP","RR_STATUS":"Active"}},{"type":"Feature","geometry":{"type":"LineString","coordinates":[[-95.343841,29.775606],[-95.345029,29.775098]]},"properties":{"RR_COMPANY":"Union Pacific Railroad Company","RR_ABRVN":"UP","RR_STATUS":"Active"}},{"type":"Feature","geometry":{"type":"LineString","coordinates":[[-95.250592,29.716599],[-95.248525,29.718425]]},"properties":{"RR_COMPANY":"Port Terminal Railroad Association","RR_ABRVN":"PTRA","RR_STATUS":"Active"}},{"type":"Feature","geometry":{"type":"LineString","coordinates":[[-95.308203,29.636731],[-95.308735,29.638463]]},"properties":{"RR_COMPANY":"BNSF Railway Company","RR_ABRVN":"BNSF","RR_STATUS":"Active"}},{"type":"Feature","geometry":{"type":"LineString","coordinates":[[-95.308749,29.63576],[-95.310444,29.641477]]},"properties":{"RR_COMPANY":"BNSF Railway Company","RR_ABRVN":"BNSF","RR_STATUS":"Active"}},{"type":"Feature","geometry":{"type":"LineString","coordinates":[[-95.295068,29.634607],[-95.290595,29.637674]]},"properties":{"RR_COMPANY":"BNSF Railway Company","RR_ABRVN":"BNSF","RR_STATUS":"Active"}},{"type":"Feature","geometry":{"type":"LineString","coordinates":[[-95.295068,29.634607],[-95.29398,29.636044],[-95.291063,29.638133]]},"properties":{"RR_COMPANY":"BNSF Railway Company","RR_ABRVN":"BNSF","RR_STATUS":"Active"}},{"type":"Feature","geometry":{"type":"LineString","coordinates":[[-95.310036,29.764422],[-95.310222,29.764587],[-95.310296,29.764673],[-95.310361,29.764764],[-95.310419,29.764864],[-95.310466,29.764966],[-95.310503,29.765071],[-95.310528,29.765179],[-95.310547,29.765371],[-95.310543,29.767135]]},"properties":{"RR_COMPANY":"Union Pacific Railroad Company","RR_ABRVN":"UP","RR_STATUS":"Active"}},{"type":"Feature","geometry":{"type":"LineString","coordinates":[[-95.312524,29.766188],[-95.312475,29.766005],[-95.312419,29.765851],[-95.312345,29.765697],[-95.312257,29.76555],[-95.312154,29.76541],[-95.312033,29.765276],[-95.3119,29.765151],[-95.311754,29.765038],[-95.311628,29.764955],[-95.311496,29.764881],[-95.311358,29.764815],[-95.311215,29.764758],[-95.311067,29.764711],[-95.310036,29.764422]]},"properties":{"RR_COMPANY":"Union Pacific Railroad Company","RR_ABRVN":"UP","RR_STATUS":"Active"}},{"type":"Feature","geometry":{"type":"LineString","coordinates":[[-95.312532,29.765309],[-95.312581,29.765176],[-95.312636,29.765062],[-95.312704,29.76495],[-95.312788,29.76484],[-95.312879,29.76474],[-95.312985,29.764646],[-95.313096,29.764564],[-95.31322,29.764488],[-95.313351,29.764423],[-95.313485,29.764371],[-95.313628,29.764329],[-95.31377,29.7643],[-95.313915,29.764282],[-95.314061,29.764276],[-95.314202,29.764282],[-95.314367,29.7643]]},"properties":{"RR_COMPANY":"Union Pacific Railroad Company","RR_ABRVN":"UP","RR_STATUS":"Active"}},{"type":"Feature","geometry":{"type":"LineString","coordinates":[[-95.308005,29.763846],[-95.30817,29.764005],[-95.308238,29.76409],[-95.308297,29.76418],[-95.308347,29.764274],[-95.308387,29.764372],[-95.308417,29.764473],[-95.308437,29.764575],[-95.308447,29.764706],[-95.308462,29.767146]]},"properties":{"RR_COMPANY":"Union Pacific Railroad Company","RR_ABRVN":"UP","RR_STATUS":"Active"}},{"type":"Feature","geometry":{"type":"LineString","coordinates":[[-95.310036,29.764422],[-95.308005,29.763846]]},"properties":{"RR_COMPANY":"Union Pacific Railroad Company","RR_ABRVN":"UP","RR_STATUS":"Active"}},{"type":"Feature","geometry":{"type":"LineString","coordinates":[[-95.330107,29.70772],[-95.33048,29.708348]]},"properties":{"RR_COMPANY":"Union Pacific Railroad Company","RR_ABRVN":"UP","RR_STATUS":"Active"}},{"type":"Feature","geometry":{"type":"LineString","coordinates":[[-95.33048,29.708348],[-95.330852,29.708975]]},"properties":{"RR_COMPANY":"Union Pacific Railroad Company","RR_ABRVN":"UP","RR_STATUS":"Active"}},{"type":"Feature","geometry":{"type":"LineString","coordinates":[[-95.330852,29.708975],[-95.33122,29.709586]]},"properties":{"RR_COMPANY":"Union Pacific Railroad Company","RR_ABRVN":"UP","RR_STATUS":"Active"}},{"type":"Feature","geometry":{"type":"LineString","coordinates":[[-95.327548,29.698509],[-95.33122,29.709586]]},"properties":{"RR_COMPANY":"Union Pacific Railroad Company","RR_ABRVN":"UP","RR_STATUS":"Active"}},{"type":"Feature","geometry":{"type":"LineString","coordinates":[[-95.289647,29.824787],[-95.2897,29.824513],[-95.289759,29.824285],[-95.289803,29.824154]]},"properties":{"RR_COMPANY":"Union Pacific Railroad Company","RR_ABRVN":"UP","RR_STATUS":"Active"}},{"type":"Feature","geometry":{"type":"LineString","coordinates":[[-95.291852,29.765923],[-95.292348,29.762714]]},"properties":{"RR_COMPANY":"Union Pacific Railroad Company","RR_ABRVN":"UP","RR_STATUS":"Active"}},{"type":"Feature","geometry":{"type":"LineString","coordinates":[[-95.391071,29.768556],[-95.391149,29.768178],[-95.391183,29.767832],[-95.391157,29.766349]]},"properties":{"RR_COMPANY":"Union Pacific Railroad Company","RR_ABRVN":"UP","RR_STATUS":"Active"}},{"type":"Feature","geometry":{"type":"LineString","coordinates":[[-95.311137,29.763372],[-95.311447,29.763531],[-95.311583,29.763617],[-95.311713,29.763712],[-95.311838,29.763817],[-95.311951,29.763927],[-95.312058,29.764046],[-95.312152,29.764168],[-95.31224,29.7643],[-95.312314,29.764432],[-95.312379,29.764572],[-95.312432,29.764712],[-95.312473,29.764855],[-95.312503,29.765],[-95.312522,29.765141],[-95.312532,29.765309]]},"properties":{"RR_COMPANY":"Union Pacific Railroad Company","RR_ABRVN":"UP","RR_STATUS":"Active"}},{"type":"Feature","geometry":{"type":"LineString","coordinates":[[-95.305859,29.766055],[-95.305849,29.764214],[-95.305839,29.764075],[-95.305813,29.763937],[-95.305773,29.763805],[-95.305718,29.763674],[-95.305649,29.763548],[-95.305567,29.763428],[-95.305474,29.763318],[-95.305368,29.763214],[-95.305253,29.763121],[-95.305121,29.763032]]},"properties":{"RR_COMPANY":"Union Pacific Railroad Company","RR_ABRVN":"UP","RR_STATUS":"Active"}},{"type":"Feature","geometry":{"type":"LineString","coordinates":[[-95.308005,29.763846],[-95.305121,29.763032]]},"properties":{"RR_COMPANY":"Union Pacific Railroad Company","RR_ABRVN":"UP","RR_STATUS":"Active"}},{"type":"Feature","geometry":{"type":"LineString","coordinates":[[-95.356438,29.756628],[-95.353496,29.755012],[-95.353316,29.754907]]},"properties":{"RR_COMPANY":"Union Pacific Railroad Company","RR_ABRVN":"UP","RR_STATUS":"Active"}},{"type":"Feature","geometry":{"type":"LineString","coordinates":[[-95.352233,29.75476],[-95.351997,29.754815],[-95.351771,29.754903],[-95.351566,29.755018],[-95.351369,29.755168]]},"properties":{"RR_COMPANY":"Union Pacific Railroad Company","RR_ABRVN":"UP","RR_STATUS":"Active"}},{"type":"Feature","geometry":{"type":"LineString","coordinates":[[-95.352323,29.754746],[-95.352233,29.75476]]},"properties":{"RR_COMPANY":"Union Pacific Railroad Company","RR_ABRVN":"UP","RR_STATUS":"Active"}},{"type":"Feature","geometry":{"type":"LineString","coordinates":[[-95.354936,29.75702],[-95.352685,29.755592],[-95.352612,29.755538],[-95.352516,29.755432],[-95.352451,29.755308],[-95.352323,29.754746]]},"properties":{"RR_COMPANY":"Union Pacific Railroad Company","RR_ABRVN":"UP","RR_STATUS":"Active"}},{"type":"Feature","geometry":{"type":"LineString","coordinates":[[-95.353316,29.754907],[-95.353076,29.754815],[-95.352833,29.754758],[-95.352578,29.754735],[-95.352323,29.754746]]},"properties":{"RR_COMPANY":"Union Pacific Railroad Company","RR_ABRVN":"UP","RR_STATUS":"Active"}},{"type":"Feature","geometry":{"type":"LineString","coordinates":[[-95.352914,29.754591],[-95.353101,29.754752],[-95.353316,29.754907]]},"properties":{"RR_COMPANY":"Union Pacific Railroad Company","RR_ABRVN":"UP","RR_STATUS":"Active"}},{"type":"Feature","geometry":{"type":"LineString","coordinates":[[-95.345136,29.75503],[-95.344931,29.754963],[-95.344727,29.754933],[-95.344596,29.754934],[-95.343722,29.754992],[-95.343495,29.754975],[-95.343274,29.754927],[-95.343097,29.754864],[-95.342927,29.754777],[-95.341807,29.754056]]},"properties":{"RR_COMPANY":"Union Pacific Railroad Company","RR_ABRVN":"UP","RR_STATUS":"Active"}},{"type":"Feature","geometry":{"type":"LineString","coordinates":[[-95.303585,29.752797],[-95.303785,29.752638],[-95.303969,29.752509],[-95.304166,29.752391],[-95.304378,29.752284],[-95.304597,29.752192],[-95.304825,29.752114],[-95.305049,29.752053],[-95.305308,29.752]]},"properties":{"RR_COMPANY":"Union Pacific Railroad Company","RR_ABRVN":"UP","RR_STATUS":"Active"}},{"type":"Feature","geometry":{"type":"LineString","coordinates":[[-95.305308,29.752],[-95.306875,29.751826]]},"properties":{"RR_COMPANY":"Union Pacific Railroad Company","RR_ABRVN":"UP","RR_STATUS":"Active"}},{"type":"Feature","geometry":{"type":"LineString","coordinates":[[-95.3353,29.723778],[-95.335613,29.72422]]},"properties":{"RR_COMPANY":"Union Pacific Railroad Company","RR_ABRVN":"UP","RR_STATUS":"Active"}},{"type":"Feature","geometry":{"type":"LineString","coordinates":[[-95.247954,29.718195],[-95.250138,29.716313]]},"properties":{"RR_COMPANY":"Port Terminal Railroad Association","RR_ABRVN":"PTRA","RR_STATUS":"Active"}},{"type":"Feature","geometry":{"type":"LineString","coordinates":[[-95.247269,29.71806],[-95.249106,29.716537],[-95.249195,29.716477],[-95.249296,29.716423],[-95.249408,29.716374],[-95.249525,29.716337],[-95.249646,29.71631],[-95.249769,29.716294],[-95.249894,29.716289],[-95.250018,29.716296],[-95.250138,29.716313]]},"properties":{"RR_COMPANY":"Port Terminal Railroad Association","RR_ABRVN":"PTRA","RR_STATUS":"Active"}},{"type":"Feature","geometry":{"type":"LineString","coordinates":[[-95.253473,29.71954],[-95.25341,29.717243],[-95.253414,29.717114],[-95.253445,29.716917],[-95.253508,29.716726],[-95.2536,29.716545],[-95.253723,29.716371],[-95.254014,29.71604],[-95.254212,29.715853],[-95.254426,29.715681],[-95.254655,29.715524],[-95.254898,29.715383],[-95.255152,29.715259],[-95.255412,29.715155],[-95.255702,29.715061]]},"properties":{"RR_COMPANY":"Port Terminal Railroad Association","RR_ABRVN":"PTRA","RR_STATUS":"Active"}},{"type":"Feature","geometry":{"type":"LineString","coordinates":[[-95.250945,29.716221],[-95.250742,29.716284],[-95.250545,29.716319],[-95.250345,29.71633],[-95.250138,29.716313]]},"properties":{"RR_COMPANY":"Port Terminal Railroad Association","RR_ABRVN":"PTRA","RR_STATUS":"Active"}},{"type":"Feature","geometry":{"type":"LineString","coordinates":[[-95.250945,29.716221],[-95.250767,29.716399],[-95.250592,29.716599]]},"properties":{"RR_COMPANY":"Port Terminal Railroad Association","RR_ABRVN":"PTRA","RR_STATUS":"Active"}},{"type":"Feature","geometry":{"type":"LineString","coordinates":[[-95.250537,29.679569],[-95.250713,29.679646],[-95.250875,29.679702],[-95.251048,29.679748],[-95.251226,29.679779],[-95.251406,29.679796],[-95.251588,29.679799],[-95.251769,29.679787],[-95.251947,29.679761],[-95.252123,29.679721],[-95.252293,29.679667],[-95.252457,29.679599],[-95.252614,29.679519],[-95.252761,29.679427],[-95.252898,29.679323],[-95.253024,29.679209],[-95.253141,29.67908],[-95.253229,29.678964],[-95.253306,29.678842],[-95.253372,29.678715],[-95.253428,29.678577],[-95.254785,29.67442]]},"properties":{"RR_COMPANY":null,"RR_ABRVN":null,"RR_STATUS":"Active"}},{"type":"Feature","geometry":{"type":"LineString","coordinates":[[-95.374292,29.679647],[-95.37431,29.678271],[-95.374334,29.67809],[-95.374387,29.677915],[-95.374448,29.677785],[-95.374527,29.677658],[-95.374621,29.677541],[-95.37473,29.677433],[-95.374852,29.677336],[-95.374986,29.677252],[-95.37513,29.677182],[-95.375282,29.677113]]},"properties":{"RR_COMPANY":null,"RR_ABRVN":null,"RR_STATUS":"Active"}},{"type":"Feature","geometry":{"type":"LineString","coordinates":[[-95.393725,29.677712],[-95.393657,29.677833],[-95.393573,29.677946],[-95.393472,29.678048],[-95.393361,29.678137],[-95.393233,29.678217],[-95.3931,29.678279],[-95.392959,29.678326],[-95.392806,29.678359],[-95.392606,29.678377],[-95.389319,29.678411]]},"properties":{"RR_COMPANY":null,"RR_ABRVN":null,"RR_STATUS":"Active"}},{"type":"Feature","geometry":{"type":"LineString","coordinates":[[-95.377376,29.676484],[-95.377168,29.67658],[-95.376996,29.67668],[-95.376829,29.6768],[-95.376681,29.676932],[-95.376547,29.67708],[-95.376432,29.67724],[-95.376337,29.677409],[-95.376264,29.677587],[-95.376203,29.67782],[-95.376178,29.678058],[-95.376205,29.679865]]},"properties":{"RR_COMPANY":"Union Pacific Railroad Company","RR_ABRVN":"UP","RR_STATUS":"Active"}},{"type":"Feature","geometry":{"type":"LineString","coordinates":[[-95.378202,29.679662],[-95.378169,29.677102],[-95.378173,29.676998],[-95.378189,29.676889],[-95.378225,29.676756],[-95.37828,29.676622],[-95.37835,29.676499],[-95.378439,29.67638],[-95.378539,29.676274],[-95.378652,29.67618],[-95.378772,29.6761],[-95.378922,29.676019]]},"properties":{"RR_COMPANY":null,"RR_ABRVN":null,"RR_STATUS":"Active"}},{"type":"Feature","geometry":{"type":"LineString","coordinates":[[-95.394892,29.674785],[-95.394775,29.674905],[-95.394664,29.674999],[-95.394533,29.67509],[-95.394397,29.675166],[-95.394247,29.675232],[-95.394097,29.675282],[-95.393941,29.675319],[-95.393776,29.675343],[-95.393609,29.675352],[-95.388975,29.675372]]},"properties":{"RR_COMPANY":null,"RR_ABRVN":null,"RR_STATUS":"Active"}},{"type":"Feature","geometry":{"type":"LineString","coordinates":[[-95.393277,29.673908],[-95.394459,29.673871],[-95.394606,29.673855],[-95.39475,29.673825],[-95.394966,29.673747],[-95.395067,29.673695],[-95.395167,29.673632],[-95.395332,29.673494],[-95.395477,29.673319]]},"properties":{"RR_COMPANY":null,"RR_ABRVN":null,"RR_STATUS":"Active"}},{"type":"Feature","geometry":{"type":"LineString","coordinates":[[-95.394446,29.673369],[-95.394638,29.672985],[-95.39525,29.67266],[-95.395515,29.672491],[-95.395751,29.6723],[-95.395973,29.672074]]},"properties":{"RR_COMPANY":null,"RR_ABRVN":null,"RR_STATUS":"Active"}},{"type":"Feature","geometry":{"type":"LineString","coordinates":[[-95.387076,29.673569],[-95.387244,29.673478],[-95.387382,29.673385],[-95.387511,29.673274],[-95.387623,29.67315],[-95.387718,29.673016],[-95.387794,29.672873],[-95.38785,29.672722],[-95.387885,29.672565],[-95.387897,29.672377],[-95.387827,29.66857]]},"properties":{"RR_COMPANY":null,"RR_ABRVN":null,"RR_STATUS":"Active"}},{"type":"Feature","geometry":{"type":"LineString","coordinates":[[-95.440775,29.664765],[-95.440762,29.663067],[-95.44074,29.662803],[-95.440689,29.662553],[-95.440609,29.662309],[-95.440503,29.662079],[-95.440357,29.661834]]},"properties":{"RR_COMPANY":null,"RR_ABRVN":null,"RR_STATUS":"Active"}},{"type":"Feature","geometry":{"type":"LineString","coordinates":[[-95.280375,29.768004],[-95.280239,29.767982],[-95.28012,29.767947],[-95.280009,29.767896],[-95.279909,29.76783],[-95.279821,29.767752],[-95.279746,29.767658],[-95.279692,29.767559],[-95.279655,29.767449],[-95.279639,29.767324],[-95.279572,29.764535]]},"properties":{"RR_COMPANY":"Union Pacific Railroad Company","RR_ABRVN":"UP","RR_STATUS":"Active"}},{"type":"Feature","geometry":{"type":"LineString","coordinates":[[-95.388469,29.77045],[-95.388701,29.770422],[-95.388902,29.770385],[-95.389104,29.770334],[-95.389302,29.77027],[-95.389494,29.770194],[-95.389683,29.770102],[-95.389859,29.770001],[-95.390031,29.769886],[-95.390175,29.769773],[-95.39031,29.769652],[-95.390435,29.769523],[-95.39055,29.769386],[-95.390696,29.769179],[-95.391071,29.768556]]},"properties":{"RR_COMPANY":"Union Pacific Railroad Company","RR_ABRVN":"UP","RR_STATUS":"Active"}},{"type":"Feature","geometry":{"type":"LineString","coordinates":[[-95.324565,29.768364],[-95.324603,29.766806],[-95.324611,29.766726],[-95.324629,29.766646],[-95.324663,29.766554],[-95.324711,29.766467],[-95.324771,29.766386],[-95.324843,29.766312],[-95.32492,29.766251],[-95.325011,29.766195],[-95.325104,29.766153],[-95.32522,29.766113]]},"properties":{"RR_COMPANY":"Union Pacific Railroad Company","RR_ABRVN":"UP","RR_STATUS":"Active"}},{"type":"Feature","geometry":{"type":"LineString","coordinates":[[-95.312524,29.766188],[-95.312532,29.765309]]},"properties":{"RR_COMPANY":"Union Pacific Railroad Company","RR_ABRVN":"UP","RR_STATUS":"Active"}},{"type":"Feature","geometry":{"type":"LineString","coordinates":[[-95.440236,29.780714],[-95.440366,29.780603],[-95.440488,29.780518],[-95.440625,29.780441],[-95.440771,29.780378],[-95.440923,29.780328],[-95.441087,29.780292],[-95.441248,29.780272],[-95.441411,29.780267],[-95.441598,29.780281],[-95.444369,29.780634],[-95.44621,29.780826],[-95.446359,29.780833],[-95.447144,29.780829],[-95.447323,29.780849],[-95.44747,29.780893],[-95.447601,29.780957],[-95.447716,29.78104],[-95.447812,29.78114],[-95.447874,29.781228],[-95.447918,29.781318],[-95.447949,29.781418],[-95.447964,29.781515],[-95.447931,29.782774]]},"properties":{"RR_COMPANY":null,"RR_ABRVN":null,"RR_STATUS":"Active"}},{"type":"Feature","geometry":{"type":"LineString","coordinates":[[-95.289192,29.774198],[-95.289257,29.77406],[-95.289301,29.773939],[-95.289332,29.773809],[-95.289348,29.773688]]},"properties":{"RR_COMPANY":"Union Pacific Railroad Company","RR_ABRVN":"UP","RR_STATUS":"Active"}},{"type":"Feature","geometry":{"type":"LineString","coordinates":[[-95.283348,29.739737],[-95.283635,29.739938],[-95.28365,29.739947]]},"properties":{"RR_COMPANY":"Union Pacific Railroad Company","RR_ABRVN":"UP","RR_STATUS":"Active"}},{"type":"Feature","geometry":{"type":"LineString","coordinates":[[-95.28365,29.739947],[-95.283923,29.740104]]},"properties":{"RR_COMPANY":"Union Pacific Railroad Company","RR_ABRVN":"UP","RR_STATUS":"Active"}},{"type":"Feature","geometry":{"type":"LineString","coordinates":[[-95.311615,29.787864],[-95.307952,29.78943]]},"properties":{"RR_COMPANY":"Union Pacific Railroad Company","RR_ABRVN":"UP","RR_STATUS":"Active"}},{"type":"Feature","geometry":{"type":"LineString","coordinates":[[-95.271812,29.727856],[-95.271554,29.727418]]},"properties":{"RR_COMPANY":"Union Pacific Railroad Company","RR_ABRVN":"UP","RR_STATUS":"Active"}},{"type":"Feature","geometry":{"type":"LineString","coordinates":[[-95.273978,29.729922],[-95.273857,29.729717],[-95.273715,29.729506],[-95.273561,29.72931],[-95.27339,29.72912],[-95.273242,29.728975],[-95.271554,29.727418]]},"properties":{"RR_COMPANY":"Union Pacific Railroad Company","RR_ABRVN":"UP","RR_STATUS":"Active"}},{"type":"Feature","geometry":{"type":"LineString","coordinates":[[-95.271812,29.727856],[-95.271319,29.727407],[-95.271163,29.72729],[-95.270991,29.727187],[-95.27078,29.727086],[-95.270558,29.727007],[-95.270333,29.726952],[-95.270079,29.726915]]},"properties":{"RR_COMPANY":"Union Pacific Railroad Company","RR_ABRVN":"UP","RR_STATUS":"Active"}},{"type":"Feature","geometry":{"type":"LineString","coordinates":[[-95.27057,29.726868],[-95.270079,29.726915]]},"properties":{"RR_COMPANY":"Union Pacific Railroad Company","RR_ABRVN":"UP","RR_STATUS":"Active"}},{"type":"Feature","geometry":{"type":"LineString","coordinates":[[-95.271554,29.727418],[-95.271338,29.727237],[-95.2711,29.727084],[-95.270835,29.726957],[-95.270685,29.726902],[-95.27057,29.726868]]},"properties":{"RR_COMPANY":"Union Pacific Railroad Company","RR_ABRVN":"UP","RR_STATUS":"Active"}},{"type":"Feature","geometry":{"type":"LineString","coordinates":[[-95.270079,29.726915],[-95.266788,29.726715]]},"properties":{"RR_COMPANY":"Union Pacific Railroad Company","RR_ABRVN":"UP","RR_STATUS":"Active"}},{"type":"Feature","geometry":{"type":"LineString","coordinates":[[-95.271196,29.726809],[-95.27057,29.726868]]},"properties":{"RR_COMPANY":"Union Pacific Railroad Company","RR_ABRVN":"UP","RR_STATUS":"Active"}},{"type":"Feature","geometry":{"type":"LineString","coordinates":[[-95.271554,29.727418],[-95.271196,29.726809]]},"properties":{"RR_COMPANY":"Union Pacific Railroad Company","RR_ABRVN":"UP","RR_STATUS":"Active"}},{"type":"Feature","geometry":{"type":"LineString","coordinates":[[-95.27057,29.726868],[-95.27033,29.726811],[-95.270072,29.726778],[-95.266799,29.726578]]},"properties":{"RR_COMPANY":"Union Pacific Railroad Company","RR_ABRVN":"UP","RR_STATUS":"Active"}},{"type":"Feature","geometry":{"type":"LineString","coordinates":[[-95.271196,29.726809],[-95.271884,29.726748]]},"properties":{"RR_COMPANY":"Union Pacific Railroad Company","RR_ABRVN":"UP","RR_STATUS":"Active"}},{"type":"Feature","geometry":{"type":"LineString","coordinates":[[-95.274611,29.729308],[-95.274525,29.729183],[-95.274408,29.729036],[-95.274288,29.728902],[-95.274157,29.728772],[-95.272352,29.72708],[-95.272119,29.726896],[-95.271884,29.726748]]},"properties":{"RR_COMPANY":"Union Pacific Railroad Company","RR_ABRVN":"UP","RR_STATUS":"Active"}},{"type":"Feature","geometry":{"type":"LineString","coordinates":[[-95.271196,29.726809],[-95.270893,29.726294]]},"properties":{"RR_COMPANY":"Union Pacific Railroad Company","RR_ABRVN":"UP","RR_STATUS":"Active"}},{"type":"Feature","geometry":{"type":"LineString","coordinates":[[-95.271884,29.726748],[-95.271664,29.726634],[-95.270893,29.726294]]},"properties":{"RR_COMPANY":"Union Pacific Railroad Company","RR_ABRVN":"UP","RR_STATUS":"Active"}},{"type":"Feature","geometry":{"type":"LineString","coordinates":[[-95.310304,29.743289],[-95.309361,29.744651]]},"properties":{"RR_COMPANY":"Union Pacific Railroad Company","RR_ABRVN":"UP","RR_STATUS":"Active"}},{"type":"Feature","geometry":{"type":"LineString","coordinates":[[-95.310399,29.744434],[-95.310331,29.744115],[-95.31022,29.743719],[-95.310304,29.743289]]},"properties":{"RR_COMPANY":"Union Pacific Railroad Company","RR_ABRVN":"UP","RR_STATUS":"Active"}},{"type":"Feature","geometry":{"type":"LineString","coordinates":[[-95.345084,29.74605],[-95.346248,29.744438]]},"properties":{"RR_COMPANY":"Union Pacific Railroad Company","RR_ABRVN":"UP","RR_STATUS":"Active"}},{"type":"Feature","geometry":{"type":"LineString","coordinates":[[-95.346849,29.744796],[-95.346248,29.744438]]},"properties":{"RR_COMPANY":"Union Pacific Railroad Company","RR_ABRVN":"UP","RR_STATUS":"Active"}},{"type":"Feature","geometry":{"type":"LineString","coordinates":[[-95.346248,29.744438],[-95.346559,29.744012],[-95.346762,29.743786]]},"properties":{"RR_COMPANY":"Union Pacific Railroad Company","RR_ABRVN":"UP","RR_STATUS":"Active"}},{"type":"Feature","geometry":{"type":"LineString","coordinates":[[-95.2761,29.735982],[-95.276113,29.735652]]},"properties":{"RR_COMPANY":"Union Pacific Railroad Company","RR_ABRVN":"UP","RR_STATUS":"Active"}},{"type":"Feature","geometry":{"type":"LineString","coordinates":[[-95.277811,29.739196],[-95.276113,29.735652]]},"properties":{"RR_COMPANY":"Union Pacific Railroad Company","RR_ABRVN":"UP","RR_STATUS":"Active"}},{"type":"Feature","geometry":{"type":"LineString","coordinates":[[-95.2761,29.735982],[-95.275998,29.735824],[-95.275902,29.735695],[-95.275787,29.735565],[-95.275676,29.735453]]},"properties":{"RR_COMPANY":"Union Pacific Railroad Company","RR_ABRVN":"UP","RR_STATUS":"Active"}},{"type":"Feature","geometry":{"type":"LineString","coordinates":[[-95.276937,29.735351],[-95.278503,29.738559]]},"properties":{"RR_COMPANY":"Union Pacific Railroad Company","RR_ABRVN":"UP","RR_STATUS":"Active"}},{"type":"Feature","geometry":{"type":"LineString","coordinates":[[-95.275676,29.735453],[-95.275474,29.735288],[-95.275269,29.735151],[-95.275049,29.735034],[-95.274811,29.734935],[-95.274562,29.734859],[-95.274311,29.734806],[-95.274056,29.734777],[-95.273787,29.73477]]},"properties":{"RR_COMPANY":"Union Pacific Railroad Company","RR_ABRVN":"UP","RR_STATUS":"Active"}},{"type":"Feature","geometry":{"type":"LineString","coordinates":[[-95.276113,29.735652],[-95.276203,29.734822]]},"properties":{"RR_COMPANY":"Union Pacific Railroad Company","RR_ABRVN":"UP","RR_STATUS":"Active"}},{"type":"Feature","geometry":{"type":"LineString","coordinates":[[-95.276937,29.735351],[-95.276203,29.734822]]},"properties":{"RR_COMPANY":"Union Pacific Railroad Company","RR_ABRVN":"UP","RR_STATUS":"Active"}},{"type":"Feature","geometry":{"type":"LineString","coordinates":[[-95.311966,29.740616],[-95.312013,29.740421],[-95.312018,29.740236],[-95.311984,29.740053],[-95.311912,29.739875],[-95.311806,29.739715],[-95.311667,29.739571],[-95.311499,29.739453],[-95.311309,29.739363],[-95.298842,29.735614],[-95.298592,29.735593]]},"properties":{"RR_COMPANY":"Union Pacific Railroad Company","RR_ABRVN":"UP","RR_STATUS":"Active"}},{"type":"Feature","geometry":{"type":"LineString","coordinates":[[-95.276113,29.735652],[-95.275681,29.734748],[-95.275542,29.734345]]},"properties":{"RR_COMPANY":"Union Pacific Railroad Company","RR_ABRVN":"UP","RR_STATUS":"Active"}},{"type":"Feature","geometry":{"type":"LineString","coordinates":[[-95.276203,29.734822],[-95.275542,29.734345]]},"properties":{"RR_COMPANY":"Union Pacific Railroad Company","RR_ABRVN":"UP","RR_STATUS":"Active"}},{"type":"Feature","geometry":{"type":"LineString","coordinates":[[-95.275323,29.734187],[-95.275532,29.734795],[-95.2761,29.735982]]},"properties":{"RR_COMPANY":"Union Pacific Railroad Company","RR_ABRVN":"UP","RR_STATUS":"Active"}},{"type":"Feature","geometry":{"type":"LineString","coordinates":[[-95.275542,29.734345],[-95.275323,29.734187]]},"properties":{"RR_COMPANY":"Union Pacific Railroad Company","RR_ABRVN":"UP","RR_STATUS":"Active"}},{"type":"Feature","geometry":{"type":"LineString","coordinates":[[-95.276203,29.734822],[-95.276292,29.73399]]},"properties":{"RR_COMPANY":"Union Pacific Railroad Company","RR_ABRVN":"UP","RR_STATUS":"Active"}},{"type":"Feature","geometry":{"type":"LineString","coordinates":[[-95.276292,29.73399],[-95.276336,29.734121],[-95.276937,29.735351]]},"properties":{"RR_COMPANY":"Union Pacific Railroad Company","RR_ABRVN":"UP","RR_STATUS":"Active"}},{"type":"Feature","geometry":{"type":"LineString","coordinates":[[-95.279607,29.734066],[-95.282005,29.738089]]},"properties":{"RR_COMPANY":"Union Pacific Railroad Company","RR_ABRVN":"UP","RR_STATUS":"Active"}},{"type":"Feature","geometry":{"type":"LineString","coordinates":[[-95.279214,29.733121],[-95.282675,29.738911]]},"properties":{"RR_COMPANY":"Union Pacific Railroad Company","RR_ABRVN":"UP","RR_STATUS":"Active"}},{"type":"Feature","geometry":{"type":"LineString","coordinates":[[-95.294389,29.738715],[-95.294365,29.738365],[-95.294324,29.738009],[-95.294266,29.737654],[-95.294192,29.737302],[-95.294102,29.736953],[-95.293995,29.736607],[-95.293873,29.736265],[-95.293735,29.735928],[-95.293588,29.735608],[-95.29342,29.735281],[-95.293237,29.73496],[-95.29304,29.734646],[-95.292836,29.734351],[-95.292611,29.734052],[-95.292399,29.733792],[-95.292095,29.733444]]},"properties":{"RR_COMPANY":"Union Pacific Railroad Company","RR_ABRVN":"UP","RR_STATUS":"Active"}},{"type":"Feature","geometry":{"type":"LineString","coordinates":[[-95.298592,29.735593],[-95.293148,29.733951],[-95.292873,29.73385],[-95.292607,29.733733],[-95.292361,29.733605],[-95.292095,29.733444]]},"properties":{"RR_COMPANY":"Union Pacific Railroad Company","RR_ABRVN":"UP","RR_STATUS":"Active"}},{"type":"Feature","geometry":{"type":"LineString","coordinates":[[-95.279187,29.732769],[-95.283348,29.739737]]},"properties":{"RR_COMPANY":"Union Pacific Railroad Company","RR_ABRVN":"UP","RR_STATUS":"Active"}},{"type":"Feature","geometry":{"type":"LineString","coordinates":[[-95.274581,29.73251],[-95.274649,29.733573],[-95.274632,29.733771],[-95.274582,29.733962],[-95.274529,29.73409],[-95.274461,29.734212],[-95.274378,29.734328],[-95.274283,29.734436],[-95.274175,29.734535],[-95.274056,29.734623],[-95.273935,29.734697],[-95.273787,29.73477]]},"properties":{"RR_COMPANY":"Union Pacific Railroad Company","RR_ABRVN":"UP","RR_STATUS":"Active"}},{"type":"Feature","geometry":{"type":"LineString","coordinates":[[-95.275676,29.735453],[-95.275384,29.734841],[-95.274581,29.73251]]},"properties":{"RR_COMPANY":"Union Pacific Railroad Company","RR_ABRVN":"UP","RR_STATUS":"Active"}},{"type":"Feature","geometry":{"type":"LineString","coordinates":[[-95.279221,29.732528],[-95.28365,29.739947]]},"properties":{"RR_COMPANY":"Union Pacific Railroad Company","RR_ABRVN":"UP","RR_STATUS":"Active"}},{"type":"Feature","geometry":{"type":"LineString","coordinates":[[-95.283923,29.740104],[-95.279255,29.732291]]},"properties":{"RR_COMPANY":"Union Pacific Railroad Company","RR_ABRVN":"UP","RR_STATUS":"Active"}},{"type":"Feature","geometry":{"type":"LineString","coordinates":[[-95.274581,29.73251],[-95.274542,29.731917]]},"properties":{"RR_COMPANY":"Union Pacific Railroad Company","RR_ABRVN":"UP","RR_STATUS":"Active"}},{"type":"Feature","geometry":{"type":"LineString","coordinates":[[-95.33122,29.709586],[-95.331326,29.709905],[-95.331525,29.710505],[-95.333378,29.716095]]},"properties":{"RR_COMPANY":"Union Pacific Railroad Company","RR_ABRVN":"UP","RR_STATUS":"Active"}},{"type":"Feature","geometry":{"type":"LineString","coordinates":[[-95.289826,29.818865],[-95.289744,29.818433],[-95.289703,29.818108],[-95.289674,29.817732]]},"properties":{"RR_COMPANY":"Union Pacific Railroad Company","RR_ABRVN":"UP","RR_STATUS":"Active"}},{"type":"Feature","geometry":{"type":"LineString","coordinates":[[-95.289674,29.817732],[-95.28968,29.816251],[-95.289668,29.81594],[-95.289644,29.8157],[-95.28953,29.814811]]},"properties":{"RR_COMPANY":"Union Pacific Railroad Company","RR_ABRVN":"UP","RR_STATUS":"Active"}},{"type":"Feature","geometry":{"type":"LineString","coordinates":[[-95.28953,29.814811],[-95.289379,29.813638]]},"properties":{"RR_COMPANY":"Union Pacific Railroad Company","RR_ABRVN":"UP","RR_STATUS":"Active"}},{"type":"Feature","geometry":{"type":"LineString","coordinates":[[-95.288661,29.830384],[-95.288682,29.827791],[-95.288761,29.810066]]},"properties":{"RR_COMPANY":"Union Pacific Railroad Company","RR_ABRVN":"UP","RR_STATUS":"Active"}},{"type":"Feature","geometry":{"type":"LineString","coordinates":[[-95.288761,29.810066],[-95.288765,29.80926]]},"properties":{"RR_COMPANY":"Union Pacific Railroad Company","RR_ABRVN":"UP","RR_STATUS":"Active"}},{"type":"Feature","geometry":{"type":"LineString","coordinates":[[-95.352207,29.753646],[-95.35218,29.753313]]},"properties":{"RR_COMPANY":"Union Pacific Railroad Company","RR_ABRVN":"UP","RR_STATUS":"Active"}},{"type":"Feature","geometry":{"type":"LineString","coordinates":[[-95.345136,29.75503],[-95.341229,29.752688]]},"properties":{"RR_COMPANY":"Union Pacific Railroad Company","RR_ABRVN":"UP","RR_STATUS":"Active"}},{"type":"Feature","geometry":{"type":"LineString","coordinates":[[-95.306875,29.751826],[-95.309225,29.751577],[-95.309895,29.751561]]},"properties":{"RR_COMPANY":"Union Pacific Railroad Company","RR_ABRVN":"UP","RR_STATUS":"Active"}},{"type":"Feature","geometry":{"type":"LineString","coordinates":[[-95.326568,29.755619],[-95.326037,29.755463],[-95.325918,29.755438],[-95.325791,29.755422],[-95.32565,29.755416],[-95.325509,29.755423],[-95.325198,29.755478],[-95.325065,29.755491],[-95.324907,29.755486],[-95.324752,29.755461],[-95.323911,29.755238],[-95.323779,29.755191],[-95.323661,29.75513],[-95.323555,29.755055],[-95.323462,29.754968],[-95.323385,29.75487],[-95.323134,29.754471],[-95.32309,29.754378],[-95.323068,29.754302],[-95.323058,29.754218],[-95.323062,29.754134],[-95.323079,29.754052],[-95.323127,29.753938],[-95.324197,29.752088]]},"properties":{"RR_COMPANY":"Union Pacific Railroad Company","RR_ABRVN":"UP","RR_STATUS":"Active"}},{"type":"Feature","geometry":{"type":"LineString","coordinates":[[-95.339696,29.752938],[-95.339855,29.752801],[-95.340021,29.752698],[-95.340208,29.75262],[-95.340408,29.752571],[-95.340619,29.752553],[-95.340826,29.752567],[-95.341023,29.75261],[-95.341229,29.752688]]},"properties":{"RR_COMPANY":"Union Pacific Railroad Company","RR_ABRVN":"UP","RR_STATUS":"Active"}},{"type":"Feature","geometry":{"type":"LineString","coordinates":[[-95.340238,29.752253],[-95.339696,29.752938]]},"properties":{"RR_COMPANY":"Union Pacific Railroad Company","RR_ABRVN":"UP","RR_STATUS":"Active"}},{"type":"Feature","geometry":{"type":"LineString","coordinates":[[-95.340323,29.752145],[-95.340238,29.752253]]},"properties":{"RR_COMPANY":"Union Pacific Railroad Company","RR_ABRVN":"UP","RR_STATUS":"Active"}},{"type":"Feature","geometry":{"type":"LineString","coordinates":[[-95.341229,29.752688],[-95.340323,29.752145]]},"properties":{"RR_COMPANY":"Union Pacific Railroad Company","RR_ABRVN":"UP","RR_STATUS":"Active"}},{"type":"Feature","geometry":{"type":"LineString","coordinates":[[-95.353788,29.75168],[-95.353713,29.751512],[-95.353626,29.751393]]},"properties":{"RR_COMPANY":"Union Pacific Railroad Company","RR_ABRVN":"UP","RR_STATUS":"Active"}},{"type":"Feature","geometry":{"type":"LineString","coordinates":[[-95.353626,29.751393],[-95.353544,29.751311],[-95.35346,29.751248],[-95.353184,29.751065]]},"properties":{"RR_COMPANY":"Union Pacific Railroad Company","RR_ABRVN":"UP","RR_STATUS":"Active"}},{"type":"Feature","geometry":{"type":"LineString","coordinates":[[-95.305308,29.752],[-95.305536,29.751907],[-95.305741,29.751789],[-95.305926,29.751646],[-95.306085,29.751482],[-95.306176,29.751364],[-95.307615,29.749264]]},"properties":{"RR_COMPANY":"Union Pacific Railroad Company","RR_ABRVN":"UP","RR_STATUS":"Active"}},{"type":"Feature","geometry":{"type":"LineString","coordinates":[[-95.352759,29.750786],[-95.353184,29.751065]]},"properties":{"RR_COMPANY":"Union Pacific Railroad Company","RR_ABRVN":"UP","RR_STATUS":"Active"}},{"type":"Feature","geometry":{"type":"LineString","coordinates":[[-95.306875,29.751826],[-95.307059,29.751763],[-95.307216,29.751679],[-95.307356,29.751574],[-95.307472,29.751449],[-95.307532,29.751362],[-95.30874,29.749375],[-95.308834,29.749253],[-95.308955,29.749144],[-95.309079,29.749063],[-95.309222,29.748997],[-95.309369,29.748954],[-95.309528,29.74893],[-95.309721,29.748932],[-95.31055,29.74902]]},"properties":{"RR_COMPANY":"Union Pacific Railroad Company","RR_ABRVN":"UP","RR_STATUS":"Active"}},{"type":"Feature","geometry":{"type":"LineString","coordinates":[[-95.293491,29.748293],[-95.29318,29.748704],[-95.293003,29.750268]]},"properties":{"RR_COMPANY":"Union Pacific Railroad Company","RR_ABRVN":"UP","RR_STATUS":"Active"}},{"type":"Feature","geometry":{"type":"LineString","coordinates":[[-95.292928,29.753989],[-95.292941,29.753801],[-95.29329,29.75025],[-95.293491,29.748293]]},"properties":{"RR_COMPANY":"Union Pacific Railroad Company","RR_ABRVN":"UP","RR_STATUS":"Active"}},{"type":"Feature","geometry":{"type":"LineString","coordinates":[[-95.286632,29.751823],[-95.286267,29.751543],[-95.285956,29.751265],[-95.285664,29.75096],[-95.285398,29.750631],[-95.28519,29.750327],[-95.283432,29.747514]]},"properties":{"RR_COMPANY":"Union Pacific Railroad Company","RR_ABRVN":"UP","RR_STATUS":"Active"}},{"type":"Feature","geometry":{"type":"LineString","coordinates":[[-95.35101,29.749678],[-95.351881,29.750211],[-95.352759,29.750786]]},"properties":{"RR_COMPANY":"Union Pacific Railroad Company","RR_ABRVN":"UP","RR_STATUS":"Active"}},{"type":"Feature","geometry":{"type":"LineString","coordinates":[[-95.311165,29.789128],[-95.312302,29.788795]]},"properties":{"RR_COMPANY":"Union Pacific Railroad Company","RR_ABRVN":"UP","RR_STATUS":"Active"}},{"type":"Feature","geometry":{"type":"LineString","coordinates":[[-95.312302,29.788795],[-95.313035,29.78858],[-95.313496,29.788432]]},"properties":{"RR_COMPANY":"Union Pacific Railroad Company","RR_ABRVN":"UP","RR_STATUS":"Active"}},{"type":"Feature","geometry":{"type":"LineString","coordinates":[[-95.326362,29.782936],[-95.325763,29.783038]]},"properties":{"RR_COMPANY":"Union Pacific Railroad Company","RR_ABRVN":"UP","RR_STATUS":"Active"}},{"type":"Feature","geometry":{"type":"LineString","coordinates":[[-95.325763,29.783038],[-95.325322,29.783114],[-95.325164,29.783154],[-95.325012,29.783207],[-95.318636,29.785934],[-95.318489,29.786009],[-95.318357,29.786094],[-95.318231,29.786194],[-95.318122,29.786303]]},"properties":{"RR_COMPANY":"Union Pacific Railroad Company","RR_ABRVN":"UP","RR_STATUS":"Active"}},{"type":"Feature","geometry":{"type":"LineString","coordinates":[[-95.267907,29.745942],[-95.267672,29.745994],[-95.267465,29.74607],[-95.267266,29.746177],[-95.267092,29.746307],[-95.266941,29.746461],[-95.266821,29.746632],[-95.266732,29.74682],[-95.266678,29.747014],[-95.266663,29.74713],[-95.26666,29.747247],[-95.266808,29.751893]]},"properties":{"RR_COMPANY":"Port Terminal Railroad Association","RR_ABRVN":"PTRA","RR_STATUS":"Active"}},{"type":"Feature","geometry":{"type":"LineString","coordinates":[[-95.346078,29.748538],[-95.34607,29.748975]]},"properties":{"RR_COMPANY":"Union Pacific Railroad Company","RR_ABRVN":"UP","RR_STATUS":"Active"}},{"type":"Feature","geometry":{"type":"LineString","coordinates":[[-95.346081,29.748323],[-95.346078,29.748538]]},"properties":{"RR_COMPANY":"Union Pacific Railroad Company","RR_ABRVN":"UP","RR_STATUS":"Active"}},{"type":"Feature","geometry":{"type":"LineString","coordinates":[[-95.290252,29.753234],[-95.289548,29.752825],[-95.287539,29.751831],[-95.28739,29.751739],[-95.287251,29.751635],[-95.287123,29.751522],[-95.287003,29.751394],[-95.286919,29.751288],[-95.286844,29.751176],[-95.286245,29.750182],[-95.283489,29.745722]]},"properties":{"RR_COMPANY":"Union Pacific Railroad Company","RR_ABRVN":"UP","RR_STATUS":"Active"}},{"type":"Feature","geometry":{"type":"LineString","coordinates":[[-95.293747,29.745807],[-95.293491,29.748293]]},"properties":{"RR_COMPANY":"Union Pacific Railroad Company","RR_ABRVN":"UP","RR_STATUS":"Active"}},{"type":"Feature","geometry":{"type":"LineString","coordinates":[[-95.294389,29.738715],[-95.294396,29.739253],[-95.294366,29.739783],[-95.293754,29.745735],[-95.293747,29.745807]]},"properties":{"RR_COMPANY":"Union Pacific Railroad Company","RR_ABRVN":"UP","RR_STATUS":"Active"}},{"type":"Feature","geometry":{"type":"LineString","coordinates":[[-95.347132,29.752416],[-95.346418,29.750246],[-95.345345,29.74761]]},"properties":{"RR_COMPANY":"Union Pacific Railroad Company","RR_ABRVN":"UP","RR_STATUS":"Active"}},{"type":"Feature","geometry":{"type":"LineString","coordinates":[[-95.283489,29.745722],[-95.283373,29.745288]]},"properties":{"RR_COMPANY":"Union Pacific Railroad Company","RR_ABRVN":"UP","RR_STATUS":"Active"}},{"type":"Feature","geometry":{"type":"LineString","coordinates":[[-95.290093,29.752973],[-95.289625,29.752705],[-95.287629,29.751718],[-95.287489,29.751632],[-95.287358,29.751534],[-95.287237,29.751427],[-95.287125,29.751306],[-95.286984,29.751112],[-95.286385,29.750118],[-95.28362,29.745649],[-95.28349,29.745452],[-95.283373,29.745288]]},"properties":{"RR_COMPANY":"Union Pacific Railroad Company","RR_ABRVN":"UP","RR_STATUS":"Active"}},{"type":"Feature","geometry":{"type":"LineString","coordinates":[[-95.293747,29.745807],[-95.293729,29.745671],[-95.293724,29.745639]]},"properties":{"RR_COMPANY":"Union Pacific Railroad Company","RR_ABRVN":"UP","RR_STATUS":"Active"}},{"type":"Feature","geometry":{"type":"LineString","coordinates":[[-95.310917,29.747255],[-95.311218,29.74646],[-95.311368,29.746275],[-95.311489,29.746163]]},"properties":{"RR_COMPANY":"Union Pacific Railroad Company","RR_ABRVN":"UP","RR_STATUS":"Active"}},{"type":"Feature","geometry":{"type":"LineString","coordinates":[[-95.311489,29.746163],[-95.311166,29.747416]]},"properties":{"RR_COMPANY":"Union Pacific Railroad Company","RR_ABRVN":"UP","RR_STATUS":"Active"}},{"type":"Feature","geometry":{"type":"LineString","coordinates":[[-95.34691,29.752254],[-95.346263,29.750285],[-95.34508,29.747377]]},"properties":{"RR_COMPANY":"Union Pacific Railroad Company","RR_ABRVN":"UP","RR_STATUS":"Active"}},{"type":"Feature","geometry":{"type":"LineString","coordinates":[[-95.311671,29.745802],[-95.311572,29.746087],[-95.311489,29.746163]]},"properties":{"RR_COMPANY":"Union Pacific Railroad Company","RR_ABRVN":"UP","RR_STATUS":"Active"}},{"type":"Feature","geometry":{"type":"LineString","coordinates":[[-95.311643,29.747522],[-95.311804,29.746353],[-95.311811,29.746263],[-95.311804,29.746146],[-95.311777,29.746027],[-95.311733,29.745911],[-95.311671,29.745802]]},"properties":{"RR_COMPANY":"Union Pacific Railroad Company","RR_ABRVN":"UP","RR_STATUS":"Active"}},{"type":"Feature","geometry":{"type":"LineString","coordinates":[[-95.340323,29.752145],[-95.341817,29.750257],[-95.343653,29.748029],[-95.344456,29.746918]]},"properties":{"RR_COMPANY":"Union Pacific Railroad Company","RR_ABRVN":"UP","RR_STATUS":"Active"}},{"type":"Feature","geometry":{"type":"LineString","coordinates":[[-95.283489,29.745722],[-95.283262,29.745395],[-95.28303,29.745108],[-95.282774,29.744837],[-95.282473,29.744561]]},"properties":{"RR_COMPANY":"Union Pacific Railroad Company","RR_ABRVN":"UP","RR_STATUS":"Active"}},{"type":"Feature","geometry":{"type":"LineString","coordinates":[[-95.283373,29.745288],[-95.283091,29.744231]]},"properties":{"RR_COMPANY":"Union Pacific Railroad Company","RR_ABRVN":"UP","RR_STATUS":"Active"}},{"type":"Feature","geometry":{"type":"LineString","coordinates":[[-95.282473,29.744561],[-95.282192,29.744144]]},"properties":{"RR_COMPANY":"Union Pacific Railroad Company","RR_ABRVN":"UP","RR_STATUS":"Active"}},{"type":"Feature","geometry":{"type":"LineString","coordinates":[[-95.283373,29.745288],[-95.283122,29.744987],[-95.282868,29.744722],[-95.282628,29.744504],[-95.282192,29.744144]]},"properties":{"RR_COMPANY":"Union Pacific Railroad Company","RR_ABRVN":"UP","RR_STATUS":"Active"}},{"type":"Feature","geometry":{"type":"LineString","coordinates":[[-95.282919,29.746699],[-95.281375,29.744668],[-95.281027,29.744031]]},"properties":{"RR_COMPANY":"Union Pacific Railroad Company","RR_ABRVN":"UP","RR_STATUS":"Active"}},{"type":"Feature","geometry":{"type":"LineString","coordinates":[[-95.384016,29.770135],[-95.396103,29.771374]]},"properties":{"RR_COMPANY":"Union Pacific Railroad Company","RR_ABRVN":"UP","RR_STATUS":"Active"}},{"type":"Feature","geometry":{"type":"LineString","coordinates":[[-95.293724,29.745639],[-95.293618,29.745401],[-95.29348,29.745183],[-95.293309,29.744984],[-95.293104,29.744805],[-95.29289,29.744663],[-95.292657,29.744546],[-95.29247,29.744476],[-95.292005,29.744335]]},"properties":{"RR_COMPANY":"Union Pacific Railroad Company","RR_ABRVN":"UP","RR_STATUS":"Active"}},{"type":"Feature","geometry":{"type":"LineString","coordinates":[[-95.344456,29.746918],[-95.344998,29.746168]]},"properties":{"RR_COMPANY":"Union Pacific Railroad Company","RR_ABRVN":"UP","RR_STATUS":"Active"}},{"type":"Feature","geometry":{"type":"LineString","coordinates":[[-95.344998,29.746168],[-95.345084,29.74605]]},"properties":{"RR_COMPANY":"Union Pacific Railroad Company","RR_ABRVN":"UP","RR_STATUS":"Active"}},{"type":"Feature","geometry":{"type":"LineString","coordinates":[[-95.30547,29.750271],[-95.309361,29.744651]]},"properties":{"RR_COMPANY":"Union Pacific Railroad Company","RR_ABRVN":"UP","RR_STATUS":"Active"}},{"type":"Feature","geometry":{"type":"LineString","coordinates":[[-95.311252,29.744558],[-95.311347,29.7446],[-95.31143,29.744648],[-95.311577,29.744767],[-95.311638,29.744836],[-95.311691,29.74491],[-95.311734,29.744989],[-95.311767,29.745071],[-95.311801,29.745232],[-95.311798,29.74539],[-95.311774,29.745503],[-95.311671,29.745802]]},"properties":{"RR_COMPANY":"Union Pacific Railroad Company","RR_ABRVN":"UP","RR_STATUS":"Active"}},{"type":"Feature","geometry":{"type":"LineString","coordinates":[[-95.311252,29.744558],[-95.317059,29.746423],[-95.317168,29.746473],[-95.317265,29.746531],[-95.317353,29.746599],[-95.317432,29.746675],[-95.317499,29.746758],[-95.317555,29.746848],[-95.317599,29.746943],[-95.31763,29.747045]]},"properties":{"RR_COMPANY":"Union Pacific Railroad Company","RR_ABRVN":"UP","RR_STATUS":"Active"}},{"type":"Feature","geometry":{"type":"LineString","coordinates":[[-95.309361,29.744651],[-95.309619,29.744558],[-95.309871,29.744493],[-95.310133,29.744451],[-95.310399,29.744434]]},"properties":{"RR_COMPANY":"Union Pacific Railroad Company","RR_ABRVN":"UP","RR_STATUS":"Active"}},{"type":"Feature","geometry":{"type":"LineString","coordinates":[[-95.309783,29.746817],[-95.310164,29.746011],[-95.310468,29.745467],[-95.310648,29.745079],[-95.310421,29.744537],[-95.310399,29.744434]]},"properties":{"RR_COMPANY":"Union Pacific Railroad Company","RR_ABRVN":"UP","RR_STATUS":"Active"}},{"type":"Feature","geometry":{"type":"LineString","coordinates":[[-95.310399,29.744434],[-95.310618,29.744439],[-95.310839,29.744462],[-95.311065,29.744505],[-95.311252,29.744558]]},"properties":{"RR_COMPANY":"Union Pacific Railroad Company","RR_ABRVN":"UP","RR_STATUS":"Active"}},{"type":"Feature","geometry":{"type":"LineString","coordinates":[[-95.277388,29.745002],[-95.274137,29.74296]]},"properties":{"RR_COMPANY":"Union Pacific Railroad Company","RR_ABRVN":"UP","RR_STATUS":"Active"}},{"type":"Feature","geometry":{"type":"LineString","coordinates":[[-95.273237,29.742568],[-95.278402,29.745941]]},"properties":{"RR_COMPANY":"Union Pacific Railroad Company","RR_ABRVN":"UP","RR_STATUS":"Active"}},{"type":"Feature","geometry":{"type":"LineString","coordinates":[[-95.273237,29.742568],[-95.274137,29.74296]]},"properties":{"RR_COMPANY":"Union Pacific Railroad Company","RR_ABRVN":"UP","RR_STATUS":"Active"}},{"type":"Feature","geometry":{"type":"LineString","coordinates":[[-95.292005,29.744335],[-95.287685,29.743028]]},"properties":{"RR_COMPANY":"Union Pacific Railroad Company","RR_ABRVN":"UP","RR_STATUS":"Active"}},{"type":"Feature","geometry":{"type":"LineString","coordinates":[[-95.287685,29.743028],[-95.287022,29.742989]]},"properties":{"RR_COMPANY":"Union Pacific Railroad Company","RR_ABRVN":"UP","RR_STATUS":"Active"}},{"type":"Feature","geometry":{"type":"LineString","coordinates":[[-95.286414,29.742838],[-95.287022,29.742989]]},"properties":{"RR_COMPANY":"Union Pacific Railroad Company","RR_ABRVN":"UP","RR_STATUS":"Active"}},{"type":"Feature","geometry":{"type":"LineString","coordinates":[[-95.272448,29.742225],[-95.279017,29.74651]]},"properties":{"RR_COMPANY":"Union Pacific Railroad Company","RR_ABRVN":"UP","RR_STATUS":"Active"}},{"type":"Feature","geometry":{"type":"LineString","coordinates":[[-95.348368,29.745699],[-95.346849,29.744796]]},"properties":{"RR_COMPANY":"Union Pacific Railroad Company","RR_ABRVN":"UP","RR_STATUS":"Active"}},{"type":"Feature","geometry":{"type":"LineString","coordinates":[[-95.290899,29.742687],[-95.290193,29.74301],[-95.290017,29.743064],[-95.289839,29.743095],[-95.28964,29.743102],[-95.287685,29.743028]]},"properties":{"RR_COMPANY":"Union Pacific Railroad Company","RR_ABRVN":"UP","RR_STATUS":"Active"}},{"type":"Feature","geometry":{"type":"LineString","coordinates":[[-95.282192,29.744144],[-95.281938,29.743769],[-95.281305,29.742282]]},"properties":{"RR_COMPANY":"Union Pacific Railroad Company","RR_ABRVN":"UP","RR_STATUS":"Active"}},{"type":"Feature","geometry":{"type":"LineString","coordinates":[[-95.281305,29.742282],[-95.283091,29.744231]]},"properties":{"RR_COMPANY":"Union Pacific Railroad Company","RR_ABRVN":"UP","RR_STATUS":"Active"}},{"type":"Feature","geometry":{"type":"LineString","coordinates":[[-95.279658,29.747104],[-95.27166,29.741882]]},"properties":{"RR_COMPANY":"Union Pacific Railroad Company","RR_ABRVN":"UP","RR_STATUS":"Active"}},{"type":"Feature","geometry":{"type":"LineString","coordinates":[[-95.274417,29.730196],[-95.274299,29.730735]]},"properties":{"RR_COMPANY":"Union Pacific Railroad Company","RR_ABRVN":"UP","RR_STATUS":"Active"}},{"type":"Feature","geometry":{"type":"LineString","coordinates":[[-95.275179,29.730673],[-95.274417,29.730196]]},"properties":{"RR_COMPANY":"Union Pacific Railroad Company","RR_ABRVN":"UP","RR_STATUS":"Active"}},{"type":"Feature","geometry":{"type":"LineString","coordinates":[[-95.274299,29.730735],[-95.274133,29.730262],[-95.273978,29.729922]]},"properties":{"RR_COMPANY":"Union Pacific Railroad Company","RR_ABRVN":"UP","RR_STATUS":"Active"}},{"type":"Feature","geometry":{"type":"LineString","coordinates":[[-95.274417,29.730196],[-95.273978,29.729922]]},"properties":{"RR_COMPANY":"Union Pacific Railroad Company","RR_ABRVN":"UP","RR_STATUS":"Active"}},{"type":"Feature","geometry":{"type":"LineString","coordinates":[[-95.274235,29.731027],[-95.274024,29.730414],[-95.273959,29.730246],[-95.273844,29.730002],[-95.273699,29.729747]]},"properties":{"RR_COMPANY":"Union Pacific Railroad Company","RR_ABRVN":"UP","RR_STATUS":"Active"}},{"type":"Feature","geometry":{"type":"LineString","coordinates":[[-95.273978,29.729922],[-95.273699,29.729747]]},"properties":{"RR_COMPANY":"Union Pacific Railroad Company","RR_ABRVN":"UP","RR_STATUS":"Active"}},{"type":"Feature","geometry":{"type":"LineString","coordinates":[[-95.274611,29.729308],[-95.274417,29.730196]]},"properties":{"RR_COMPANY":"Union Pacific Railroad Company","RR_ABRVN":"UP","RR_STATUS":"Active"}},{"type":"Feature","geometry":{"type":"LineString","coordinates":[[-95.275179,29.730673],[-95.274942,29.729968],[-95.27488,29.729804],[-95.274755,29.729542],[-95.274611,29.729308]]},"properties":{"RR_COMPANY":"Union Pacific Railroad Company","RR_ABRVN":"UP","RR_STATUS":"Active"}},{"type":"Feature","geometry":{"type":"LineString","coordinates":[[-95.273699,29.729747],[-95.273475,29.729441],[-95.273229,29.729167],[-95.271812,29.727856]]},"properties":{"RR_COMPANY":"Union Pacific Railroad Company","RR_ABRVN":"UP","RR_STATUS":"Active"}},{"type":"Feature","geometry":{"type":"LineString","coordinates":[[-95.309198,29.639974],[-95.310175,29.641229],[-95.310444,29.641477]]},"properties":{"RR_COMPANY":"BNSF Railway Company","RR_ABRVN":"BNSF","RR_STATUS":"Active"}},{"type":"Feature","geometry":{"type":"LineString","coordinates":[[-95.308735,29.638463],[-95.309198,29.639974]]},"properties":{"RR_COMPANY":"BNSF Railway Company","RR_ABRVN":"BNSF","RR_STATUS":"Active"}},{"type":"Feature","geometry":{"type":"LineString","coordinates":[[-95.308735,29.638463],[-95.308667,29.638377],[-95.308601,29.638312],[-95.308521,29.638251],[-95.308433,29.638199],[-95.308338,29.638158],[-95.308237,29.638129],[-95.308133,29.638111],[-95.308027,29.638106],[-95.307922,29.638113],[-95.307824,29.63813],[-95.306417,29.638485]]},"properties":{"RR_COMPANY":"BNSF Railway Company","RR_ABRVN":"BNSF","RR_STATUS":"Active"}},{"type":"Feature","geometry":{"type":"LineString","coordinates":[[-95.30586,29.626461],[-95.305849,29.626423],[-95.305712,29.625517]]},"properties":{"RR_COMPANY":"BNSF Railway Company","RR_ABRVN":"BNSF","RR_STATUS":"Active"}},{"type":"Feature","geometry":{"type":"LineString","coordinates":[[-95.305712,29.625517],[-95.308749,29.63576]]},"properties":{"RR_COMPANY":"BNSF Railway Company","RR_ABRVN":"BNSF","RR_STATUS":"Active"}},{"type":"Feature","geometry":{"type":"LineString","coordinates":[[-95.388725,29.690251],[-95.388739,29.690094],[-95.388729,29.689955],[-95.388694,29.689816],[-95.388635,29.68968],[-95.388552,29.689554],[-95.388448,29.689441],[-95.388325,29.689343],[-95.388187,29.689263],[-95.388017,29.689197],[-95.384163,29.688035]]},"properties":{"RR_COMPANY":"Union Pacific Railroad Company","RR_ABRVN":"UP","RR_STATUS":"Active"}},{"type":"Feature","geometry":{"type":"LineString","coordinates":[[-95.384163,29.688035],[-95.383962,29.688012],[-95.383775,29.688012],[-95.383587,29.688037],[-95.383405,29.688085],[-95.383233,29.688156],[-95.383071,29.688251],[-95.38293,29.688362],[-95.38281,29.688491],[-95.382726,29.68861],[-95.382661,29.688734],[-95.381588,29.691239]]},"properties":{"RR_COMPANY":"Union Pacific Railroad Company","RR_ABRVN":"UP","RR_STATUS":"Active"}},{"type":"Feature","geometry":{"type":"LineString","coordinates":[[-95.326621,29.695469],[-95.323496,29.685177]]},"properties":{"RR_COMPANY":null,"RR_ABRVN":null,"RR_STATUS":"Active"}},{"type":"Feature","geometry":{"type":"LineString","coordinates":[[-95.380917,29.687057],[-95.384163,29.688035]]},"properties":{"RR_COMPANY":"Union Pacific Railroad Company","RR_ABRVN":"UP","RR_STATUS":"Active"}},{"type":"Feature","geometry":{"type":"LineString","coordinates":[[-95.464961,29.649371],[-95.464983,29.648181],[-95.464993,29.648055],[-95.465015,29.64793],[-95.465074,29.647725],[-95.465164,29.647526],[-95.465278,29.647343],[-95.465432,29.647154]]},"properties":{"RR_COMPANY":null,"RR_ABRVN":null,"RR_STATUS":"Active"}},{"type":"Feature","geometry":{"type":"LineString","coordinates":[[-95.310444,29.641477],[-95.310673,29.641688]]},"properties":{"RR_COMPANY":"BNSF Railway Company","RR_ABRVN":"BNSF","RR_STATUS":"Active"}},{"type":"Feature","geometry":{"type":"LineString","coordinates":[[-95.467435,29.649434],[-95.467387,29.647631],[-95.4674,29.647421],[-95.467439,29.647214],[-95.467489,29.647047],[-95.467556,29.646884],[-95.467639,29.646727],[-95.467737,29.646577],[-95.467848,29.646439],[-95.467974,29.646306],[-95.468107,29.646188],[-95.468273,29.646063]]},"properties":{"RR_COMPANY":null,"RR_ABRVN":null,"RR_STATUS":"Active"}},{"type":"Feature","geometry":{"type":"LineString","coordinates":[[-95.309807,29.642129],[-95.309198,29.639974]]},"properties":{"RR_COMPANY":"BNSF Railway Company","RR_ABRVN":"BNSF","RR_STATUS":"Active"}},{"type":"Feature","geometry":{"type":"LineString","coordinates":[[-95.340323,29.752145],[-95.338068,29.750796],[-95.33676,29.749971],[-95.336534,29.749844],[-95.336293,29.749728],[-95.336061,29.749632],[-95.335822,29.749549],[-95.331357,29.748153],[-95.331159,29.748085],[-95.330967,29.748004],[-95.330781,29.747913],[-95.330604,29.74781],[-95.330438,29.7477],[-95.330277,29.747578],[-95.330127,29.747446],[-95.329987,29.747306],[-95.329827,29.747118],[-95.329686,29.746919],[-95.328708,29.74531],[-95.328619,29.745179],[-95.328518,29.745054],[-95.328404,29.744938],[-95.328275,29.744828],[-95.32814,29.744731],[-95.327995,29.744645],[-95.327843,29.74457],[-95.327678,29.744505],[-95.313978,29.740215],[-95.313772,29.740161],[-95.31356,29.740128],[-95.313344,29.740117],[-95.313134,29.740126],[-95.312921,29.740156],[-95.312717,29.740206],[-95.312522,29.740275],[-95.312323,29.740372]]},"properties":{"RR_COMPANY":"Union Pacific Railroad Company","RR_ABRVN":"UP","RR_STATUS":"Active"}},{"type":"Feature","geometry":{"type":"LineString","coordinates":[[-95.292005,29.744335],[-95.292132,29.744418],[-95.29223,29.744497],[-95.292323,29.744588],[-95.292404,29.744688],[-95.292474,29.744798],[-95.292529,29.744911],[-95.292569,29.745028],[-95.292595,29.745151],[-95.292608,29.745308],[-95.292607,29.745461],[-95.292589,29.745618],[-95.292558,29.745768],[-95.292511,29.74592],[-95.292451,29.746064],[-95.292377,29.746202],[-95.292284,29.746346],[-95.292103,29.746557],[-95.291905,29.746749],[-95.291685,29.746929],[-95.291452,29.747088],[-95.291189,29.747238],[-95.28952,29.748079],[-95.289447,29.748099],[-95.289372,29.748109],[-95.289227,29.7481],[-95.288181,29.747813],[-95.287964,29.747732],[-95.287765,29.74762],[-95.287592,29.74748],[-95.287448,29.747316],[-95.28576,29.744596],[-95.285683,29.744423],[-95.285635,29.744293],[-95.285606,29.744155],[-95.285599,29.744014],[-95.285614,29.743874],[-95.285648,29.74374],[-95.285703,29.743608],[-95.285778,29.743484],[-95.285872,29.743369],[-95.285978,29.743269],[-95.286103,29.743179],[-95.286235,29.743106],[-95.286382,29.743048],[-95.286532,29.743008],[-95.286686,29.742985],[-95.286828,29.74298],[-95.287022,29.742989]]},"properties":{"RR_COMPANY":"Union Pacific Railroad Company","RR_ABRVN":"UP","RR_STATUS":"Active"}},{"type":"Feature","geometry":{"type":"LineString","coordinates":[[-95.286106,29.750247],[-95.28326,29.745652],[-95.283061,29.74538],[-95.282838,29.745117],[-95.282597,29.744872],[-95.282334,29.74464],[-95.281296,29.743785],[-95.278355,29.74068],[-95.278212,29.740518],[-95.278081,29.740349],[-95.277926,29.740116],[-95.277793,29.739873],[-95.275676,29.735453]]},"properties":{"RR_COMPANY":"Union Pacific Railroad Company","RR_ABRVN":"UP","RR_STATUS":"Active"}},{"type":"Feature","geometry":{"type":"LineString","coordinates":[[-95.293724,29.745639],[-95.293666,29.745325],[-95.293576,29.745],[-95.293494,29.744776],[-95.293227,29.744127],[-95.293166,29.743996],[-95.293095,29.743871],[-95.293013,29.74375],[-95.29292,29.743635],[-95.292818,29.743526],[-95.292707,29.743425],[-95.292587,29.743331],[-95.292459,29.743246],[-95.292256,29.743135],[-95.29204,29.743045],[-95.290899,29.742687]]},"properties":{"RR_COMPANY":"Union Pacific Railroad Company","RR_ABRVN":"UP","RR_STATUS":"Active"}},{"type":"Feature","geometry":{"type":"LineString","coordinates":[[-95.272285,29.737424],[-95.272433,29.737846],[-95.272981,29.741047],[-95.273026,29.741257],[-95.273089,29.741459],[-95.273172,29.74166],[-95.27327,29.741852],[-95.273387,29.742039],[-95.273517,29.742215],[-95.273667,29.742385],[-95.273827,29.742541],[-95.274012,29.742694],[-95.27421,29.742834],[-95.276782,29.744441]]},"properties":{"RR_COMPANY":"Union Pacific Railroad Company","RR_ABRVN":"UP","RR_STATUS":"Active"}},{"type":"Feature","geometry":{"type":"LineString","coordinates":[[-95.276243,29.743941],[-95.274285,29.742711],[-95.274084,29.742566],[-95.273894,29.742403],[-95.273752,29.742259],[-95.273619,29.742102],[-95.2735,29.741937],[-95.273396,29.741765],[-95.273309,29.74159],[-95.273235,29.741406],[-95.273178,29.741218],[-95.273136,29.741026],[-95.272588,29.737817],[-95.27221,29.736723]]},"properties":{"RR_COMPANY":"Union Pacific Railroad Company","RR_ABRVN":"UP","RR_STATUS":"Active"}},{"type":"Feature","geometry":{"type":"LineString","coordinates":[[-95.279159,29.732964],[-95.27909,29.733456],[-95.278662,29.734744],[-95.280426,29.738331],[-95.282676,29.741334],[-95.282781,29.741464],[-95.282896,29.741587],[-95.283021,29.741702],[-95.283152,29.741808],[-95.283293,29.741907],[-95.283443,29.741998],[-95.283599,29.742079],[-95.283758,29.742149],[-95.283929,29.742211],[-95.284105,29.742263],[-95.286414,29.742838]]},"properties":{"RR_COMPANY":"Union Pacific Railroad Company","RR_ABRVN":"UP","RR_STATUS":"Active"}},{"type":"Feature","geometry":{"type":"LineString","coordinates":[[-95.275679,29.743419],[-95.274909,29.742629],[-95.27464,29.74216],[-95.274589,29.742043],[-95.274551,29.741916],[-95.274528,29.741765],[-95.274527,29.741606],[-95.27455,29.741455],[-95.274596,29.741302],[-95.274649,29.741186],[-95.274716,29.741075],[-95.275037,29.740655],[-95.275158,29.740517],[-95.275296,29.740393],[-95.27545,29.740284],[-95.275618,29.740191],[-95.275798,29.740116],[-95.275986,29.740061],[-95.27618,29.740025],[-95.276378,29.74001],[-95.276593,29.740016],[-95.276804,29.740043],[-95.277014,29.740092],[-95.277212,29.740161],[-95.277403,29.74025],[-95.277579,29.740356],[-95.277739,29.740479],[-95.277883,29.740617],[-95.280986,29.743955],[-95.281027,29.744031]]},"properties":{"RR_COMPANY":"Union Pacific Railroad Company","RR_ABRVN":"UP","RR_STATUS":"Active"}},{"type":"Feature","geometry":{"type":"LineString","coordinates":[[-95.346762,29.743786],[-95.343884,29.742095],[-95.343662,29.741971],[-95.343357,29.741819],[-95.343042,29.741683],[-95.342716,29.741561],[-95.342385,29.741458],[-95.342231,29.741403],[-95.342086,29.741325],[-95.341961,29.741233],[-95.341845,29.741116]]},"properties":{"RR_COMPANY":"Union Pacific Railroad Company","RR_ABRVN":"UP","RR_STATUS":"Active"}},{"type":"Feature","geometry":{"type":"LineString","coordinates":[[-95.27231,29.737653],[-95.272275,29.737894],[-95.272233,29.738097],[-95.272171,29.738307],[-95.272096,29.738509],[-95.272028,29.738646],[-95.271941,29.738774],[-95.271837,29.738891],[-95.271716,29.738996],[-95.271582,29.739088],[-95.271435,29.739164],[-95.271279,29.739223],[-95.271119,29.739264],[-95.270922,29.739291],[-95.270722,29.739292],[-95.268972,29.739137]]},"properties":{"RR_COMPANY":"Union Pacific Railroad Company","RR_ABRVN":"UP","RR_STATUS":"Active"}},{"type":"Feature","geometry":{"type":"LineString","coordinates":[[-95.273787,29.73477],[-95.273635,29.734823],[-95.273498,29.734859],[-95.273347,29.734898],[-95.273195,29.734951],[-95.273055,29.735014],[-95.272922,29.735087],[-95.272793,29.735174],[-95.272677,29.735267],[-95.272572,29.73537],[-95.272478,29.73548],[-95.272395,29.735597],[-95.272325,29.73572],[-95.272268,29.735848],[-95.272225,29.73598],[-95.272195,29.736115],[-95.27218,29.736252],[-95.272178,29.73638],[-95.27219,29.736537]]},"properties":{"RR_COMPANY":"Union Pacific Railroad Company","RR_ABRVN":"UP","RR_STATUS":"Active"}},{"type":"Feature","geometry":{"type":"LineString","coordinates":[[-95.294389,29.738715],[-95.296199,29.73629],[-95.29631,29.736159],[-95.296438,29.736035],[-95.296596,29.735911],[-95.296772,29.7358],[-95.296961,29.735708],[-95.297157,29.735635],[-95.297365,29.735581],[-95.297574,29.735548],[-95.297786,29.735535],[-95.298002,29.735543],[-95.298592,29.735593]]},"properties":{"RR_COMPANY":"Union Pacific Railroad Company","RR_ABRVN":"UP","RR_STATUS":"Active"}},{"type":"Feature","geometry":{"type":"LineString","coordinates":[[-95.333518,29.716518],[-95.333463,29.716865],[-95.333385,29.717181],[-95.333281,29.717491],[-95.333152,29.717794],[-95.332998,29.718088],[-95.33282,29.718372],[-95.332619,29.718644],[-95.3324,29.718898],[-95.315696,29.735745],[-95.315362,29.7361],[-95.315051,29.736467],[-95.314789,29.736812],[-95.314432,29.737325]]},"properties":{"RR_COMPANY":"Union Pacific Railroad Company","RR_ABRVN":"UP","RR_STATUS":"Active"}},{"type":"Feature","geometry":{"type":"LineString","coordinates":[[-95.27219,29.736537],[-95.271572,29.732416],[-95.271534,29.732244],[-95.271472,29.732079],[-95.271385,29.731922],[-95.271276,29.731775],[-95.27115,29.731645],[-95.271002,29.731528],[-95.270838,29.731428],[-95.270661,29.731347],[-95.270441,29.731279],[-95.270211,29.731241],[-95.268163,29.731099]]},"properties":{"RR_COMPANY":"Union Pacific Railroad Company","RR_ABRVN":"UP","RR_STATUS":"Active"}},{"type":"Feature","geometry":{"type":"LineString","coordinates":[[-95.263772,29.736417],[-95.263635,29.736274],[-95.263531,29.736149],[-95.263436,29.736012],[-95.263351,29.735864],[-95.263283,29.735715],[-95.263228,29.735557],[-95.263188,29.735396],[-95.263164,29.735233],[-95.263155,29.735086],[-95.263093,29.729561],[-95.263073,29.729358],[-95.263017,29.729159],[-95.262927,29.728971],[-95.262805,29.728796],[-95.262654,29.72864],[-95.262477,29.728506],[-95.262278,29.728398],[-95.262058,29.728315],[-95.261886,29.728274],[-95.261704,29.728251],[-95.26152,29.728246],[-95.261343,29.72826],[-95.261184,29.728289],[-95.259846,29.728604]]},"properties":{"RR_COMPANY":"Union Pacific Railroad Company","RR_ABRVN":"UP","RR_STATUS":"Active"}},{"type":"Feature","geometry":{"type":"LineString","coordinates":[[-95.389844,29.672736],[-95.389984,29.672673],[-95.390094,29.672612],[-95.3902,29.67254],[-95.3903,29.672457],[-95.390389,29.672366],[-95.390467,29.672267],[-95.390534,29.672163],[-95.390588,29.672052],[-95.390643,29.671888],[-95.390671,29.671716],[-95.390685,29.670751],[-95.390707,29.670572],[-95.390763,29.670404],[-95.390818,29.6703],[-95.391106,29.669845],[-95.391178,29.669693],[-95.391235,29.66953],[-95.391273,29.669363],[-95.391293,29.669194],[-95.391286,29.668684]]},"properties":{"RR_COMPANY":null,"RR_ABRVN":null,"RR_STATUS":"Active"}},{"type":"Feature","geometry":{"type":"LineString","coordinates":[[-95.440357,29.661834],[-95.439917,29.661455],[-95.439706,29.661281],[-95.439486,29.661114],[-95.439259,29.660955],[-95.439024,29.660804],[-95.438783,29.660662],[-95.438535,29.660529],[-95.43828,29.660405],[-95.43802,29.660291],[-95.437755,29.660186],[-95.437485,29.66009],[-95.437211,29.660005],[-95.436933,29.659929],[-95.436652,29.659864],[-95.436368,29.659809],[-95.436081,29.659764],[-95.435778,29.659728],[-95.435285,29.659695],[-95.434804,29.659692],[-95.43431,29.659718],[-95.43382,29.659775],[-95.433279,29.659875],[-95.430452,29.660518]]},"properties":{"RR_COMPANY":"Union Pacific Railroad Company","RR_ABRVN":"UP","RR_STATUS":"Active"}},{"type":"Feature","geometry":{"type":"LineString","coordinates":[[-95.290233,29.653385],[-95.290145,29.644509],[-95.290152,29.644373],[-95.29017,29.644271],[-95.290199,29.644168],[-95.290238,29.644067],[-95.290287,29.643969],[-95.290344,29.643879],[-95.290413,29.643791],[-95.29049,29.643708],[-95.290575,29.643632],[-95.290764,29.643504],[-95.29098,29.643405],[-95.291212,29.643341],[-95.291454,29.643314],[-95.29432,29.643227],[-95.294497,29.643209],[-95.294673,29.643179],[-95.294839,29.643137],[-95.295006,29.643082],[-95.295222,29.642989],[-95.303972,29.63868],[-95.304186,29.638556],[-95.304377,29.638406],[-95.304541,29.638234],[-95.304677,29.638039],[-95.304778,29.637833],[-95.304843,29.637612],[-95.304871,29.637389],[-95.304861,29.637161],[-95.304815,29.636945],[-95.302932,29.630689],[-95.302879,29.630464],[-95.302857,29.630231],[-95.302865,29.629997],[-95.302905,29.629766],[-95.302973,29.629544],[-95.303072,29.629327],[-95.303194,29.629128],[-95.303353,29.628925]]},"properties":{"RR_COMPANY":"BNSF Railway Company","RR_ABRVN":"BNSF","RR_STATUS":"Active"}},{"type":"Feature","geometry":{"type":"LineString","coordinates":[[-95.452254,29.652216],[-95.452385,29.652136],[-95.452486,29.652061],[-95.452583,29.651973],[-95.45267,29.651875],[-95.452744,29.651769],[-95.452806,29.651656],[-95.452853,29.651539],[-95.452885,29.651417],[-95.4529,29.651315],[-95.452905,29.651208],[-95.452863,29.649193],[-95.452841,29.64896],[-95.452782,29.648733],[-95.45269,29.648514],[-95.452562,29.648304],[-95.452405,29.648115],[-95.452221,29.647946],[-95.452013,29.647799],[-95.45178,29.647677],[-95.451537,29.647553],[-95.451384,29.647439],[-95.451254,29.647305],[-95.451148,29.647152],[-95.451085,29.647023],[-95.451041,29.646886],[-95.450968,29.6464],[-95.450928,29.646251],[-95.450887,29.646153],[-95.450835,29.646059],[-95.450774,29.64597],[-95.450698,29.645883],[-95.450564,29.645725],[-95.450456,29.645558],[-95.45037,29.645377],[-95.45031,29.645187],[-95.450285,29.645057],[-95.450272,29.644921],[-95.45026,29.644065]]},"properties":{"RR_COMPANY":null,"RR_ABRVN":null,"RR_STATUS":"Active"}},{"type":"Feature","geometry":{"type":"LineString","coordinates":[[-95.289351,29.773578],[-95.289359,29.771722],[-95.289359,29.771703]]},"properties":{"RR_COMPANY":"Union Pacific Railroad Company","RR_ABRVN":"UP","RR_STATUS":"Active"}},{"type":"Feature","geometry":{"type":"LineString","coordinates":[[-95.257182,29.773415],[-95.257106,29.770752],[-95.257095,29.770647],[-95.257072,29.770544],[-95.257021,29.770407],[-95.256947,29.770278],[-95.256853,29.77016],[-95.256739,29.770052],[-95.256609,29.769962],[-95.256464,29.769889],[-95.256311,29.769835],[-95.256147,29.769801],[-95.252915,29.769339],[-95.252797,29.769315],[-95.252685,29.769281],[-95.252531,29.769211],[-95.252394,29.769123],[-95.252273,29.769015],[-95.252173,29.768891],[-95.252099,29.768757],[-95.252049,29.768612],[-95.252027,29.768462],[-95.252032,29.768311],[-95.252038,29.768153],[-95.252015,29.767996],[-95.251963,29.767845],[-95.251883,29.767703],[-95.251779,29.767574],[-95.251652,29.767462],[-95.251506,29.767369],[-95.251486,29.76736]]},"properties":{"RR_COMPANY":"Union Pacific Railroad Company","RR_ABRVN":"UP","RR_STATUS":"Active"}},{"type":"Feature","geometry":{"type":"LineString","coordinates":[[-95.269533,29.770559],[-95.269558,29.770366],[-95.269566,29.770199],[-95.269543,29.769351],[-95.269519,29.769162],[-95.269455,29.768977],[-95.269354,29.768804],[-95.269219,29.76865],[-95.269058,29.768522],[-95.26887,29.768419],[-95.268668,29.768348],[-95.268442,29.768305]]},"properties":{"RR_COMPANY":"Union Pacific Railroad Company","RR_ABRVN":"UP","RR_STATUS":"Active"}},{"type":"Feature","geometry":{"type":"LineString","coordinates":[[-95.351316,29.773005],[-95.351469,29.772964],[-95.351594,29.772919],[-95.353355,29.772165],[-95.353659,29.77205],[-95.353972,29.771954],[-95.354293,29.77188],[-95.354619,29.771826],[-95.354922,29.771797],[-95.357445,29.771636],[-95.357586,29.771621],[-95.357754,29.771587]]},"properties":{"RR_COMPANY":"Union Pacific Railroad Company","RR_ABRVN":"UP","RR_STATUS":"Active"}},{"type":"Feature","geometry":{"type":"LineString","coordinates":[[-95.350779,29.773079],[-95.350932,29.773037],[-95.351058,29.772992],[-95.353285,29.772039],[-95.353604,29.771918],[-95.353935,29.771817],[-95.354271,29.77174],[-95.354616,29.771685],[-95.354913,29.771657],[-95.357816,29.771472],[-95.358282,29.771416]]},"properties":{"RR_COMPANY":"Union Pacific Railroad Company","RR_ABRVN":"UP","RR_STATUS":"Active"}},{"type":"Feature","geometry":{"type":"LineString","coordinates":[[-95.289359,29.771703],[-95.289365,29.769726],[-95.289352,29.769581],[-95.289325,29.769438],[-95.289286,29.769296],[-95.289228,29.769148]]},"properties":{"RR_COMPANY":"Union Pacific Railroad Company","RR_ABRVN":"UP","RR_STATUS":"Active"}},{"type":"Feature","geometry":{"type":"LineString","coordinates":[[-95.358858,29.771346],[-95.358392,29.771319],[-95.357929,29.771325],[-95.354919,29.771516],[-95.354551,29.771552],[-95.354184,29.771614],[-95.353827,29.7717],[-95.353479,29.77181],[-95.353215,29.771913],[-95.350253,29.77318]]},"properties":{"RR_COMPANY":"Union Pacific Railroad Company","RR_ABRVN":"UP","RR_STATUS":"Active"}},{"type":"Feature","geometry":{"type":"LineString","coordinates":[[-95.290748,29.755103],[-95.2909,29.755268],[-95.291025,29.755428],[-95.291139,29.755602],[-95.291234,29.75578],[-95.291314,29.755968],[-95.291376,29.756162],[-95.291419,29.756359],[-95.291443,29.756555],[-95.291768,29.768557],[-95.291761,29.76897],[-95.291717,29.769394]]},"properties":{"RR_COMPANY":"Union Pacific Railroad Company","RR_ABRVN":"UP","RR_STATUS":"Active"}},{"type":"Feature","geometry":{"type":"LineString","coordinates":[[-95.27231,29.737653],[-95.272285,29.737424]]},"properties":{"RR_COMPANY":"Union Pacific Railroad Company","RR_ABRVN":"UP","RR_STATUS":"Active"}},{"type":"Feature","geometry":{"type":"LineString","coordinates":[[-95.272285,29.737424],[-95.27221,29.736723]]},"properties":{"RR_COMPANY":"Union Pacific Railroad Company","RR_ABRVN":"UP","RR_STATUS":"Active"}},{"type":"Feature","geometry":{"type":"LineString","coordinates":[[-95.27221,29.736723],[-95.27219,29.736537]]},"properties":{"RR_COMPANY":"Union Pacific Railroad Company","RR_ABRVN":"UP","RR_STATUS":"Active"}},{"type":"Feature","geometry":{"type":"LineString","coordinates":[[-95.308412,29.787646],[-95.308674,29.787645]]},"properties":{"RR_COMPANY":"Union Pacific Railroad Company","RR_ABRVN":"UP","RR_STATUS":"Active"}},{"type":"Feature","geometry":{"type":"LineString","coordinates":[[-95.308674,29.787645],[-95.309137,29.787643]]},"properties":{"RR_COMPANY":"Union Pacific Railroad Company","RR_ABRVN":"UP","RR_STATUS":"Active"}},{"type":"Feature","geometry":{"type":"MultiLineString","coordinates":[[[-95.4334,29.782005],[-95.434116,29.782451],[-95.434965,29.782998],[-95.435405,29.78329],[-95.4367,29.784082],[-95.437278,29.784473],[-95.439165,29.785841],[-95.439798,29.7863],[-95.445746,29.790616],[-95.447304,29.791746],[-95.449581,29.793399],[-95.451393,29.794713],[-95.451655,29.794903],[-95.456514,29.798427],[-95.458973,29.80021]],[[-95.433409,29.782012],[-95.432756,29.781584],[-95.431939,29.781074],[-95.431142,29.780625],[-95.430312,29.780144],[-95.429228,29.779537],[-95.427882,29.778865],[-95.426595,29.778221],[-95.425992,29.777964],[-95.425377,29.777675],[-95.424681,29.77738],[-95.42339,29.776851],[-95.422083,29.776345],[-95.420794,29.77588],[-95.419464,29.775416],[-95.417859,29.774898],[-95.41643,29.774459],[-95.415133,29.774101],[-95.413775,29.773749],[-95.412706,29.773485],[-95.411504,29.773246],[-95.41026,29.773014],[-95.409075,29.772804],[-95.407614,29.772553],[-95.405177,29.772262],[-95.400832,29.771858],[-95.40054,29.771828],[-95.396103,29.771374],[-95.394421,29.771348],[-95.392823,29.771325],[-95.391435,29.771306],[-95.391149,29.77129],[-95.389734,29.771145],[-95.389569,29.771135],[-95.389389,29.771138],[-95.38921,29.771156],[-95.38904,29.771188],[-95.388858,29.771237],[-95.388713,29.771291],[-95.387277,29.771892],[-95.387232,29.771911],[-95.38702,29.771992],[-95.386808,29.772055],[-95.386585,29.772103],[-95.386358,29.772133],[-95.386116,29.772146],[-95.384659,29.772153],[-95.384634,29.772153],[-95.382957,29.772162],[-95.377904,29.772186],[-95.377892,29.772186],[-95.377325,29.772226],[-95.372317,29.772286],[-95.369008,29.772317],[-95.367829,29.772419],[-95.364506,29.77246],[-95.363515,29.7724],[-95.363183,29.772374],[-95.362749,29.772337],[-95.362403,29.772276],[-95.362057,29.772215],[-95.361791,29.772129],[-95.361408,29.772014],[-95.360991,29.771906],[-95.36067,29.771813],[-95.359628,29.771468],[-95.359484,29.77142],[-95.359084,29.771297],[-95.35889,29.771253],[-95.358693,29.771219],[-95.358494,29.771195],[-95.358294,29.771182],[-95.358087,29.771179],[-95.357886,29.771186],[-95.354888,29.771377],[-95.354553,29.77141],[-95.354181,29.77147],[-95.353816,29.771556],[-95.353459,29.771666],[-95.353117,29.771799],[-95.349593,29.773306],[-95.348312,29.773854],[-95.34712,29.774363],[-95.346756,29.774519],[-95.345033,29.775256],[-95.324405,29.784074],[-95.31601,29.787662],[-95.306139,29.79188],[-95.29235,29.797769],[-95.288644,29.799351],[-95.288484,29.799419],[-95.267162,29.80852],[-95.266903,29.808656],[-95.250176,29.815797],[-95.245142,29.817967],[-95.229841,29.824563]]]},"properties":{"RR_COMPANY":"Union Pacific Railroad Company","RR_ABRVN":"UP","RR_STATUS":"Active"}},{"type":"Feature","geometry":{"type":"LineString","coordinates":[[-95.255702,29.715061],[-95.255989,29.714995],[-95.256257,29.714949],[-95.258492,29.714674],[-95.258728,29.714652],[-95.259065,29.714643],[-95.259397,29.71466],[-95.259721,29.714702],[-95.260073,29.714773],[-95.260378,29.714866],[-95.260644,29.714966],[-95.261775,29.715484],[-95.263179,29.71591],[-95.265157,29.716387]]},"properties":{"RR_COMPANY":"Port Terminal Railroad Association","RR_ABRVN":"PTRA","RR_STATUS":"Active"}},{"type":"Feature","geometry":{"type":"LineString","coordinates":[[-95.267206,29.716561],[-95.268723,29.717154]]},"properties":{"RR_COMPANY":"Port Terminal Railroad Association","RR_ABRVN":"PTRA","RR_STATUS":"Active"}},{"type":"Feature","geometry":{"type":"LineString","coordinates":[[-95.267684,29.716964],[-95.25743,29.713628]]},"properties":{"RR_COMPANY":"Port Terminal Railroad Association","RR_ABRVN":"PTRA","RR_STATUS":"Active"}},{"type":"Feature","geometry":{"type":"LineString","coordinates":[[-95.265612,29.716034],[-95.260556,29.714389]]},"properties":{"RR_COMPANY":"Port Terminal Railroad Association","RR_ABRVN":"PTRA","RR_STATUS":"Active"}},{"type":"Feature","geometry":{"type":"LineString","coordinates":[[-95.265612,29.716034],[-95.267206,29.716561]]},"properties":{"RR_COMPANY":"Port Terminal Railroad Association","RR_ABRVN":"PTRA","RR_STATUS":"Active"}},{"type":"Feature","geometry":{"type":"LineString","coordinates":[[-95.265876,29.716121],[-95.265668,29.715956],[-95.257934,29.713465]]},"properties":{"RR_COMPANY":"Port Terminal Railroad Association","RR_ABRVN":"PTRA","RR_STATUS":"Active"}},{"type":"Feature","geometry":{"type":"LineString","coordinates":[[-95.266757,29.716412],[-95.264684,29.715362],[-95.259856,29.713879],[-95.257934,29.713465]]},"properties":{"RR_COMPANY":"Port Terminal Railroad Association","RR_ABRVN":"PTRA","RR_STATUS":"Active"}},{"type":"Feature","geometry":{"type":"LineString","coordinates":[[-95.265157,29.716387],[-95.266888,29.716806],[-95.268843,29.717194]]},"properties":{"RR_COMPANY":"Port Terminal Railroad Association","RR_ABRVN":"PTRA","RR_STATUS":"Active"}},{"type":"Feature","geometry":{"type":"LineString","coordinates":[[-95.274785,29.719461],[-95.274101,29.71899],[-95.273651,29.718767],[-95.270512,29.71775],[-95.268723,29.717154],[-95.256607,29.713179],[-95.255915,29.712988],[-95.252256,29.711802],[-95.251838,29.71167],[-95.251614,29.711609],[-95.251312,29.711557],[-95.251053,29.711533],[-95.250778,29.711537],[-95.250528,29.711549],[-95.250266,29.71158],[-95.250012,29.711615],[-95.249756,29.711637],[-95.246907,29.711947],[-95.241216,29.712757],[-95.240974,29.712798],[-95.240735,29.712852],[-95.240495,29.71292],[-95.240265,29.712998],[-95.240036,29.713092],[-95.239819,29.713194],[-95.23961,29.713308],[-95.239409,29.713432],[-95.239228,29.713559],[-95.239059,29.713692],[-95.238895,29.713836],[-95.238745,29.713984],[-95.238534,29.714223],[-95.238041,29.714854],[-95.237912,29.715008],[-95.237769,29.715152],[-95.237615,29.715287],[-95.237453,29.715408],[-95.237278,29.715521],[-95.237098,29.71562],[-95.236905,29.715709],[-95.23671,29.715783],[-95.236535,29.715838],[-95.236462,29.715856]]},"properties":{"RR_COMPANY":"Port Terminal Railroad Association","RR_ABRVN":"PTRA","RR_STATUS":"Active"}},{"type":"Feature","geometry":{"type":"LineString","coordinates":[[-95.285344,29.719522],[-95.284272,29.720396],[-95.281789,29.722419],[-95.281682,29.722518],[-95.281603,29.722608],[-95.281534,29.722705],[-95.281476,29.722807],[-95.281429,29.722913],[-95.281397,29.723018],[-95.281375,29.723125],[-95.281357,29.723397]]},"properties":{"RR_COMPANY":"Union Pacific Railroad Company","RR_ABRVN":"UP","RR_STATUS":"Active"}},{"type":"Feature","geometry":{"type":"LineString","coordinates":[[-95.285008,29.71799],[-95.285061,29.71838],[-95.285075,29.718607],[-95.285061,29.718842],[-95.28502,29.719071],[-95.284951,29.719298],[-95.284856,29.719514],[-95.284738,29.719717],[-95.284588,29.719922]]},"properties":{"RR_COMPANY":"Union Pacific Railroad Company","RR_ABRVN":"UP","RR_STATUS":"Active"}},{"type":"Feature","geometry":{"type":"LineString","coordinates":[[-95.284487,29.720221],[-95.284877,29.720099],[-95.285167,29.72006],[-95.285464,29.720059],[-95.285754,29.720094],[-95.28604,29.720166],[-95.286306,29.720272],[-95.286627,29.720522]]},"properties":{"RR_COMPANY":"Union Pacific Railroad Company","RR_ABRVN":"UP","RR_STATUS":"Active"}},{"type":"Feature","geometry":{"type":"LineString","coordinates":[[-95.521391,29.625642],[-95.521237,29.6257],[-95.468273,29.646063],[-95.465432,29.647154],[-95.452254,29.652216],[-95.449924,29.653212],[-95.4487,29.653662],[-95.432269,29.659888],[-95.431406,29.660201],[-95.430452,29.660518],[-95.396509,29.670731],[-95.389844,29.672736],[-95.389795,29.672751],[-95.387076,29.673569],[-95.38706,29.673573],[-95.37894,29.676015],[-95.378922,29.676019],[-95.377412,29.676473],[-95.377376,29.676484],[-95.375282,29.677113],[-95.375156,29.677151],[-95.363559,29.680757],[-95.340421,29.687609],[-95.339722,29.687829],[-95.339046,29.688069],[-95.33838,29.688333],[-95.337727,29.688619],[-95.337077,29.688933],[-95.336452,29.689263],[-95.335843,29.689615],[-95.335249,29.689987],[-95.33193,29.692159],[-95.327391,29.694989],[-95.32676,29.695382],[-95.326621,29.695469],[-95.314908,29.702768],[-95.314003,29.703316],[-95.313091,29.703854],[-95.312171,29.704383],[-95.311253,29.704898],[-95.299642,29.71154],[-95.29183,29.715788],[-95.28574,29.719286],[-95.285344,29.719522],[-95.284588,29.719922],[-95.283927,29.720271],[-95.283614,29.720416],[-95.283285,29.720529],[-95.282943,29.720609],[-95.282593,29.720654],[-95.282295,29.720665],[-95.279274,29.720639],[-95.27727,29.720622],[-95.277081,29.720615],[-95.27689,29.720598],[-95.2767,29.72057],[-95.276516,29.720532],[-95.276332,29.720483],[-95.276155,29.720425],[-95.27598,29.720356],[-95.275813,29.720279],[-95.275567,29.720143],[-95.275337,29.719986],[-95.274331,29.719029],[-95.272545,29.717524],[-95.27104,29.716334],[-95.270323,29.715898],[-95.270136,29.715778],[-95.269939,29.715669],[-95.269735,29.715572],[-95.269552,29.715498],[-95.269365,29.715433],[-95.266266,29.714272],[-95.251608,29.709079],[-95.250926,29.708826],[-95.250277,29.70864],[-95.249395,29.708457],[-95.248669,29.708305],[-95.246822,29.70808],[-95.246161,29.708013],[-95.245498,29.707976],[-95.244909,29.707966],[-95.241902,29.708194],[-95.236423,29.708758]]},"properties":{"RR_COMPANY":"Union Pacific Railroad Company","RR_ABRVN":"UP","RR_STATUS":"Active"}},{"type":"Feature","geometry":{"type":"LineString","coordinates":[[-95.347257,29.761343],[-95.347139,29.761433],[-95.347038,29.761497],[-95.346919,29.761557],[-95.346799,29.761603],[-95.346668,29.761638],[-95.346533,29.761661],[-95.346396,29.76167],[-95.346265,29.761666],[-95.346068,29.761637],[-95.343508,29.761053],[-95.343297,29.76098],[-95.343097,29.760886],[-95.340482,29.759415]]},"properties":{"RR_COMPANY":"Union Pacific Railroad Company","RR_ABRVN":"UP","RR_STATUS":"Active"}},{"type":"Feature","geometry":{"type":"LineString","coordinates":[[-95.349225,29.757926],[-95.349195,29.757842],[-95.349146,29.757741],[-95.34903,29.757541],[-95.348901,29.757379],[-95.348754,29.757234],[-95.348568,29.757087]]},"properties":{"RR_COMPANY":"Union Pacific Railroad Company","RR_ABRVN":"UP","RR_STATUS":"Active"}},{"type":"Feature","geometry":{"type":"LineString","coordinates":[[-95.349095,29.785221],[-95.349133,29.785501],[-95.349152,29.785777],[-95.349409,29.797025],[-95.34944,29.797262],[-95.349498,29.797491],[-95.349891,29.798554],[-95.350031,29.798976],[-95.350138,29.799405],[-95.350213,29.799839],[-95.350255,29.800277],[-95.350483,29.808845],[-95.350481,29.809243],[-95.350454,29.809639],[-95.350273,29.810995],[-95.350243,29.81131],[-95.35024,29.811623],[-95.350262,29.811927],[-95.350313,29.812266]]},"properties":{"RR_COMPANY":"Union Pacific Railroad Company","RR_ABRVN":"UP","RR_STATUS":"Active"}},{"type":"Feature","geometry":{"type":"LineString","coordinates":[[-95.347895,29.785552],[-95.347904,29.78387],[-95.347911,29.783722],[-95.347935,29.783543],[-95.347976,29.783361],[-95.34803,29.783193],[-95.348108,29.783003]]},"properties":{"RR_COMPANY":"Union Pacific Railroad Company","RR_ABRVN":"UP","RR_STATUS":"Active"}},{"type":"Feature","geometry":{"type":"LineString","coordinates":[[-95.347057,29.799781],[-95.346162,29.795899],[-95.346111,29.795258]]},"properties":{"RR_COMPANY":"Union Pacific Railroad Company","RR_ABRVN":"UP","RR_STATUS":"Active"}},{"type":"Feature","geometry":{"type":"LineString","coordinates":[[-95.344788,29.771215],[-95.344805,29.771546],[-95.344882,29.773656],[-95.344886,29.773784],[-95.344847,29.774092],[-95.344781,29.774361],[-95.34468,29.774598],[-95.344584,29.774806],[-95.344427,29.775026],[-95.344275,29.775226],[-95.344145,29.775363],[-95.343946,29.775561]]},"properties":{"RR_COMPANY":"Union Pacific Railroad Company","RR_ABRVN":"UP","RR_STATUS":"Active"}},{"type":"Feature","geometry":{"type":"LineString","coordinates":[[-95.346006,29.748358],[-95.346078,29.748538],[-95.346234,29.74893],[-95.346727,29.750169],[-95.347982,29.753969],[-95.348952,29.756716],[-95.349126,29.756908]]},"properties":{"RR_COMPANY":"Union Pacific Railroad Company","RR_ABRVN":"UP","RR_STATUS":"Active"}},{"type":"Feature","geometry":{"type":"LineString","coordinates":[[-95.345443,29.747705],[-95.345635,29.747906],[-95.345828,29.748128],[-95.346006,29.748358]]},"properties":{"RR_COMPANY":"Union Pacific Railroad Company","RR_ABRVN":"UP","RR_STATUS":"Active"}},{"type":"Feature","geometry":{"type":"LineString","coordinates":[[-95.345041,29.746108],[-95.345326,29.746308],[-95.345481,29.746434],[-95.345587,29.746522],[-95.345668,29.746595],[-95.345752,29.746718],[-95.345831,29.746818],[-95.345899,29.746921],[-95.345958,29.747032],[-95.346005,29.747143],[-95.346088,29.747324],[-95.346138,29.747522],[-95.346354,29.748781]]},"properties":{"RR_COMPANY":"Union Pacific Railroad Company","RR_ABRVN":"UP","RR_STATUS":"Active"}},{"type":"Feature","geometry":{"type":"LineString","coordinates":[[-95.33648,29.725446],[-95.342205,29.742705],[-95.342347,29.743089],[-95.34245,29.743324],[-95.342558,29.743547],[-95.342676,29.743767],[-95.342803,29.743982],[-95.342919,29.744207],[-95.343067,29.744456],[-95.343328,29.744813],[-95.343527,29.745033],[-95.343726,29.745232],[-95.344145,29.745541],[-95.344594,29.745831],[-95.345041,29.746108]]},"properties":{"RR_COMPANY":"Union Pacific Railroad Company","RR_ABRVN":"UP","RR_STATUS":"Active"}},{"type":"Feature","geometry":{"type":"LineString","coordinates":[[-95.32676,29.695382],[-95.326919,29.695904],[-95.327652,29.698318],[-95.33148,29.709866],[-95.331679,29.710467],[-95.333329,29.715441],[-95.33373,29.716651],[-95.336795,29.725892],[-95.341845,29.741116],[-95.341909,29.741309],[-95.342373,29.742708],[-95.342505,29.743058],[-95.342625,29.743329],[-95.342734,29.743605],[-95.342855,29.743887],[-95.342996,29.744166],[-95.343209,29.744509],[-95.343381,29.74475],[-95.343593,29.744996],[-95.343865,29.745245],[-95.344149,29.745456],[-95.344463,29.74565],[-95.344784,29.745849],[-95.345084,29.74605],[-95.345419,29.746295],[-95.34552,29.746391],[-95.345639,29.7465],[-95.345776,29.746634],[-95.345852,29.746757],[-95.345926,29.74686],[-95.346019,29.74702],[-95.346116,29.7472],[-95.346161,29.747326],[-95.346194,29.7475],[-95.346234,29.747808],[-95.346275,29.748023],[-95.34634,29.748393],[-95.346453,29.748803],[-95.346998,29.750304],[-95.34893,29.755829],[-95.348973,29.756015],[-95.349038,29.75622],[-95.349147,29.756525],[-95.349276,29.757008],[-95.349342,29.757429],[-95.349363,29.757564]]},"properties":{"RR_COMPANY":"Union Pacific Railroad Company","RR_ABRVN":"UP","RR_STATUS":"Active"}},{"type":"Feature","geometry":{"type":"LineString","coordinates":[[-95.297139,29.596556],[-95.297947,29.599259],[-95.304564,29.621178],[-95.304632,29.621402],[-95.305808,29.625282],[-95.310673,29.641688],[-95.319787,29.672408],[-95.324128,29.686713],[-95.32676,29.695382]]},"properties":{"RR_COMPANY":"BNSF Railway Company","RR_ABRVN":"BNSF","RR_STATUS":"Active"}},{"type":"Feature","geometry":{"type":"LineString","coordinates":[[-95.334082,29.760403],[-95.334142,29.760353],[-95.334311,29.760171],[-95.336986,29.756789],[-95.337102,29.756623],[-95.337206,29.75645],[-95.337295,29.756271],[-95.337372,29.756085],[-95.337443,29.755911],[-95.337525,29.755747],[-95.337618,29.755587],[-95.337727,29.755429],[-95.339696,29.752938]]},"properties":{"RR_COMPANY":"Union Pacific Railroad Company","RR_ABRVN":"UP","RR_STATUS":"Active"}},{"type":"Feature","geometry":{"type":"LineString","coordinates":[[-95.257031,29.746203],[-95.267907,29.745942],[-95.274492,29.745784],[-95.274859,29.745789],[-95.275224,29.745819],[-95.275591,29.745877],[-95.275945,29.74596],[-95.276296,29.746071],[-95.27663,29.746204],[-95.27695,29.746361],[-95.277254,29.74654],[-95.283018,29.750247],[-95.286391,29.752479],[-95.286697,29.752666],[-95.28701,29.752844],[-95.288225,29.753471],[-95.288727,29.753755],[-95.28913,29.75401],[-95.290748,29.755103]]},"properties":{"RR_COMPANY":"Port Terminal Railroad Association","RR_ABRVN":"PTRA","RR_STATUS":"Active"}},{"type":"Feature","geometry":{"type":"MultiLineString","coordinates":[[[-95.333378,29.716095],[-95.33336,29.716486],[-95.333305,29.716837],[-95.333216,29.71719],[-95.333097,29.717528],[-95.332943,29.717863],[-95.332757,29.718186],[-95.332541,29.718495],[-95.332302,29.71878],[-95.315574,29.735653],[-95.315233,29.736016],[-95.314915,29.736392],[-95.314649,29.736743],[-95.314277,29.737277]],[[-95.314277,29.737277],[-95.311966,29.740616],[-95.311959,29.740626],[-95.305333,29.750198],[-95.303585,29.752797],[-95.303579,29.752807],[-95.302114,29.754985],[-95.302096,29.755011],[-95.300678,29.75712],[-95.298955,29.759683],[-95.297546,29.761778],[-95.29754,29.761787],[-95.289192,29.774198],[-95.288983,29.774508],[-95.288776,29.774849],[-95.288603,29.775203],[-95.288465,29.775569],[-95.288364,29.775944],[-95.288306,29.776281],[-95.288277,29.776616],[-95.288273,29.776828],[-95.288289,29.77769],[-95.288298,29.778201],[-95.288609,29.795245],[-95.288642,29.798243],[-95.288642,29.798267],[-95.288643,29.798388],[-95.288643,29.799171],[-95.288644,29.799351],[-95.288626,29.803621],[-95.288522,29.82779],[-95.288497,29.830782],[-95.288419,29.840331],[-95.288376,29.845505]],[[-95.314432,29.737325],[-95.314277,29.737277]]]},"properties":{"RR_COMPANY":"Union Pacific Railroad Company","RR_ABRVN":"UP","RR_STATUS":"Active"}},{"type":"Feature","geometry":{"type":"MultiLineString","coordinates":[[[-95.241858,29.670336],[-95.242552,29.671036],[-95.250537,29.679569],[-95.281511,29.712866],[-95.282033,29.713403],[-95.282466,29.713884],[-95.282938,29.7145],[-95.283406,29.715194],[-95.285008,29.71799],[-95.285819,29.719239],[-95.286683,29.720611],[-95.291369,29.728259],[-95.29152,29.728489],[-95.291681,29.728714],[-95.291851,29.728933],[-95.292024,29.729139],[-95.292213,29.729347],[-95.292402,29.72954],[-95.292608,29.729735],[-95.292814,29.729916],[-95.293036,29.730097],[-95.293256,29.730264],[-95.293493,29.73043],[-95.293727,29.730582],[-95.293977,29.730733],[-95.294224,29.730869],[-95.294743,29.731123],[-95.295197,29.73131],[-95.295653,29.731469],[-95.305215,29.734451],[-95.305757,29.734621],[-95.30678,29.73494],[-95.307258,29.735089],[-95.314277,29.737277]],[[-95.314432,29.737325],[-95.341939,29.745948],[-95.342926,29.746241],[-95.343333,29.74636],[-95.343721,29.746515],[-95.344101,29.746708],[-95.344456,29.746918],[-95.344766,29.74713],[-95.34508,29.747377],[-95.345345,29.74761],[-95.345443,29.747705],[-95.345602,29.747825],[-95.34578,29.747984],[-95.345934,29.748145],[-95.346081,29.748323],[-95.346238,29.748558],[-95.346327,29.748721],[-95.34641,29.748904],[-95.346881,29.75013],[-95.348902,29.756178],[-95.349095,29.756777],[-95.349205,29.75725],[-95.349234,29.757541],[-95.349243,29.75774],[-95.349231,29.757927],[-95.349199,29.758198],[-95.349145,29.75849],[-95.34906,29.758774],[-95.348943,29.759052],[-95.348798,29.759316],[-95.348634,29.759555],[-95.347884,29.760528]],[[-95.347895,29.760512],[-95.347247,29.761354],[-95.347237,29.761367],[-95.346005,29.762975],[-95.345874,29.763146],[-95.345825,29.763207],[-95.345645,29.763445],[-95.345482,29.763654],[-95.345336,29.763885],[-95.345234,29.76408],[-95.345145,29.764315],[-95.345072,29.764504],[-95.345034,29.764626],[-95.344983,29.76475],[-95.344859,29.765089],[-95.344787,29.765295],[-95.344733,29.765544],[-95.344684,29.765803],[-95.344677,29.76609],[-95.344714,29.768859],[-95.344741,29.769987],[-95.344788,29.771215],[-95.344845,29.771645],[-95.344937,29.772505],[-95.344989,29.772819],[-95.345068,29.773045],[-95.345135,29.773236],[-95.345206,29.773437],[-95.345334,29.773691],[-95.345642,29.774175],[-95.346306,29.774988],[-95.347032,29.775811],[-95.347164,29.775987],[-95.347787,29.776634],[-95.347943,29.776807],[-95.348085,29.77699],[-95.348211,29.77718],[-95.34832,29.777374],[-95.348414,29.777579],[-95.34849,29.777784],[-95.348551,29.777998],[-95.348593,29.778211],[-95.348616,29.7784],[-95.348626,29.778589],[-95.348651,29.782106],[-95.348651,29.782118],[-95.34875,29.7832],[-95.348899,29.784116],[-95.348916,29.784385],[-95.348916,29.784423],[-95.348958,29.785549],[-95.348974,29.785909],[-95.348928,29.786254],[-95.348832,29.786631],[-95.348697,29.787025],[-95.348544,29.787403],[-95.348404,29.787775],[-95.347911,29.789095],[-95.346534,29.792651],[-95.346354,29.793068],[-95.346079,29.793665],[-95.345995,29.793844],[-95.345911,29.794031],[-95.344937,29.796437],[-95.342792,29.80173],[-95.342744,29.801848],[-95.33544,29.819873],[-95.321325,29.854681],[-95.32081,29.85595],[-95.295532,29.918226]]]},"properties":{"RR_COMPANY":"Union Pacific Railroad Company","RR_ABRVN":"UP","RR_STATUS":"Active"}},{"type":"Feature","geometry":{"type":"MultiLineString","coordinates":[[[-95.349593,29.773306],[-95.349369,29.773465],[-95.349269,29.773555],[-95.349202,29.77363],[-95.349147,29.773695],[-95.349047,29.773838],[-95.348972,29.773983],[-95.348916,29.774136],[-95.34888,29.774293],[-95.348864,29.774478],[-95.348869,29.77537],[-95.348884,29.778245],[-95.348972,29.782297],[-95.348991,29.783215],[-95.349011,29.783464],[-95.349095,29.785221]],[[-95.349094,29.785199],[-95.349085,29.785521],[-95.349093,29.785887],[-95.349075,29.786255],[-95.349005,29.786625],[-95.348903,29.78698],[-95.348745,29.787397],[-95.348605,29.787775],[-95.347984,29.789256],[-95.347944,29.789372],[-95.346861,29.792078],[-95.346646,29.792594],[-95.346479,29.793005],[-95.346343,29.793346],[-95.346199,29.793654],[-95.346135,29.793832],[-95.346094,29.794024],[-95.346045,29.794273],[-95.34604,29.794586],[-95.346054,29.794865],[-95.34609,29.795152],[-95.346147,29.795436],[-95.350313,29.812266],[-95.350353,29.81243],[-95.351574,29.817361],[-95.35165,29.817668],[-95.351713,29.81792],[-95.35216,29.819725],[-95.352715,29.821966],[-95.352782,29.822241],[-95.36617,29.876266],[-95.368596,29.88597]]]},"properties":{"RR_COMPANY":"Union Pacific Railroad Company","RR_ABRVN":"UP","RR_STATUS":"Active"}},{"type":"Feature","geometry":{"type":"LineString","coordinates":[[-95.327565,29.782558],[-95.327918,29.782355],[-95.328308,29.7821],[-95.328483,29.781921],[-95.328551,29.78183],[-95.328611,29.781729],[-95.328659,29.781628],[-95.328697,29.78152],[-95.3287,29.781407],[-95.328697,29.781248],[-95.328627,29.77697],[-95.328604,29.772283],[-95.32859,29.771375],[-95.328521,29.766945],[-95.328528,29.766843],[-95.328519,29.766745],[-95.328488,29.766624],[-95.328432,29.766504],[-95.328354,29.766394],[-95.328256,29.766296],[-95.328145,29.766218],[-95.328016,29.766153],[-95.327882,29.76611],[-95.32773,29.766083]]},"properties":{"RR_COMPANY":"Union Pacific Railroad Company","RR_ABRVN":"UP","RR_STATUS":"Active"}},{"type":"Feature","geometry":{"type":"LineString","coordinates":[[-95.330015,29.781512],[-95.329811,29.781532],[-95.329618,29.781516],[-95.329434,29.781464],[-95.329263,29.781378],[-95.32912,29.781263],[-95.329053,29.781204],[-95.328992,29.781141],[-95.328937,29.781082],[-95.328876,29.780997],[-95.328824,29.780888],[-95.32878,29.780747],[-95.328685,29.78056]]},"properties":{"RR_COMPANY":"Union Pacific Railroad Company","RR_ABRVN":"UP","RR_STATUS":"Active"}},{"type":"Feature","geometry":{"type":"LineString","coordinates":[[-95.256664,29.732203],[-95.264938,29.737658],[-95.265611,29.738098],[-95.28032,29.747717],[-95.284152,29.750222],[-95.286632,29.751823],[-95.286727,29.751885],[-95.290997,29.754641],[-95.292416,29.755578],[-95.292611,29.755709],[-95.293097,29.756035],[-95.29422,29.756811],[-95.294244,29.756828],[-95.296055,29.75808],[-95.29641,29.758314],[-95.296771,29.758541],[-95.297267,29.758833],[-95.297773,29.75911],[-95.29829,29.759373],[-95.298811,29.759619],[-95.298955,29.759683],[-95.299501,29.759915],[-95.300059,29.760131],[-95.300625,29.760331],[-95.301198,29.760514],[-95.311115,29.763366],[-95.311137,29.763372],[-95.314367,29.7643],[-95.314389,29.764306],[-95.316813,29.765003],[-95.316828,29.765007],[-95.319356,29.765733],[-95.319673,29.765818],[-95.320179,29.765933],[-95.320691,29.766023],[-95.321209,29.766089],[-95.321729,29.76613],[-95.32238,29.766147],[-95.325083,29.766115],[-95.32522,29.766113],[-95.325232,29.766113],[-95.32773,29.766083],[-95.327752,29.766083]]},"properties":{"RR_COMPANY":"Union Pacific Railroad Company","RR_ABRVN":"UP","RR_STATUS":"Active"}},{"type":"Feature","geometry":{"type":"LineString","coordinates":[[-95.348285,29.773686],[-95.348476,29.773578],[-95.348633,29.773411],[-95.348714,29.773252],[-95.348768,29.773128],[-95.348806,29.772964],[-95.34881,29.7703],[-95.348807,29.769678],[-95.348795,29.768833],[-95.348797,29.768782],[-95.348812,29.768623],[-95.348865,29.768412],[-95.348955,29.768206],[-95.348976,29.768172],[-95.349086,29.767936],[-95.34925,29.767669],[-95.349411,29.767488],[-95.349579,29.767345],[-95.349707,29.767263],[-95.349819,29.767209],[-95.349996,29.767113],[-95.350144,29.767033]]},"properties":{"RR_COMPANY":"Union Pacific Railroad Company","RR_ABRVN":"UP","RR_STATUS":"Active"}},{"type":"Feature","geometry":{"type":"LineString","coordinates":[[-95.344717,29.796773],[-95.345799,29.794187],[-95.345977,29.793761],[-95.345998,29.793702],[-95.346008,29.793637],[-95.346034,29.793471],[-95.346023,29.792813],[-95.346001,29.791047],[-95.346004,29.789274],[-95.345918,29.78632],[-95.345881,29.786109],[-95.34584,29.785867],[-95.345792,29.78558],[-95.345494,29.784709]]},"properties":{"RR_COMPANY":"Union Pacific Railroad Company","RR_ABRVN":"UP","RR_STATUS":"Active"}},{"type":"Feature","geometry":{"type":"LineString","coordinates":[[-95.243179,29.89629],[-95.243341,29.896198],[-95.243427,29.896166],[-95.243522,29.896143],[-95.243571,29.89612],[-95.244462,29.895255],[-95.247743,29.892072],[-95.25024,29.88965],[-95.250284,29.889396]]},"properties":{"RR_COMPANY":"Union Pacific Railroad Company","RR_ABRVN":"UP","RR_STATUS":"Active"}},{"type":"Feature","geometry":{"type":"LineString","coordinates":[[-95.344897,29.775315],[-95.345198,29.775241],[-95.345422,29.775203],[-95.34564,29.775184],[-95.345781,29.775197],[-95.346028,29.775229],[-95.346256,29.775288],[-95.3464,29.775339],[-95.346551,29.775418],[-95.346715,29.775513],[-95.346868,29.775625]]},"properties":{"RR_COMPANY":"Union Pacific Railroad Company","RR_ABRVN":"UP","RR_STATUS":"Active"}},{"type":"Feature","geometry":{"type":"LineString","coordinates":[[-95.439165,29.785841],[-95.438937,29.78562],[-95.438753,29.785395],[-95.438601,29.785154],[-95.438478,29.784892],[-95.438394,29.784627],[-95.438344,29.784347],[-95.438333,29.784065],[-95.43836,29.783787],[-95.438388,29.783644],[-95.438428,29.783499],[-95.438534,29.783225],[-95.438662,29.782988],[-95.438881,29.782668]]},"properties":{"RR_COMPANY":"Union Pacific Railroad Company","RR_ABRVN":"UP","RR_STATUS":"Active"}},{"type":"Feature","geometry":{"type":"LineString","coordinates":[[-95.327734,29.82006],[-95.327463,29.820042],[-95.327249,29.820015],[-95.327025,29.819971],[-95.326801,29.819911],[-95.324328,29.81902],[-95.324162,29.81896],[-95.313806,29.81533],[-95.31354,29.815244],[-95.311597,29.814562],[-95.309926,29.813976],[-95.302318,29.811305],[-95.292831,29.807975]]},"properties":{"RR_COMPANY":"Union Pacific Railroad Company","RR_ABRVN":"UP","RR_STATUS":"Active"}},{"type":"Feature","geometry":{"type":"LineString","coordinates":[[-95.327565,29.782558],[-95.330015,29.781512],[-95.343841,29.775606]]},"properties":{"RR_COMPANY":"Union Pacific Railroad Company","RR_ABRVN":"UP","RR_STATUS":"Active"}},{"type":"Feature","geometry":{"type":"LineString","coordinates":[[-95.312444,29.786224],[-95.312447,29.786007],[-95.312461,29.785864],[-95.312474,29.774608],[-95.312478,29.773865],[-95.312524,29.766188]]},"properties":{"RR_COMPANY":"Union Pacific Railroad Company","RR_ABRVN":"UP","RR_STATUS":"Active"}},{"type":"Feature","geometry":{"type":"LineString","coordinates":[[-95.315628,29.787526],[-95.31476,29.787754],[-95.314216,29.787784],[-95.313873,29.787796],[-95.313631,29.787781],[-95.313249,29.787723],[-95.31298,29.787669],[-95.3128,29.787551],[-95.312722,29.787471],[-95.312601,29.787259],[-95.312526,29.787068],[-95.312447,29.786694],[-95.312444,29.786224]]},"properties":{"RR_COMPANY":"Union Pacific Railroad Company","RR_ABRVN":"UP","RR_STATUS":"Active"}},{"type":"Feature","geometry":{"type":"LineString","coordinates":[[-95.312444,29.786224],[-95.312389,29.786511],[-95.312339,29.786691],[-95.312291,29.786795],[-95.31223,29.786976],[-95.31215,29.787156],[-95.312055,29.78733],[-95.311944,29.787496],[-95.311821,29.787651]]},"properties":{"RR_COMPANY":"Union Pacific Railroad Company","RR_ABRVN":"UP","RR_STATUS":"Active"}},{"type":"Feature","geometry":{"type":"MultiLineString","coordinates":[[[-95.449157,29.653564],[-95.448888,29.653692],[-95.448471,29.65394],[-95.448263,29.654099],[-95.448052,29.654274],[-95.447856,29.654477],[-95.447673,29.654684],[-95.447485,29.654891],[-95.447301,29.65512],[-95.447141,29.655351],[-95.446993,29.655603],[-95.446863,29.655847],[-95.44675,29.656091],[-95.44664,29.656342],[-95.446564,29.656579],[-95.446514,29.656719],[-95.446472,29.656892],[-95.446408,29.657145],[-95.446365,29.657534],[-95.446355,29.657915],[-95.446581,29.668329],[-95.446591,29.668715],[-95.447745,29.726188],[-95.447778,29.727005],[-95.447786,29.727821],[-95.448676,29.765938],[-95.448672,29.76643],[-95.448635,29.766921],[-95.448565,29.767409],[-95.448462,29.767893],[-95.448326,29.76837],[-95.448158,29.76884],[-95.447959,29.7693],[-95.447728,29.769748],[-95.44753,29.770085],[-95.447321,29.770406],[-95.441716,29.778492],[-95.441204,29.77923],[-95.438837,29.782645],[-95.438686,29.782875],[-95.438587,29.783036],[-95.438487,29.783154],[-95.438351,29.783287],[-95.43821,29.783393],[-95.438033,29.783492],[-95.437833,29.783586],[-95.437667,29.783629],[-95.437465,29.783667],[-95.437257,29.783696],[-95.437054,29.783707],[-95.436837,29.783699],[-95.436611,29.783666],[-95.436409,29.783622],[-95.436212,29.783572],[-95.436013,29.783506],[-95.435828,29.783427],[-95.435645,29.783331],[-95.435369,29.783149],[-95.434982,29.782891],[-95.433986,29.782291],[-95.433185,29.781769],[-95.432278,29.781216],[-95.431333,29.780669],[-95.43052,29.780208],[-95.429552,29.779652],[-95.428691,29.77921],[-95.426719,29.778218]],[[-95.350137,29.767035],[-95.356356,29.765377],[-95.356627,29.765285],[-95.356838,29.765207],[-95.357002,29.765178],[-95.35717,29.765168],[-95.357353,29.76515],[-95.357569,29.76515],[-95.357906,29.765231],[-95.358703,29.765405],[-95.361369,29.766052],[-95.361565,29.766103],[-95.361842,29.766218],[-95.361918,29.766253],[-95.362012,29.766287],[-95.362204,29.766346],[-95.362572,29.766424],[-95.363037,29.766517],[-95.366041,29.767293],[-95.36859,29.767864],[-95.369241,29.768054],[-95.371208,29.768643],[-95.3714,29.768691],[-95.371522,29.768709],[-95.375128,29.769081],[-95.388469,29.77045],[-95.399843,29.771707],[-95.402188,29.771934],[-95.405119,29.772223],[-95.406413,29.772365],[-95.407914,29.772564],[-95.408937,29.772738],[-95.409847,29.772889],[-95.410844,29.773066],[-95.411731,29.773235],[-95.412606,29.77341],[-95.41346,29.773609],[-95.414251,29.773811],[-95.414968,29.773988],[-95.415914,29.774245],[-95.416639,29.77445],[-95.417637,29.774742],[-95.418202,29.774932],[-95.418972,29.775191],[-95.419815,29.775488],[-95.420527,29.775725],[-95.421353,29.775994],[-95.42198,29.776219],[-95.422732,29.776515],[-95.423598,29.776885],[-95.424405,29.777211],[-95.425208,29.777558],[-95.425701,29.777776],[-95.426719,29.778218]],[[-95.426719,29.778218],[-95.426754,29.778228]]]},"properties":{"RR_COMPANY":"Union Pacific Railroad Company","RR_ABRVN":"UP","RR_STATUS":"Active"}},{"type":"Feature","geometry":{"type":"LineString","coordinates":[[-95.312444,29.786224],[-95.312369,29.786355],[-95.312329,29.786566],[-95.312265,29.786695],[-95.312138,29.786868],[-95.31203,29.786987],[-95.311946,29.787085],[-95.311858,29.787155],[-95.311752,29.787251],[-95.311593,29.787334],[-95.31147,29.787403],[-95.311325,29.787471],[-95.311181,29.787523],[-95.310984,29.787549],[-95.310822,29.787588],[-95.310588,29.787635]]},"properties":{"RR_COMPANY":"Union Pacific Railroad Company","RR_ABRVN":"UP","RR_STATUS":"Active"}},{"type":"Feature","geometry":{"type":"LineString","coordinates":[[-95.25203,29.767369],[-95.258571,29.768235],[-95.258628,29.768243],[-95.259018,29.768277],[-95.259405,29.768286],[-95.276652,29.768055],[-95.276679,29.768054],[-95.279871,29.768011],[-95.279887,29.768011],[-95.280375,29.768004],[-95.280419,29.768004],[-95.287166,29.767912],[-95.287339,29.767917],[-95.287512,29.767933],[-95.287797,29.767987],[-95.288071,29.768074],[-95.288329,29.768192],[-95.288561,29.768335],[-95.288775,29.768508],[-95.28896,29.768704],[-95.289117,29.768926],[-95.289186,29.769051],[-95.289228,29.769148]]},"properties":{"RR_COMPANY":"Union Pacific Railroad Company","RR_ABRVN":"UP","RR_STATUS":"Active"}},{"type":"Feature","geometry":{"type":"LineString","coordinates":[[-95.328414,29.819861],[-95.32845,29.819864],[-95.329086,29.819904],[-95.329784,29.819924],[-95.33544,29.819873],[-95.349268,29.819751],[-95.350153,29.819743],[-95.35216,29.819725],[-95.354049,29.819708],[-95.375302,29.819517],[-95.377116,29.819488],[-95.377172,29.819491],[-95.377346,29.819489],[-95.377355,29.819489],[-95.405731,29.819099],[-95.407908,29.819084],[-95.410091,29.819094],[-95.410662,29.8191],[-95.448797,29.819842],[-95.450157,29.819796],[-95.450757,29.819834],[-95.451601,29.819885],[-95.452276,29.820066],[-95.452938,29.820283],[-95.453583,29.820535],[-95.454208,29.820821],[-95.454813,29.821139],[-95.455394,29.82149],[-95.45595,29.821871],[-95.456477,29.82228],[-95.45673,29.822496],[-95.456975,29.822717],[-95.457212,29.822946],[-95.457441,29.82318],[-95.457662,29.823421],[-95.45805,29.824034],[-95.458295,29.82442],[-95.458466,29.824792],[-95.458581,29.82496],[-95.458864,29.825427],[-95.472578,29.849698]]},"properties":{"RR_COMPANY":"BNSF Railway Company","RR_ABRVN":"BNSF","RR_STATUS":"Active"}},{"type":"Feature","geometry":{"type":"LineString","coordinates":[[-95.43152,29.584077],[-95.431591,29.584158],[-95.431679,29.584229],[-95.431765,29.584284],[-95.431854,29.584336],[-95.431952,29.584374],[-95.43209,29.584403],[-95.432195,29.584422],[-95.432228,29.584426]]},"properties":{"RR_COMPANY":null,"RR_ABRVN":null,"RR_STATUS":"Active"}},{"type":"Feature","geometry":{"type":"LineString","coordinates":[[-95.359628,29.771468],[-95.359213,29.771242],[-95.357477,29.770345],[-95.357383,29.770285],[-95.357301,29.770214],[-95.357229,29.770129],[-95.357172,29.770035],[-95.356461,29.768471]]},"properties":{"RR_COMPANY":"Union Pacific Railroad Company","RR_ABRVN":"UP","RR_STATUS":"Active"}},{"type":"Feature","geometry":{"type":"LineString","coordinates":[[-95.329784,29.819924],[-95.329283,29.819939],[-95.328776,29.819966],[-95.32827,29.820005],[-95.327765,29.820056],[-95.327734,29.82006],[-95.327012,29.820155],[-95.326294,29.820273],[-95.325583,29.820416],[-95.324878,29.820582],[-95.324181,29.820772],[-95.323493,29.820985],[-95.322815,29.821221],[-95.322176,29.821467],[-95.32152,29.821746],[-95.320877,29.822048],[-95.320247,29.82237],[-95.319632,29.822713],[-95.319033,29.823077],[-95.31845,29.82346],[-95.317884,29.823863],[-95.31736,29.824265],[-95.317012,29.824549],[-95.316695,29.824821],[-95.316364,29.825119],[-95.316062,29.825404],[-95.29349,29.847368],[-95.293481,29.847377],[-95.286328,29.854334],[-95.261984,29.878002],[-95.250187,29.889491],[-95.243179,29.89629],[-95.236833,29.902444]]},"properties":{"RR_COMPANY":"Union Pacific Railroad Company","RR_ABRVN":"UP","RR_STATUS":"Active"}},{"type":"Feature","geometry":{"type":"LineString","coordinates":[[-95.431314,29.78287],[-95.431787,29.782331],[-95.431871,29.782247],[-95.431957,29.782175],[-95.43205,29.78211],[-95.43215,29.782053],[-95.432259,29.782002],[-95.432405,29.781951],[-95.43256,29.781915],[-95.432719,29.781896],[-95.432876,29.781894],[-95.433031,29.781908],[-95.433184,29.781939],[-95.433331,29.781985],[-95.433479,29.782049]]},"properties":{"RR_COMPANY":"Union Pacific Railroad Company","RR_ABRVN":"UP","RR_STATUS":"Active"}},{"type":"Feature","geometry":{"type":"LineString","coordinates":[[-95.438469,29.783393],[-95.438337,29.783521],[-95.438185,29.783626],[-95.438008,29.783723],[-95.437805,29.783813],[-95.437575,29.783863],[-95.437367,29.783896],[-95.437125,29.783909],[-95.436897,29.783915],[-95.436648,29.783931],[-95.436432,29.783918],[-95.436229,29.78391],[-95.435812,29.783921],[-95.435273,29.783997],[-95.434586,29.784097]]},"properties":{"RR_COMPANY":"Union Pacific Railroad Company","RR_ABRVN":"UP","RR_STATUS":"Active"}},{"type":"Feature","geometry":{"type":"LineString","coordinates":[[-95.426754,29.778228],[-95.427388,29.778413],[-95.427516,29.778435],[-95.42846,29.778602],[-95.429502,29.778789],[-95.429715,29.778846],[-95.42992,29.778922],[-95.430114,29.779016],[-95.432401,29.780282]]},"properties":{"RR_COMPANY":"Union Pacific Railroad Company","RR_ABRVN":"UP","RR_STATUS":"Active"}},{"type":"Feature","geometry":{"type":"LineString","coordinates":[[-95.362566,29.766658],[-95.36228,29.766454]]},"properties":{"RR_COMPANY":"Union Pacific Railroad Company","RR_ABRVN":"UP","RR_STATUS":"Active"}},{"type":"Feature","geometry":{"type":"LineString","coordinates":[[-95.362566,29.766658],[-95.362733,29.766736],[-95.362895,29.766793],[-95.365352,29.767455],[-95.365556,29.767495],[-95.365783,29.767509]]},"properties":{"RR_COMPANY":"Union Pacific Railroad Company","RR_ABRVN":"UP","RR_STATUS":"Active"}},{"type":"Feature","geometry":{"type":"LineString","coordinates":[[-95.250805,29.708791],[-95.25119,29.708827],[-95.251416,29.708786],[-95.251582,29.708751],[-95.251743,29.708695],[-95.251979,29.708559],[-95.252143,29.708443],[-95.252303,29.708292],[-95.252391,29.708162],[-95.252455,29.708038],[-95.252507,29.707901],[-95.252537,29.707781],[-95.252575,29.707593],[-95.252609,29.707375],[-95.252623,29.707158],[-95.252616,29.706585],[-95.252619,29.706337],[-95.252616,29.706189],[-95.252599,29.706023],[-95.252594,29.705722],[-95.252541,29.703452]]},"properties":{"RR_COMPANY":"Union Pacific Railroad Company","RR_ABRVN":"UP","RR_STATUS":"Active"}},{"type":"Feature","geometry":{"type":"LineString","coordinates":[[-95.260265,29.702135],[-95.253985,29.702188]]},"properties":{"RR_COMPANY":"Union Pacific Railroad Company","RR_ABRVN":"UP","RR_STATUS":"Active"}},{"type":"Feature","geometry":{"type":"LineString","coordinates":[[-95.252442,29.701189],[-95.252493,29.701424],[-95.252548,29.701588],[-95.252662,29.70175],[-95.252863,29.701904],[-95.253092,29.702033],[-95.253336,29.70213],[-95.253593,29.702195],[-95.253985,29.702188]]},"properties":{"RR_COMPANY":"Union Pacific Railroad Company","RR_ABRVN":"UP","RR_STATUS":"Active"}},{"type":"Feature","geometry":{"type":"LineString","coordinates":[[-95.252199,29.703508],[-95.252256,29.70322],[-95.252297,29.70308],[-95.252336,29.70297],[-95.252398,29.702823],[-95.252472,29.702708],[-95.252574,29.702601],[-95.252685,29.702506],[-95.25281,29.702419],[-95.252937,29.702349],[-95.253067,29.702291],[-95.253208,29.702243],[-95.253353,29.702208],[-95.253446,29.702196],[-95.253593,29.702195]]},"properties":{"RR_COMPANY":"Union Pacific Railroad Company","RR_ABRVN":"UP","RR_STATUS":"Active"}},{"type":"Feature","geometry":{"type":"LineString","coordinates":[[-95.252098,29.698557],[-95.252197,29.703423],[-95.252275,29.705865],[-95.252337,29.706244],[-95.252616,29.706585]]},"properties":{"RR_COMPANY":"Union Pacific Railroad Company","RR_ABRVN":"UP","RR_STATUS":"Active"}},{"type":"Feature","geometry":{"type":"MultiLineString","coordinates":[[[-95.252186,29.694487],[-95.252445,29.701267]],[[-95.252446,29.701247],[-95.252488,29.702425],[-95.252194,29.703243]]]},"properties":{"RR_COMPANY":"Union Pacific Railroad Company","RR_ABRVN":"UP","RR_STATUS":"Active"}},{"type":"Feature","geometry":{"type":"LineString","coordinates":[[-95.257934,29.713465],[-95.256607,29.713179]]},"properties":{"RR_COMPANY":"Port Terminal Railroad Association","RR_ABRVN":"PTRA","RR_STATUS":"Active"}},{"type":"Feature","geometry":{"type":"LineString","coordinates":[[-95.256151,29.713053],[-95.25743,29.713628]]},"properties":{"RR_COMPANY":"Port Terminal Railroad Association","RR_ABRVN":"PTRA","RR_STATUS":"Active"}},{"type":"Feature","geometry":{"type":"LineString","coordinates":[[-95.25743,29.713628],[-95.259061,29.714348],[-95.26028,29.714745],[-95.265157,29.716387]]},"properties":{"RR_COMPANY":"Port Terminal Railroad Association","RR_ABRVN":"PTRA","RR_STATUS":"Active"}},{"type":"Feature","geometry":{"type":"MultiLineString","coordinates":[[[-95.362566,29.766658],[-95.362931,29.766902],[-95.36305,29.766964],[-95.363175,29.767015],[-95.36494,29.767495],[-95.36512,29.767532],[-95.365297,29.767546],[-95.365432,29.767543],[-95.36579,29.767514]],[[-95.365777,29.767505],[-95.366177,29.767472]]]},"properties":{"RR_COMPANY":"Union Pacific Railroad Company","RR_ABRVN":"UP","RR_STATUS":"Active"}},{"type":"Feature","geometry":{"type":"LineString","coordinates":[[-95.366,29.767487],[-95.365763,29.767441],[-95.3656,29.767397],[-95.362603,29.76659],[-95.36244,29.766533],[-95.36228,29.766454]]},"properties":{"RR_COMPANY":"Union Pacific Railroad Company","RR_ABRVN":"UP","RR_STATUS":"Active"}},{"type":"Feature","geometry":{"type":"LineString","coordinates":[[-95.361918,29.766253],[-95.362107,29.766365],[-95.36228,29.766454]]},"properties":{"RR_COMPANY":"Union Pacific Railroad Company","RR_ABRVN":"UP","RR_STATUS":"Active"}},{"type":"Feature","geometry":{"type":"LineString","coordinates":[[-95.36201,29.766308],[-95.366177,29.767472],[-95.366632,29.767514],[-95.368344,29.767904],[-95.369111,29.768111],[-95.3692,29.768138],[-95.371162,29.76878],[-95.371301,29.768817],[-95.371449,29.768844],[-95.383289,29.77006]]},"properties":{"RR_COMPANY":"Union Pacific Railroad Company","RR_ABRVN":"UP","RR_STATUS":"Active"}},{"type":"Feature","geometry":{"type":"LineString","coordinates":[[-95.27166,29.741882],[-95.265656,29.737795],[-95.265023,29.737364],[-95.264859,29.737252],[-95.263772,29.736417],[-95.263508,29.736214],[-95.257162,29.732161],[-95.256653,29.731832]]},"properties":{"RR_COMPANY":"Union Pacific Railroad Company","RR_ABRVN":"UP","RR_STATUS":"Active"}},{"type":"Feature","geometry":{"type":"LineString","coordinates":[[-95.451542,29.72518],[-95.449838,29.725199],[-95.449656,29.725185],[-95.44947,29.725158],[-95.449287,29.725119],[-95.449113,29.72507],[-95.448892,29.724989],[-95.448681,29.72489],[-95.448482,29.724773],[-95.448293,29.724637],[-95.448143,29.72449],[-95.448027,29.724301],[-95.447924,29.724113],[-95.447793,29.723918]]},"properties":{"RR_COMPANY":null,"RR_ABRVN":null,"RR_STATUS":"Active"}},{"type":"Feature","geometry":{"type":"LineString","coordinates":[[-95.449631,29.653319],[-95.449169,29.653557],[-95.448792,29.653801],[-95.448453,29.654031],[-95.448185,29.65425],[-95.447947,29.654481],[-95.44767,29.654749],[-95.447437,29.655027],[-95.447211,29.65536],[-95.447011,29.655668],[-95.446849,29.656001],[-95.446714,29.656343],[-95.446605,29.656692],[-95.446524,29.657047],[-95.446472,29.657405],[-95.446447,29.657766],[-95.446446,29.657991],[-95.447794,29.723961],[-95.447879,29.726997],[-95.447881,29.728199],[-95.448766,29.765853],[-95.448763,29.766353],[-95.448725,29.766853],[-95.448654,29.767349],[-95.448549,29.767841],[-95.448411,29.768327],[-95.44824,29.768804],[-95.448037,29.769272],[-95.447807,29.76972],[-95.447607,29.770063],[-95.447388,29.770397],[-95.441783,29.778484],[-95.441272,29.779222],[-95.440236,29.780714],[-95.438881,29.782668]]},"properties":{"RR_COMPANY":"Union Pacific Railroad Company","RR_ABRVN":"UP","RR_STATUS":"Active"}},{"type":"Feature","geometry":{"type":"LineString","coordinates":[[-95.446591,29.668724],[-95.446528,29.668523],[-95.446475,29.668314],[-95.446394,29.668002],[-95.446285,29.667698],[-95.446164,29.667388],[-95.44602,29.667093],[-95.445847,29.666802],[-95.445651,29.666523],[-95.44543,29.666258],[-95.445237,29.666055],[-95.445025,29.665858],[-95.440357,29.661834]]},"properties":{"RR_COMPANY":"Union Pacific Railroad Company","RR_ABRVN":"UP","RR_STATUS":"Active"}}]}