{"type":"FeatureCollection","features":[{"type":"Feature","geometry":{"type":"Polygon","coordinates":[[[-95.328107,29.675703],[-95.328109,29.674966],[-95.320603,29.675044],[-95.319089,29.669968],[-95.317964,29.666179],[-95.318418,29.666102],[-95.318909,29.666064],[-95.319228,29.66604],[-95.320096,29.666196],[-95.320588,29.666288],[-95.320945,29.666355],[-95.320906,29.664581],[-95.321608,29.664802],[-95.322196,29.664909],[-95.323289,29.664939],[-95.326693,29.664874],[-95.329489,29.66482],[-95.334218,29.664722],[-95.337164,29.664665],[-95.337164,29.664665],[-95.340732,29.664603],[-95.341289,29.664587],[-95.341306,29.666268],[-95.341823,29.666254],[-95.340505,29.669893],[-95.339955,29.671358],[-95.340464,29.671522],[-95.3409,29.671663],[-95.341482,29.671929],[-95.341807,29.672055],[-95.342418,29.67213],[-95.343041,29.672257],[-95.342473,29.673711],[-95.342277,29.674217],[-95.341885,29.674115],[-95.341584,29.674086],[-95.341366,29.674066],[-95.340708,29.673878],[-95.340358,29.673716],[-95.339767,29.673481],[-95.339326,29.673464],[-95.339477,29.673845],[-95.339486,29.674325],[-95.339358,29.674651],[-95.339212,29.675025],[-95.338992,29.675566],[-95.338333,29.675528],[-95.33792,29.675474],[-95.337508,29.675406],[-95.336444,29.675424],[-95.335791,29.675439],[-95.334152,29.675476],[-95.332435,29.675516],[-95.329485,29.675665],[-95.328667,29.675708],[-95.328107,29.675703]]]},"properties":{"Campus__Number":102,"Campus_Short_Name":"Alcott ES","Street_Address":"5859 Bellfort"}},{"type":"Feature","geometry":{"type":"Polygon","coordinates":[[[-95.575726,29.765669],[-95.575219,29.765359],[-95.573669,29.764386],[-95.571647,29.763141],[-95.572213,29.762302],[-95.572215,29.762298],[-95.572356,29.762123],[-95.572546,29.761885],[-95.572501,29.761766],[-95.57258,29.761493],[-95.572672,29.761469],[-95.572673,29.761469],[-95.572672,29.761467],[-95.572444,29.761226],[-95.572443,29.761226],[-95.572193,29.761234],[-95.572066,29.76124],[-95.571894,29.761247],[-95.571851,29.761267],[-95.571811,29.761287],[-95.571592,29.761395],[-95.571405,29.761442],[-95.571401,29.761443],[-95.571067,29.761288],[-95.571026,29.761138],[-95.570923,29.760761],[-95.570921,29.760447],[-95.570919,29.760357],[-95.570917,29.760138],[-95.570914,29.759938],[-95.57091,29.759774],[-95.570909,29.759616],[-95.570906,29.759451],[-95.57115,29.75926],[-95.571151,29.759247],[-95.57116,29.759112],[-95.571103,29.758889],[-95.570924,29.758626],[-95.570638,29.758439],[-95.570591,29.758408],[-95.570588,29.758406],[-95.570579,29.758411],[-95.570389,29.758519],[-95.570152,29.758654],[-95.569924,29.758851],[-95.569736,29.759011],[-95.569541,29.759179],[-95.569407,29.75924],[-95.569305,29.759285],[-95.569302,29.759286],[-95.569161,29.759241],[-95.569069,29.759211],[-95.568932,29.758976],[-95.568933,29.758516],[-95.568854,29.758412],[-95.568824,29.758371],[-95.56859,29.758239],[-95.56833,29.758091],[-95.568309,29.758079],[-95.568082,29.757952],[-95.568079,29.75795],[-95.567724,29.758158],[-95.567664,29.75641],[-95.568815,29.7564],[-95.569797,29.756395],[-95.569831,29.75598],[-95.569867,29.755556],[-95.569801,29.755052],[-95.569703,29.75471],[-95.569654,29.75418],[-95.56965,29.753868],[-95.569645,29.753421],[-95.569638,29.752196],[-95.569608,29.750856],[-95.569597,29.7494],[-95.569583,29.747653],[-95.57011,29.747772],[-95.570506,29.747861],[-95.570913,29.747953],[-95.571159,29.747955],[-95.571564,29.747959],[-95.572073,29.747954],[-95.572048,29.746698],[-95.571998,29.742783],[-95.571938,29.739152],[-95.571932,29.738668],[-95.571905,29.738177],[-95.571852,29.737828],[-95.571796,29.737163],[-95.571779,29.736753],[-95.576216,29.736684],[-95.581422,29.736605],[-95.582161,29.736591],[-95.584995,29.736535],[-95.585011,29.73685],[-95.585047,29.738362],[-95.585068,29.739699],[-95.58508,29.740025],[-95.585095,29.740432],[-95.585157,29.740889],[-95.585248,29.741256],[-95.585352,29.741506],[-95.585576,29.741956],[-95.585846,29.742391],[-95.586096,29.742715],[-95.585569,29.743091],[-95.585339,29.743268],[-95.585066,29.74348],[-95.584836,29.743697],[-95.584534,29.744036],[-95.58429,29.744358],[-95.584096,29.744673],[-95.583979,29.744938],[-95.583897,29.745142],[-95.583785,29.745572],[-95.583695,29.74623],[-95.583654,29.74689],[-95.584232,29.746936],[-95.585162,29.747071],[-95.58589,29.747241],[-95.586608,29.74745],[-95.586304,29.747948],[-95.585861,29.748804],[-95.585683,29.749221],[-95.585467,29.749972],[-95.58541,29.750314],[-95.585422,29.751326],[-95.585541,29.752023],[-95.585831,29.752833],[-95.586016,29.753189],[-95.58647,29.753895],[-95.586601,29.754077],[-95.587176,29.75477],[-95.587628,29.755434],[-95.588006,29.756129],[-95.588293,29.756856],[-95.588603,29.757822],[-95.588773,29.758387],[-95.589115,29.759464],[-95.589269,29.759962],[-95.58897,29.760129],[-95.588578,29.760442],[-95.588158,29.760884],[-95.587886,29.761516],[-95.587281,29.762616],[-95.586631,29.76386],[-95.586357,29.764441],[-95.58609,29.764795],[-95.585698,29.765242],[-95.585315,29.765502],[-95.584948,29.765656],[-95.584573,29.765803],[-95.584052,29.76593],[-95.583403,29.765917],[-95.583397,29.765917],[-95.582484,29.765841],[-95.581241,29.765732],[-95.581235,29.765732],[-95.580851,29.765819],[-95.580572,29.765951],[-95.580133,29.766243],[-95.579871,29.766469],[-95.579597,29.766698],[-95.579262,29.766845],[-95.578979,29.766963],[-95.578675,29.767028],[-95.578422,29.767033],[-95.578416,29.767033],[-95.578064,29.766966],[-95.57775,29.766867],[-95.577401,29.766716],[-95.577022,29.76651],[-95.576571,29.766194],[-95.576186,29.765948],[-95.576174,29.765941],[-95.575866,29.765754],[-95.575726,29.765669]]]},"properties":{"Campus__Number":274,"Campus_Short_Name":"Askew ES","Street_Address":"11200 Wood Lodge Dr"}},{"type":"Feature","geometry":{"type":"Polygon","coordinates":[[[-95.355195,29.879994],[-95.355233,29.878776],[-95.355269,29.877972],[-95.355266,29.877477],[-95.355233,29.877219],[-95.354839,29.876449],[-95.354402,29.875653],[-95.35399,29.874877],[-95.353221,29.873443],[-95.352558,29.872205],[-95.351905,29.870996],[-95.355771,29.870912],[-95.358968,29.870863],[-95.361059,29.870838],[-95.364788,29.870725],[-95.363371,29.864765],[-95.364205,29.864742],[-95.365561,29.864716],[-95.368245,29.864681],[-95.368259,29.864852],[-95.368277,29.864963],[-95.368289,29.865026],[-95.368359,29.865232],[-95.368471,29.865495],[-95.368486,29.86554],[-95.368537,29.865738],[-95.368556,29.865922],[-95.368564,29.866136],[-95.368566,29.866311],[-95.369473,29.866309],[-95.369478,29.866554],[-95.369489,29.867056],[-95.369497,29.867436],[-95.37034,29.867443],[-95.371884,29.867429],[-95.372952,29.867432],[-95.373972,29.867404],[-95.375188,29.867373],[-95.375941,29.867456],[-95.376429,29.867447],[-95.376799,29.86744],[-95.376851,29.870148],[-95.378609,29.870123],[-95.379518,29.870113],[-95.380624,29.870102],[-95.380619,29.87108],[-95.380629,29.871508],[-95.379958,29.871516],[-95.379976,29.872166],[-95.380322,29.872158],[-95.380306,29.871914],[-95.381194,29.871897],[-95.381211,29.872806],[-95.381774,29.872804],[-95.381777,29.872935],[-95.381779,29.873056],[-95.381754,29.873228],[-95.381715,29.873357],[-95.381695,29.873588],[-95.3817,29.873862],[-95.381718,29.874964],[-95.381729,29.875598],[-95.380876,29.875597],[-95.37299,29.875665],[-95.372959,29.87825],[-95.373438,29.87823],[-95.374557,29.878215],[-95.374553,29.879305],[-95.375276,29.879303],[-95.375265,29.880764],[-95.381076,29.880699],[-95.381045,29.8832],[-95.381127,29.883199],[-95.381134,29.8859],[-95.381125,29.885901],[-95.381125,29.885901],[-95.381125,29.885901],[-95.380582,29.885906],[-95.380582,29.885906],[-95.380582,29.885906],[-95.380581,29.885906],[-95.380581,29.885906],[-95.380581,29.885906],[-95.380152,29.885907],[-95.380152,29.885907],[-95.380152,29.885907],[-95.37997,29.885908],[-95.37997,29.885908],[-95.37997,29.885908],[-95.379536,29.88591],[-95.379536,29.88591],[-95.379536,29.88591],[-95.379536,29.88591],[-95.379536,29.88591],[-95.379009,29.885916],[-95.379009,29.885916],[-95.379009,29.885916],[-95.378483,29.88592],[-95.378483,29.88592],[-95.378483,29.88592],[-95.377944,29.885925],[-95.377944,29.885925],[-95.377944,29.885925],[-95.377446,29.885929],[-95.377446,29.885929],[-95.377446,29.885929],[-95.376933,29.885934],[-95.376933,29.885934],[-95.376933,29.885934],[-95.376362,29.885939],[-95.376362,29.885939],[-95.376362,29.885939],[-95.376361,29.885939],[-95.376361,29.885939],[-95.376361,29.885939],[-95.375987,29.885942],[-95.375987,29.885942],[-95.375987,29.885942],[-95.375985,29.885942],[-95.375985,29.885942],[-95.375985,29.885942],[-95.375866,29.885944],[-95.375866,29.885944],[-95.375866,29.885944],[-95.37586,29.885944],[-95.37586,29.885944],[-95.37586,29.885944],[-95.375803,29.885944],[-95.375803,29.885944],[-95.375803,29.885944],[-95.375797,29.885944],[-95.375797,29.885944],[-95.375797,29.885944],[-95.375337,29.885947],[-95.375337,29.885947],[-95.375337,29.885947],[-95.374808,29.885951],[-95.374808,29.885951],[-95.374808,29.885951],[-95.373746,29.885947],[-95.373746,29.885947],[-95.373746,29.885947],[-95.3733,29.885945],[-95.3733,29.885945],[-95.3733,29.885945],[-95.37321,29.885945],[-95.37321,29.885945],[-95.37321,29.885945],[-95.373191,29.885944],[-95.373191,29.885944],[-95.373191,29.885944],[-95.373191,29.885944],[-95.373113,29.885944],[-95.373113,29.885944],[-95.373113,29.885944],[-95.373113,29.885944],[-95.373113,29.885944],[-95.373113,29.885944],[-95.373113,29.885944],[-95.373113,29.885944],[-95.373113,29.885944],[-95.372997,29.885943],[-95.372984,29.885943],[-95.372984,29.885943],[-95.372984,29.885943],[-95.372689,29.88594],[-95.372689,29.88594],[-95.372689,29.88594],[-95.372176,29.885935],[-95.372176,29.885935],[-95.372175,29.885935],[-95.371097,29.88594],[-95.371097,29.88594],[-95.371097,29.88594],[-95.37054,29.885945],[-95.37054,29.885945],[-95.37054,29.885945],[-95.369621,29.885955],[-95.369621,29.885955],[-95.369621,29.885955],[-95.369447,29.885959],[-95.369447,29.885959],[-95.369447,29.885959],[-95.369164,29.885963],[-95.369164,29.885963],[-95.369164,29.885963],[-95.369026,29.885965],[-95.369026,29.885965],[-95.369026,29.885965],[-95.368813,29.885967],[-95.368812,29.885967],[-95.368812,29.885967],[-95.368737,29.885968],[-95.368736,29.885968],[-95.368736,29.885968],[-95.368736,29.885968],[-95.368582,29.88597],[-95.368582,29.88597],[-95.368582,29.88597],[-95.368295,29.885972],[-95.368271,29.885973],[-95.368271,29.885973],[-95.368271,29.885973],[-95.368271,29.885973],[-95.368271,29.885973],[-95.368271,29.885973],[-95.368255,29.885973],[-95.368252,29.885973],[-95.368252,29.885973],[-95.368252,29.885973],[-95.366973,29.885996],[-95.366973,29.885996],[-95.366973,29.885996],[-95.366972,29.885996],[-95.366574,29.886],[-95.366574,29.886],[-95.366574,29.886],[-95.366412,29.886001],[-95.366412,29.886001],[-95.366412,29.886001],[-95.365868,29.886007],[-95.365868,29.886007],[-95.365868,29.886007],[-95.36564,29.886009],[-95.36564,29.886009],[-95.36564,29.886009],[-95.365614,29.886009],[-95.365613,29.886009],[-95.365613,29.886009],[-95.365296,29.886012],[-95.365296,29.886012],[-95.365296,29.886012],[-95.364694,29.886017],[-95.364693,29.886017],[-95.364693,29.886017],[-95.36435,29.886021],[-95.364118,29.886023],[-95.364118,29.886023],[-95.364118,29.886023],[-95.363333,29.886041],[-95.363333,29.886041],[-95.363333,29.886041],[-95.362947,29.886048],[-95.362947,29.886048],[-95.362947,29.886048],[-95.362383,29.886061],[-95.362383,29.886061],[-95.362383,29.886061],[-95.362268,29.886063],[-95.362268,29.886063],[-95.362268,29.886063],[-95.362051,29.886066],[-95.362051,29.886066],[-95.362051,29.886066],[-95.362004,29.886068],[-95.362004,29.886068],[-95.362004,29.886068],[-95.361804,29.886072],[-95.361804,29.886072],[-95.361804,29.886072],[-95.361299,29.886085],[-95.361299,29.886085],[-95.361299,29.886085],[-95.361287,29.886086],[-95.361281,29.886086],[-95.361281,29.886086],[-95.36128,29.886086],[-95.36128,29.886086],[-95.36128,29.886086],[-95.36128,29.886086],[-95.36128,29.886086],[-95.36128,29.886085],[-95.361277,29.886007],[-95.361273,29.885925],[-95.361273,29.885923],[-95.361273,29.885922],[-95.361273,29.885921],[-95.361276,29.885474],[-95.361275,29.88525],[-95.361275,29.885068],[-95.361275,29.885061],[-95.361274,29.884901],[-95.361271,29.884194],[-95.361266,29.884041],[-95.361262,29.883941],[-95.361262,29.883937],[-95.361256,29.883795],[-95.361252,29.883665],[-95.361252,29.883483],[-95.361252,29.883422],[-95.361249,29.883239],[-95.361248,29.883189],[-95.361245,29.882995],[-95.361244,29.882933],[-95.361244,29.882929],[-95.361245,29.882788],[-95.361247,29.88251],[-95.361248,29.88237],[-95.361248,29.882342],[-95.36125,29.882266],[-95.361251,29.882251],[-95.361251,29.88224],[-95.361249,29.882096],[-95.361244,29.881731],[-95.361244,29.881729],[-95.361236,29.881472],[-95.361235,29.880846],[-95.361235,29.880846],[-95.361235,29.880846],[-95.361235,29.880846],[-95.361235,29.880846],[-95.361235,29.880846],[-95.361235,29.880846],[-95.361235,29.88083],[-95.361236,29.880497],[-95.361236,29.880446],[-95.361236,29.880434],[-95.361236,29.880432],[-95.361231,29.880328],[-95.36123,29.880294],[-95.36123,29.880182],[-95.36123,29.880174],[-95.361231,29.880051],[-95.361232,29.879988],[-95.361232,29.879988],[-95.361232,29.879988],[-95.361231,29.879988],[-95.361231,29.879988],[-95.36123,29.879988],[-95.36123,29.879988],[-95.36123,29.879988],[-95.36123,29.879988],[-95.361229,29.879988],[-95.361229,29.879988],[-95.361229,29.879988],[-95.361213,29.879988],[-95.361213,29.879988],[-95.361213,29.879988],[-95.361056,29.879987],[-95.361056,29.879987],[-95.361056,29.879987],[-95.360887,29.879986],[-95.360887,29.879986],[-95.360887,29.879986],[-95.360728,29.879986],[-95.360728,29.879986],[-95.360728,29.879986],[-95.360711,29.879986],[-95.360711,29.879986],[-95.360711,29.879986],[-95.360558,29.879985],[-95.360558,29.879985],[-95.360558,29.879985],[-95.360522,29.879984],[-95.360522,29.879984],[-95.360522,29.879984],[-95.360382,29.879985],[-95.360382,29.879985],[-95.360382,29.879985],[-95.360302,29.879985],[-95.360302,29.879985],[-95.360302,29.879985],[-95.360211,29.879984],[-95.360211,29.879984],[-95.360211,29.879984],[-95.360058,29.879984],[-95.360058,29.879984],[-95.360058,29.879984],[-95.359922,29.879983],[-95.359922,29.879983],[-95.359922,29.879983],[-95.359884,29.879983],[-95.359884,29.879983],[-95.359884,29.879983],[-95.359779,29.879982],[-95.359779,29.879982],[-95.359779,29.879982],[-95.359698,29.879982],[-95.359698,29.879982],[-95.359698,29.879982],[-95.359639,29.879983],[-95.359638,29.879983],[-95.359637,29.879983],[-95.359637,29.879983],[-95.359637,29.879983],[-95.359637,29.879983],[-95.359637,29.879983],[-95.359637,29.879983],[-95.359636,29.879983],[-95.359636,29.879983],[-95.359636,29.879983],[-95.359508,29.879984],[-95.359508,29.879984],[-95.359508,29.879984],[-95.359286,29.879985],[-95.359286,29.879985],[-95.359286,29.879985],[-95.359219,29.879985],[-95.359219,29.879985],[-95.359219,29.879985],[-95.359194,29.879985],[-95.359194,29.879985],[-95.359194,29.879985],[-95.359083,29.879985],[-95.359083,29.879985],[-95.359083,29.879985],[-95.35902,29.879986],[-95.35902,29.879986],[-95.35902,29.879986],[-95.358878,29.879986],[-95.358878,29.879986],[-95.358878,29.879986],[-95.358863,29.879986],[-95.358863,29.879986],[-95.358863,29.879986],[-95.358706,29.879986],[-95.358706,29.879986],[-95.358706,29.879986],[-95.358551,29.879988],[-95.358551,29.879988],[-95.358551,29.879988],[-95.358472,29.879988],[-95.358472,29.879988],[-95.358472,29.879988],[-95.358393,29.879989],[-95.358393,29.879989],[-95.358393,29.879989],[-95.358239,29.87999],[-95.358239,29.87999],[-95.358239,29.87999],[-95.358084,29.879992],[-95.358084,29.879992],[-95.358084,29.879992],[-95.357927,29.879993],[-95.357927,29.879993],[-95.357927,29.879993],[-95.357867,29.879993],[-95.357867,29.879993],[-95.357867,29.879993],[-95.357772,29.879994],[-95.357772,29.879994],[-95.357772,29.879994],[-95.357596,29.879996],[-95.357596,29.879996],[-95.357596,29.879996],[-95.357459,29.879997],[-95.357459,29.879997],[-95.357459,29.879997],[-95.357441,29.879997],[-95.357441,29.879997],[-95.357441,29.879997],[-95.357282,29.879998],[-95.357282,29.879998],[-95.357282,29.879998],[-95.357256,29.879998],[-95.357256,29.879998],[-95.357256,29.879998],[-95.35712,29.879998],[-95.357119,29.879998],[-95.357119,29.879998],[-95.357041,29.879998],[-95.35704,29.879998],[-95.35704,29.879998],[-95.356957,29.879998],[-95.356957,29.879998],[-95.356957,29.879998],[-95.356829,29.879998],[-95.356829,29.879998],[-95.356829,29.879998],[-95.356794,29.879998],[-95.356794,29.879998],[-95.356793,29.879998],[-95.356731,29.879999],[-95.356712,29.879999],[-95.356683,29.879999],[-95.356683,29.879999],[-95.356683,29.879999],[-95.356626,29.879999],[-95.356626,29.879999],[-95.356626,29.879999],[-95.35662,29.879999],[-95.35662,29.879999],[-95.35662,29.879999],[-95.356618,29.879999],[-95.356413,29.88],[-95.356413,29.88],[-95.356413,29.88],[-95.356362,29.880001],[-95.356362,29.880001],[-95.356362,29.880001],[-95.355956,29.880004],[-95.355956,29.880004],[-95.355956,29.880004],[-95.355797,29.880005],[-95.355797,29.880005],[-95.355797,29.880005],[-95.355352,29.880006],[-95.355319,29.880006],[-95.355307,29.880006],[-95.355307,29.880006],[-95.355307,29.880006],[-95.355297,29.880006],[-95.355292,29.880006],[-95.355292,29.880006],[-95.355292,29.880006],[-95.355292,29.880006],[-95.355292,29.880006],[-95.355292,29.880006],[-95.355292,29.880006],[-95.355292,29.880006],[-95.355291,29.880006],[-95.355291,29.880006],[-95.355291,29.880006],[-95.355291,29.880006],[-95.355288,29.880006],[-95.355288,29.880006],[-95.355288,29.880006],[-95.355273,29.880004],[-95.355273,29.880004],[-95.355273,29.880004],[-95.355195,29.879994]]]},"properties":{"Campus__Number":107,"Campus_Short_Name":"Barrick ES","Street_Address":"12001 Winfrey Ln"}},{"type":"Feature","geometry":{"type":"Polygon","coordinates":[[[-95.480972,29.830689],[-95.477595,29.827558],[-95.467644,29.818294],[-95.463782,29.814702],[-95.460848,29.81197],[-95.45898,29.810237],[-95.458003,29.809325],[-95.456208,29.807612],[-95.454725,29.806233],[-95.453745,29.805322],[-95.452893,29.804539],[-95.452299,29.804005],[-95.451574,29.803255],[-95.450995,29.802474],[-95.450678,29.801924],[-95.450497,29.801525],[-95.451639,29.801529],[-95.456671,29.801519],[-95.458656,29.801505],[-95.458609,29.800037],[-95.458952,29.800273],[-95.459768,29.800869],[-95.462488,29.802856],[-95.462489,29.802857],[-95.462845,29.803116],[-95.462846,29.803117],[-95.462852,29.803121],[-95.467184,29.806288],[-95.467186,29.806289],[-95.467434,29.806469],[-95.467434,29.80647],[-95.474203,29.811414],[-95.474204,29.811415],[-95.474778,29.811807],[-95.474779,29.811808],[-95.47953,29.81529],[-95.483099,29.817868],[-95.483099,29.817868],[-95.4831,29.817868],[-95.483107,29.817873],[-95.484882,29.819156],[-95.484884,29.819157],[-95.484886,29.819159],[-95.48464,29.819149],[-95.484111,29.819127],[-95.484105,29.819127],[-95.484105,29.819127],[-95.483743,29.81913],[-95.48376,29.819679],[-95.48376,29.81968],[-95.483761,29.819899],[-95.483764,29.820612],[-95.483765,29.820872],[-95.483765,29.821034],[-95.483771,29.821302],[-95.483777,29.82152],[-95.483783,29.821721],[-95.483789,29.821949],[-95.483796,29.822112],[-95.483799,29.822112],[-95.483801,29.822413],[-95.483805,29.822639],[-95.48381,29.822844],[-95.483828,29.823734],[-95.484182,29.823734],[-95.484377,29.823731],[-95.484631,29.823729],[-95.485169,29.823728],[-95.485422,29.823726],[-95.486326,29.823715],[-95.486784,29.82371],[-95.486867,29.82371],[-95.487748,29.823704],[-95.488296,29.8237],[-95.488584,29.823698],[-95.488894,29.823677],[-95.488896,29.823789],[-95.489818,29.823955],[-95.49059,29.823741],[-95.49059,29.823741],[-95.490594,29.823741],[-95.490599,29.82374],[-95.491008,29.82369],[-95.491184,29.823669],[-95.491184,29.823682],[-95.491183,29.823814],[-95.491182,29.824173],[-95.491182,29.824178],[-95.491182,29.824178],[-95.491182,29.824191],[-95.491182,29.825609],[-95.491182,29.82561],[-95.491182,29.825618],[-95.491026,29.825618],[-95.491023,29.825618],[-95.49101,29.825618],[-95.491012,29.825943],[-95.491014,29.826108],[-95.491015,29.826413],[-95.491016,29.826718],[-95.491023,29.826718],[-95.491035,29.826718],[-95.491064,29.826717],[-95.491064,29.826718],[-95.491064,29.826718],[-95.491064,29.826718],[-95.491064,29.826718],[-95.491061,29.827186],[-95.491068,29.827186],[-95.49108,29.827186],[-95.491095,29.827185],[-95.491095,29.827186],[-95.491095,29.827186],[-95.491095,29.827186],[-95.491095,29.827186],[-95.491088,29.827483],[-95.49108,29.827648],[-95.491061,29.827953],[-95.491128,29.82798],[-95.491048,29.828322],[-95.491033,29.828387],[-95.4912,29.828421],[-95.491181,29.828492],[-95.491103,29.828771],[-95.491103,29.828773],[-95.491101,29.828779],[-95.4911,29.828781],[-95.4911,29.828782],[-95.491085,29.828779],[-95.491082,29.828779],[-95.491079,29.828779],[-95.491073,29.828777],[-95.491066,29.828776],[-95.491051,29.829063],[-95.491042,29.829217],[-95.491012,29.829533],[-95.491028,29.829535],[-95.491214,29.82955],[-95.491369,29.829561],[-95.491163,29.831676],[-95.491116,29.832346],[-95.491105,29.832513],[-95.491083,29.832691],[-95.491034,29.832874],[-95.49097,29.83305],[-95.490919,29.833177],[-95.490852,29.833315],[-95.491381,29.833527],[-95.491318,29.833647],[-95.491175,29.833921],[-95.491332,29.833982],[-95.491186,29.83426],[-95.49115,29.834327],[-95.491318,29.834396],[-95.491277,29.834473],[-95.490993,29.835018],[-95.491058,29.835083],[-95.491197,29.835224],[-95.491252,29.835279],[-95.491418,29.835447],[-95.491604,29.835634],[-95.491577,29.835685],[-95.491431,29.835972],[-95.491346,29.836139],[-95.491298,29.836278],[-95.491158,29.836539],[-95.491143,29.836567],[-95.491096,29.836655],[-95.491064,29.836713],[-95.49105,29.83674],[-95.491005,29.836824],[-95.490971,29.836888],[-95.490957,29.836913],[-95.490902,29.837016],[-95.490851,29.837112],[-95.490834,29.837144],[-95.490811,29.837186],[-95.490848,29.838646],[-95.490849,29.838782],[-95.490854,29.83943],[-95.490861,29.839936],[-95.490055,29.839114],[-95.486123,29.835445],[-95.480972,29.830689]]]},"properties":{"Campus__Number":268,"Campus_Short_Name":"Benbrook ES","Street_Address":"4026 Bolin Rd"}},{"type":"Feature","geometry":{"type":"Polygon","coordinates":[[[-95.344936,29.842322],[-95.344915,29.84158],[-95.343974,29.841572],[-95.343935,29.840195],[-95.343311,29.840197],[-95.343317,29.840637],[-95.342817,29.840643],[-95.342813,29.840447],[-95.339527,29.840556],[-95.338517,29.840591],[-95.33786,29.840607],[-95.337474,29.840626],[-95.33702,29.840649],[-95.335899,29.840677],[-95.333437,29.840768],[-95.333426,29.839826],[-95.333413,29.838694],[-95.333408,29.838202],[-95.33347,29.837787],[-95.333598,29.836921],[-95.33378,29.835874],[-95.335216,29.835746],[-95.335213,29.835459],[-95.335405,29.835453],[-95.335411,29.835363],[-95.336792,29.835335],[-95.336792,29.83615],[-95.337823,29.83614],[-95.337822,29.835829],[-95.338448,29.835826],[-95.338422,29.835344],[-95.339061,29.835349],[-95.339062,29.835458],[-95.339693,29.835426],[-95.339688,29.835164],[-95.342031,29.835144],[-95.34204,29.835784],[-95.342741,29.8358],[-95.342723,29.834124],[-95.342689,29.831949],[-95.342639,29.828726],[-95.344464,29.828703],[-95.346328,29.828684],[-95.350876,29.828704],[-95.352343,29.828685],[-95.353343,29.82869],[-95.353599,29.828691],[-95.353745,29.828717],[-95.353988,29.828759],[-95.354355,29.828823],[-95.356603,29.837655],[-95.357783,29.842331],[-95.355726,29.84236],[-95.355699,29.841289],[-95.355347,29.841308],[-95.355351,29.841203],[-95.353477,29.841229],[-95.353472,29.841343],[-95.35269,29.841352],[-95.348802,29.841369],[-95.348789,29.842296],[-95.348079,29.842305],[-95.347619,29.842307],[-95.347634,29.841872],[-95.347448,29.841857],[-95.347452,29.841141],[-95.346498,29.841163],[-95.346493,29.841296],[-95.345528,29.841308],[-95.345559,29.842323],[-95.344936,29.842322]]]},"properties":{"Campus__Number":109,"Campus_Short_Name":"Berry ES","Street_Address":"2310 Berry Rd"}},{"type":"Feature","geometry":{"type":"Polygon","coordinates":[[[-95.345912,29.734688],[-95.337676,29.72846],[-95.337645,29.728364],[-95.33667,29.725478],[-95.337167,29.724021],[-95.338093,29.721314],[-95.339041,29.718998],[-95.339044,29.718989],[-95.342646,29.720117],[-95.342339,29.721073],[-95.34683,29.72244],[-95.346392,29.723521],[-95.350524,29.724799],[-95.350942,29.723733],[-95.353434,29.724493],[-95.354736,29.724892],[-95.355113,29.724947],[-95.355955,29.724887],[-95.356281,29.7249],[-95.357027,29.725108],[-95.358843,29.725679],[-95.358993,29.725321],[-95.359113,29.725026],[-95.359378,29.724996],[-95.359573,29.724602],[-95.359659,29.724056],[-95.359708,29.723527],[-95.359822,29.723244],[-95.36142,29.723742],[-95.361974,29.724071],[-95.362444,29.724575],[-95.362651,29.724704],[-95.361665,29.72594],[-95.365572,29.728305],[-95.370204,29.731097],[-95.371789,29.72912],[-95.372456,29.729541],[-95.371814,29.730517],[-95.371623,29.731969],[-95.37085,29.734135],[-95.36269,29.744465],[-95.361629,29.74403],[-95.360848,29.743699],[-95.359969,29.743388],[-95.359012,29.74298],[-95.358511,29.742689],[-95.350721,29.737707],[-95.347323,29.735574],[-95.345912,29.734688]]]},"properties":{"Campus__Number":110,"Campus_Short_Name":"Blackshear ES","Street_Address":"2900 Holman Ave"}},{"type":"Feature","geometry":{"type":"Polygon","coordinates":[[[-95.513519,29.686332],[-95.513474,29.684388],[-95.513008,29.684603],[-95.512975,29.678391],[-95.514395,29.67836],[-95.51438,29.677882],[-95.514378,29.677327],[-95.514473,29.677029],[-95.514827,29.676544],[-95.51537,29.675999],[-95.515832,29.675535],[-95.515991,29.675267],[-95.51605,29.674728],[-95.515924,29.674051],[-95.515758,29.673585],[-95.517825,29.673098],[-95.521205,29.672231],[-95.52285,29.672095],[-95.524602,29.671942],[-95.524593,29.671373],[-95.527169,29.671347],[-95.52818,29.671336],[-95.528166,29.669689],[-95.528389,29.669684],[-95.529641,29.669659],[-95.530014,29.669671],[-95.53028,29.669666],[-95.530675,29.669629],[-95.530973,29.669539],[-95.531128,29.669452],[-95.531535,29.669235],[-95.531807,29.669161],[-95.532096,29.669179],[-95.532555,29.669311],[-95.532814,29.669441],[-95.533058,29.669563],[-95.533314,29.669692],[-95.533526,29.669736],[-95.533785,29.669758],[-95.534071,29.669761],[-95.534335,29.669741],[-95.534502,29.669698],[-95.534904,29.669569],[-95.535287,29.669418],[-95.535642,29.669372],[-95.535912,29.669366],[-95.536376,29.669353],[-95.536403,29.670801],[-95.53654,29.670913],[-95.53654,29.670916],[-95.53654,29.670923],[-95.53661,29.673809],[-95.53661,29.67381],[-95.536643,29.675142],[-95.536645,29.675981],[-95.536646,29.676332],[-95.536672,29.677538],[-95.536719,29.678652],[-95.536746,29.679541],[-95.536746,29.679541],[-95.536746,29.679541],[-95.536757,29.679892],[-95.536753,29.680128],[-95.536755,29.68076],[-95.536106,29.68142],[-95.534867,29.682672],[-95.532407,29.685653],[-95.531194,29.68715],[-95.52926,29.689727],[-95.528302,29.690747],[-95.527629,29.691446],[-95.525157,29.69374],[-95.517825,29.700288],[-95.515341,29.698201],[-95.512711,29.695964],[-95.511736,29.694949],[-95.511434,29.694578],[-95.511166,29.694233],[-95.510588,29.693341],[-95.51029,29.692704],[-95.509969,29.692017],[-95.510389,29.691947],[-95.510805,29.691879],[-95.511279,29.691736],[-95.512054,29.691502],[-95.512637,29.691327],[-95.513082,29.691193],[-95.513828,29.691114],[-95.513782,29.687573],[-95.513732,29.687217],[-95.513563,29.686779],[-95.513519,29.686332]]]},"properties":{"Campus__Number":111,"Campus_Short_Name":"Bonham ES","Street_Address":"8302 Braes River Dr"}},{"type":"Feature","geometry":{"type":"Polygon","coordinates":[[[-95.241764,29.670337],[-95.242436,29.670328],[-95.243106,29.670318],[-95.244681,29.670295],[-95.246937,29.670263],[-95.24694,29.670263],[-95.247172,29.670258],[-95.247549,29.670251],[-95.249577,29.670224],[-95.249658,29.670223],[-95.250519,29.670211],[-95.251389,29.670197],[-95.251556,29.670194],[-95.251563,29.670194],[-95.251818,29.67019],[-95.251819,29.67019],[-95.251819,29.67019],[-95.25246,29.670179],[-95.253412,29.670164],[-95.253883,29.670157],[-95.254356,29.670149],[-95.255292,29.670134],[-95.256253,29.670117],[-95.256591,29.670112],[-95.256744,29.670109],[-95.257174,29.670102],[-95.257921,29.67009],[-95.258118,29.670088],[-95.258217,29.670087],[-95.258217,29.670087],[-95.258217,29.670087],[-95.258217,29.670087],[-95.258534,29.670081],[-95.258537,29.670078],[-95.258541,29.670078],[-95.258629,29.670079],[-95.258795,29.670075],[-95.259409,29.670063],[-95.259573,29.670059],[-95.259768,29.670056],[-95.260923,29.670037],[-95.260978,29.670036],[-95.261776,29.670035],[-95.26231,29.670023],[-95.26292,29.670013],[-95.263827,29.671274],[-95.26493,29.672523],[-95.269989,29.677787],[-95.272599,29.680475],[-95.27173,29.680666],[-95.270699,29.680817],[-95.269903,29.68126],[-95.269184,29.681849],[-95.268637,29.682228],[-95.268108,29.68287],[-95.26723,29.683682],[-95.266596,29.684572],[-95.265983,29.685605],[-95.265452,29.686665],[-95.265148,29.687493],[-95.264817,29.68832],[-95.26455,29.688885],[-95.263406,29.688763],[-95.262614,29.68874],[-95.262303,29.688995],[-95.261961,29.689367],[-95.261677,29.68967],[-95.261312,29.689922],[-95.261034,29.690034],[-95.260758,29.690098],[-95.260313,29.690141],[-95.241764,29.670337]]]},"properties":{"Campus__Number":112,"Campus_Short_Name":"Bonner ES","Street_Address":"8100 Elrod St"}},{"type":"Feature","geometry":{"type":"Polygon","coordinates":[[[-95.458253,29.741011],[-95.459236,29.740969],[-95.460907,29.740846],[-95.464195,29.740685],[-95.465965,29.740568],[-95.466551,29.740508],[-95.466956,29.740467],[-95.46715,29.740402],[-95.468612,29.739905],[-95.470658,29.73921],[-95.472533,29.738552],[-95.473733,29.738147],[-95.474214,29.738013],[-95.474444,29.737981],[-95.474921,29.737949],[-95.475967,29.737921],[-95.476582,29.737925],[-95.479404,29.737879],[-95.482487,29.737837],[-95.484295,29.737833],[-95.487218,29.737794],[-95.489859,29.73774],[-95.492864,29.737684],[-95.495114,29.7377],[-95.496362,29.73767],[-95.498332,29.73765],[-95.500913,29.737599],[-95.502195,29.737588],[-95.505051,29.737558],[-95.50605,29.737575],[-95.507188,29.737536],[-95.5074,29.737534],[-95.50824,29.737531],[-95.508268,29.738556],[-95.508351,29.741883],[-95.508369,29.742786],[-95.508427,29.746111],[-95.508423,29.74611],[-95.508116,29.746053],[-95.508111,29.746053],[-95.507984,29.746076],[-95.507931,29.746084],[-95.507759,29.746167],[-95.507709,29.746191],[-95.507585,29.746374],[-95.507317,29.746599],[-95.50728,29.746637],[-95.507276,29.746641],[-95.507132,29.746789],[-95.506792,29.747058],[-95.506719,29.747231],[-95.506816,29.747523],[-95.506977,29.747792],[-95.507338,29.747826],[-95.507434,29.747835],[-95.507706,29.747905],[-95.507835,29.747927],[-95.508041,29.747962],[-95.508053,29.747964],[-95.508054,29.747965],[-95.508325,29.748069],[-95.50842,29.748119],[-95.508433,29.74831],[-95.508433,29.748319],[-95.508433,29.748319],[-95.508396,29.748367],[-95.508364,29.748419],[-95.508361,29.748424],[-95.50822,29.748551],[-95.50801,29.748691],[-95.507975,29.748702],[-95.507788,29.748749],[-95.507589,29.748758],[-95.507583,29.748759],[-95.50758,29.748758],[-95.50755,29.748743],[-95.506975,29.748463],[-95.506976,29.748465],[-95.50657,29.748347],[-95.506566,29.748346],[-95.506345,29.748394],[-95.506159,29.748559],[-95.506155,29.748564],[-95.505924,29.748848],[-95.505828,29.749047],[-95.505824,29.749054],[-95.505798,29.749207],[-95.505784,29.749287],[-95.505754,29.749461],[-95.505647,29.749727],[-95.505619,29.749796],[-95.505564,29.749932],[-95.505439,29.750094],[-95.505249,29.750229],[-95.505236,29.750313],[-95.50557,29.750521],[-95.505643,29.750567],[-95.506077,29.750686],[-95.506479,29.750752],[-95.506581,29.750771],[-95.506602,29.750776],[-95.506719,29.750827],[-95.507156,29.751023],[-95.507168,29.751037],[-95.507351,29.751272],[-95.507323,29.751371],[-95.507269,29.751676],[-95.507269,29.75168],[-95.507192,29.751787],[-95.507176,29.751814],[-95.506776,29.751977],[-95.506634,29.751992],[-95.506441,29.752012],[-95.506439,29.752013],[-95.506108,29.751984],[-95.505927,29.751968],[-95.505589,29.751931],[-95.505293,29.751873],[-95.505292,29.751873],[-95.505231,29.751861],[-95.505226,29.75186],[-95.505082,29.751896],[-95.504888,29.752075],[-95.504735,29.752286],[-95.504702,29.752324],[-95.504653,29.752829],[-95.504623,29.752931],[-95.50462,29.752949],[-95.50457,29.753306],[-95.504553,29.753353],[-95.504465,29.753661],[-95.504458,29.753683],[-95.504458,29.753686],[-95.504466,29.753728],[-95.504474,29.753772],[-95.504511,29.753966],[-95.504633,29.754144],[-95.504679,29.754212],[-95.505091,29.754386],[-95.505152,29.754406],[-95.505287,29.754453],[-95.505573,29.75455],[-95.505576,29.754551],[-95.505585,29.754552],[-95.505649,29.754557],[-95.506075,29.754591],[-95.506407,29.754782],[-95.506508,29.75483],[-95.506521,29.754836],[-95.506625,29.754885],[-95.506814,29.755189],[-95.506816,29.755192],[-95.506839,29.755426],[-95.506861,29.75565],[-95.506878,29.755825],[-95.506759,29.756151],[-95.506685,29.756351],[-95.50654,29.75639],[-95.506414,29.756426],[-95.50641,29.756429],[-95.506117,29.756717],[-95.505836,29.756896],[-95.505319,29.756901],[-95.505313,29.756901],[-95.505046,29.756805],[-95.505021,29.756796],[-95.504794,29.756783],[-95.504735,29.756779],[-95.504728,29.756779],[-95.504531,29.756868],[-95.504511,29.756918],[-95.504466,29.757031],[-95.504566,29.757268],[-95.505151,29.757614],[-95.505153,29.757615],[-95.505287,29.757691],[-95.505323,29.75795],[-95.505326,29.757968],[-95.505168,29.758043],[-95.505167,29.758043],[-95.504834,29.758015],[-95.504498,29.757985],[-95.504457,29.757981],[-95.504175,29.757924],[-95.503855,29.75786],[-95.503821,29.757853],[-95.503818,29.757852],[-95.503353,29.757513],[-95.503353,29.757512],[-95.502986,29.757513],[-95.502547,29.75798],[-95.502537,29.758264],[-95.502619,29.758501],[-95.502681,29.758684],[-95.502698,29.758733],[-95.502719,29.758792],[-95.502762,29.758969],[-95.502771,29.759005],[-95.502795,29.759102],[-95.502795,29.759104],[-95.502781,29.759145],[-95.502739,29.759268],[-95.502735,29.759272],[-95.5025,29.759549],[-95.502424,29.759638],[-95.502413,29.759643],[-95.502413,29.759643],[-95.502405,29.75965],[-95.502176,29.759822],[-95.501794,29.760108],[-95.501332,29.760343],[-95.501332,29.760343],[-95.501323,29.760343],[-95.50114,29.760335],[-95.501029,29.76033],[-95.501025,29.76033],[-95.500982,29.76033],[-95.500724,29.760327],[-95.500687,29.760327],[-95.500687,29.760327],[-95.50068,29.760327],[-95.500619,29.760289],[-95.5006,29.760278],[-95.500589,29.760267],[-95.500496,29.760181],[-95.500461,29.760148],[-95.500431,29.76012],[-95.500246,29.760073],[-95.500243,29.760072],[-95.500001,29.760093],[-95.499995,29.760096],[-95.499935,29.760133],[-95.499855,29.760183],[-95.49971,29.760273],[-95.499688,29.760287],[-95.499658,29.760305],[-95.499662,29.760315],[-95.499683,29.760371],[-95.499684,29.760374],[-95.499688,29.760384],[-95.499683,29.760379],[-95.49966,29.760358],[-95.49964,29.76034],[-95.499615,29.760318],[-95.499461,29.760191],[-95.499455,29.76019],[-95.499449,29.760189],[-95.499443,29.760188],[-95.499437,29.760188],[-95.499431,29.760187],[-95.499425,29.760186],[-95.499419,29.760186],[-95.499413,29.760185],[-95.499407,29.760185],[-95.499403,29.760185],[-95.499403,29.760185],[-95.499403,29.760185],[-95.499403,29.760185],[-95.499401,29.760185],[-95.499394,29.760185],[-95.499388,29.760185],[-95.499382,29.760185],[-95.499376,29.760185],[-95.49937,29.760185],[-95.499364,29.760185],[-95.499358,29.760186],[-95.499352,29.760186],[-95.499346,29.760187],[-95.49934,29.760188],[-95.499334,29.760189],[-95.499328,29.76019],[-95.499322,29.760191],[-95.499316,29.760192],[-95.49931,29.760193],[-95.499304,29.760194],[-95.499298,29.760196],[-95.499292,29.760197],[-95.499287,29.760199],[-95.499281,29.760201],[-95.499275,29.760202],[-95.499269,29.760204],[-95.499261,29.760207],[-95.499256,29.760209],[-95.49925,29.760211],[-95.499245,29.760213],[-95.49924,29.760215],[-95.499235,29.760217],[-95.49923,29.760219],[-95.499225,29.760222],[-95.49922,29.760224],[-95.499215,29.760227],[-95.49921,29.760229],[-95.499205,29.760232],[-95.4992,29.760235],[-95.499195,29.760237],[-95.499191,29.76024],[-95.499186,29.760243],[-95.499181,29.760246],[-95.499177,29.760249],[-95.499172,29.760253],[-95.499168,29.760256],[-95.499164,29.760259],[-95.499159,29.760263],[-95.499155,29.760266],[-95.499151,29.76027],[-95.499147,29.760273],[-95.499143,29.760277],[-95.499139,29.760281],[-95.499135,29.760284],[-95.499131,29.760288],[-95.499128,29.760292],[-95.499124,29.760296],[-95.499121,29.7603],[-95.499117,29.760304],[-95.499114,29.760308],[-95.499111,29.760313],[-95.499107,29.760317],[-95.499104,29.760321],[-95.499101,29.760326],[-95.499098,29.76033],[-95.499095,29.760335],[-95.499092,29.760341],[-95.499089,29.760345],[-95.499086,29.76035],[-95.499083,29.760355],[-95.49908,29.760359],[-95.499077,29.760364],[-95.499075,29.760369],[-95.499072,29.760374],[-95.49907,29.760379],[-95.499068,29.760384],[-95.499065,29.760389],[-95.499063,29.760394],[-95.499061,29.760399],[-95.499059,29.760404],[-95.49901,29.760793],[-95.498949,29.761052],[-95.498874,29.761454],[-95.498834,29.761696],[-95.498715,29.761872],[-95.49862,29.761964],[-95.498534,29.762047],[-95.49843,29.762089],[-95.498299,29.762104],[-95.498295,29.762104],[-95.498152,29.762082],[-95.497896,29.762031],[-95.49779,29.761968],[-95.497704,29.761918],[-95.497493,29.761768],[-95.497291,29.761646],[-95.497129,29.761579],[-95.496961,29.761566],[-95.496954,29.761566],[-95.496839,29.761635],[-95.496773,29.761759],[-95.496772,29.761775],[-95.496767,29.76192],[-95.496744,29.762],[-95.496658,29.762088],[-95.496502,29.762129],[-95.496289,29.762159],[-95.496285,29.762159],[-95.496191,29.762137],[-95.496186,29.762136],[-95.496179,29.762139],[-95.496173,29.762143],[-95.496167,29.762146],[-95.496161,29.76215],[-95.496155,29.762154],[-95.496149,29.762158],[-95.496149,29.762158],[-95.496149,29.762158],[-95.496143,29.762162],[-95.496137,29.762166],[-95.496132,29.76217],[-95.496126,29.762174],[-95.496121,29.762179],[-95.496115,29.762183],[-95.49611,29.762187],[-95.496105,29.762192],[-95.4961,29.762197],[-95.496095,29.762201],[-95.49609,29.762206],[-95.496085,29.762211],[-95.49608,29.762216],[-95.496076,29.762221],[-95.496071,29.762226],[-95.496067,29.762231],[-95.496062,29.762237],[-95.496058,29.762242],[-95.496054,29.762247],[-95.49605,29.762253],[-95.496046,29.762258],[-95.496042,29.762264],[-95.496039,29.762269],[-95.496035,29.762275],[-95.496032,29.76228],[-95.496028,29.762286],[-95.496025,29.762292],[-95.496022,29.762298],[-95.496019,29.762304],[-95.496016,29.762309],[-95.496013,29.762315],[-95.496011,29.762321],[-95.496008,29.762327],[-95.496006,29.762333],[-95.496003,29.762339],[-95.496001,29.762346],[-95.495999,29.762352],[-95.495997,29.762358],[-95.495995,29.762364],[-95.495994,29.76237],[-95.495992,29.762376],[-95.495991,29.762383],[-95.495989,29.762389],[-95.495988,29.762395],[-95.495987,29.762401],[-95.495986,29.762408],[-95.495985,29.762414],[-95.495985,29.76242],[-95.495984,29.762427],[-95.495984,29.762433],[-95.495983,29.762439],[-95.495983,29.762446],[-95.495983,29.762452],[-95.495983,29.762464],[-95.495989,29.762492],[-95.495993,29.762513],[-95.495996,29.762533],[-95.495999,29.762553],[-95.496002,29.762574],[-95.496004,29.762594],[-95.496006,29.762615],[-95.496007,29.762635],[-95.496008,29.762656],[-95.496008,29.762677],[-95.496009,29.762697],[-95.496008,29.762718],[-95.496007,29.762739],[-95.496006,29.762759],[-95.496005,29.76278],[-95.496003,29.762801],[-95.496,29.762821],[-95.495997,29.762842],[-95.495994,29.762862],[-95.495838,29.763232],[-95.495821,29.76326],[-95.495811,29.763277],[-95.4958,29.763293],[-95.495789,29.763309],[-95.495778,29.763325],[-95.495766,29.763341],[-95.495754,29.763357],[-95.495742,29.763372],[-95.495729,29.763388],[-95.495716,29.763403],[-95.495703,29.763418],[-95.49569,29.763433],[-95.495676,29.763447],[-95.495662,29.763462],[-95.495648,29.763476],[-95.495634,29.76349],[-95.495619,29.763504],[-95.495604,29.763517],[-95.495589,29.76353],[-95.495573,29.763543],[-95.495557,29.763556],[-95.495541,29.763569],[-95.495525,29.763581],[-95.495509,29.763594],[-95.495492,29.763605],[-95.495475,29.763617],[-95.495458,29.763629],[-95.49544,29.76364],[-95.495423,29.76365],[-95.495423,29.763651],[-95.495405,29.763661],[-95.495387,29.763672],[-95.495369,29.763682],[-95.49535,29.763692],[-95.495332,29.763701],[-95.495313,29.76371],[-95.495294,29.763719],[-95.495275,29.763728],[-95.495266,29.76373],[-95.495258,29.763732],[-95.495249,29.763735],[-95.49524,29.763737],[-95.495232,29.76374],[-95.495223,29.763742],[-95.495215,29.763745],[-95.495206,29.763748],[-95.495198,29.763751],[-95.49519,29.763754],[-95.495189,29.763754],[-95.495181,29.763757],[-95.495173,29.763761],[-95.495165,29.763764],[-95.495157,29.763768],[-95.495149,29.763772],[-95.495141,29.763776],[-95.495133,29.76378],[-95.495126,29.763784],[-95.495118,29.763788],[-95.49511,29.763792],[-95.495103,29.763797],[-95.495096,29.763801],[-95.495088,29.763806],[-95.495081,29.763811],[-95.495074,29.763816],[-95.495067,29.763821],[-95.49506,29.763826],[-95.495053,29.763831],[-95.495046,29.763836],[-95.49504,29.763842],[-95.495033,29.763847],[-95.495027,29.763853],[-95.49502,29.763859],[-95.495014,29.763864],[-95.495008,29.76387],[-95.495002,29.763876],[-95.494996,29.763882],[-95.49499,29.763888],[-95.494985,29.763895],[-95.494979,29.763901],[-95.494974,29.763907],[-95.494969,29.763914],[-95.494963,29.76392],[-95.494958,29.763927],[-95.494953,29.763934],[-95.494949,29.76394],[-95.494944,29.763947],[-95.49494,29.763954],[-95.494935,29.763961],[-95.494931,29.763968],[-95.494927,29.763975],[-95.494923,29.763982],[-95.494919,29.763989],[-95.494916,29.763997],[-95.494912,29.764004],[-95.494909,29.764011],[-95.494906,29.764019],[-95.494903,29.764026],[-95.4949,29.764033],[-95.494897,29.764041],[-95.494894,29.764048],[-95.494892,29.764056],[-95.494889,29.764064],[-95.494887,29.764071],[-95.494885,29.764079],[-95.494883,29.764086],[-95.494882,29.764094],[-95.49488,29.764102],[-95.494879,29.76411],[-95.494878,29.764117],[-95.494876,29.764125],[-95.494875,29.764133],[-95.494875,29.764141],[-95.494874,29.764148],[-95.494874,29.764156],[-95.494873,29.764164],[-95.494873,29.764172],[-95.494873,29.76418],[-95.494873,29.764187],[-95.494874,29.764195],[-95.494874,29.764203],[-95.494875,29.764211],[-95.494875,29.764218],[-95.494876,29.764226],[-95.494877,29.764234],[-95.494879,29.764241],[-95.49488,29.764249],[-95.494882,29.764257],[-95.494883,29.764264],[-95.494885,29.764272],[-95.494887,29.764279],[-95.494889,29.764287],[-95.494892,29.764294],[-95.494894,29.764302],[-95.494897,29.764309],[-95.494899,29.764316],[-95.494902,29.764324],[-95.494905,29.764331],[-95.494909,29.764338],[-95.494912,29.764345],[-95.494917,29.764356],[-95.494921,29.764378],[-95.494923,29.76439],[-95.494925,29.764402],[-95.494926,29.764414],[-95.494928,29.764426],[-95.494929,29.764438],[-95.494929,29.764451],[-95.49493,29.764463],[-95.49493,29.764475],[-95.49493,29.764487],[-95.49493,29.764499],[-95.49493,29.764511],[-95.49493,29.764523],[-95.494929,29.764535],[-95.494928,29.764547],[-95.494927,29.764559],[-95.494926,29.764571],[-95.494924,29.764583],[-95.494922,29.764595],[-95.49492,29.764607],[-95.494918,29.764618],[-95.494916,29.76463],[-95.494913,29.764642],[-95.49491,29.764654],[-95.494907,29.764665],[-95.494904,29.764677],[-95.4949,29.764688],[-95.494896,29.7647],[-95.494892,29.764711],[-95.494888,29.764722],[-95.494884,29.764733],[-95.494879,29.764745],[-95.494874,29.764756],[-95.494869,29.764767],[-95.494864,29.764778],[-95.494858,29.764788],[-95.494853,29.764799],[-95.494847,29.76481],[-95.494841,29.76482],[-95.494834,29.764831],[-95.494828,29.764841],[-95.494821,29.764851],[-95.494814,29.764861],[-95.494807,29.764871],[-95.4948,29.764881],[-95.494792,29.764891],[-95.494785,29.7649],[-95.494777,29.76491],[-95.494769,29.764919],[-95.494761,29.764928],[-95.494752,29.764937],[-95.494744,29.764946],[-95.494735,29.764955],[-95.494726,29.764963],[-95.494719,29.76497],[-95.494717,29.764972],[-95.494708,29.76498],[-95.494699,29.764988],[-95.494689,29.764996],[-95.494679,29.765004],[-95.494669,29.765012],[-95.49466,29.765019],[-95.494649,29.765027],[-95.494639,29.765034],[-95.494629,29.765041],[-95.494618,29.765048],[-95.494607,29.765055],[-95.494597,29.765061],[-95.494586,29.765067],[-95.494575,29.765074],[-95.494563,29.76508],[-95.494552,29.765085],[-95.494541,29.765091],[-95.494529,29.765096],[-95.494518,29.765102],[-95.494506,29.765107],[-95.494494,29.765111],[-95.494482,29.765116],[-95.49447,29.765121],[-95.494458,29.765125],[-95.494446,29.765129],[-95.494433,29.765133],[-95.494421,29.765136],[-95.494409,29.76514],[-95.494274,29.76514],[-95.494207,29.765139],[-95.494202,29.765139],[-95.49413,29.765136],[-95.494058,29.765132],[-95.493986,29.765127],[-95.493914,29.765121],[-95.493842,29.765113],[-95.49377,29.765105],[-95.493698,29.765095],[-95.493627,29.765084],[-95.493556,29.765072],[-95.493484,29.765059],[-95.493414,29.765045],[-95.493343,29.76503],[-95.493272,29.765013],[-95.493202,29.764996],[-95.4932,29.764995],[-95.493199,29.764995],[-95.493197,29.764994],[-95.493196,29.764994],[-95.493194,29.764993],[-95.493193,29.764993],[-95.493192,29.764993],[-95.49319,29.764992],[-95.493189,29.764992],[-95.493187,29.764992],[-95.493186,29.764991],[-95.493184,29.764991],[-95.493183,29.76499],[-95.493181,29.76499],[-95.49318,29.76499],[-95.493179,29.764989],[-95.493177,29.764989],[-95.493176,29.764988],[-95.493174,29.764988],[-95.493173,29.764988],[-95.493171,29.764987],[-95.49317,29.764987],[-95.493168,29.764987],[-95.493167,29.764986],[-95.493166,29.764986],[-95.493164,29.764985],[-95.493163,29.764985],[-95.493161,29.764985],[-95.49316,29.764984],[-95.493158,29.764984],[-95.493157,29.764983],[-95.493155,29.764983],[-95.493105,29.764949],[-95.493075,29.764928],[-95.493045,29.764906],[-95.493016,29.764884],[-95.492987,29.764862],[-95.492959,29.764839],[-95.492931,29.764815],[-95.492904,29.764791],[-95.492877,29.764767],[-95.49285,29.764742],[-95.492824,29.764717],[-95.49281,29.764703],[-95.492799,29.764692],[-95.492774,29.764666],[-95.492749,29.76464],[-95.492725,29.764613],[-95.4927,29.764587],[-95.492675,29.76456],[-95.492615,29.764514],[-95.492553,29.764461],[-95.49252,29.764431],[-95.492514,29.764426],[-95.492487,29.764401],[-95.492455,29.76437],[-95.492424,29.764339],[-95.492393,29.764307],[-95.492362,29.764275],[-95.492354,29.764265],[-95.492333,29.764242],[-95.492333,29.764242],[-95.492333,29.764242],[-95.492328,29.764223],[-95.492324,29.764209],[-95.492321,29.764195],[-95.492318,29.764181],[-95.492315,29.764167],[-95.492312,29.764152],[-95.49231,29.764138],[-95.492308,29.764124],[-95.492307,29.76411],[-95.492306,29.764095],[-95.492304,29.764081],[-95.492304,29.764067],[-95.492303,29.764052],[-95.492303,29.764038],[-95.492303,29.764024],[-95.492304,29.764009],[-95.492304,29.763995],[-95.492305,29.763981],[-95.492307,29.763967],[-95.492308,29.763952],[-95.49231,29.763938],[-95.492312,29.763924],[-95.492315,29.76391],[-95.492317,29.763896],[-95.49232,29.763882],[-95.492323,29.763868],[-95.492327,29.763854],[-95.492331,29.76384],[-95.492335,29.763826],[-95.492339,29.763812],[-95.492344,29.763798],[-95.492349,29.763785],[-95.492349,29.763785],[-95.492354,29.763771],[-95.49236,29.763757],[-95.492365,29.763744],[-95.492371,29.763731],[-95.492378,29.763718],[-95.492384,29.763704],[-95.492391,29.763691],[-95.492398,29.763678],[-95.492405,29.763666],[-95.492413,29.763653],[-95.492415,29.763645],[-95.492417,29.763637],[-95.492419,29.763629],[-95.492421,29.76362],[-95.492422,29.763612],[-95.492423,29.763604],[-95.492425,29.763596],[-95.492426,29.763587],[-95.492427,29.763579],[-95.492427,29.763571],[-95.492428,29.763562],[-95.492428,29.763554],[-95.492428,29.763546],[-95.492428,29.763538],[-95.492428,29.763529],[-95.492428,29.763521],[-95.492427,29.763513],[-95.492427,29.763504],[-95.492426,29.763496],[-95.492425,29.763488],[-95.492424,29.763479],[-95.492423,29.763471],[-95.492421,29.763463],[-95.49242,29.763455],[-95.492418,29.763447],[-95.492416,29.763438],[-95.492414,29.76343],[-95.492411,29.763422],[-95.492409,29.763414],[-95.492407,29.763409],[-95.492406,29.763406],[-95.492404,29.763398],[-95.492401,29.76339],[-95.492398,29.763382],[-95.492394,29.763374],[-95.492391,29.763367],[-95.492387,29.763359],[-95.492384,29.763351],[-95.492379,29.763342],[-95.492362,29.76333],[-95.492345,29.763318],[-95.492328,29.763306],[-95.49231,29.763294],[-95.492292,29.763283],[-95.492274,29.763272],[-95.492256,29.763261],[-95.492238,29.763251],[-95.492219,29.763241],[-95.4922,29.763231],[-95.492181,29.763221],[-95.492162,29.763212],[-95.492142,29.763203],[-95.492138,29.763201],[-95.492123,29.763194],[-95.492103,29.763186],[-95.492083,29.763178],[-95.492063,29.76317],[-95.492043,29.763162],[-95.492022,29.763155],[-95.492002,29.763148],[-95.491981,29.763142],[-95.49195,29.763132],[-95.491942,29.763129],[-95.491935,29.763125],[-95.491927,29.763122],[-95.491919,29.763118],[-95.491911,29.763115],[-95.491903,29.763112],[-95.491894,29.763109],[-95.491886,29.763106],[-95.491882,29.763105],[-95.491878,29.763104],[-95.49187,29.763101],[-95.491861,29.763099],[-95.491853,29.763096],[-95.491844,29.763094],[-95.491836,29.763092],[-95.491827,29.76309],[-95.491819,29.763088],[-95.49181,29.763087],[-95.491801,29.763085],[-95.491792,29.763084],[-95.491784,29.763082],[-95.491775,29.763081],[-95.491766,29.76308],[-95.491757,29.763079],[-95.491749,29.763078],[-95.49174,29.763078],[-95.491731,29.763077],[-95.491722,29.763077],[-95.49172,29.763077],[-95.491713,29.763077],[-95.491704,29.763077],[-95.491696,29.763077],[-95.491687,29.763077],[-95.491678,29.763077],[-95.491669,29.763078],[-95.49166,29.763078],[-95.491651,29.763079],[-95.491643,29.76308],[-95.491634,29.763081],[-95.491625,29.763082],[-95.491616,29.763083],[-95.491608,29.763085],[-95.491599,29.763086],[-95.49159,29.763088],[-95.491582,29.76309],[-95.491573,29.763091],[-95.491565,29.763093],[-95.491556,29.763096],[-95.491548,29.763098],[-95.491539,29.7631],[-95.491531,29.763103],[-95.491523,29.763106],[-95.491515,29.763108],[-95.491506,29.763111],[-95.491498,29.763114],[-95.49149,29.763118],[-95.491482,29.763121],[-95.491474,29.763124],[-95.491466,29.763128],[-95.491459,29.763132],[-95.491451,29.763135],[-95.491443,29.763139],[-95.491442,29.76314],[-95.491436,29.763143],[-95.491428,29.763147],[-95.491421,29.763152],[-95.491414,29.763156],[-95.491406,29.76316],[-95.491399,29.763165],[-95.491392,29.76317],[-95.491385,29.763174],[-95.491379,29.763179],[-95.491372,29.763184],[-95.491365,29.763189],[-95.491359,29.763195],[-95.491352,29.7632],[-95.491346,29.763205],[-95.49134,29.763211],[-95.491334,29.763216],[-95.491328,29.763222],[-95.491322,29.763228],[-95.491316,29.763234],[-95.49131,29.76324],[-95.491309,29.763241],[-95.491305,29.763246],[-95.4913,29.763252],[-95.491294,29.763258],[-95.491289,29.763264],[-95.491284,29.763271],[-95.491281,29.763275],[-95.491279,29.763277],[-95.491276,29.763281],[-95.491273,29.763283],[-95.491257,29.76329],[-95.491237,29.7633],[-95.491199,29.763318],[-95.49116,29.763338],[-95.491123,29.763358],[-95.491093,29.763374],[-95.491085,29.763378],[-95.491048,29.7634],[-95.491012,29.763421],[-95.490976,29.763444],[-95.49094,29.763466],[-95.490905,29.76349],[-95.490858,29.763522],[-95.490851,29.763533],[-95.490845,29.763545],[-95.490839,29.763556],[-95.490833,29.763567],[-95.490827,29.763579],[-95.490826,29.763582],[-95.490822,29.76359],[-95.490817,29.763602],[-95.490812,29.763614],[-95.490807,29.763626],[-95.490803,29.763638],[-95.490798,29.76365],[-95.490794,29.763662],[-95.490791,29.763674],[-95.490787,29.763686],[-95.490784,29.763698],[-95.490782,29.763704],[-95.490781,29.76371],[-95.490779,29.763717],[-95.490778,29.763722],[-95.490775,29.763735],[-95.490774,29.763744],[-95.490774,29.763744],[-95.490774,29.763744],[-95.490774,29.763744],[-95.490773,29.763747],[-95.490771,29.763759],[-95.490769,29.763772],[-95.490768,29.763784],[-95.490766,29.763797],[-95.490765,29.763809],[-95.490765,29.763822],[-95.490764,29.763834],[-95.490764,29.763847],[-95.490764,29.763859],[-95.490764,29.763871],[-95.490764,29.763884],[-95.490765,29.763896],[-95.490766,29.763909],[-95.490767,29.763921],[-95.490769,29.763934],[-95.49077,29.763946],[-95.490772,29.763959],[-95.490775,29.763971],[-95.490777,29.763983],[-95.49078,29.763995],[-95.490783,29.764008],[-95.490786,29.76402],[-95.490789,29.764032],[-95.490793,29.764044],[-95.490797,29.764056],[-95.490801,29.764068],[-95.490805,29.76408],[-95.49081,29.764092],[-95.490815,29.764103],[-95.49082,29.764115],[-95.490825,29.764126],[-95.490831,29.764138],[-95.490837,29.764149],[-95.490843,29.764161],[-95.490849,29.764172],[-95.490856,29.764183],[-95.490862,29.764194],[-95.490869,29.764205],[-95.490876,29.764216],[-95.490884,29.764226],[-95.490891,29.764237],[-95.490899,29.764248],[-95.490907,29.764258],[-95.490915,29.764268],[-95.490924,29.764278],[-95.490932,29.764288],[-95.490941,29.764298],[-95.49095,29.764308],[-95.490959,29.764317],[-95.490968,29.764327],[-95.490978,29.764336],[-95.490988,29.764345],[-95.490998,29.764354],[-95.491008,29.764363],[-95.491018,29.764371],[-95.491029,29.76438],[-95.491039,29.764388],[-95.49105,29.764396],[-95.491064,29.764407],[-95.492169,29.765025],[-95.492171,29.765026],[-95.492176,29.765028],[-95.492181,29.76503],[-95.492186,29.765033],[-95.492191,29.765035],[-95.492196,29.765038],[-95.492201,29.76504],[-95.492206,29.765043],[-95.49221,29.765046],[-95.492215,29.765049],[-95.49222,29.765052],[-95.492224,29.765055],[-95.492229,29.765058],[-95.492232,29.76506],[-95.492233,29.765061],[-95.492238,29.765064],[-95.492242,29.765068],[-95.492247,29.765071],[-95.492251,29.765074],[-95.492255,29.765078],[-95.492259,29.765081],[-95.492263,29.765085],[-95.492267,29.765089],[-95.492271,29.765092],[-95.492275,29.765096],[-95.492278,29.7651],[-95.492282,29.765104],[-95.492286,29.765108],[-95.492286,29.765109],[-95.492289,29.765112],[-95.492292,29.765116],[-95.492296,29.76512],[-95.492299,29.765124],[-95.492302,29.765129],[-95.492305,29.765133],[-95.492308,29.765137],[-95.492311,29.765141],[-95.492314,29.765146],[-95.492317,29.76515],[-95.492319,29.765155],[-95.492322,29.765159],[-95.492324,29.765164],[-95.492327,29.765168],[-95.492329,29.765173],[-95.492331,29.765178],[-95.492333,29.765182],[-95.492335,29.765187],[-95.492337,29.765192],[-95.492339,29.765197],[-95.49234,29.765201],[-95.492342,29.765206],[-95.492344,29.765211],[-95.492345,29.765216],[-95.492346,29.765221],[-95.492347,29.765226],[-95.492349,29.765231],[-95.49235,29.765236],[-95.492351,29.765241],[-95.492351,29.765246],[-95.492352,29.765251],[-95.492353,29.765256],[-95.492353,29.765261],[-95.492354,29.765266],[-95.492354,29.765271],[-95.492354,29.765276],[-95.492354,29.765281],[-95.492354,29.765286],[-95.492354,29.765291],[-95.492354,29.765296],[-95.492354,29.765301],[-95.492353,29.765306],[-95.492353,29.765311],[-95.492352,29.765316],[-95.492352,29.765321],[-95.492351,29.765326],[-95.49235,29.765331],[-95.492349,29.765336],[-95.492348,29.765341],[-95.492347,29.765345],[-95.492345,29.76535],[-95.492344,29.765355],[-95.492342,29.76536],[-95.492341,29.765365],[-95.492339,29.76537],[-95.492337,29.765374],[-95.492336,29.765379],[-95.492334,29.765384],[-95.492332,29.765389],[-95.492318,29.765401],[-95.492307,29.765411],[-95.492297,29.765421],[-95.492286,29.76543],[-95.492275,29.765439],[-95.492271,29.765442],[-95.492264,29.765448],[-95.492252,29.765457],[-95.49224,29.765465],[-95.492229,29.765474],[-95.492217,29.765482],[-95.492205,29.76549],[-95.492195,29.765496],[-95.492192,29.765498],[-95.49218,29.765505],[-95.492167,29.765513],[-95.492155,29.76552],[-95.492142,29.765527],[-95.492131,29.765533],[-95.492129,29.765534],[-95.492115,29.765541],[-95.492102,29.765547],[-95.492089,29.765554],[-95.492075,29.76556],[-95.492061,29.765566],[-95.492047,29.765572],[-95.492034,29.765577],[-95.492019,29.765583],[-95.492005,29.765588],[-95.491994,29.765592],[-95.491991,29.765593],[-95.491977,29.765597],[-95.491962,29.765602],[-95.491948,29.765606],[-95.491933,29.76561],[-95.491918,29.765614],[-95.491904,29.765617],[-95.491853,29.765621],[-95.491822,29.765623],[-95.491791,29.765625],[-95.49176,29.765626],[-95.49173,29.765626],[-95.491699,29.765626],[-95.49167,29.765626],[-95.491668,29.765626],[-95.491637,29.765625],[-95.491606,29.765623],[-95.491575,29.765621],[-95.491544,29.765619],[-95.491514,29.765616],[-95.491483,29.765613],[-95.491469,29.765611],[-95.491453,29.765609],[-95.491422,29.765605],[-95.491392,29.7656],[-95.491361,29.765595],[-95.491331,29.765589],[-95.491301,29.765583],[-95.491271,29.765577],[-95.491241,29.76557],[-95.491212,29.765562],[-95.491182,29.765555],[-95.491153,29.765546],[-95.491124,29.765537],[-95.491095,29.765528],[-95.491072,29.765523],[-95.491054,29.765518],[-95.491037,29.765513],[-95.491019,29.765508],[-95.491002,29.765503],[-95.490985,29.765497],[-95.490968,29.765491],[-95.490951,29.765485],[-95.490934,29.765478],[-95.490918,29.765472],[-95.490901,29.765465],[-95.490885,29.765457],[-95.490869,29.76545],[-95.490853,29.765442],[-95.490837,29.765434],[-95.490834,29.765433],[-95.490821,29.765426],[-95.490806,29.765418],[-95.49079,29.765409],[-95.490775,29.7654],[-95.49076,29.765391],[-95.490745,29.765382],[-95.490731,29.765372],[-95.490716,29.765362],[-95.490713,29.76536],[-95.490702,29.765352],[-95.490688,29.765342],[-95.490674,29.765332],[-95.490661,29.765321],[-95.490647,29.76531],[-95.490634,29.765299],[-95.490621,29.765288],[-95.490608,29.765276],[-95.490596,29.765265],[-95.490584,29.765253],[-95.490571,29.765241],[-95.49056,29.765229],[-95.490548,29.765216],[-95.490537,29.765204],[-95.490526,29.765191],[-95.490515,29.765178],[-95.490506,29.765167],[-95.490505,29.765165],[-95.490499,29.765156],[-95.490497,29.765153],[-95.490489,29.765141],[-95.490481,29.765129],[-95.490473,29.765117],[-95.490465,29.765106],[-95.490456,29.765094],[-95.490447,29.765083],[-95.490438,29.765072],[-95.490429,29.765061],[-95.490419,29.76505],[-95.490409,29.765039],[-95.490399,29.765028],[-95.490389,29.765018],[-95.490379,29.765007],[-95.490368,29.764997],[-95.490357,29.764987],[-95.490346,29.764978],[-95.490335,29.764968],[-95.490324,29.764958],[-95.490312,29.764949],[-95.4903,29.76494],[-95.490288,29.764931],[-95.490276,29.764922],[-95.490264,29.764914],[-95.490251,29.764905],[-95.490239,29.764897],[-95.490226,29.764889],[-95.490213,29.764881],[-95.4902,29.764874],[-95.490186,29.764866],[-95.490173,29.764859],[-95.490159,29.764852],[-95.490146,29.764845],[-95.490132,29.764839],[-95.490118,29.764832],[-95.490104,29.764826],[-95.490089,29.76482],[-95.490075,29.764814],[-95.490061,29.764809],[-95.490053,29.764806],[-95.490046,29.764804],[-95.490031,29.764799],[-95.490017,29.764794],[-95.490002,29.764789],[-95.489987,29.764785],[-95.489972,29.764781],[-95.489956,29.764777],[-95.489941,29.764773],[-95.489926,29.76477],[-95.489911,29.764766],[-95.489891,29.764763],[-95.489887,29.764762],[-95.489882,29.764763],[-95.489877,29.764764],[-95.489871,29.764765],[-95.489866,29.764766],[-95.489861,29.764768],[-95.489856,29.764769],[-95.489851,29.76477],[-95.489846,29.764772],[-95.489841,29.764773],[-95.489836,29.764775],[-95.489831,29.764777],[-95.489827,29.764779],[-95.489822,29.764781],[-95.489817,29.764783],[-95.489812,29.764785],[-95.489807,29.764787],[-95.489803,29.764789],[-95.489798,29.764791],[-95.489794,29.764793],[-95.489789,29.764796],[-95.489785,29.764798],[-95.489784,29.764799],[-95.489783,29.764799],[-95.48978,29.764801],[-95.489776,29.764803],[-95.489771,29.764806],[-95.489767,29.764809],[-95.489763,29.764811],[-95.489759,29.764814],[-95.489755,29.764817],[-95.489751,29.76482],[-95.489747,29.764823],[-95.489743,29.764826],[-95.489739,29.764829],[-95.489735,29.764833],[-95.489731,29.764836],[-95.489728,29.764839],[-95.489724,29.764843],[-95.48972,29.764846],[-95.489717,29.764849],[-95.489714,29.764853],[-95.48971,29.764857],[-95.489707,29.76486],[-95.489704,29.764864],[-95.489701,29.764868],[-95.489698,29.764871],[-95.489695,29.764875],[-95.489692,29.764879],[-95.489689,29.764883],[-95.489686,29.764887],[-95.489686,29.764887],[-95.489684,29.764891],[-95.489681,29.764895],[-95.489679,29.764899],[-95.489676,29.764903],[-95.489674,29.764907],[-95.489672,29.764911],[-95.489669,29.764916],[-95.489667,29.76492],[-95.489665,29.764924],[-95.489665,29.764925],[-95.489663,29.764928],[-95.489662,29.764933],[-95.48966,29.764937],[-95.489658,29.764942],[-95.489657,29.764946],[-95.489654,29.764955],[-95.489661,29.764973],[-95.489666,29.764989],[-95.489672,29.765006],[-95.489678,29.765024],[-95.489683,29.765041],[-95.489688,29.765059],[-95.489692,29.765077],[-95.489696,29.765095],[-95.4897,29.765113],[-95.489703,29.765131],[-95.489706,29.765149],[-95.489709,29.765167],[-95.489711,29.765185],[-95.489713,29.765203],[-95.489715,29.765221],[-95.489716,29.76524],[-95.489717,29.765258],[-95.489717,29.765276],[-95.489717,29.765294],[-95.489717,29.765312],[-95.489718,29.765331],[-95.489718,29.765349],[-95.489718,29.765367],[-95.489718,29.765385],[-95.489717,29.765403],[-95.489716,29.765421],[-95.489715,29.765439],[-95.489713,29.765456],[-95.489711,29.765474],[-95.489711,29.765478],[-95.489711,29.765482],[-95.489711,29.765486],[-95.489712,29.765489],[-95.489712,29.765493],[-95.489713,29.765497],[-95.489713,29.765501],[-95.489714,29.765504],[-95.489715,29.765508],[-95.489716,29.765512],[-95.489716,29.765515],[-95.489717,29.765519],[-95.489718,29.765523],[-95.48972,29.765527],[-95.489721,29.76553],[-95.489722,29.765534],[-95.489723,29.765537],[-95.489725,29.765541],[-95.489726,29.765545],[-95.489728,29.765548],[-95.489729,29.765552],[-95.489731,29.765555],[-95.489733,29.765559],[-95.489734,29.765562],[-95.489736,29.765566],[-95.489738,29.765569],[-95.48974,29.765573],[-95.489742,29.765576],[-95.489744,29.765579],[-95.489747,29.765583],[-95.489749,29.765586],[-95.489751,29.765589],[-95.489754,29.765593],[-95.489756,29.765596],[-95.489758,29.765599],[-95.489761,29.765602],[-95.489764,29.765605],[-95.489766,29.765608],[-95.489769,29.765611],[-95.489772,29.765614],[-95.489775,29.765617],[-95.489778,29.76562],[-95.489781,29.765623],[-95.489784,29.765626],[-95.489787,29.765629],[-95.48979,29.765631],[-95.489793,29.765634],[-95.489796,29.765637],[-95.489799,29.765639],[-95.489803,29.765642],[-95.489806,29.765644],[-95.489809,29.765647],[-95.489813,29.765649],[-95.489816,29.765651],[-95.48982,29.765654],[-95.489823,29.765656],[-95.489827,29.765658],[-95.489831,29.76566],[-95.489834,29.765662],[-95.489838,29.765664],[-95.489842,29.765666],[-95.489846,29.765668],[-95.489849,29.76567],[-95.489853,29.765672],[-95.489857,29.765674],[-95.489861,29.765675],[-95.489866,29.765677],[-95.489867,29.765678],[-95.489916,29.765723],[-95.489968,29.765768],[-95.49002,29.765812],[-95.490074,29.765856],[-95.490128,29.765899],[-95.490182,29.76594],[-95.490238,29.765982],[-95.490266,29.766001],[-95.490317,29.766038],[-95.490327,29.766047],[-95.490336,29.766056],[-95.490346,29.766065],[-95.490356,29.766074],[-95.490366,29.766083],[-95.490376,29.766091],[-95.490386,29.766099],[-95.490397,29.766107],[-95.490408,29.766115],[-95.490418,29.766123],[-95.490429,29.766131],[-95.49044,29.766138],[-95.490452,29.766146],[-95.490463,29.766153],[-95.490474,29.76616],[-95.490486,29.766167],[-95.490498,29.766174],[-95.490509,29.76618],[-95.490521,29.766186],[-95.490533,29.766192],[-95.490546,29.766198],[-95.490558,29.766204],[-95.49057,29.76621],[-95.490583,29.766215],[-95.490595,29.76622],[-95.490608,29.766226],[-95.490621,29.76623],[-95.490633,29.766235],[-95.490634,29.766235],[-95.490646,29.76624],[-95.490659,29.766244],[-95.49066,29.766244],[-95.49067,29.766252],[-95.49068,29.76626],[-95.490691,29.766268],[-95.490702,29.766276],[-95.490713,29.766283],[-95.490724,29.76629],[-95.490735,29.766298],[-95.490746,29.766305],[-95.490758,29.766312],[-95.490769,29.766318],[-95.490781,29.766325],[-95.490793,29.766331],[-95.490804,29.766337],[-95.490816,29.766343],[-95.490828,29.766349],[-95.490841,29.766355],[-95.490853,29.76636],[-95.490865,29.766365],[-95.490878,29.766371],[-95.49089,29.766375],[-95.490903,29.76638],[-95.490916,29.766385],[-95.490929,29.766389],[-95.490941,29.766393],[-95.490954,29.766397],[-95.490969,29.766401],[-95.491007,29.766411],[-95.491012,29.766415],[-95.491013,29.766416],[-95.491017,29.766418],[-95.49102,29.766421],[-95.491023,29.766424],[-95.491027,29.766427],[-95.49103,29.76643],[-95.491033,29.766433],[-95.491036,29.766436],[-95.491039,29.766439],[-95.491042,29.766442],[-95.491045,29.766445],[-95.491048,29.766448],[-95.491051,29.766452],[-95.491053,29.766455],[-95.491055,29.766457],[-95.491056,29.766458],[-95.491058,29.766462],[-95.49106,29.766465],[-95.491062,29.766467],[-95.491062,29.766468],[-95.491065,29.766472],[-95.491067,29.766475],[-95.491069,29.766479],[-95.491069,29.76648],[-95.491071,29.766482],[-95.491072,29.766486],[-95.491074,29.766489],[-95.491076,29.766493],[-95.491078,29.766497],[-95.491079,29.7665],[-95.491081,29.766504],[-95.491082,29.766508],[-95.491084,29.766512],[-95.491085,29.766515],[-95.491086,29.766519],[-95.491087,29.766523],[-95.491088,29.766527],[-95.491089,29.766531],[-95.49109,29.766534],[-95.491091,29.766538],[-95.491092,29.766542],[-95.491093,29.766546],[-95.491093,29.76655],[-95.491094,29.766554],[-95.491094,29.766558],[-95.491095,29.766562],[-95.491095,29.766566],[-95.491095,29.76657],[-95.491095,29.766574],[-95.491095,29.766578],[-95.491095,29.766582],[-95.491095,29.766585],[-95.491095,29.766589],[-95.491095,29.766593],[-95.491094,29.766597],[-95.491094,29.766601],[-95.491094,29.766605],[-95.491093,29.766609],[-95.491092,29.766613],[-95.491092,29.766617],[-95.491091,29.766621],[-95.49109,29.766625],[-95.491089,29.766629],[-95.491088,29.766632],[-95.491087,29.766636],[-95.491086,29.76664],[-95.491085,29.766644],[-95.491083,29.766648],[-95.491082,29.766652],[-95.491081,29.766655],[-95.491079,29.766659],[-95.491077,29.766663],[-95.491076,29.766666],[-95.491074,29.76667],[-95.491072,29.766674],[-95.49107,29.766677],[-95.491068,29.766681],[-95.491066,29.766684],[-95.491064,29.766688],[-95.491062,29.766691],[-95.49106,29.766695],[-95.491057,29.766698],[-95.491055,29.766702],[-95.491053,29.766705],[-95.49105,29.766708],[-95.491048,29.766711],[-95.491045,29.766715],[-95.491042,29.766718],[-95.49104,29.766721],[-95.491037,29.766724],[-95.491034,29.766727],[-95.491031,29.76673],[-95.491028,29.766733],[-95.491025,29.766736],[-95.491022,29.766739],[-95.491019,29.766742],[-95.491016,29.766744],[-95.491012,29.766747],[-95.491009,29.76675],[-95.491007,29.766751],[-95.491006,29.766752],[-95.491,29.766751],[-95.490999,29.76675],[-95.490996,29.766749],[-95.490992,29.766749],[-95.490989,29.766748],[-95.490986,29.766747],[-95.490982,29.766746],[-95.490979,29.766745],[-95.490976,29.766745],[-95.490972,29.766744],[-95.490969,29.766744],[-95.490967,29.766744],[-95.490965,29.766743],[-95.490964,29.766743],[-95.490962,29.766743],[-95.490957,29.766742],[-95.490949,29.766748],[-95.490941,29.766752],[-95.490934,29.766757],[-95.490927,29.766761],[-95.490919,29.766765],[-95.490912,29.766769],[-95.490904,29.766772],[-95.490897,29.766776],[-95.490896,29.766776],[-95.490888,29.76678],[-95.490881,29.766783],[-95.490873,29.766786],[-95.490865,29.76679],[-95.490857,29.766793],[-95.490849,29.766796],[-95.49084,29.766798],[-95.490832,29.766801],[-95.490824,29.766804],[-95.490816,29.766806],[-95.490807,29.766808],[-95.490799,29.766811],[-95.490795,29.766812],[-95.49079,29.766813],[-95.490782,29.766815],[-95.490773,29.766816],[-95.490765,29.766818],[-95.490756,29.76682],[-95.490748,29.766821],[-95.490739,29.766822],[-95.49073,29.766823],[-95.490722,29.766824],[-95.490713,29.766825],[-95.490704,29.766826],[-95.490696,29.766826],[-95.490687,29.766827],[-95.490678,29.766827],[-95.49067,29.766827],[-95.490661,29.766827],[-95.490652,29.766827],[-95.49065,29.766827],[-95.490643,29.766827],[-95.490635,29.766827],[-95.490626,29.766826],[-95.490617,29.766826],[-95.490609,29.766825],[-95.4906,29.766824],[-95.490591,29.766823],[-95.490583,29.766822],[-95.490574,29.76682],[-95.490566,29.766819],[-95.490557,29.766817],[-95.490549,29.766816],[-95.490543,29.766814],[-95.49054,29.766814],[-95.490537,29.766813],[-95.490532,29.766812],[-95.490523,29.76681],[-95.490521,29.766809],[-95.490517,29.766808],[-95.490515,29.766808],[-95.490507,29.766805],[-95.490505,29.766805],[-95.490503,29.766804],[-95.490499,29.766803],[-95.490491,29.7668],[-95.49049,29.7668],[-95.490482,29.766797],[-95.490203,29.766785],[-95.490195,29.766784],[-95.489911,29.76672],[-95.489747,29.766708],[-95.48972,29.766706],[-95.489716,29.766706],[-95.489709,29.766705],[-95.489703,29.766705],[-95.489696,29.766705],[-95.48968,29.766704],[-95.489665,29.766704],[-95.489649,29.766702],[-95.489634,29.766701],[-95.489618,29.766699],[-95.489603,29.766698],[-95.489588,29.766696],[-95.489572,29.766693],[-95.489557,29.766691],[-95.489542,29.766688],[-95.489527,29.766685],[-95.489511,29.766682],[-95.489496,29.766679],[-95.489481,29.766675],[-95.489467,29.766671],[-95.489452,29.766667],[-95.489437,29.766663],[-95.489423,29.766658],[-95.489408,29.766654],[-95.489406,29.766653],[-95.489394,29.766649],[-95.489387,29.766649],[-95.489376,29.766648],[-95.489376,29.766648],[-95.489376,29.766648],[-95.48937,29.766648],[-95.489346,29.766648],[-95.489322,29.766648],[-95.489299,29.766648],[-95.489275,29.766649],[-95.489251,29.76665],[-95.489227,29.766651],[-95.489204,29.766653],[-95.48918,29.766655],[-95.489157,29.766658],[-95.489133,29.76666],[-95.48911,29.766663],[-95.489086,29.766667],[-95.489063,29.766671],[-95.48904,29.766675],[-95.488998,29.766683],[-95.48898,29.766687],[-95.488963,29.766691],[-95.488945,29.766696],[-95.488928,29.7667],[-95.488911,29.766705],[-95.488893,29.76671],[-95.488876,29.766716],[-95.488859,29.766721],[-95.488844,29.766726],[-95.48884,29.766727],[-95.488829,29.76673],[-95.488815,29.766735],[-95.4888,29.76674],[-95.488786,29.766745],[-95.488772,29.76675],[-95.488758,29.766756],[-95.488744,29.766762],[-95.48873,29.766768],[-95.488717,29.766774],[-95.488704,29.76678],[-95.488691,29.766787],[-95.488678,29.766794],[-95.488665,29.766801],[-95.488659,29.766805],[-95.488653,29.766808],[-95.488641,29.766816],[-95.488628,29.766823],[-95.488617,29.766831],[-95.488605,29.766839],[-95.488594,29.766848],[-95.488586,29.766853],[-95.488582,29.766856],[-95.488571,29.766865],[-95.488561,29.766874],[-95.48855,29.766883],[-95.488537,29.766894],[-95.488133,29.767219],[-95.487913,29.767413],[-95.487785,29.767535],[-95.487661,29.767651],[-95.487585,29.767723],[-95.487543,29.767762],[-95.487528,29.767776],[-95.48752,29.767787],[-95.487518,29.767789],[-95.487511,29.767798],[-95.487503,29.76781],[-95.487495,29.767821],[-95.487487,29.767832],[-95.48748,29.767844],[-95.487472,29.767855],[-95.487465,29.767867],[-95.487458,29.767879],[-95.487452,29.767891],[-95.487446,29.767903],[-95.487439,29.767915],[-95.487434,29.767927],[-95.487428,29.76794],[-95.487423,29.767952],[-95.487417,29.767965],[-95.487413,29.767977],[-95.487408,29.76799],[-95.487404,29.768002],[-95.4874,29.768015],[-95.487396,29.768028],[-95.487393,29.768036],[-95.487392,29.768041],[-95.487389,29.768054],[-95.487386,29.768067],[-95.487383,29.768079],[-95.487379,29.768098],[-95.487368,29.768238],[-95.487356,29.768394],[-95.487354,29.768428],[-95.487356,29.768438],[-95.487358,29.768448],[-95.48736,29.768458],[-95.487363,29.768469],[-95.487366,29.768479],[-95.487368,29.768485],[-95.487369,29.768489],[-95.487373,29.768499],[-95.487376,29.768509],[-95.48738,29.768518],[-95.487384,29.768528],[-95.487388,29.768538],[-95.487392,29.768548],[-95.487397,29.768557],[-95.487401,29.768567],[-95.487406,29.768576],[-95.487411,29.768586],[-95.487417,29.768595],[-95.487422,29.768604],[-95.487428,29.768613],[-95.487434,29.768623],[-95.48744,29.768631],[-95.48744,29.768632],[-95.487446,29.76864],[-95.487452,29.768649],[-95.487459,29.768658],[-95.487465,29.768666],[-95.487472,29.768675],[-95.487479,29.768683],[-95.487487,29.768691],[-95.487494,29.768699],[-95.487502,29.768708],[-95.487509,29.768715],[-95.487517,29.768723],[-95.487525,29.768731],[-95.487534,29.768738],[-95.487541,29.768745],[-95.487542,29.768746],[-95.48755,29.768753],[-95.487559,29.76876],[-95.487568,29.768767],[-95.48757,29.768769],[-95.48757,29.768769],[-95.487577,29.768774],[-95.487586,29.768781],[-95.487599,29.76879],[-95.487926,29.769034],[-95.487939,29.769044],[-95.487962,29.769059],[-95.488169,29.769196],[-95.488235,29.76924],[-95.488237,29.769241],[-95.488239,29.769242],[-95.488241,29.769243],[-95.488243,29.769244],[-95.488245,29.769245],[-95.488247,29.769246],[-95.488249,29.769247],[-95.488251,29.769248],[-95.488253,29.769249],[-95.488254,29.769251],[-95.488256,29.769252],[-95.488258,29.769253],[-95.48826,29.769254],[-95.488262,29.769256],[-95.488263,29.769257],[-95.488265,29.769258],[-95.488265,29.769258],[-95.488267,29.76926],[-95.488268,29.769261],[-95.48827,29.769262],[-95.488271,29.769264],[-95.488273,29.769265],[-95.488274,29.769267],[-95.488276,29.769268],[-95.488277,29.76927],[-95.488279,29.769271],[-95.48828,29.769273],[-95.488281,29.769274],[-95.488283,29.769276],[-95.488284,29.769278],[-95.488285,29.769279],[-95.488287,29.769281],[-95.488288,29.769283],[-95.488289,29.769284],[-95.48829,29.769286],[-95.488291,29.769288],[-95.488292,29.76929],[-95.488293,29.769291],[-95.488294,29.769293],[-95.488295,29.769295],[-95.488296,29.769297],[-95.488297,29.769299],[-95.488298,29.7693],[-95.488299,29.769302],[-95.488299,29.769304],[-95.4883,29.769306],[-95.488301,29.769308],[-95.488302,29.76931],[-95.488302,29.769312],[-95.488303,29.769314],[-95.488303,29.769316],[-95.488304,29.769318],[-95.488304,29.76932],[-95.488305,29.769321],[-95.488305,29.769323],[-95.488306,29.769325],[-95.488306,29.769327],[-95.488306,29.769329],[-95.488307,29.769331],[-95.488307,29.769333],[-95.488307,29.769335],[-95.488307,29.769337],[-95.488307,29.769339],[-95.488307,29.769341],[-95.488307,29.769343],[-95.488307,29.769345],[-95.488307,29.769347],[-95.488307,29.769349],[-95.488307,29.769351],[-95.488307,29.769353],[-95.488307,29.769355],[-95.488306,29.769357],[-95.488306,29.769359],[-95.488306,29.769361],[-95.488304,29.769368],[-95.488303,29.769372],[-95.488302,29.769376],[-95.488301,29.76938],[-95.4883,29.769384],[-95.488299,29.769388],[-95.488297,29.769392],[-95.488296,29.769396],[-95.488294,29.7694],[-95.488293,29.769404],[-95.488291,29.769408],[-95.488289,29.769412],[-95.488287,29.769416],[-95.488285,29.76942],[-95.488283,29.769424],[-95.488281,29.769427],[-95.488279,29.769431],[-95.488277,29.769435],[-95.488275,29.769439],[-95.488272,29.769442],[-95.48827,29.769446],[-95.488267,29.76945],[-95.488265,29.769453],[-95.488262,29.769457],[-95.488259,29.76946],[-95.488257,29.769464],[-95.488254,29.769467],[-95.488251,29.769471],[-95.488248,29.769474],[-95.488245,29.769477],[-95.488242,29.76948],[-95.488239,29.769484],[-95.488235,29.769487],[-95.488232,29.76949],[-95.488229,29.769493],[-95.488225,29.769496],[-95.488222,29.769499],[-95.488218,29.769502],[-95.488215,29.769505],[-95.488211,29.769507],[-95.488207,29.76951],[-95.488204,29.769513],[-95.4882,29.769515],[-95.488196,29.769518],[-95.488192,29.769521],[-95.488188,29.769523],[-95.488184,29.769525],[-95.48818,29.769528],[-95.488176,29.76953],[-95.488172,29.769532],[-95.488168,29.769534],[-95.488164,29.769536],[-95.48816,29.769538],[-95.488155,29.76954],[-95.488151,29.769542],[-95.488147,29.769544],[-95.488142,29.769546],[-95.488138,29.769547],[-95.488138,29.769548],[-95.488138,29.769548],[-95.488135,29.769549],[-95.488134,29.769549],[-95.48813,29.76955],[-95.488125,29.769551],[-95.488029,29.769572],[-95.48795,29.769587],[-95.487871,29.769602],[-95.487808,29.769612],[-95.487791,29.769615],[-95.487591,29.76963],[-95.487394,29.769643],[-95.487392,29.769643],[-95.486985,29.769621],[-95.486983,29.769621],[-95.486378,29.76923],[-95.485827,29.76909],[-95.485822,29.769089],[-95.485821,29.769089],[-95.485736,29.769188],[-95.485721,29.769205],[-95.485717,29.76921],[-95.48565,29.769226],[-95.485421,29.769517],[-95.485344,29.770275],[-95.485171,29.77063],[-95.485159,29.770785],[-95.485108,29.770824],[-95.484887,29.770998],[-95.484811,29.771038],[-95.484658,29.771111],[-95.484368,29.771245],[-95.484193,29.771324],[-95.484004,29.771383],[-95.483793,29.771501],[-95.483598,29.771639],[-95.483416,29.771831],[-95.483369,29.771881],[-95.483324,29.771893],[-95.483323,29.771893],[-95.483282,29.77189],[-95.483206,29.771859],[-95.483178,29.771834],[-95.483159,29.771818],[-95.483141,29.771801],[-95.483122,29.771785],[-95.483105,29.771768],[-95.483087,29.771751],[-95.48307,29.771733],[-95.483053,29.771716],[-95.483037,29.771698],[-95.483021,29.77168],[-95.483005,29.771662],[-95.48299,29.771643],[-95.482975,29.771625],[-95.482961,29.771606],[-95.482946,29.771587],[-95.482933,29.771567],[-95.482919,29.771548],[-95.482906,29.771528],[-95.482893,29.771508],[-95.482881,29.771488],[-95.482869,29.771468],[-95.482858,29.771448],[-95.482847,29.771427],[-95.482836,29.771407],[-95.482826,29.771386],[-95.482816,29.771365],[-95.482807,29.771344],[-95.482798,29.771323],[-95.482789,29.771302],[-95.482833,29.770816],[-95.482991,29.770367],[-95.482937,29.770254],[-95.48285,29.770144],[-95.482687,29.770104],[-95.48246,29.770082],[-95.482456,29.770082],[-95.482269,29.770097],[-95.482105,29.770179],[-95.481831,29.770386],[-95.48159,29.770658],[-95.481633,29.770886],[-95.481851,29.771308],[-95.481775,29.77147],[-95.481681,29.771764],[-95.481616,29.77198],[-95.481596,29.772043],[-95.481559,29.772164],[-95.481553,29.77218],[-95.481512,29.772301],[-95.4814,29.772449],[-95.481273,29.772604],[-95.481073,29.772751],[-95.480338,29.773006],[-95.480333,29.773008],[-95.480319,29.772993],[-95.480311,29.772984],[-95.48031,29.772983],[-95.480172,29.772776],[-95.480102,29.772674],[-95.480031,29.772571],[-95.47995,29.772454],[-95.479924,29.772212],[-95.479896,29.771916],[-95.479647,29.771594],[-95.479646,29.771594],[-95.479568,29.771594],[-95.479034,29.771844],[-95.478964,29.771916],[-95.478861,29.772023],[-95.478856,29.772054],[-95.478773,29.772233],[-95.478606,29.77263],[-95.478514,29.772662],[-95.478509,29.772664],[-95.478475,29.772597],[-95.478474,29.772594],[-95.478473,29.772595],[-95.478361,29.772659],[-95.478248,29.772723],[-95.478248,29.772726],[-95.478247,29.772786],[-95.478247,29.772832],[-95.478027,29.772836],[-95.478013,29.772837],[-95.477964,29.772839],[-95.477958,29.772839],[-95.477822,29.772806],[-95.4777,29.772771],[-95.477689,29.772768],[-95.47753,29.772624],[-95.477519,29.772611],[-95.477494,29.772582],[-95.477493,29.772581],[-95.477471,29.772548],[-95.477375,29.772403],[-95.477335,29.772351],[-95.477288,29.772291],[-95.477259,29.772258],[-95.477185,29.772166],[-95.477175,29.772154],[-95.477071,29.772032],[-95.476908,29.771821],[-95.476858,29.771702],[-95.476834,29.771647],[-95.476833,29.771474],[-95.47676,29.771289],[-95.476725,29.771201],[-95.476611,29.771101],[-95.476439,29.771054],[-95.476439,29.771054],[-95.476432,29.771053],[-95.47643,29.771085],[-95.476427,29.771119],[-95.476427,29.771119],[-95.47634,29.771107],[-95.476336,29.771106],[-95.476252,29.771118],[-95.476194,29.771137],[-95.476147,29.771152],[-95.476034,29.771189],[-95.475945,29.771219],[-95.475942,29.771221],[-95.475941,29.771222],[-95.475939,29.771224],[-95.475936,29.771226],[-95.475933,29.771228],[-95.475933,29.771228],[-95.47593,29.77123],[-95.475928,29.771232],[-95.475925,29.771233],[-95.475923,29.771234],[-95.475923,29.771234],[-95.475922,29.771235],[-95.475919,29.771237],[-95.475916,29.771239],[-95.475913,29.77124],[-95.47591,29.771242],[-95.475907,29.771243],[-95.475904,29.771245],[-95.475903,29.771245],[-95.475903,29.771245],[-95.475901,29.771246],[-95.475898,29.771247],[-95.475895,29.771249],[-95.475892,29.77125],[-95.475892,29.77125],[-95.475888,29.771251],[-95.475885,29.771252],[-95.475882,29.771254],[-95.475881,29.771254],[-95.475879,29.771255],[-95.475875,29.771256],[-95.475872,29.771257],[-95.475869,29.771258],[-95.475868,29.771259],[-95.475864,29.77126],[-95.47586,29.771262],[-95.475856,29.771264],[-95.475856,29.771265],[-95.475852,29.771267],[-95.475847,29.771269],[-95.475844,29.771271],[-95.475844,29.771271],[-95.47584,29.771273],[-95.475836,29.771276],[-95.475832,29.771278],[-95.475832,29.771279],[-95.475828,29.771281],[-95.475824,29.771283],[-95.475821,29.771286],[-95.47582,29.771287],[-95.47582,29.771287],[-95.47582,29.771287],[-95.475817,29.771289],[-95.475814,29.771291],[-95.47581,29.771294],[-95.475809,29.771295],[-95.475807,29.771297],[-95.475803,29.7713],[-95.4758,29.771303],[-95.475798,29.771305],[-95.475797,29.771306],[-95.475793,29.771309],[-95.47579,29.771312],[-95.475788,29.771315],[-95.475787,29.771315],[-95.475784,29.771319],[-95.475781,29.771322],[-95.475778,29.771325],[-95.475778,29.771325],[-95.475775,29.771329],[-95.475772,29.771332],[-95.47577,29.771336],[-95.475767,29.771339],[-95.475764,29.771343],[-95.475762,29.771346],[-95.475761,29.771347],[-95.475761,29.771347],[-95.475759,29.77135],[-95.475755,29.771356],[-95.475754,29.771358],[-95.475747,29.771367],[-95.47574,29.771376],[-95.475738,29.771378],[-95.475726,29.771394],[-95.475726,29.771395],[-95.475713,29.771412],[-95.475712,29.771413],[-95.475701,29.771429],[-95.475691,29.771444],[-95.47569,29.771446],[-95.47568,29.771462],[-95.475678,29.771464],[-95.475677,29.771465],[-95.475663,29.77149],[-95.475566,29.771653],[-95.475516,29.771736],[-95.475508,29.771754],[-95.475506,29.771756],[-95.475505,29.771758],[-95.475503,29.771759],[-95.475502,29.771761],[-95.475501,29.771763],[-95.475501,29.771763],[-95.475501,29.771763],[-95.475499,29.771764],[-95.475498,29.771766],[-95.475497,29.771768],[-95.475496,29.77177],[-95.475494,29.771772],[-95.475493,29.771773],[-95.475493,29.771773],[-95.475492,29.771775],[-95.475491,29.771777],[-95.47549,29.771779],[-95.475489,29.771781],[-95.475488,29.771783],[-95.475487,29.771785],[-95.475486,29.771787],[-95.475486,29.771789],[-95.475485,29.771791],[-95.475484,29.771792],[-95.475483,29.771794],[-95.475483,29.771796],[-95.475482,29.771799],[-95.475481,29.771801],[-95.475481,29.771803],[-95.47548,29.771805],[-95.47548,29.771807],[-95.475479,29.771809],[-95.475479,29.771811],[-95.475478,29.771813],[-95.475478,29.771815],[-95.475478,29.771817],[-95.475477,29.771821],[-95.475477,29.771821],[-95.475453,29.771965],[-95.475407,29.772096],[-95.475401,29.772115],[-95.475397,29.772127],[-95.475393,29.772138],[-95.475388,29.77215],[-95.475383,29.772161],[-95.475378,29.772172],[-95.475372,29.772184],[-95.475366,29.772195],[-95.47536,29.772206],[-95.475354,29.772217],[-95.475347,29.772228],[-95.475341,29.772239],[-95.475334,29.77225],[-95.475327,29.77226],[-95.475319,29.772271],[-95.475312,29.772281],[-95.475304,29.772292],[-95.475296,29.772302],[-95.475287,29.772312],[-95.475279,29.772322],[-95.47527,29.772332],[-95.475262,29.772342],[-95.475253,29.772351],[-95.4752,29.772408],[-95.475194,29.772412],[-95.475191,29.772415],[-95.475188,29.772417],[-95.475184,29.772419],[-95.475181,29.772422],[-95.475177,29.772424],[-95.475174,29.772426],[-95.47517,29.772428],[-95.475167,29.77243],[-95.475163,29.772432],[-95.47516,29.772434],[-95.475154,29.772437],[-95.47515,29.772439],[-95.475146,29.772441],[-95.475143,29.772443],[-95.475139,29.772444],[-95.475135,29.772446],[-95.475131,29.772447],[-95.475127,29.772449],[-95.475123,29.77245],[-95.475119,29.772452],[-95.475115,29.772453],[-95.475111,29.772454],[-95.475107,29.772455],[-95.475103,29.772457],[-95.475099,29.772458],[-95.475095,29.772459],[-95.475091,29.77246],[-95.475086,29.77246],[-95.475082,29.772461],[-95.475078,29.772462],[-95.47483,29.772456],[-95.47483,29.772456],[-95.474829,29.772456],[-95.47482,29.772456],[-95.474815,29.772456],[-95.474813,29.772456],[-95.474811,29.772456],[-95.47481,29.772456],[-95.474805,29.772456],[-95.4748,29.772456],[-95.474795,29.772456],[-95.47479,29.772455],[-95.474785,29.772455],[-95.47478,29.772454],[-95.474776,29.772454],[-95.474771,29.772453],[-95.474766,29.772452],[-95.474761,29.772452],[-95.474756,29.772451],[-95.474751,29.77245],[-95.474746,29.772449],[-95.474742,29.772448],[-95.474737,29.772446],[-95.474736,29.772446],[-95.474732,29.772445],[-95.474727,29.772444],[-95.474723,29.772443],[-95.474721,29.772442],[-95.474718,29.772441],[-95.474713,29.77244],[-95.474709,29.772438],[-95.474706,29.772437],[-95.474704,29.772436],[-95.4747,29.772435],[-95.474695,29.772433],[-95.474692,29.772431],[-95.474692,29.772431],[-95.474692,29.772431],[-95.474691,29.772431],[-95.474687,29.772429],[-95.474682,29.772427],[-95.474678,29.772425],[-95.474678,29.772425],[-95.474674,29.772423],[-95.474669,29.77242],[-95.474665,29.772418],[-95.474651,29.772413],[-95.47465,29.772412],[-95.474645,29.772411],[-95.474634,29.772407],[-95.474618,29.772402],[-95.474605,29.772397],[-95.474602,29.772396],[-95.474598,29.772395],[-95.47459,29.772393],[-95.474586,29.772392],[-95.474583,29.772391],[-95.474574,29.772388],[-95.47457,29.772387],[-95.474568,29.772386],[-95.474558,29.772384],[-95.474554,29.772383],[-95.474552,29.772382],[-95.474543,29.77238],[-95.474538,29.772379],[-95.474536,29.772378],[-95.474521,29.772375],[-95.47452,29.772374],[-95.474505,29.772371],[-95.474504,29.772371],[-95.47449,29.772368],[-95.474488,29.772368],[-95.474482,29.772367],[-95.474472,29.772365],[-95.474471,29.772365],[-95.474466,29.772364],[-95.474457,29.772362],[-95.474454,29.772362],[-95.47445,29.772361],[-95.474441,29.77236],[-95.474438,29.772359],[-95.474433,29.772359],[-95.474424,29.772357],[-95.474421,29.772357],[-95.474418,29.772357],[-95.474408,29.772355],[-95.474404,29.772355],[-95.474401,29.772355],[-95.474392,29.772354],[-95.474387,29.772353],[-95.474385,29.772353],[-95.474375,29.772352],[-95.47437,29.772351],[-95.474369,29.772351],[-95.474353,29.77235],[-95.474352,29.77235],[-95.474336,29.772349],[-95.474336,29.772349],[-95.474321,29.772348],[-95.474319,29.772348],[-95.474308,29.772348],[-95.474304,29.772348],[-95.474302,29.772348],[-95.474293,29.772348],[-95.474285,29.772348],[-95.47427,29.772348],[-95.474268,29.772348],[-95.474262,29.772348],[-95.474253,29.772348],[-95.474251,29.772348],[-95.474247,29.772348],[-95.474236,29.772348],[-95.474234,29.772348],[-95.47423,29.772349],[-95.47422,29.772349],[-95.474217,29.772349],[-95.474213,29.772349],[-95.474203,29.77235],[-95.474199,29.77235],[-95.474197,29.77235],[-95.474187,29.772351],[-95.474182,29.772351],[-95.47418,29.772352],[-95.474165,29.772353],[-95.474148,29.772355],[-95.474147,29.772355],[-95.474131,29.772357],[-95.474131,29.772357],[-95.474131,29.772357],[-95.474116,29.772359],[-95.474114,29.772359],[-95.4741,29.772361],[-95.474098,29.772362],[-95.474092,29.772363],[-95.474082,29.772364],[-95.474081,29.772364],[-95.474076,29.772365],[-95.474067,29.772367],[-95.474064,29.772368],[-95.474059,29.772369],[-95.474051,29.77237],[-95.474047,29.772371],[-95.474044,29.772372],[-95.474035,29.772374],[-95.47403,29.772374],[-95.474027,29.772375],[-95.474018,29.772377],[-95.474014,29.772378],[-95.474012,29.772379],[-95.474003,29.772381],[-95.473997,29.772382],[-95.473996,29.772383],[-95.473971,29.772389],[-95.473969,29.77239],[-95.473964,29.772391],[-95.473963,29.772391],[-95.473958,29.772393],[-95.473948,29.772397],[-95.47394,29.7724],[-95.473927,29.772405],[-95.473915,29.77241],[-95.473902,29.772414],[-95.473889,29.772418],[-95.473876,29.772422],[-95.473863,29.772426],[-95.47385,29.77243],[-95.473836,29.772433],[-95.473823,29.772436],[-95.47381,29.772439],[-95.473796,29.772442],[-95.473783,29.772445],[-95.473769,29.772447],[-95.473756,29.772449],[-95.473742,29.772451],[-95.473729,29.772453],[-95.473715,29.772455],[-95.473701,29.772456],[-95.473688,29.772457],[-95.473674,29.772458],[-95.47366,29.772459],[-95.473647,29.77246],[-95.473633,29.77246],[-95.473619,29.77246],[-95.473605,29.77246],[-95.473595,29.77246],[-95.473592,29.77246],[-95.473578,29.772459],[-95.473564,29.772459],[-95.473551,29.772458],[-95.473537,29.772457],[-95.473524,29.772455],[-95.47351,29.772454],[-95.473496,29.772452],[-95.473483,29.77245],[-95.47347,29.772448],[-95.473456,29.772446],[-95.473443,29.772443],[-95.47343,29.772441],[-95.473416,29.772438],[-95.473403,29.772435],[-95.47339,29.772431],[-95.473376,29.772427],[-95.473365,29.772423],[-95.473351,29.772418],[-95.47334,29.772414],[-95.47333,29.772409],[-95.47332,29.772405],[-95.47331,29.772401],[-95.4733,29.772396],[-95.47329,29.772391],[-95.47328,29.772386],[-95.47327,29.772381],[-95.473261,29.772376],[-95.473251,29.77237],[-95.473242,29.772365],[-95.473233,29.772359],[-95.473224,29.772353],[-95.473215,29.772347],[-95.473206,29.772341],[-95.473197,29.772335],[-95.473189,29.772328],[-95.473145,29.77229],[-95.473124,29.772271],[-95.473103,29.77225],[-95.473099,29.772246],[-95.473082,29.77223],[-95.473062,29.772209],[-95.473043,29.772188],[-95.473024,29.772167],[-95.473005,29.772145],[-95.472987,29.772123],[-95.472976,29.77211],[-95.472969,29.772101],[-95.472964,29.772096],[-95.472951,29.772079],[-95.472947,29.772073],[-95.472934,29.772056],[-95.472911,29.772023],[-95.472898,29.772005],[-95.472883,29.771984],[-95.472882,29.771982],[-95.472881,29.771981],[-95.472869,29.771964],[-95.472857,29.771946],[-95.472856,29.771945],[-95.472856,29.771945],[-95.472844,29.771926],[-95.472833,29.771907],[-95.472821,29.771888],[-95.472821,29.771888],[-95.472812,29.771871],[-95.47281,29.771869],[-95.47281,29.771867],[-95.4728,29.77185],[-95.47279,29.77183],[-95.472789,29.771828],[-95.47278,29.77181],[-95.472772,29.771792],[-95.472771,29.77179],[-95.472762,29.77177],[-95.472746,29.771744],[-95.472746,29.771743],[-95.472739,29.771731],[-95.472739,29.771731],[-95.472739,29.771731],[-95.472739,29.771731],[-95.472732,29.771719],[-95.472732,29.771718],[-95.47273,29.771715],[-95.472725,29.771704],[-95.472723,29.7717],[-95.472719,29.771692],[-95.472718,29.771691],[-95.472716,29.771686],[-95.472713,29.771679],[-95.472712,29.771677],[-95.47271,29.771674],[-95.472707,29.771666],[-95.472706,29.771663],[-95.472705,29.77166],[-95.472701,29.771652],[-95.4727,29.771649],[-95.472699,29.771646],[-95.472696,29.771639],[-95.472695,29.771635],[-95.472694,29.771633],[-95.472691,29.771626],[-95.472689,29.771621],[-95.472689,29.771619],[-95.472686,29.771611],[-95.472684,29.771607],[-95.472684,29.771606],[-95.47268,29.771592],[-95.472679,29.771591],[-95.472675,29.771578],[-95.472675,29.771578],[-95.472675,29.771578],[-95.472671,29.771564],[-95.472671,29.771564],[-95.47267,29.771561],[-95.472667,29.771549],[-95.472664,29.771536],[-95.472664,29.771535],[-95.472663,29.771532],[-95.47266,29.77152],[-95.47266,29.771517],[-95.472659,29.771514],[-95.472658,29.771506],[-95.472657,29.771502],[-95.472656,29.771499],[-95.472655,29.771492],[-95.472654,29.771487],[-95.472654,29.771485],[-95.472653,29.771477],[-95.472652,29.771473],[-95.472652,29.771471],[-95.47265,29.771458],[-95.47265,29.771457],[-95.472648,29.771443],[-95.472624,29.771386],[-95.472622,29.771382],[-95.472564,29.771251],[-95.472525,29.771163],[-95.472509,29.770875],[-95.472507,29.770836],[-95.472505,29.770828],[-95.472504,29.77082],[-95.472502,29.770812],[-95.4725,29.770804],[-95.472498,29.770796],[-95.472496,29.770788],[-95.472493,29.77078],[-95.472491,29.770772],[-95.472488,29.770764],[-95.472485,29.770757],[-95.472482,29.770749],[-95.472479,29.770741],[-95.472475,29.770734],[-95.472472,29.770726],[-95.472468,29.770718],[-95.472464,29.770711],[-95.47246,29.770703],[-95.472456,29.770696],[-95.472452,29.770689],[-95.472448,29.770682],[-95.472443,29.770674],[-95.472438,29.770667],[-95.472434,29.77066],[-95.472429,29.770653],[-95.472423,29.770646],[-95.472418,29.77064],[-95.472413,29.770633],[-95.472407,29.770626],[-95.472402,29.77062],[-95.472396,29.770613],[-95.47239,29.770607],[-95.472384,29.770601],[-95.472378,29.770595],[-95.472371,29.770588],[-95.472365,29.770582],[-95.472359,29.770577],[-95.472352,29.770571],[-95.472345,29.770565],[-95.472338,29.770559],[-95.472331,29.770554],[-95.472324,29.770549],[-95.472317,29.770543],[-95.47231,29.770538],[-95.472302,29.770533],[-95.472295,29.770528],[-95.472287,29.770523],[-95.472279,29.770519],[-95.472272,29.770514],[-95.472264,29.77051],[-95.472256,29.770505],[-95.472248,29.770501],[-95.472239,29.770497],[-95.472231,29.770493],[-95.472223,29.770489],[-95.472214,29.770485],[-95.472206,29.770482],[-95.472197,29.770478],[-95.472189,29.770475],[-95.47218,29.770472],[-95.472171,29.770469],[-95.472163,29.770466],[-95.472154,29.770463],[-95.472145,29.77046],[-95.472136,29.770458],[-95.472127,29.770455],[-95.472118,29.770453],[-95.472109,29.770451],[-95.4721,29.770449],[-95.47209,29.770447],[-95.472081,29.770445],[-95.472072,29.770444],[-95.472063,29.770443],[-95.472063,29.770443],[-95.472063,29.770442],[-95.472053,29.770441],[-95.472044,29.77044],[-95.472035,29.770439],[-95.472025,29.770438],[-95.472016,29.770437],[-95.472006,29.770437],[-95.471997,29.770436],[-95.471993,29.770436],[-95.471993,29.770436],[-95.471993,29.770436],[-95.471988,29.770436],[-95.471978,29.770436],[-95.471969,29.770436],[-95.471959,29.770436],[-95.47195,29.770436],[-95.47194,29.770437],[-95.471931,29.770437],[-95.471922,29.770438],[-95.471912,29.770439],[-95.471903,29.77044],[-95.471892,29.770441],[-95.471882,29.770443],[-95.471873,29.770444],[-95.471864,29.770446],[-95.471855,29.770447],[-95.471845,29.770449],[-95.471836,29.770451],[-95.471827,29.770453],[-95.471818,29.770456],[-95.471809,29.770458],[-95.4718,29.770461],[-95.471787,29.770465],[-95.471786,29.770465],[-95.471786,29.770465],[-95.471786,29.770465],[-95.471778,29.770466],[-95.471773,29.770466],[-95.471768,29.770466],[-95.471763,29.770466],[-95.471757,29.770466],[-95.471755,29.770466],[-95.471752,29.770466],[-95.471747,29.770466],[-95.471742,29.770465],[-95.471737,29.770465],[-95.471732,29.770465],[-95.471727,29.770464],[-95.471722,29.770464],[-95.471717,29.770463],[-95.471712,29.770462],[-95.471707,29.770462],[-95.471702,29.770461],[-95.471697,29.77046],[-95.471692,29.770459],[-95.471687,29.770458],[-95.471682,29.770457],[-95.471677,29.770455],[-95.471672,29.770454],[-95.471667,29.770453],[-95.471662,29.770451],[-95.471657,29.77045],[-95.471653,29.770448],[-95.471648,29.770446],[-95.471643,29.770445],[-95.471642,29.770444],[-95.471639,29.770443],[-95.471634,29.770441],[-95.471634,29.770441],[-95.471634,29.770441],[-95.471629,29.770439],[-95.471625,29.770437],[-95.471622,29.770368],[-95.471423,29.770356],[-95.471418,29.770355],[-95.471252,29.770368],[-95.47125,29.770368],[-95.471025,29.770358],[-95.471021,29.770322],[-95.470959,29.770314],[-95.470957,29.770313],[-95.470942,29.770306],[-95.470926,29.770299],[-95.470909,29.770292],[-95.470892,29.770285],[-95.470875,29.770278],[-95.470858,29.770272],[-95.470841,29.770266],[-95.470823,29.770261],[-95.470806,29.770256],[-95.470788,29.770251],[-95.47077,29.770247],[-95.470752,29.770243],[-95.470734,29.770239],[-95.470711,29.770234],[-95.47071,29.770234],[-95.470698,29.770234],[-95.470686,29.770235],[-95.470675,29.770235],[-95.470663,29.770236],[-95.470651,29.770237],[-95.470639,29.770238],[-95.470628,29.770239],[-95.470616,29.77024],[-95.470604,29.770242],[-95.470593,29.770243],[-95.470581,29.770245],[-95.47057,29.770247],[-95.470558,29.77025],[-95.470547,29.770252],[-95.470535,29.770255],[-95.470524,29.770257],[-95.470512,29.77026],[-95.470501,29.770263],[-95.47049,29.770267],[-95.470479,29.77027],[-95.470468,29.770274],[-95.470457,29.770277],[-95.470442,29.770283],[-95.470433,29.770284],[-95.470424,29.770286],[-95.470415,29.770287],[-95.470406,29.770288],[-95.470398,29.770289],[-95.470389,29.77029],[-95.47038,29.770291],[-95.470365,29.770292],[-95.470356,29.770292],[-95.470348,29.770292],[-95.470339,29.770292],[-95.47033,29.770292],[-95.470323,29.770292],[-95.470321,29.770292],[-95.470312,29.770292],[-95.470304,29.770292],[-95.470295,29.770291],[-95.470286,29.77029],[-95.470277,29.77029],[-95.470269,29.770289],[-95.47026,29.770288],[-95.470251,29.770286],[-95.470243,29.770285],[-95.470234,29.770284],[-95.470225,29.770282],[-95.470217,29.77028],[-95.470208,29.770279],[-95.4702,29.770277],[-95.470192,29.770275],[-95.470183,29.770272],[-95.470175,29.77027],[-95.470167,29.770268],[-95.470159,29.770265],[-95.470158,29.770265],[-95.470141,29.770265],[-95.470124,29.770266],[-95.470107,29.770266],[-95.470089,29.770267],[-95.470072,29.770269],[-95.470055,29.77027],[-95.470038,29.770272],[-95.47002,29.770274],[-95.470003,29.770276],[-95.469986,29.770279],[-95.469969,29.770282],[-95.469952,29.770285],[-95.469935,29.770288],[-95.469906,29.770294],[-95.4699,29.770296],[-95.469895,29.770297],[-95.469893,29.770297],[-95.469883,29.7703],[-95.469872,29.770303],[-95.469824,29.770314],[-95.469688,29.770344],[-95.4693,29.770479],[-95.469153,29.77053],[-95.469077,29.770551],[-95.468948,29.770598],[-95.468621,29.770651],[-95.468616,29.770651],[-95.46846,29.770591],[-95.468214,29.770232],[-95.468025,29.769742],[-95.467906,29.76963],[-95.467899,29.769624],[-95.467898,29.769685],[-95.467898,29.769691],[-95.467694,29.769519],[-95.467609,29.769468],[-95.467548,29.769403],[-95.467541,29.769395],[-95.467537,29.76939],[-95.467534,29.769385],[-95.46753,29.76938],[-95.467527,29.769375],[-95.467523,29.76937],[-95.46752,29.769365],[-95.467517,29.76936],[-95.467514,29.769354],[-95.467511,29.769349],[-95.467508,29.769344],[-95.467506,29.769338],[-95.467503,29.769333],[-95.467501,29.769328],[-95.467499,29.769322],[-95.467496,29.769316],[-95.467494,29.769311],[-95.467493,29.769305],[-95.467491,29.7693],[-95.467489,29.769294],[-95.467487,29.769288],[-95.467482,29.769282],[-95.467477,29.769276],[-95.467472,29.76927],[-95.467466,29.769264],[-95.467461,29.769258],[-95.467455,29.769252],[-95.467449,29.769246],[-95.467443,29.76924],[-95.467437,29.769235],[-95.467431,29.769229],[-95.467424,29.769224],[-95.467418,29.769219],[-95.467411,29.769213],[-95.467404,29.769208],[-95.467398,29.769203],[-95.467391,29.769198],[-95.467384,29.769193],[-95.467376,29.769189],[-95.467369,29.769184],[-95.467362,29.76918],[-95.467354,29.769175],[-95.467347,29.769171],[-95.467339,29.769167],[-95.467331,29.769163],[-95.467322,29.769159],[-95.467305,29.769152],[-95.467288,29.769146],[-95.467271,29.769139],[-95.467253,29.769134],[-95.467236,29.769128],[-95.467218,29.769123],[-95.4672,29.769118],[-95.467183,29.769113],[-95.467165,29.769108],[-95.467147,29.769104],[-95.467128,29.7691],[-95.46711,29.769097],[-95.467092,29.769093],[-95.467073,29.76909],[-95.467055,29.769087],[-95.467036,29.769084],[-95.467017,29.769082],[-95.466998,29.76908],[-95.466961,29.769077],[-95.466813,29.769064],[-95.466719,29.769055],[-95.46669,29.768984],[-95.466603,29.768828],[-95.466601,29.768822],[-95.466599,29.768816],[-95.466596,29.76881],[-95.466594,29.768804],[-95.466591,29.768798],[-95.466588,29.768792],[-95.466586,29.768787],[-95.466583,29.768781],[-95.46658,29.768775],[-95.466576,29.76877],[-95.466573,29.768764],[-95.46657,29.768759],[-95.466566,29.768753],[-95.466563,29.768748],[-95.466559,29.768742],[-95.466555,29.768737],[-95.466551,29.768732],[-95.466546,29.768725],[-95.46654,29.768719],[-95.466535,29.768714],[-95.466531,29.76871],[-95.466526,29.768705],[-95.466521,29.768701],[-95.466516,29.768696],[-95.466511,29.768692],[-95.466505,29.768688],[-95.4665,29.768684],[-95.466495,29.76868],[-95.466489,29.768676],[-95.466484,29.768672],[-95.466478,29.768668],[-95.466473,29.768664],[-95.466467,29.768661],[-95.466461,29.768657],[-95.466451,29.768651],[-95.466445,29.768648],[-95.46644,29.768645],[-95.466434,29.768642],[-95.466428,29.768639],[-95.466423,29.768636],[-95.466417,29.768633],[-95.466411,29.768631],[-95.466405,29.768628],[-95.466399,29.768626],[-95.466393,29.768623],[-95.466387,29.768621],[-95.466381,29.768618],[-95.466375,29.768616],[-95.466368,29.768614],[-95.466362,29.768612],[-95.466356,29.76861],[-95.466349,29.768608],[-95.466343,29.768606],[-95.466336,29.768605],[-95.46633,29.768603],[-95.466323,29.768602],[-95.466317,29.7686],[-95.46631,29.768599],[-95.466304,29.768598],[-95.466297,29.768597],[-95.466291,29.768596],[-95.466284,29.768595],[-95.466277,29.768594],[-95.466271,29.768593],[-95.466264,29.768593],[-95.466257,29.768592],[-95.46625,29.768592],[-95.466244,29.768591],[-95.466241,29.768591],[-95.466241,29.768591],[-95.466241,29.768591],[-95.466237,29.768591],[-95.46623,29.768591],[-95.466223,29.768591],[-95.466216,29.768591],[-95.466205,29.768591],[-95.465979,29.76864],[-95.465928,29.768654],[-95.465895,29.768663],[-95.465861,29.768671],[-95.465828,29.768679],[-95.465794,29.768686],[-95.46576,29.768693],[-95.465726,29.768699],[-95.465692,29.768705],[-95.465658,29.76871],[-95.465624,29.768715],[-95.465589,29.768719],[-95.465555,29.768723],[-95.46552,29.768726],[-95.465485,29.768728],[-95.46545,29.768731],[-95.465415,29.768732],[-95.465381,29.768733],[-95.465364,29.768734],[-95.465354,29.768734],[-95.465344,29.768734],[-95.465341,29.768734],[-95.465341,29.768734],[-95.465334,29.768734],[-95.465325,29.768733],[-95.465315,29.768733],[-95.465305,29.768732],[-95.465295,29.768731],[-95.465286,29.76873],[-95.465276,29.768729],[-95.465266,29.768728],[-95.465257,29.768726],[-95.465247,29.768725],[-95.465237,29.768723],[-95.465228,29.768721],[-95.465218,29.768719],[-95.465209,29.768717],[-95.465199,29.768715],[-95.46519,29.768713],[-95.46518,29.76871],[-95.465171,29.768708],[-95.465162,29.768705],[-95.465153,29.768702],[-95.465143,29.768699],[-95.465134,29.768696],[-95.465125,29.768692],[-95.465018,29.768644],[-95.465011,29.768641],[-95.465007,29.768639],[-95.465004,29.768637],[-95.465001,29.768635],[-95.464997,29.768633],[-95.464994,29.768631],[-95.464991,29.768629],[-95.464988,29.768627],[-95.464984,29.768624],[-95.464981,29.768622],[-95.464978,29.76862],[-95.464975,29.768617],[-95.464972,29.768615],[-95.464969,29.768612],[-95.464966,29.76861],[-95.464964,29.768607],[-95.464961,29.768605],[-95.464958,29.768602],[-95.464956,29.7686],[-95.464953,29.768597],[-95.46495,29.768594],[-95.464948,29.768591],[-95.464945,29.768589],[-95.464943,29.768586],[-95.464941,29.768583],[-95.464938,29.76858],[-95.464936,29.768577],[-95.464934,29.768574],[-95.464932,29.768571],[-95.46493,29.768568],[-95.464928,29.768565],[-95.464926,29.768562],[-95.464924,29.768559],[-95.464923,29.768556],[-95.464921,29.768552],[-95.464919,29.768549],[-95.464918,29.768546],[-95.464916,29.768543],[-95.464915,29.76854],[-95.464913,29.768536],[-95.464912,29.768533],[-95.464911,29.76853],[-95.464909,29.768526],[-95.464908,29.768523],[-95.464907,29.76852],[-95.464906,29.768516],[-95.464905,29.768513],[-95.464905,29.76851],[-95.464904,29.768506],[-95.464903,29.768503],[-95.464903,29.768499],[-95.464902,29.768496],[-95.464901,29.768493],[-95.464901,29.768489],[-95.464901,29.768486],[-95.4649,29.768482],[-95.4649,29.768479],[-95.4649,29.768476],[-95.4649,29.768472],[-95.4649,29.768469],[-95.4649,29.768465],[-95.4649,29.768462],[-95.464892,29.768438],[-95.464888,29.768422],[-95.464884,29.768407],[-95.46488,29.768392],[-95.464876,29.768377],[-95.464873,29.768361],[-95.46487,29.768346],[-95.464867,29.76833],[-95.464865,29.768315],[-95.464863,29.7683],[-95.464861,29.768284],[-95.46486,29.768269],[-95.464859,29.768253],[-95.464858,29.768238],[-95.464858,29.768222],[-95.464857,29.768207],[-95.464858,29.768191],[-95.464858,29.768176],[-95.464859,29.76816],[-95.46486,29.768145],[-95.464862,29.768129],[-95.464864,29.768114],[-95.464866,29.768098],[-95.464868,29.768083],[-95.464871,29.768068],[-95.464874,29.768053],[-95.464878,29.768037],[-95.464883,29.768018],[-95.464887,29.768003],[-95.464891,29.767988],[-95.464896,29.767973],[-95.464901,29.767958],[-95.464906,29.767943],[-95.464912,29.767929],[-95.464918,29.767914],[-95.464924,29.7679],[-95.464931,29.767885],[-95.464938,29.767871],[-95.464945,29.767857],[-95.464953,29.767843],[-95.46496,29.767829],[-95.464968,29.767816],[-95.464977,29.767802],[-95.464985,29.767788],[-95.464994,29.767775],[-95.465002,29.767761],[-95.465014,29.767741],[-95.465025,29.76772],[-95.465036,29.767699],[-95.465047,29.767678],[-95.465057,29.767657],[-95.465067,29.767636],[-95.465076,29.767614],[-95.465085,29.767593],[-95.465094,29.767571],[-95.465103,29.767549],[-95.465111,29.767526],[-95.465119,29.767504],[-95.465126,29.767481],[-95.465133,29.767459],[-95.465139,29.767436],[-95.465145,29.767413],[-95.465151,29.76739],[-95.465156,29.767367],[-95.465162,29.767334],[-95.465164,29.767324],[-95.465167,29.767319],[-95.465171,29.767313],[-95.465174,29.767308],[-95.465177,29.767302],[-95.46518,29.767296],[-95.465184,29.767291],[-95.465186,29.767285],[-95.465189,29.767279],[-95.465192,29.767273],[-95.465194,29.767267],[-95.465197,29.767261],[-95.465199,29.767255],[-95.465201,29.767249],[-95.465203,29.767243],[-95.465205,29.767237],[-95.465207,29.767231],[-95.465209,29.767224],[-95.46521,29.767218],[-95.465212,29.767212],[-95.465213,29.767206],[-95.465214,29.767199],[-95.465216,29.767193],[-95.465216,29.767187],[-95.465217,29.76718],[-95.465218,29.767174],[-95.465219,29.767168],[-95.465219,29.767161],[-95.465219,29.767155],[-95.465219,29.767148],[-95.46522,29.767142],[-95.465219,29.767136],[-95.465219,29.767129],[-95.465219,29.767123],[-95.465218,29.767116],[-95.465218,29.76711],[-95.465217,29.767104],[-95.465216,29.767097],[-95.465215,29.767091],[-95.465214,29.767085],[-95.465213,29.767078],[-95.465212,29.767072],[-95.46521,29.767066],[-95.465209,29.767059],[-95.465207,29.767053],[-95.465205,29.767047],[-95.465203,29.767041],[-95.465201,29.767035],[-95.465199,29.767028],[-95.465195,29.76702],[-95.465194,29.767016],[-95.465192,29.767012],[-95.46519,29.767008],[-95.465188,29.767004],[-95.465186,29.767],[-95.465184,29.766996],[-95.465182,29.766992],[-95.46518,29.766988],[-95.465177,29.766984],[-95.465175,29.766981],[-95.465173,29.766977],[-95.46517,29.766973],[-95.465167,29.766969],[-95.465165,29.766966],[-95.465162,29.766962],[-95.465159,29.766959],[-95.465156,29.766955],[-95.465153,29.766952],[-95.46515,29.766948],[-95.465147,29.766945],[-95.465144,29.766941],[-95.465141,29.766938],[-95.465137,29.766935],[-95.465134,29.766932],[-95.465131,29.766928],[-95.465127,29.766925],[-95.465124,29.766922],[-95.46512,29.766919],[-95.465116,29.766916],[-95.465113,29.766913],[-95.465109,29.766911],[-95.465105,29.766908],[-95.465101,29.766905],[-95.465097,29.766902],[-95.465093,29.7669],[-95.465089,29.766897],[-95.465085,29.766895],[-95.465081,29.766892],[-95.465077,29.76689],[-95.465072,29.766888],[-95.465068,29.766886],[-95.465064,29.766883],[-95.465059,29.766881],[-95.465055,29.766879],[-95.465051,29.766877],[-95.465046,29.766875],[-95.465042,29.766874],[-95.465037,29.766872],[-95.465033,29.76687],[-95.465028,29.766868],[-95.465023,29.766867],[-95.465019,29.766865],[-95.465014,29.766864],[-95.465009,29.766863],[-95.465004,29.766861],[-95.465,29.76686],[-95.464995,29.766859],[-95.46499,29.766858],[-95.464985,29.766857],[-95.464979,29.766856],[-95.464972,29.766854],[-95.464965,29.766853],[-95.464957,29.766852],[-95.46495,29.766851],[-95.464942,29.76685],[-95.464935,29.766849],[-95.464927,29.766848],[-95.46492,29.766847],[-95.464912,29.766847],[-95.464905,29.766846],[-95.464897,29.766846],[-95.464895,29.766846],[-95.464895,29.766846],[-95.464895,29.766846],[-95.46489,29.766846],[-95.464882,29.766846],[-95.464874,29.766846],[-95.464867,29.766846],[-95.464859,29.766846],[-95.464852,29.766846],[-95.464844,29.766847],[-95.464837,29.766847],[-95.464829,29.766848],[-95.464822,29.766849],[-95.464815,29.76685],[-95.464807,29.766851],[-95.4648,29.766852],[-95.464792,29.766853],[-95.464785,29.766855],[-95.464778,29.766856],[-95.46477,29.766858],[-95.464763,29.766859],[-95.464756,29.766861],[-95.464749,29.766863],[-95.464742,29.766865],[-95.464735,29.766867],[-95.464728,29.76687],[-95.464721,29.766872],[-95.464714,29.766874],[-95.464704,29.766878],[-95.464529,29.76694],[-95.464516,29.766947],[-95.464504,29.766954],[-95.464491,29.766962],[-95.464479,29.766969],[-95.464466,29.766977],[-95.464454,29.766985],[-95.464442,29.766993],[-95.464431,29.767001],[-95.464419,29.76701],[-95.464407,29.767018],[-95.464396,29.767027],[-95.464385,29.767036],[-95.464374,29.767045],[-95.464364,29.767054],[-95.464353,29.767064],[-95.464343,29.767073],[-95.464333,29.767083],[-95.464323,29.767093],[-95.464313,29.767103],[-95.464304,29.767114],[-95.464293,29.767125],[-95.464254,29.767144],[-95.464215,29.767164],[-95.464177,29.767185],[-95.464139,29.767206],[-95.464102,29.767228],[-95.464066,29.76725],[-95.464029,29.767272],[-95.463993,29.767295],[-95.463957,29.767318],[-95.463921,29.767341],[-95.463877,29.767372],[-95.463664,29.767498],[-95.463571,29.767542],[-95.46353,29.767563],[-95.463502,29.767577],[-95.463485,29.767585],[-95.463473,29.767591],[-95.463449,29.767602],[-95.463444,29.767604],[-95.463415,29.767617],[-95.463386,29.767629],[-95.463357,29.767641],[-95.463327,29.767652],[-95.463297,29.767663],[-95.463297,29.767663],[-95.463267,29.767673],[-95.463236,29.767683],[-95.463206,29.767693],[-95.463175,29.767702],[-95.463144,29.76771],[-95.463112,29.767718],[-95.463081,29.767726],[-95.463049,29.767733],[-95.463017,29.76774],[-95.462986,29.767746],[-95.462907,29.767753],[-95.462901,29.767753],[-95.462896,29.767748],[-95.462891,29.767743],[-95.462885,29.767738],[-95.46288,29.767733],[-95.462875,29.767729],[-95.462869,29.767724],[-95.462864,29.767719],[-95.462858,29.767715],[-95.462853,29.767711],[-95.462847,29.767706],[-95.462841,29.767702],[-95.462835,29.767698],[-95.462829,29.767694],[-95.462823,29.76769],[-95.462817,29.767686],[-95.46281,29.767682],[-95.462804,29.767678],[-95.462798,29.767675],[-95.462791,29.767671],[-95.462784,29.767668],[-95.462778,29.767664],[-95.462771,29.767661],[-95.462764,29.767658],[-95.462758,29.767655],[-95.462751,29.767652],[-95.462744,29.767649],[-95.462737,29.767647],[-95.462725,29.767642],[-95.462679,29.767624],[-95.462672,29.767623],[-95.462665,29.767623],[-95.462659,29.767622],[-95.462652,29.767622],[-95.462646,29.767621],[-95.462644,29.767621],[-95.462639,29.767621],[-95.462633,29.767621],[-95.462626,29.767621],[-95.462619,29.767621],[-95.462613,29.767621],[-95.462606,29.767622],[-95.4626,29.767622],[-95.462593,29.767623],[-95.462587,29.767623],[-95.46258,29.767624],[-95.462574,29.767625],[-95.462567,29.767626],[-95.462561,29.767626],[-95.462554,29.767628],[-95.462548,29.767629],[-95.462542,29.76763],[-95.462535,29.767631],[-95.462529,29.767633],[-95.462527,29.767633],[-95.462521,29.767635],[-95.462509,29.767615],[-95.462495,29.767596],[-95.462482,29.767576],[-95.462468,29.767557],[-95.462454,29.767539],[-95.462439,29.76752],[-95.462424,29.767502],[-95.462409,29.767484],[-95.462393,29.767466],[-95.462377,29.767448],[-95.46236,29.767431],[-95.462334,29.767404],[-95.46215,29.767034],[-95.462146,29.767008],[-95.462142,29.766982],[-95.462137,29.766957],[-95.462132,29.766931],[-95.462126,29.766906],[-95.46212,29.766881],[-95.462113,29.766855],[-95.462106,29.76683],[-95.462098,29.766805],[-95.462087,29.766772],[-95.462076,29.766746],[-95.46205,29.766681],[-95.462022,29.766507],[-95.462028,29.76638],[-95.462028,29.766378],[-95.462028,29.766378],[-95.462027,29.766378],[-95.462026,29.766377],[-95.462024,29.766377],[-95.462023,29.766377],[-95.462022,29.766377],[-95.462021,29.766377],[-95.462019,29.766377],[-95.462018,29.766376],[-95.462017,29.766376],[-95.462016,29.766376],[-95.462015,29.766375],[-95.462014,29.766375],[-95.462013,29.766375],[-95.462012,29.766375],[-95.462011,29.766374],[-95.46201,29.766374],[-95.462009,29.766374],[-95.462008,29.766373],[-95.462006,29.766373],[-95.462005,29.766372],[-95.462004,29.766372],[-95.462003,29.766371],[-95.462002,29.766371],[-95.462001,29.76637],[-95.462,29.76637],[-95.461999,29.766369],[-95.461997,29.766369],[-95.461996,29.766368],[-95.461995,29.766367],[-95.461994,29.766367],[-95.461993,29.766366],[-95.461992,29.766365],[-95.461991,29.766365],[-95.46199,29.766364],[-95.461989,29.766363],[-95.461988,29.766363],[-95.461987,29.766362],[-95.461986,29.766361],[-95.461985,29.76636],[-95.461985,29.76636],[-95.461984,29.766359],[-95.461983,29.766358],[-95.461982,29.766357],[-95.461981,29.766356],[-95.46198,29.766355],[-95.461979,29.766354],[-95.461979,29.766354],[-95.461978,29.766353],[-95.461977,29.766352],[-95.461976,29.766351],[-95.461976,29.76635],[-95.461975,29.766349],[-95.461974,29.766348],[-95.461973,29.766347],[-95.461973,29.766346],[-95.461972,29.766345],[-95.461971,29.766344],[-95.461971,29.766343],[-95.46197,29.766342],[-95.46197,29.766341],[-95.461969,29.76634],[-95.461969,29.766339],[-95.461968,29.766338],[-95.461968,29.766337],[-95.461967,29.766336],[-95.461967,29.766334],[-95.461966,29.766333],[-95.461966,29.766332],[-95.461965,29.766331],[-95.461965,29.76633],[-95.461965,29.766329],[-95.461964,29.766328],[-95.461964,29.766327],[-95.461964,29.766326],[-95.461963,29.766324],[-95.461963,29.766323],[-95.461963,29.766322],[-95.461963,29.766321],[-95.461962,29.76632],[-95.461962,29.766319],[-95.461962,29.766318],[-95.461962,29.766317],[-95.461962,29.766316],[-95.461962,29.766315],[-95.461962,29.766314],[-95.461962,29.766313],[-95.461962,29.766311],[-95.461962,29.76631],[-95.461962,29.766309],[-95.461962,29.766308],[-95.461957,29.766301],[-95.461955,29.766297],[-95.461953,29.766293],[-95.461951,29.766289],[-95.461949,29.766285],[-95.461947,29.766281],[-95.461945,29.766276],[-95.461944,29.766272],[-95.461942,29.766268],[-95.461941,29.766264],[-95.461939,29.766259],[-95.461938,29.766255],[-95.461936,29.766251],[-95.461935,29.766246],[-95.461934,29.766242],[-95.461933,29.766238],[-95.461932,29.766233],[-95.461931,29.766229],[-95.461931,29.766225],[-95.46193,29.76622],[-95.461929,29.766216],[-95.461929,29.766212],[-95.461928,29.766207],[-95.461929,29.766201],[-95.461928,29.766194],[-95.461928,29.766188],[-95.461928,29.766182],[-95.461927,29.766176],[-95.461927,29.766169],[-95.461926,29.766163],[-95.461925,29.766157],[-95.461924,29.76615],[-95.461923,29.766144],[-95.461922,29.766138],[-95.46192,29.766131],[-95.461919,29.766125],[-95.461917,29.766119],[-95.461915,29.766113],[-95.461912,29.766101],[-95.461908,29.766093],[-95.461903,29.766083],[-95.461902,29.766082],[-95.461899,29.766075],[-95.461896,29.766071],[-95.461892,29.766066],[-95.461888,29.766062],[-95.461884,29.766057],[-95.461881,29.766053],[-95.461877,29.766049],[-95.461873,29.766044],[-95.461872,29.766044],[-95.461869,29.76604],[-95.461864,29.766036],[-95.461859,29.766031],[-95.461789,29.76598],[-95.461785,29.765977],[-95.461781,29.765974],[-95.461778,29.765971],[-95.461775,29.765968],[-95.461772,29.765965],[-95.461769,29.765962],[-95.461766,29.765959],[-95.461763,29.765956],[-95.46176,29.765954],[-95.461757,29.765951],[-95.461753,29.765948],[-95.46175,29.765945],[-95.461747,29.765943],[-95.461742,29.76594],[-95.461718,29.765924],[-95.461714,29.765922],[-95.46171,29.76592],[-95.461706,29.765918],[-95.461702,29.765917],[-95.461694,29.765913],[-95.46164,29.765883],[-95.461597,29.765859],[-95.461566,29.765845],[-95.461542,29.765833],[-95.461496,29.765815],[-95.461495,29.765815],[-95.461446,29.765793],[-95.461397,29.765772],[-95.461395,29.765772],[-95.461394,29.765771],[-95.461393,29.765771],[-95.461392,29.76577],[-95.461391,29.76577],[-95.461389,29.765769],[-95.461388,29.765769],[-95.461387,29.765768],[-95.461386,29.765768],[-95.461385,29.765767],[-95.461384,29.765767],[-95.461369,29.765759],[-95.461353,29.765752],[-95.461338,29.765745],[-95.461316,29.765736],[-95.461301,29.76573],[-95.461286,29.765725],[-95.461259,29.765715],[-95.461235,29.765705],[-95.461211,29.765696],[-95.461187,29.765687],[-95.461153,29.765674],[-95.461147,29.765672],[-95.461141,29.76567],[-95.461135,29.765667],[-95.461128,29.765665],[-95.461122,29.765663],[-95.461116,29.765661],[-95.461109,29.765659],[-95.461103,29.765657],[-95.461096,29.765656],[-95.46109,29.765654],[-95.461083,29.765652],[-95.461077,29.765651],[-95.46107,29.76565],[-95.461064,29.765648],[-95.461057,29.765647],[-95.46105,29.765646],[-95.461044,29.765645],[-95.461037,29.765645],[-95.461028,29.765644],[-95.460983,29.765627],[-95.460938,29.765611],[-95.460927,29.765607],[-95.46092,29.765605],[-95.460916,29.765603],[-95.460902,29.765597],[-95.460895,29.765594],[-95.460888,29.765591],[-95.460881,29.765588],[-95.460875,29.765584],[-95.460868,29.765581],[-95.460861,29.765577],[-95.460855,29.765573],[-95.460848,29.765569],[-95.460842,29.765565],[-95.460835,29.765561],[-95.460829,29.765557],[-95.460823,29.765553],[-95.460817,29.765548],[-95.460811,29.765544],[-95.460805,29.765539],[-95.460788,29.765527],[-95.460778,29.765519],[-95.460769,29.765512],[-95.460759,29.765504],[-95.46075,29.765496],[-95.460741,29.765489],[-95.460733,29.765481],[-95.460724,29.765472],[-95.460716,29.765464],[-95.460708,29.765456],[-95.4607,29.765447],[-95.460692,29.765439],[-95.460684,29.76543],[-95.460639,29.765392],[-95.46058,29.765344],[-95.46057,29.765335],[-95.460559,29.765326],[-95.460549,29.765317],[-95.460538,29.765309],[-95.460527,29.7653],[-95.460516,29.765292],[-95.460508,29.765285],[-95.460504,29.765283],[-95.460499,29.765279],[-95.460494,29.765276],[-95.460488,29.765272],[-95.460474,29.765264],[-95.46047,29.765262],[-95.46046,29.765257],[-95.460441,29.765247],[-95.460427,29.765239],[-95.460397,29.765225],[-95.460386,29.765221],[-95.460374,29.765217],[-95.460361,29.765213],[-95.460346,29.765208],[-95.460333,29.765204],[-95.46032,29.765199],[-95.460305,29.765195],[-95.460305,29.765195],[-95.460294,29.765193],[-95.460282,29.765191],[-95.46025,29.765186],[-95.460218,29.765181],[-95.460184,29.765176],[-95.460173,29.765175],[-95.460151,29.765171],[-95.460134,29.765168],[-95.460118,29.765165],[-95.460101,29.765161],[-95.460085,29.765159],[-95.460068,29.765156],[-95.460051,29.765154],[-95.460035,29.765151],[-95.460008,29.765148],[-95.45999,29.765148],[-95.459988,29.765148],[-95.459977,29.765147],[-95.459965,29.765146],[-95.459954,29.765145],[-95.459953,29.765145],[-95.459943,29.765144],[-95.459931,29.765143],[-95.459911,29.76514],[-95.459899,29.765138],[-95.459892,29.765137],[-95.459888,29.765136],[-95.45987,29.765138],[-95.459852,29.76514],[-95.459833,29.765143],[-95.459814,29.765146],[-95.459814,29.765146],[-95.459755,29.765156],[-95.459624,29.765182],[-95.459602,29.765186],[-95.459568,29.765192],[-95.459482,29.765209],[-95.459462,29.765213],[-95.459448,29.765214],[-95.459433,29.765216],[-95.459418,29.765217],[-95.459411,29.765218],[-95.459404,29.765219],[-95.459389,29.765221],[-95.459375,29.765224],[-95.45936,29.765226],[-95.459346,29.765229],[-95.459331,29.765232],[-95.459322,29.765234],[-95.459317,29.765235],[-95.459295,29.76524],[-95.459254,29.765246],[-95.459228,29.765249],[-95.45922,29.76525],[-95.459202,29.765252],[-95.459188,29.765253],[-95.459175,29.765254],[-95.459149,29.765256],[-95.45914,29.765256],[-95.459139,29.765256],[-95.459133,29.765256],[-95.459127,29.765256],[-95.459121,29.765255],[-95.459115,29.765255],[-95.459109,29.765254],[-95.459103,29.765254],[-95.459097,29.765253],[-95.459091,29.765252],[-95.459085,29.765251],[-95.459079,29.76525],[-95.459074,29.765249],[-95.459062,29.765247],[-95.459056,29.765246],[-95.45905,29.765244],[-95.459044,29.765243],[-95.459038,29.765241],[-95.459032,29.765239],[-95.459026,29.765238],[-95.45902,29.765236],[-95.459015,29.765234],[-95.45901,29.765232],[-95.459009,29.765232],[-95.459003,29.76523],[-95.458998,29.765227],[-95.458984,29.765225],[-95.458976,29.765224],[-95.458968,29.765222],[-95.45896,29.76522],[-95.458953,29.765218],[-95.458945,29.765216],[-95.458937,29.765214],[-95.45893,29.765212],[-95.458922,29.76521],[-95.458915,29.765207],[-95.458908,29.765205],[-95.458901,29.765202],[-95.458894,29.765199],[-95.458887,29.765196],[-95.45888,29.765193],[-95.458873,29.76519],[-95.458867,29.765187],[-95.45886,29.765183],[-95.458853,29.76518],[-95.458847,29.765176],[-95.458837,29.765171],[-95.458826,29.765165],[-95.458816,29.76516],[-95.458805,29.765155],[-95.458795,29.76515],[-95.458784,29.765146],[-95.458773,29.765141],[-95.458762,29.765137],[-95.458751,29.765133],[-95.45874,29.765129],[-95.45872,29.765123],[-95.458709,29.765118],[-95.458702,29.765115],[-95.458695,29.765112],[-95.458689,29.765109],[-95.458682,29.765106],[-95.458676,29.765103],[-95.458669,29.7651],[-95.458663,29.765096],[-95.458657,29.765093],[-95.458651,29.765089],[-95.458644,29.765085],[-95.458639,29.765081],[-95.458633,29.765077],[-95.458627,29.765073],[-95.458621,29.765069],[-95.458616,29.765065],[-95.45861,29.765061],[-95.458605,29.765056],[-95.458599,29.765052],[-95.458594,29.765047],[-95.458589,29.765042],[-95.458584,29.765038],[-95.458579,29.765033],[-95.458572,29.765026],[-95.458567,29.765021],[-95.458563,29.765017],[-95.458559,29.765013],[-95.458555,29.765008],[-95.458551,29.765004],[-95.458547,29.764999],[-95.458543,29.764994],[-95.45854,29.764989],[-95.458536,29.764985],[-95.458533,29.76498],[-95.458529,29.764975],[-95.458526,29.76497],[-95.458523,29.764965],[-95.45852,29.764959],[-95.458514,29.764953],[-95.458509,29.764948],[-95.458503,29.764942],[-95.458492,29.764932],[-95.458486,29.764926],[-95.458479,29.764921],[-95.458469,29.764912],[-95.458455,29.764899],[-95.458448,29.764892],[-95.458441,29.764885],[-95.458434,29.764878],[-95.458428,29.76487],[-95.458421,29.764863],[-95.458415,29.764855],[-95.458409,29.764848],[-95.458403,29.76484],[-95.458398,29.764832],[-95.458392,29.764824],[-95.458387,29.764816],[-95.458382,29.764808],[-95.458377,29.7648],[-95.458376,29.764797],[-95.458372,29.764791],[-95.458362,29.764773],[-95.458344,29.76474],[-95.458332,29.764722],[-95.458325,29.764711],[-95.458312,29.76469],[-95.458306,29.764683],[-95.458302,29.764675],[-95.458297,29.764668],[-95.458242,29.764591],[-95.45824,29.764588],[-95.45757,29.764985],[-95.457554,29.764998],[-95.457543,29.765008],[-95.457533,29.765018],[-95.457522,29.765028],[-95.457513,29.765039],[-95.457503,29.76505],[-95.457494,29.765061],[-95.457485,29.765072],[-95.457477,29.765084],[-95.457469,29.765096],[-95.457461,29.765108],[-95.457454,29.76512],[-95.457448,29.765133],[-95.457441,29.765145],[-95.457436,29.765158],[-95.45743,29.765171],[-95.457425,29.765184],[-95.457421,29.765197],[-95.457421,29.765199],[-95.457417,29.765211],[-95.457414,29.765224],[-95.457411,29.765238],[-95.457408,29.765251],[-95.457406,29.765265],[-95.457404,29.765279],[-95.457403,29.765292],[-95.457403,29.765306],[-95.457402,29.76532],[-95.457403,29.765333],[-95.457404,29.765347],[-95.457404,29.765363],[-95.457389,29.765784],[-95.45741,29.767666],[-95.45749,29.770815],[-95.457507,29.771768],[-95.457516,29.772313],[-95.457521,29.772581],[-95.457521,29.772588],[-95.457523,29.772716],[-95.457524,29.772739],[-95.457525,29.772807],[-95.457529,29.772987],[-95.457533,29.773267],[-95.456793,29.773269],[-95.456792,29.773317],[-95.455964,29.773332],[-95.456239,29.767944],[-95.456183,29.766778],[-95.456038,29.765049],[-95.455907,29.76344],[-95.455728,29.759657],[-95.45571,29.757068],[-95.455679,29.755315],[-95.45564,29.753056],[-95.45572,29.751665],[-95.455892,29.750661],[-95.456161,29.749601],[-95.457246,29.745245],[-95.457823,29.742929],[-95.458253,29.741011]]]},"properties":{"Campus__Number":116,"Campus_Short_Name":"Briargrove ES","Street_Address":"6145 San Felipe St"}},{"type":"Feature","geometry":{"type":"Polygon","coordinates":[[[-95.290098,29.723552],[-95.289396,29.723294],[-95.288875,29.723327],[-95.288455,29.723359],[-95.287371,29.721515],[-95.287332,29.720353],[-95.288907,29.720382],[-95.29035,29.720482],[-95.290306,29.719759],[-95.291559,29.71975],[-95.291995,29.719747],[-95.292222,29.719718],[-95.292712,29.719654],[-95.293003,29.719616],[-95.293233,29.719586],[-95.293661,29.719582],[-95.294921,29.719571],[-95.294921,29.71957],[-95.29686,29.719564],[-95.297118,29.719563],[-95.297283,29.719587],[-95.29746,29.719636],[-95.297584,29.719317],[-95.297724,29.718957],[-95.297877,29.718602],[-95.297905,29.718419],[-95.297949,29.718128],[-95.298061,29.717849],[-95.298202,29.717497],[-95.298516,29.717627],[-95.298712,29.717708],[-95.298934,29.717869],[-95.299314,29.718144],[-95.29994,29.718634],[-95.300725,29.719256],[-95.301303,29.719715],[-95.302106,29.720358],[-95.302403,29.720587],[-95.303458,29.721429],[-95.3038,29.72169],[-95.304247,29.722031],[-95.304996,29.722364],[-95.304996,29.722362],[-95.306955,29.723228],[-95.308554,29.723898],[-95.311276,29.724758],[-95.310709,29.725906],[-95.31045,29.726436],[-95.31038,29.726579],[-95.309748,29.728227],[-95.308792,29.730676],[-95.30803,29.732492],[-95.30792,29.732762],[-95.307951,29.732763],[-95.30725,29.734523],[-95.306307,29.736929],[-95.305453,29.738951],[-95.305453,29.738951],[-95.301494,29.737706],[-95.299191,29.736955],[-95.299226,29.736862],[-95.297248,29.736249],[-95.298005,29.734367],[-95.294356,29.733232],[-95.292156,29.732556],[-95.292396,29.73197],[-95.292504,29.731708],[-95.292704,29.731186],[-95.292896,29.730696],[-95.293063,29.730357],[-95.293241,29.730139],[-95.293393,29.729998],[-95.293626,29.729783],[-95.293807,29.72959],[-95.294125,29.72925],[-95.294402,29.728939],[-95.294626,29.728687],[-95.294724,29.72843],[-95.294809,29.728208],[-95.294888,29.727992],[-95.294646,29.727929],[-95.294322,29.727801],[-95.294134,29.7277],[-95.29398,29.727433],[-95.293719,29.727092],[-95.293591,29.726849],[-95.29319,29.726576],[-95.292813,29.726422],[-95.292215,29.72631],[-95.291755,29.726154],[-95.2913,29.725878],[-95.29096,29.725439],[-95.290788,29.724909],[-95.290612,29.724474],[-95.290467,29.723945],[-95.290098,29.723552]]]},"properties":{"Campus__Number":117,"Campus_Short_Name":"Briscoe ES","Street_Address":"321 Forest Hill"}},{"type":"Feature","geometry":{"type":"Polygon","coordinates":[[[-95.31083,29.712185],[-95.305323,29.708523],[-95.299521,29.704676],[-95.300052,29.703979],[-95.300459,29.702468],[-95.300566,29.702114],[-95.300517,29.701835],[-95.300484,29.70164],[-95.300582,29.701365],[-95.30137,29.699175],[-95.301509,29.698384],[-95.300391,29.695877],[-95.303233,29.696116],[-95.30993,29.697017],[-95.311459,29.697107],[-95.312279,29.697129],[-95.313324,29.696967],[-95.314262,29.696754],[-95.315311,29.696496],[-95.316585,29.696054],[-95.319867,29.694568],[-95.325638,29.691847],[-95.326761,29.695516],[-95.327409,29.697503],[-95.326985,29.697937],[-95.326842,29.69847],[-95.326429,29.698925],[-95.326078,29.699572],[-95.325761,29.700017],[-95.32561,29.700395],[-95.325367,29.700699],[-95.325258,29.701066],[-95.32519,29.701434],[-95.325018,29.701657],[-95.324855,29.701998],[-95.324748,29.702306],[-95.324746,29.702736],[-95.324751,29.702987],[-95.324765,29.703369],[-95.324684,29.703713],[-95.324399,29.704016],[-95.324214,29.704238],[-95.32386,29.704446],[-95.323511,29.704639],[-95.323254,29.704954],[-95.323189,29.705227],[-95.322874,29.705613],[-95.322639,29.70569],[-95.322412,29.70591],[-95.322096,29.705938],[-95.321905,29.705932],[-95.321673,29.705914],[-95.321428,29.705895],[-95.321196,29.705877],[-95.320889,29.706048],[-95.320559,29.706075],[-95.320105,29.706169],[-95.319829,29.706234],[-95.319576,29.706418],[-95.319301,29.70684],[-95.319141,29.707086],[-95.318856,29.707401],[-95.318576,29.707596],[-95.318242,29.707742],[-95.318016,29.707939],[-95.317826,29.708268],[-95.31771,29.708456],[-95.317465,29.708796],[-95.317362,29.708996],[-95.317204,29.709219],[-95.317042,29.709525],[-95.316933,29.709722],[-95.316161,29.709358],[-95.315179,29.709092],[-95.314332,29.708859],[-95.313508,29.708956],[-95.313127,29.709095],[-95.312911,29.709388],[-95.312792,29.709832],[-95.312605,29.710275],[-95.312211,29.710772],[-95.311537,29.71144],[-95.31083,29.712185]]]},"properties":{"Campus__Number":119,"Campus_Short_Name":"Brookline ES","Street_Address":"6301 S Loop E"}},{"type":"Feature","geometry":{"type":"Polygon","coordinates":[[[-95.371701,29.793158],[-95.372921,29.793158],[-95.374591,29.793146],[-95.376061,29.793124],[-95.377194,29.794017],[-95.377111,29.793803],[-95.377102,29.793109],[-95.377103,29.792146],[-95.377933,29.792133],[-95.378544,29.792123],[-95.378707,29.79212],[-95.378773,29.792198],[-95.378756,29.791712],[-95.378754,29.791648],[-95.378773,29.791588],[-95.378858,29.79156],[-95.379048,29.791555],[-95.379376,29.791547],[-95.379394,29.792269],[-95.380191,29.792256],[-95.380174,29.79154],[-95.380172,29.790582],[-95.38123,29.790559],[-95.382294,29.790546],[-95.383979,29.790535],[-95.384339,29.790532],[-95.384632,29.790616],[-95.385142,29.790761],[-95.385224,29.790897],[-95.386028,29.790866],[-95.386924,29.790847],[-95.387834,29.790833],[-95.387834,29.790833],[-95.387874,29.792656],[-95.387892,29.793594],[-95.387916,29.795095],[-95.387931,29.796376],[-95.386133,29.796405],[-95.384369,29.796423],[-95.38442,29.798485],[-95.384426,29.799219],[-95.384377,29.799319],[-95.384383,29.800348],[-95.384393,29.801058],[-95.383427,29.801064],[-95.38296,29.801067],[-95.382894,29.801029],[-95.382855,29.800907],[-95.382854,29.800777],[-95.382306,29.800773],[-95.382308,29.80089],[-95.381874,29.800891],[-95.381906,29.802434],[-95.381913,29.8031],[-95.381925,29.803854],[-95.381924,29.803854],[-95.38163,29.803848],[-95.381418,29.803843],[-95.381092,29.803886],[-95.380849,29.803918],[-95.38058,29.803927],[-95.380131,29.803942],[-95.379572,29.80394],[-95.378113,29.803915],[-95.377278,29.803908],[-95.37561,29.803943],[-95.373398,29.803943],[-95.372626,29.803923],[-95.372485,29.803914],[-95.372392,29.803441],[-95.372113,29.801827],[-95.371939,29.800909],[-95.37185,29.80027],[-95.371781,29.799583],[-95.371681,29.793966],[-95.371701,29.793158]]]},"properties":{"Campus__Number":120,"Campus_Short_Name":"Browning ES","Street_Address":"607 Northwood St"}},{"type":"Feature","geometry":{"type":"Polygon","coordinates":[[[-95.368375,29.847837],[-95.368352,29.847022],[-95.368337,29.846196],[-95.367633,29.846191],[-95.366807,29.846206],[-95.365886,29.846213],[-95.363019,29.846245],[-95.362551,29.846253],[-95.361807,29.846286],[-95.361367,29.846273],[-95.360803,29.846278],[-95.360553,29.846289],[-95.360085,29.846338],[-95.359522,29.846428],[-95.358845,29.84654],[-95.356603,29.837655],[-95.361577,29.837625],[-95.365999,29.83761],[-95.366979,29.837597],[-95.369329,29.837591],[-95.371491,29.837571],[-95.372293,29.837607],[-95.373221,29.837615],[-95.374685,29.837594],[-95.37569,29.837579],[-95.37593,29.837579],[-95.376267,29.837576],[-95.376428,29.837553],[-95.377046,29.837385],[-95.377309,29.837349],[-95.377622,29.837342],[-95.381254,29.837281],[-95.382887,29.837257],[-95.384349,29.837247],[-95.384365,29.839942],[-95.384387,29.841611],[-95.384402,29.842679],[-95.384421,29.843882],[-95.384428,29.844557],[-95.384432,29.845527],[-95.384443,29.845527],[-95.384459,29.845527],[-95.384461,29.846342],[-95.384477,29.847646],[-95.376155,29.847721],[-95.376159,29.848029],[-95.372345,29.848057],[-95.372325,29.847842],[-95.371823,29.84784],[-95.371839,29.848661],[-95.368391,29.848653],[-95.368375,29.847837]]]},"properties":{"Campus__Number":122,"Campus_Short_Name":"Burbank ES","Street_Address":"216 Tidwell"}},{"type":"Feature","geometry":{"type":"Polygon","coordinates":[[[-95.33657,29.761889],[-95.335866,29.761679],[-95.334936,29.761653],[-95.334198,29.761633],[-95.333687,29.76138],[-95.333421,29.761158],[-95.333362,29.76095],[-95.33334,29.760782],[-95.333391,29.760509],[-95.33344,29.760057],[-95.333465,29.759828],[-95.333473,29.759599],[-95.333481,29.75937],[-95.333424,29.759139],[-95.33335,29.758922],[-95.333193,29.758718],[-95.333,29.758583],[-95.332691,29.758503],[-95.332363,29.758494],[-95.332149,29.758517],[-95.331849,29.758623],[-95.331615,29.75876],[-95.331427,29.758942],[-95.33114,29.759177],[-95.330684,29.759523],[-95.330364,29.759729],[-95.329999,29.759848],[-95.329683,29.75994],[-95.329404,29.759932],[-95.32911,29.75991],[-95.328322,29.759903],[-95.327335,29.759947],[-95.32676,29.759931],[-95.326586,29.759922],[-95.326265,29.759904],[-95.325988,29.759853],[-95.325711,29.759788],[-95.325403,29.759679],[-95.325242,29.759589],[-95.324905,29.759379],[-95.324684,29.759115],[-95.324418,29.758764],[-95.324277,29.758559],[-95.324105,29.758311],[-95.323807,29.75793],[-95.323441,29.757605],[-95.323266,29.757457],[-95.323043,29.757264],[-95.322833,29.757158],[-95.322591,29.757051],[-95.322249,29.756956],[-95.321809,29.756858],[-95.321225,29.75667],[-95.320694,29.756369],[-95.320354,29.756216],[-95.320049,29.756021],[-95.319679,29.755825],[-95.319389,29.755659],[-95.318824,29.755386],[-95.318485,29.755219],[-95.317916,29.755074],[-95.317477,29.754948],[-95.317003,29.754892],[-95.316445,29.754876],[-95.316048,29.754937],[-95.315568,29.755039],[-95.315301,29.75516],[-95.315036,29.755239],[-95.314537,29.755397],[-95.314139,29.755501],[-95.313686,29.755503],[-95.313276,29.755491],[-95.312932,29.755468],[-95.312409,29.755382],[-95.311906,29.755224],[-95.310718,29.754934],[-95.3099,29.75484],[-95.309803,29.754815],[-95.310575,29.751681],[-95.311261,29.751684],[-95.311587,29.751679],[-95.311847,29.751653],[-95.312293,29.751588],[-95.31257,29.751268],[-95.312795,29.750985],[-95.312904,29.750798],[-95.312973,29.750592],[-95.312997,29.750037],[-95.313043,29.748389],[-95.313048,29.747848],[-95.31366,29.747838],[-95.313612,29.746498],[-95.313591,29.745597],[-95.313587,29.745438],[-95.313619,29.745255],[-95.314107,29.744059],[-95.315023,29.744343],[-95.315853,29.742299],[-95.316737,29.740121],[-95.319565,29.740995],[-95.322522,29.741912],[-95.325567,29.742849],[-95.327557,29.743331],[-95.328596,29.743502],[-95.327599,29.745978],[-95.328578,29.746262],[-95.328168,29.747286],[-95.329145,29.74759],[-95.32897,29.748022],[-95.328784,29.748479],[-95.328821,29.748598],[-95.329642,29.748869],[-95.328699,29.749938],[-95.330808,29.750532],[-95.332254,29.751015],[-95.333285,29.751314],[-95.33359,29.751492],[-95.334364,29.75033],[-95.334584,29.750477],[-95.334728,29.750598],[-95.334968,29.750863],[-95.336609,29.748793],[-95.337862,29.74721],[-95.338382,29.746553],[-95.339049,29.746951],[-95.339745,29.74736],[-95.341368,29.748333],[-95.343085,29.749354],[-95.343952,29.749927],[-95.344281,29.750252],[-95.344963,29.750924],[-95.345471,29.751594],[-95.345752,29.75193],[-95.34599,29.75213],[-95.346306,29.752362],[-95.34671,29.752605],[-95.347318,29.752834],[-95.347742,29.752993],[-95.348775,29.75295],[-95.349889,29.752876],[-95.350464,29.752848],[-95.351034,29.753045],[-95.352212,29.753765],[-95.35393,29.754795],[-95.354206,29.754963],[-95.353385,29.755995],[-95.35126,29.758751],[-95.350478,29.758276],[-95.349384,29.757657],[-95.348781,29.757907],[-95.348267,29.758121],[-95.347443,29.758472],[-95.346716,29.758906],[-95.346166,29.759183],[-95.345376,29.75945],[-95.345106,29.759645],[-95.344758,29.760033],[-95.344194,29.760742],[-95.34387,29.761149],[-95.3436,29.761569],[-95.343304,29.762147],[-95.342914,29.762086],[-95.342563,29.761957],[-95.341805,29.761721],[-95.341211,29.76149],[-95.340723,29.761357],[-95.340202,29.761367],[-95.339867,29.761549],[-95.339063,29.761838],[-95.338646,29.762017],[-95.338095,29.762122],[-95.337305,29.762005],[-95.33657,29.761889]]]},"properties":{"Campus__Number":124,"Campus_Short_Name":"Burnet ES","Street_Address":"5403 Canal St"}},{"type":"Feature","geometry":{"type":"Polygon","coordinates":[[[-95.38067,29.827315],[-95.38044,29.826332],[-95.380165,29.825001],[-95.379819,29.823714],[-95.379574,29.823008],[-95.379236,29.822169],[-95.378704,29.821034],[-95.37809,29.81984],[-95.377002,29.817596],[-95.376352,29.816102],[-95.375951,29.81512],[-95.375489,29.813999],[-95.382576,29.814041],[-95.382585,29.814041],[-95.388733,29.813978],[-95.392159,29.81397],[-95.392801,29.813944],[-95.393674,29.813896],[-95.39432,29.813755],[-95.394999,29.813587],[-95.39601,29.813357],[-95.396591,29.813172],[-95.39745,29.813066],[-95.398076,29.813025],[-95.39941,29.81299],[-95.399451,29.814778],[-95.399482,29.817199],[-95.399529,29.81918],[-95.399561,29.821331],[-95.399597,29.8233],[-95.399612,29.824066],[-95.399628,29.824985],[-95.399635,29.825863],[-95.39694,29.825915],[-95.396557,29.826071],[-95.39642,29.825795],[-95.395898,29.825801],[-95.395753,29.825802],[-95.395743,29.825227],[-95.39204,29.825378],[-95.391175,29.825426],[-95.388641,29.825442],[-95.388626,29.825861],[-95.388208,29.825865],[-95.388201,29.825537],[-95.385835,29.825558],[-95.385837,29.82567],[-95.38443,29.8257],[-95.384436,29.826016],[-95.384632,29.826029],[-95.384587,29.827066],[-95.385204,29.827047],[-95.385204,29.827534],[-95.384612,29.827547],[-95.384631,29.828622],[-95.384266,29.82863],[-95.381652,29.828638],[-95.381082,29.828635],[-95.380973,29.828402],[-95.38067,29.827315]]]},"properties":{"Campus__Number":125,"Campus_Short_Name":"Burrus ES","Street_Address":"701 E 33rd St"}},{"type":"Feature","geometry":{"type":"Polygon","coordinates":[[[-95.628212,29.743143],[-95.62823,29.741701],[-95.62986,29.74169],[-95.62982,29.741182],[-95.635259,29.741199],[-95.635298,29.7452],[-95.639777,29.745253],[-95.6398,29.746656],[-95.644527,29.746636],[-95.644528,29.747741],[-95.644528,29.75119],[-95.64454,29.752829],[-95.644564,29.75573],[-95.644564,29.755734],[-95.644564,29.755737],[-95.644564,29.755738],[-95.644564,29.755743],[-95.644568,29.75626],[-95.644589,29.759605],[-95.644603,29.761915],[-95.644603,29.761922],[-95.644603,29.761926],[-95.644608,29.762818],[-95.644611,29.763074],[-95.644601,29.763349],[-95.644582,29.763623],[-95.644555,29.763897],[-95.6445,29.76429],[-95.644142,29.765923],[-95.643384,29.769296],[-95.643356,29.769413],[-95.643356,29.769414],[-95.643136,29.769378],[-95.640345,29.768919],[-95.64034,29.768919],[-95.63541,29.770339],[-95.634899,29.770504],[-95.634611,29.770615],[-95.634357,29.770777],[-95.634148,29.770982],[-95.633994,29.771222],[-95.633884,29.771579],[-95.633483,29.773028],[-95.633419,29.773296],[-95.633269,29.773538],[-95.633048,29.773732],[-95.632772,29.773863],[-95.63222,29.77391],[-95.63222,29.77391],[-95.632219,29.77391],[-95.631367,29.773886],[-95.631342,29.774425],[-95.631332,29.77463],[-95.631332,29.774687],[-95.631234,29.77486],[-95.631175,29.774964],[-95.631147,29.775014],[-95.631113,29.775152],[-95.63106,29.775363],[-95.631032,29.775472],[-95.631103,29.775607],[-95.631153,29.775692],[-95.631302,29.775976],[-95.631314,29.775997],[-95.631332,29.776029],[-95.631278,29.776086],[-95.631268,29.776098],[-95.631027,29.776252],[-95.630679,29.776228],[-95.630667,29.776227],[-95.630307,29.776397],[-95.6303,29.776401],[-95.630299,29.776404],[-95.630271,29.776484],[-95.630312,29.776835],[-95.630313,29.776842],[-95.630251,29.776923],[-95.630048,29.776961],[-95.630015,29.776963],[-95.629906,29.776971],[-95.629895,29.776971],[-95.62984,29.776975],[-95.629709,29.777085],[-95.62971,29.777088],[-95.629807,29.777356],[-95.629807,29.777357],[-95.629869,29.777564],[-95.629874,29.777656],[-95.629874,29.777656],[-95.629882,29.777806],[-95.629849,29.777882],[-95.629849,29.777882],[-95.629643,29.778065],[-95.629634,29.778083],[-95.629634,29.778083],[-95.629551,29.778244],[-95.629554,29.778434],[-95.629554,29.778437],[-95.629448,29.778502],[-95.629441,29.778506],[-95.629434,29.77851],[-95.629155,29.778689],[-95.629146,29.778695],[-95.628832,29.778685],[-95.628823,29.778684],[-95.628656,29.77861],[-95.628649,29.778607],[-95.628507,29.778665],[-95.628492,29.778671],[-95.628514,29.778813],[-95.628515,29.778815],[-95.628524,29.778916],[-95.628367,29.779078],[-95.628365,29.779079],[-95.628359,29.779081],[-95.628335,29.779088],[-95.628225,29.779119],[-95.628215,29.779122],[-95.628164,29.77914],[-95.62813,29.779152],[-95.62809,29.779165],[-95.628059,29.779176],[-95.628058,29.779176],[-95.627843,29.779141],[-95.627751,29.779126],[-95.627748,29.779125],[-95.627682,29.779106],[-95.627504,29.779053],[-95.627251,29.778978],[-95.62708,29.778929],[-95.627089,29.778743],[-95.627089,29.778739],[-95.627089,29.778733],[-95.62709,29.77873],[-95.62709,29.778726],[-95.62709,29.778723],[-95.627097,29.778618],[-95.627104,29.77852],[-95.627104,29.778512],[-95.62705,29.778379],[-95.627044,29.778365],[-95.627041,29.778359],[-95.626944,29.778249],[-95.626937,29.778243],[-95.626913,29.778215],[-95.626776,29.778127],[-95.626768,29.778121],[-95.62673,29.778097],[-95.626556,29.778014],[-95.626547,29.77801],[-95.626522,29.777999],[-95.626404,29.777948],[-95.626392,29.777943],[-95.626037,29.777876],[-95.626026,29.777874],[-95.625845,29.77784],[-95.62583,29.777838],[-95.625831,29.777556],[-95.625833,29.777295],[-95.62583,29.777068],[-95.625825,29.776775],[-95.62582,29.776458],[-95.625819,29.776432],[-95.625819,29.776431],[-95.625819,29.776431],[-95.625835,29.776431],[-95.625996,29.776432],[-95.626291,29.776433],[-95.626303,29.776433],[-95.626484,29.776434],[-95.62679,29.776435],[-95.6268,29.776435],[-95.626911,29.776436],[-95.626966,29.776347],[-95.627011,29.776277],[-95.626901,29.776194],[-95.626761,29.776087],[-95.626761,29.776084],[-95.62676,29.775954],[-95.62676,29.775749],[-95.626759,29.77572],[-95.626759,29.775718],[-95.626758,29.775495],[-95.626758,29.775494],[-95.626758,29.775433],[-95.626768,29.775428],[-95.626877,29.775375],[-95.627174,29.775238],[-95.627182,29.775234],[-95.627336,29.775153],[-95.627549,29.775019],[-95.627801,29.774856],[-95.627856,29.774819],[-95.627979,29.774586],[-95.62798,29.774585],[-95.627981,29.773793],[-95.627302,29.773774],[-95.625848,29.77374],[-95.625848,29.77374],[-95.625848,29.77374],[-95.625841,29.77374],[-95.625528,29.773707],[-95.625484,29.773695],[-95.62545,29.772678],[-95.625429,29.770069],[-95.625413,29.767099],[-95.625383,29.763691],[-95.625354,29.761388],[-95.626443,29.761374],[-95.626451,29.760054],[-95.626449,29.758281],[-95.627654,29.758282],[-95.627836,29.758309],[-95.628131,29.758353],[-95.628382,29.75839],[-95.628397,29.755889],[-95.627891,29.755811],[-95.627562,29.75574],[-95.627114,29.755594],[-95.626557,29.755402],[-95.626532,29.753771],[-95.628417,29.753709],[-95.628311,29.75163],[-95.628308,29.751113],[-95.628289,29.749241],[-95.628272,29.746787],[-95.627075,29.746752],[-95.625759,29.746751],[-95.625549,29.746507],[-95.625756,29.746424],[-95.626283,29.746387],[-95.626844,29.746385],[-95.628258,29.746381],[-95.628243,29.744805],[-95.628212,29.743143]]]},"properties":{"Campus__Number":275,"Campus_Short_Name":"Bush ES","Street_Address":"13800 Westerloch Dr"}},{"type":"Feature","geometry":{"type":"Polygon","coordinates":[[[-95.30725,29.734523],[-95.307951,29.732763],[-95.30792,29.732762],[-95.30803,29.732492],[-95.308792,29.730676],[-95.309748,29.728227],[-95.31038,29.726579],[-95.31045,29.726436],[-95.310709,29.725906],[-95.311276,29.724758],[-95.315357,29.725986],[-95.319161,29.727115],[-95.323009,29.728254],[-95.326358,29.729245],[-95.326528,29.729574],[-95.326234,29.730282],[-95.326047,29.730755],[-95.325755,29.731442],[-95.325607,29.731809],[-95.325479,29.732117],[-95.325438,29.732349],[-95.325391,29.732614],[-95.325358,29.732862],[-95.325277,29.733107],[-95.325109,29.733532],[-95.324846,29.734193],[-95.324301,29.735533],[-95.319423,29.734059],[-95.317694,29.733528],[-95.315646,29.735572],[-95.313071,29.738998],[-95.310243,29.73815],[-95.306307,29.736929],[-95.30725,29.734523]]]},"properties":{"Campus__Number":292,"Campus_Short_Name":"Carrillo ES","Street_Address":"960 S Wayside Dr"}},{"type":"Feature","geometry":{"type":"Polygon","coordinates":[[[-95.459187,29.70371],[-95.459029,29.693104],[-95.463005,29.693058],[-95.467765,29.69301],[-95.467755,29.693611],[-95.476119,29.693549],[-95.476155,29.695939],[-95.476159,29.696553],[-95.480333,29.696484],[-95.48038,29.699289],[-95.480388,29.70025],[-95.480417,29.70125],[-95.480453,29.703773],[-95.482522,29.703746],[-95.482548,29.705569],[-95.482548,29.705569],[-95.482603,29.709198],[-95.476349,29.709257],[-95.47635,29.709265],[-95.472561,29.70929],[-95.472601,29.71291],[-95.467997,29.712983],[-95.468104,29.720218],[-95.463964,29.720261],[-95.463972,29.721136],[-95.464036,29.723878],[-95.464024,29.724774],[-95.46405,29.725929],[-95.460409,29.726217],[-95.460226,29.720299],[-95.460094,29.709753],[-95.460064,29.70872],[-95.459845,29.707453],[-95.459368,29.706065],[-95.459201,29.705201],[-95.459187,29.70371]]]},"properties":{"Campus__Number":130,"Campus_Short_Name":"Condit ES","Street_Address":"7000 S Third"}},{"type":"Feature","geometry":{"type":"Polygon","coordinates":[[[-95.33486,29.861901],[-95.33522,29.861288],[-95.335703,29.860488],[-95.336291,29.859515],[-95.337162,29.858063],[-95.338027,29.856623],[-95.338429,29.855945],[-95.339043,29.854925],[-95.339314,29.854493],[-95.34014,29.854511],[-95.339588,29.855381],[-95.3431,29.855348],[-95.343094,29.855104],[-95.343694,29.855099],[-95.343704,29.854836],[-95.344085,29.854895],[-95.346546,29.854891],[-95.346544,29.854805],[-95.349881,29.854776],[-95.349882,29.854884],[-95.350901,29.854889],[-95.350916,29.854448],[-95.35585,29.854403],[-95.355833,29.85488],[-95.356399,29.854908],[-95.356397,29.854393],[-95.358921,29.854329],[-95.358915,29.855257],[-95.36103,29.855204],[-95.363371,29.864765],[-95.364788,29.870725],[-95.361059,29.870838],[-95.358968,29.870863],[-95.355771,29.870912],[-95.351905,29.870996],[-95.348947,29.87095],[-95.345653,29.87097],[-95.342642,29.87101],[-95.341149,29.871014],[-95.341387,29.870366],[-95.341531,29.870026],[-95.341521,29.869825],[-95.341479,29.869623],[-95.34138,29.869191],[-95.341246,29.8688],[-95.341202,29.868641],[-95.341176,29.86844],[-95.341233,29.868226],[-95.341451,29.868132],[-95.341701,29.868039],[-95.342067,29.867905],[-95.342415,29.867843],[-95.342634,29.867691],[-95.342773,29.867466],[-95.342719,29.867135],[-95.342594,29.866974],[-95.342553,29.866744],[-95.342551,29.866342],[-95.342475,29.866154],[-95.342302,29.865949],[-95.342144,29.865758],[-95.342008,29.865439],[-95.341921,29.865093],[-95.341723,29.864655],[-95.341362,29.864186],[-95.34101,29.863904],[-95.340367,29.863514],[-95.339963,29.863317],[-95.339344,29.863142],[-95.339067,29.863092],[-95.33884,29.862985],[-95.338714,29.862839],[-95.338463,29.862517],[-95.338272,29.862325],[-95.337998,29.862174],[-95.337491,29.862103],[-95.336916,29.862102],[-95.33629,29.862128],[-95.335782,29.862099],[-95.335437,29.862076],[-95.335111,29.861995],[-95.33486,29.861901]]]},"properties":{"Campus__Number":132,"Campus_Short_Name":"Coop ES","Street_Address":"10130 Aldine Westfield Rd"}},{"type":"Feature","geometry":{"type":"Polygon","coordinates":[[[-95.282801,29.681836],[-95.282688,29.681821],[-95.28253,29.681824],[-95.282148,29.681829],[-95.281595,29.681838],[-95.281526,29.679818],[-95.281489,29.678496],[-95.281196,29.678685],[-95.280896,29.679035],[-95.280644,29.679207],[-95.280107,29.679299],[-95.279902,29.679294],[-95.279416,29.679137],[-95.279089,29.679092],[-95.278679,29.679081],[-95.278095,29.679351],[-95.277301,29.67961],[-95.27724,29.677049],[-95.277923,29.677038],[-95.278439,29.677008],[-95.278659,29.676947],[-95.279082,29.67658],[-95.27916,29.676105],[-95.279135,29.675525],[-95.279104,29.67237],[-95.281855,29.672281],[-95.283745,29.672287],[-95.28513,29.672334],[-95.285857,29.672382],[-95.286692,29.672509],[-95.288404,29.672934],[-95.289201,29.673195],[-95.289208,29.674032],[-95.28951,29.673998],[-95.28976,29.673885],[-95.289982,29.67382],[-95.290259,29.673521],[-95.290576,29.673263],[-95.290885,29.673033],[-95.291246,29.6729],[-95.291686,29.672816],[-95.292177,29.672854],[-95.292637,29.67301],[-95.29318,29.673096],[-95.293843,29.672924],[-95.295247,29.672676],[-95.296244,29.672321],[-95.296691,29.672071],[-95.296976,29.671745],[-95.297212,29.671273],[-95.297257,29.670797],[-95.297154,29.669098],[-95.297201,29.668574],[-95.297349,29.668268],[-95.298797,29.669365],[-95.30192,29.671779],[-95.301346,29.672239],[-95.300906,29.672955],[-95.300369,29.673866],[-95.299921,29.674768],[-95.299505,29.675272],[-95.298975,29.675724],[-95.298626,29.67595],[-95.297699,29.676318],[-95.296966,29.676537],[-95.297212,29.676961],[-95.297366,29.677326],[-95.297444,29.677599],[-95.297659,29.678343],[-95.298247,29.678216],[-95.298362,29.678637],[-95.298469,29.679031],[-95.298658,29.679795],[-95.298693,29.680746],[-95.298691,29.681444],[-95.298689,29.681444],[-95.298677,29.682796],[-95.298693,29.68519],[-95.297751,29.685182],[-95.296317,29.685154],[-95.295806,29.685148],[-95.293486,29.685213],[-95.289958,29.685288],[-95.285888,29.685383],[-95.284334,29.685409],[-95.283497,29.68543],[-95.283502,29.684477],[-95.283462,29.683595],[-95.283431,29.683267],[-95.283374,29.682877],[-95.283368,29.68267],[-95.283384,29.682581],[-95.283428,29.682473],[-95.283514,29.682299],[-95.283642,29.682137],[-95.283707,29.68205],[-95.283258,29.681963],[-95.282966,29.681857],[-95.282801,29.681836]]]},"properties":{"Campus__Number":133,"Campus_Short_Name":"Cornelius ES","Street_Address":"7475 Westover St"}},{"type":"Feature","geometry":{"type":"Polygon","coordinates":[[[-95.283414,29.698975],[-95.283523,29.698921],[-95.284608,29.698402],[-95.285714,29.698098],[-95.287181,29.697613],[-95.288726,29.697274],[-95.290536,29.698638],[-95.293043,29.700427],[-95.29601,29.702348],[-95.300417,29.70527],[-95.300287,29.70539],[-95.3,29.705623],[-95.299724,29.705688],[-95.296605,29.705767],[-95.291704,29.7058],[-95.289984,29.706063],[-95.289844,29.705414],[-95.28977,29.705061],[-95.289732,29.704877],[-95.289812,29.704659],[-95.289991,29.704467],[-95.290004,29.701409],[-95.289861,29.701847],[-95.289625,29.702362],[-95.289152,29.702949],[-95.288601,29.703676],[-95.288166,29.7042],[-95.287611,29.704532],[-95.286948,29.704877],[-95.286378,29.705114],[-95.285941,29.705197],[-95.285635,29.705156],[-95.285422,29.705056],[-95.285376,29.701849],[-95.283425,29.701891],[-95.283414,29.698975]]]},"properties":{"Campus__Number":290,"Campus_Short_Name":"Crespo ES","Street_Address":"7500 Office City Dr"}},{"type":"Feature","geometry":{"type":"Polygon","coordinates":[[[-95.284859,29.722543],[-95.284282,29.722437],[-95.283667,29.72242],[-95.28356,29.721619],[-95.278447,29.721737],[-95.278364,29.718141],[-95.27819,29.713247],[-95.276627,29.7126],[-95.273103,29.711367],[-95.270242,29.71055],[-95.270813,29.710101],[-95.271059,29.709888],[-95.271327,29.709752],[-95.271681,29.709706],[-95.272833,29.709683],[-95.274066,29.709648],[-95.275146,29.709629],[-95.27555,29.709618],[-95.275632,29.709536],[-95.276897,29.709501],[-95.280872,29.70951],[-95.280907,29.711031],[-95.28359,29.710946],[-95.283613,29.711653],[-95.286192,29.711677],[-95.288463,29.711634],[-95.290181,29.711679],[-95.292405,29.711639],[-95.296594,29.711559],[-95.296568,29.712704],[-95.296589,29.713048],[-95.296711,29.713309],[-95.296682,29.713324],[-95.296679,29.713326],[-95.296835,29.713549],[-95.29692,29.713677],[-95.295631,29.714468],[-95.295674,29.716678],[-95.296996,29.716667],[-95.297001,29.716956],[-95.297007,29.717323],[-95.29736,29.717337],[-95.297763,29.717386],[-95.298202,29.717497],[-95.298061,29.717849],[-95.297949,29.718128],[-95.297905,29.718419],[-95.297877,29.718602],[-95.297724,29.718957],[-95.297584,29.719317],[-95.29746,29.719636],[-95.297283,29.719587],[-95.297118,29.719563],[-95.29686,29.719564],[-95.294921,29.71957],[-95.294921,29.719571],[-95.293661,29.719582],[-95.293233,29.719586],[-95.293003,29.719616],[-95.292712,29.719654],[-95.292222,29.719718],[-95.291995,29.719747],[-95.291559,29.71975],[-95.290306,29.719759],[-95.29035,29.720482],[-95.288907,29.720382],[-95.287332,29.720353],[-95.287371,29.721515],[-95.288455,29.723359],[-95.288008,29.723436],[-95.287802,29.72346],[-95.287463,29.723361],[-95.287128,29.723173],[-95.286491,29.722827],[-95.286219,29.722789],[-95.285605,29.722743],[-95.284859,29.722543]]]},"properties":{"Campus__Number":297,"Campus_Short_Name":"Davila ES","Street_Address":"7610 Dahlia St"}},{"type":"Feature","geometry":{"type":"Polygon","coordinates":[[[-95.384627,29.856758],[-95.384669,29.859445],[-95.384684,29.860689],[-95.384697,29.861597],[-95.384747,29.864462],[-95.384821,29.867215],[-95.384847,29.868451],[-95.384864,29.870055],[-95.380624,29.870102],[-95.379518,29.870113],[-95.378609,29.870123],[-95.376851,29.870148],[-95.376799,29.86744],[-95.376429,29.867447],[-95.375941,29.867456],[-95.375188,29.867373],[-95.373972,29.867404],[-95.372952,29.867432],[-95.371884,29.867429],[-95.37034,29.867443],[-95.369497,29.867436],[-95.369489,29.867056],[-95.369478,29.866554],[-95.369473,29.866309],[-95.368566,29.866311],[-95.368564,29.866136],[-95.368556,29.865922],[-95.368537,29.865738],[-95.368486,29.86554],[-95.368471,29.865495],[-95.368359,29.865232],[-95.368289,29.865026],[-95.368277,29.864963],[-95.368259,29.864852],[-95.368245,29.864681],[-95.365561,29.864716],[-95.364205,29.864742],[-95.363371,29.864765],[-95.362007,29.859198],[-95.363469,29.859079],[-95.364511,29.859045],[-95.3651,29.859038],[-95.368051,29.859019],[-95.372019,29.859044],[-95.37199,29.858131],[-95.371982,29.857397],[-95.372436,29.857378],[-95.372599,29.857552],[-95.3731,29.85735],[-95.376277,29.857335],[-95.37628,29.857573],[-95.380479,29.857448],[-95.380482,29.85772],[-95.383374,29.857656],[-95.383219,29.857326],[-95.382952,29.856758],[-95.384627,29.856758]]]},"properties":{"Campus__Number":137,"Campus_Short_Name":"De Chaumes ES","Street_Address":"155 Cooper"}},{"type":"Feature","geometry":{"type":"Polygon","coordinates":[[[-95.276877,29.732504],[-95.276464,29.730983],[-95.290976,29.735393],[-95.293943,29.736339],[-95.294157,29.737035],[-95.294285,29.737945],[-95.294371,29.738542],[-95.294373,29.73898],[-95.293013,29.740881],[-95.292059,29.741997],[-95.291542,29.74242],[-95.291121,29.742659],[-95.290648,29.742833],[-95.28998,29.742987],[-95.289349,29.743079],[-95.288632,29.74309],[-95.288084,29.743075],[-95.288098,29.743153],[-95.291085,29.74398],[-95.292369,29.744409],[-95.292988,29.744701],[-95.293361,29.744986],[-95.293572,29.745195],[-95.293666,29.745348],[-95.293784,29.745774],[-95.293837,29.746194],[-95.293754,29.747471],[-95.292989,29.747751],[-95.292071,29.748155],[-95.290933,29.748654],[-95.290364,29.748939],[-95.289997,29.749101],[-95.289617,29.749162],[-95.289305,29.749168],[-95.288878,29.749156],[-95.288425,29.748986],[-95.288004,29.748802],[-95.287729,29.748709],[-95.287324,29.74854],[-95.286857,29.748297],[-95.286569,29.748075],[-95.286238,29.747693],[-95.285747,29.746762],[-95.285194,29.745715],[-95.284737,29.744819],[-95.28436,29.744336],[-95.283949,29.743923],[-95.283441,29.743422],[-95.282669,29.742527],[-95.281567,29.741235],[-95.280669,29.740193],[-95.280028,29.739315],[-95.279518,29.738441],[-95.279026,29.73751],[-95.27849,29.736464],[-95.278056,29.735305],[-95.277357,29.733749],[-95.276877,29.732504]]]},"properties":{"Campus__Number":138,"Campus_Short_Name":"DeZavala ES","Street_Address":"7521 Avenue H"}},{"type":"Feature","geometry":{"type":"Polygon","coordinates":[[[-95.324214,29.784078],[-95.34009,29.777261],[-95.339899,29.781263],[-95.339849,29.782943],[-95.339877,29.789503],[-95.339857,29.793904],[-95.338399,29.793908],[-95.338428,29.79463],[-95.337241,29.794652],[-95.337255,29.795387],[-95.337274,29.796609],[-95.334926,29.796634],[-95.334907,29.79751],[-95.332182,29.797577],[-95.332249,29.800175],[-95.332248,29.800175],[-95.32822,29.800279],[-95.328208,29.79953],[-95.328193,29.798766],[-95.32814,29.798337],[-95.32791,29.797693],[-95.327769,29.797169],[-95.327754,29.796891],[-95.326964,29.796892],[-95.32689,29.796496],[-95.32683,29.795217],[-95.326829,29.794391],[-95.326806,29.793527],[-95.325795,29.793532],[-95.325649,29.793553],[-95.325374,29.793592],[-95.325038,29.793663],[-95.324942,29.79321],[-95.324948,29.792772],[-95.324928,29.791713],[-95.324926,29.790606],[-95.324914,29.790286],[-95.323972,29.790291],[-95.323977,29.789566],[-95.322987,29.789577],[-95.323002,29.787686],[-95.32395,29.787668],[-95.323939,29.786953],[-95.323915,29.785459],[-95.324228,29.785439],[-95.324214,29.784078]]]},"properties":{"Campus__Number":140,"Campus_Short_Name":"Dogan ES","Street_Address":"4202 Liberty Rd"}},{"type":"Feature","geometry":{"type":"Polygon","coordinates":[[[-95.410697,29.831387],[-95.412543,29.831379],[-95.412533,29.830359],[-95.414839,29.830333],[-95.416253,29.830316],[-95.416256,29.830382],[-95.416264,29.830819],[-95.41951,29.830773],[-95.419516,29.829444],[-95.419564,29.828742],[-95.419605,29.828321],[-95.419695,29.827739],[-95.420694,29.828117],[-95.421388,29.828385],[-95.422047,29.828586],[-95.422491,29.828685],[-95.423366,29.828803],[-95.423652,29.828815],[-95.424471,29.828815],[-95.425445,29.828786],[-95.426454,29.828694],[-95.426891,29.82864],[-95.427958,29.828444],[-95.428424,29.828358],[-95.428761,29.828327],[-95.429063,29.828299],[-95.429351,29.828294],[-95.429628,29.828291],[-95.429648,29.829815],[-95.429675,29.831462],[-95.429695,29.833106],[-95.429711,29.83476],[-95.429743,29.836408],[-95.429728,29.837258],[-95.42963,29.837666],[-95.429475,29.838066],[-95.429298,29.838411],[-95.429133,29.838732],[-95.428934,29.839142],[-95.428891,29.83939],[-95.428841,29.839978],[-95.42885,29.841049],[-95.428466,29.840989],[-95.428092,29.840943],[-95.427723,29.840935],[-95.424617,29.840965],[-95.421206,29.841008],[-95.417968,29.841047],[-95.416424,29.841073],[-95.410912,29.841154],[-95.410855,29.838823],[-95.410834,29.837264],[-95.410785,29.835689],[-95.410767,29.834725],[-95.410719,29.832524],[-95.410697,29.831387]]]},"properties":{"Campus__Number":115,"Campus_Short_Name":"Durham ES","Street_Address":"4803 Brinkman St"}},{"type":"Feature","geometry":{"type":"Polygon","coordinates":[[[-95.40682,29.867956],[-95.406804,29.869277],[-95.406102,29.869287],[-95.406101,29.86837],[-95.4054,29.86836],[-95.405398,29.868112],[-95.404697,29.868103],[-95.40468,29.867032],[-95.40161,29.867065],[-95.401644,29.869186],[-95.4012,29.869204],[-95.401203,29.869376],[-95.400738,29.869391],[-95.400739,29.868427],[-95.397812,29.868462],[-95.397829,29.869392],[-95.397308,29.869385],[-95.397283,29.868859],[-95.396724,29.868844],[-95.39672,29.868023],[-95.395571,29.868038],[-95.395592,29.869321],[-95.395085,29.869326],[-95.395095,29.86966],[-95.394557,29.869674],[-95.394042,29.86968],[-95.394029,29.868504],[-95.391836,29.868512],[-95.39184,29.868722],[-95.39121,29.868734],[-95.391211,29.868906],[-95.389049,29.868924],[-95.389023,29.867175],[-95.387663,29.867206],[-95.38767,29.869183],[-95.386398,29.869178],[-95.386414,29.870023],[-95.384864,29.870055],[-95.384847,29.868451],[-95.384821,29.867215],[-95.384747,29.864462],[-95.384697,29.861597],[-95.384684,29.860689],[-95.384669,29.859445],[-95.384627,29.856758],[-95.38463,29.856758],[-95.385129,29.856805],[-95.385374,29.856802],[-95.385345,29.856188],[-95.388012,29.85616],[-95.388013,29.856389],[-95.388428,29.856386],[-95.388436,29.856171],[-95.39031,29.856165],[-95.390323,29.856759],[-95.391044,29.856752],[-95.391406,29.856802],[-95.391387,29.857311],[-95.397669,29.857265],[-95.397817,29.857269],[-95.397806,29.854875],[-95.397979,29.854872],[-95.39816,29.854868],[-95.398412,29.854854],[-95.398327,29.85446],[-95.398975,29.85424],[-95.399381,29.854816],[-95.400487,29.856389],[-95.401392,29.857665],[-95.402008,29.858599],[-95.40255,29.859559],[-95.40337,29.861211],[-95.404454,29.863346],[-95.404979,29.864384],[-95.405957,29.866291],[-95.40682,29.867956]]]},"properties":{"Campus__Number":144,"Campus_Short_Name":"Durkee ES","Street_Address":"7301 Nordling"}},{"type":"Feature","geometry":{"type":"Polygon","coordinates":[[[-95.30112,29.774373],[-95.301602,29.774297],[-95.302356,29.774258],[-95.31138,29.774268],[-95.312569,29.774272],[-95.312557,29.784295],[-95.312532,29.78904],[-95.301132,29.793881],[-95.301158,29.787536],[-95.301138,29.786874],[-95.30116,29.784269],[-95.301179,29.780836],[-95.30112,29.774373]]]},"properties":{"Campus__Number":147,"Campus_Short_Name":"Eliot ES","Street_Address":"6411 Laredo St"}},{"type":"Feature","geometry":{"type":"Polygon","coordinates":[[[-95.496945,29.662194],[-95.496963,29.663554],[-95.496986,29.664874],[-95.497009,29.665236],[-95.497052,29.665439],[-95.497128,29.665667],[-95.497191,29.666031],[-95.497204,29.666297],[-95.498188,29.666311],[-95.498232,29.666517],[-95.498381,29.666709],[-95.498522,29.666761],[-95.49881,29.666778],[-95.499316,29.666777],[-95.501181,29.666752],[-95.50222,29.666723],[-95.502374,29.666719],[-95.503207,29.66665],[-95.503777,29.666621],[-95.504301,29.666608],[-95.504816,29.66659],[-95.505712,29.666582],[-95.506257,29.666577],[-95.507164,29.666568],[-95.508351,29.666565],[-95.508541,29.666561],[-95.508541,29.666565],[-95.508583,29.670871],[-95.508598,29.673179],[-95.508648,29.676177],[-95.507696,29.676177],[-95.506972,29.676234],[-95.506181,29.676347],[-95.505319,29.676592],[-95.504211,29.677003],[-95.503325,29.677304],[-95.499562,29.677932],[-95.496129,29.678511],[-95.495428,29.67855],[-95.494313,29.678521],[-95.493522,29.67829],[-95.493197,29.678162],[-95.493439,29.677543],[-95.493693,29.676474],[-95.493655,29.675183],[-95.493498,29.674585],[-95.493203,29.673753],[-95.492919,29.673215],[-95.492572,29.672495],[-95.492342,29.671649],[-95.492283,29.6712],[-95.492259,29.67066],[-95.492253,29.670236],[-95.492228,29.666359],[-95.492178,29.663073],[-95.493276,29.663067],[-95.493265,29.662255],[-95.493656,29.662245],[-95.496945,29.662194]]]},"properties":{"Campus__Number":148,"Campus_Short_Name":"Elrod ES","Street_Address":"6230 Dumfries Dr"}},{"type":"Feature","geometry":{"type":"Polygon","coordinates":[[[-95.539433,29.737165],[-95.53888,29.73719],[-95.538876,29.737408],[-95.538859,29.737751],[-95.538796,29.738069],[-95.538723,29.738288],[-95.538622,29.738591],[-95.538538,29.738791],[-95.538427,29.739212],[-95.538389,29.739434],[-95.538373,29.739753],[-95.538376,29.741041],[-95.538383,29.74193],[-95.538414,29.744163],[-95.538458,29.747936],[-95.538476,29.748969],[-95.538484,29.749415],[-95.538515,29.74974],[-95.538576,29.749998],[-95.538724,29.750352],[-95.538923,29.750717],[-95.539191,29.751147],[-95.539305,29.7513],[-95.539572,29.751659],[-95.539733,29.751874],[-95.539763,29.751912],[-95.539762,29.751913],[-95.539717,29.752089],[-95.539712,29.752107],[-95.539709,29.752122],[-95.539709,29.752123],[-95.539711,29.752174],[-95.539709,29.752174],[-95.539696,29.75218],[-95.53967,29.752193],[-95.53954,29.752381],[-95.539442,29.752489],[-95.539299,29.752557],[-95.539165,29.752612],[-95.539068,29.752657],[-95.538919,29.752689],[-95.538776,29.752715],[-95.538771,29.752716],[-95.538678,29.752675],[-95.538668,29.75267],[-95.538326,29.752443],[-95.538183,29.752316],[-95.538064,29.752186],[-95.537997,29.752069],[-95.537943,29.751931],[-95.537922,29.751827],[-95.537872,29.751714],[-95.537868,29.751708],[-95.537867,29.751708],[-95.537866,29.751705],[-95.537863,29.751702],[-95.537861,29.751699],[-95.537859,29.751696],[-95.537857,29.751693],[-95.537855,29.75169],[-95.537853,29.751687],[-95.537851,29.751683],[-95.53785,29.75168],[-95.537848,29.751677],[-95.537846,29.751674],[-95.537845,29.75167],[-95.537843,29.751667],[-95.537842,29.751664],[-95.53784,29.75166],[-95.537839,29.751657],[-95.537838,29.751653],[-95.537837,29.75165],[-95.537835,29.751646],[-95.537834,29.751643],[-95.537833,29.751639],[-95.537833,29.751636],[-95.537832,29.751632],[-95.537831,29.751629],[-95.53783,29.751625],[-95.53783,29.751622],[-95.537829,29.751618],[-95.537829,29.751615],[-95.537828,29.751611],[-95.537828,29.751608],[-95.537827,29.751605],[-95.537825,29.751603],[-95.537824,29.7516],[-95.537822,29.751597],[-95.537821,29.751595],[-95.537819,29.751592],[-95.537818,29.75159],[-95.537816,29.751588],[-95.537814,29.751585],[-95.537812,29.751583],[-95.537811,29.75158],[-95.537809,29.751578],[-95.537807,29.751576],[-95.537805,29.751574],[-95.537805,29.751574],[-95.537803,29.751571],[-95.537801,29.751569],[-95.537799,29.751567],[-95.537796,29.751565],[-95.537794,29.751563],[-95.537792,29.751561],[-95.53779,29.751559],[-95.537788,29.751557],[-95.537785,29.751555],[-95.537783,29.751553],[-95.53778,29.751551],[-95.537778,29.751549],[-95.537775,29.751547],[-95.537773,29.751545],[-95.53777,29.751543],[-95.537768,29.751542],[-95.537765,29.75154],[-95.537762,29.751538],[-95.53776,29.751537],[-95.537757,29.751535],[-95.537754,29.751534],[-95.537751,29.751532],[-95.537749,29.751531],[-95.537748,29.751531],[-95.537745,29.751531],[-95.537743,29.751531],[-95.537741,29.75153],[-95.537738,29.75153],[-95.537736,29.75153],[-95.537734,29.751529],[-95.537731,29.751529],[-95.537729,29.751528],[-95.537727,29.751528],[-95.537724,29.751527],[-95.537722,29.751527],[-95.53772,29.751526],[-95.537718,29.751525],[-95.537715,29.751525],[-95.537713,29.751524],[-95.537711,29.751523],[-95.537709,29.751522],[-95.537707,29.751521],[-95.537704,29.751521],[-95.537702,29.75152],[-95.5377,29.751519],[-95.537698,29.751518],[-95.537696,29.751517],[-95.537694,29.751516],[-95.537692,29.751515],[-95.537691,29.751514],[-95.53769,29.751514],[-95.537688,29.751513],[-95.537686,29.751511],[-95.537684,29.75151],[-95.537682,29.751509],[-95.53768,29.751508],[-95.537678,29.751507],[-95.537676,29.751505],[-95.537674,29.751504],[-95.537665,29.751501],[-95.537655,29.751499],[-95.537645,29.751497],[-95.537635,29.751495],[-95.537624,29.751493],[-95.537616,29.751491],[-95.537615,29.751491],[-95.537615,29.751491],[-95.537614,29.751491],[-95.537604,29.75149],[-95.537594,29.751488],[-95.537583,29.751487],[-95.537573,29.751486],[-95.537563,29.751485],[-95.537552,29.751484],[-95.537544,29.751484],[-95.537542,29.751484],[-95.537532,29.751484],[-95.537522,29.751484],[-95.537512,29.751484],[-95.537503,29.751484],[-95.537493,29.751484],[-95.537482,29.751485],[-95.537475,29.751485],[-95.537475,29.751485],[-95.537474,29.751484],[-95.537473,29.751482],[-95.537472,29.751481],[-95.537472,29.751479],[-95.537471,29.751478],[-95.53747,29.751476],[-95.537469,29.751475],[-95.537468,29.751473],[-95.537466,29.751472],[-95.537465,29.75147],[-95.537464,29.751469],[-95.537463,29.751467],[-95.537462,29.751466],[-95.537461,29.751465],[-95.537459,29.751463],[-95.537458,29.751462],[-95.537457,29.751461],[-95.537456,29.751459],[-95.537454,29.751458],[-95.537453,29.751457],[-95.537451,29.751456],[-95.53745,29.751454],[-95.537449,29.751453],[-95.537447,29.751452],[-95.537446,29.751451],[-95.537444,29.75145],[-95.537443,29.751449],[-95.537441,29.751448],[-95.537439,29.751447],[-95.537438,29.751446],[-95.537436,29.751445],[-95.537434,29.751444],[-95.537433,29.751443],[-95.537431,29.751442],[-95.537429,29.751441],[-95.537428,29.75144],[-95.537426,29.751439],[-95.537424,29.751438],[-95.537422,29.751438],[-95.537421,29.751437],[-95.537419,29.751436],[-95.537417,29.751436],[-95.537415,29.751435],[-95.537413,29.751434],[-95.537411,29.751434],[-95.53741,29.751433],[-95.537408,29.751432],[-95.537406,29.751432],[-95.537404,29.751431],[-95.537402,29.751431],[-95.5374,29.751431],[-95.537398,29.75143],[-95.537396,29.75143],[-95.537394,29.751429],[-95.537392,29.751429],[-95.53739,29.751429],[-95.537388,29.751429],[-95.537386,29.751428],[-95.537384,29.751428],[-95.537382,29.751428],[-95.537382,29.751428],[-95.53738,29.751428],[-95.537378,29.751428],[-95.537376,29.751428],[-95.536866,29.751492],[-95.536863,29.751492],[-95.536581,29.751453],[-95.536335,29.75141],[-95.535991,29.751252],[-95.535563,29.750921],[-95.535554,29.750914],[-95.535551,29.750911],[-95.535361,29.750771],[-95.535207,29.750657],[-95.534961,29.750508],[-95.53495,29.750501],[-95.534698,29.75031],[-95.53461,29.75023],[-95.53454,29.750168],[-95.534518,29.750147],[-95.534513,29.750143],[-95.534457,29.750086],[-95.534439,29.750067],[-95.534419,29.750039],[-95.534395,29.750005],[-95.534134,29.749801],[-95.534119,29.74979],[-95.534009,29.749706],[-95.53383,29.749593],[-95.533625,29.749575],[-95.533619,29.749574],[-95.533577,29.749589],[-95.533558,29.749595],[-95.533402,29.749648],[-95.533127,29.749784],[-95.532913,29.749983],[-95.532704,29.750141],[-95.532571,29.7502],[-95.53233,29.750208],[-95.532328,29.750208],[-95.531978,29.750192],[-95.531853,29.750178],[-95.53185,29.750178],[-95.531846,29.750177],[-95.531601,29.750151],[-95.531256,29.750116],[-95.531173,29.750107],[-95.531107,29.750049],[-95.53107,29.749965],[-95.530997,29.749765],[-95.530967,29.749608],[-95.530952,29.749469],[-95.530964,29.74934],[-95.531027,29.749241],[-95.531125,29.749178],[-95.531237,29.749146],[-95.531385,29.749122],[-95.53171,29.748934],[-95.53186,29.748855],[-95.531976,29.748743],[-95.532108,29.7486],[-95.532127,29.748493],[-95.532111,29.748378],[-95.532071,29.748155],[-95.53202,29.747891],[-95.531963,29.747716],[-95.531865,29.747557],[-95.531745,29.747457],[-95.531591,29.747365],[-95.531589,29.747363],[-95.531551,29.747332],[-95.531523,29.74731],[-95.53119,29.747195],[-95.53087,29.747101],[-95.530244,29.747086],[-95.530244,29.747086],[-95.530244,29.747086],[-95.530237,29.747086],[-95.530091,29.747061],[-95.530077,29.747059],[-95.530021,29.747044],[-95.530007,29.747041],[-95.529955,29.747027],[-95.5299,29.747013],[-95.529901,29.74701],[-95.530008,29.746455],[-95.529963,29.746179],[-95.529838,29.746086],[-95.529632,29.745933],[-95.529432,29.745808],[-95.529413,29.745797],[-95.529406,29.745792],[-95.529401,29.745789],[-95.5294,29.745789],[-95.529397,29.745788],[-95.529342,29.745799],[-95.529279,29.745811],[-95.529266,29.745814],[-95.529055,29.745856],[-95.528724,29.745966],[-95.528441,29.746061],[-95.52844,29.746061],[-95.527955,29.746453],[-95.527933,29.746454],[-95.527931,29.746454],[-95.526896,29.746606],[-95.52689,29.746607],[-95.526871,29.746587],[-95.526869,29.746585],[-95.526858,29.746588],[-95.526591,29.746672],[-95.526585,29.746674],[-95.526582,29.746666],[-95.526581,29.746665],[-95.526173,29.746762],[-95.526081,29.746895],[-95.526015,29.746991],[-95.526002,29.74701],[-95.525998,29.747017],[-95.525947,29.747092],[-95.525937,29.747108],[-95.525923,29.747128],[-95.525832,29.747393],[-95.525823,29.747842],[-95.525773,29.748367],[-95.525772,29.748367],[-95.525191,29.748367],[-95.525185,29.748367],[-95.524948,29.748333],[-95.524925,29.748329],[-95.524863,29.748231],[-95.524755,29.747889],[-95.524626,29.747397],[-95.524548,29.747249],[-95.524536,29.747228],[-95.524534,29.747225],[-95.524533,29.747222],[-95.524637,29.747032],[-95.524506,29.746918],[-95.524368,29.746798],[-95.524208,29.746716],[-95.523583,29.746642],[-95.523576,29.746641],[-95.523507,29.746633],[-95.523507,29.746633],[-95.523507,29.746633],[-95.523501,29.746632],[-95.523215,29.74683],[-95.523212,29.746832],[-95.523139,29.746875],[-95.523043,29.747003],[-95.523043,29.747003],[-95.523043,29.747004],[-95.522952,29.747181],[-95.522911,29.74738],[-95.522909,29.74739],[-95.522937,29.74762],[-95.523027,29.747831],[-95.52303,29.747838],[-95.522995,29.748042],[-95.522922,29.748218],[-95.522918,29.748228],[-95.522841,29.748282],[-95.522711,29.748301],[-95.522705,29.748302],[-95.522478,29.748171],[-95.522381,29.748077],[-95.52232,29.747985],[-95.522188,29.747846],[-95.522188,29.747845],[-95.52202,29.747626],[-95.521728,29.747427],[-95.521646,29.747404],[-95.521643,29.747403],[-95.521643,29.747403],[-95.521642,29.747403],[-95.52145,29.747404],[-95.521444,29.747404],[-95.521294,29.747346],[-95.520935,29.747204],[-95.520858,29.747174],[-95.520534,29.747051],[-95.520356,29.747006],[-95.520225,29.746972],[-95.520105,29.746941],[-95.51969,29.746835],[-95.519623,29.746785],[-95.519565,29.74669],[-95.519552,29.746585],[-95.51964,29.746451],[-95.519716,29.746333],[-95.520081,29.745775],[-95.5201,29.745743],[-95.520225,29.74554],[-95.520209,29.745398],[-95.520077,29.745361],[-95.519681,29.745347],[-95.519619,29.745332],[-95.519619,29.745332],[-95.519462,29.745393],[-95.519443,29.745401],[-95.519412,29.745413],[-95.51891,29.745822],[-95.518882,29.745854],[-95.518636,29.746144],[-95.518559,29.746203],[-95.518479,29.74625],[-95.518464,29.746259],[-95.518461,29.746261],[-95.518458,29.746263],[-95.518423,29.746283],[-95.518333,29.746211],[-95.518326,29.746206],[-95.518241,29.746138],[-95.518057,29.745866],[-95.517927,29.745485],[-95.517932,29.745375],[-95.517932,29.745375],[-95.517932,29.745375],[-95.517999,29.744839],[-95.518167,29.744619],[-95.518289,29.744459],[-95.519115,29.744066],[-95.519435,29.743913],[-95.519478,29.743794],[-95.519483,29.74378],[-95.519496,29.743745],[-95.519495,29.743743],[-95.519413,29.743552],[-95.519351,29.743514],[-95.519142,29.743387],[-95.519061,29.743284],[-95.519055,29.743276],[-95.518607,29.742693],[-95.518595,29.742677],[-95.519184,29.742124],[-95.520116,29.741204],[-95.520115,29.740988],[-95.520909,29.740932],[-95.521425,29.740893],[-95.521284,29.739337],[-95.521175,29.7374],[-95.519769,29.737394],[-95.519652,29.732985],[-95.520544,29.732977],[-95.520495,29.731139],[-95.520487,29.730282],[-95.520498,29.729892],[-95.520532,29.729522],[-95.520566,29.729061],[-95.52062,29.728766],[-95.520622,29.728405],[-95.520619,29.727985],[-95.520607,29.727753],[-95.520598,29.727564],[-95.520602,29.72719],[-95.522772,29.72718],[-95.522766,29.726114],[-95.525164,29.726116],[-95.525129,29.723723],[-95.525123,29.721071],[-95.522254,29.721308],[-95.522138,29.717726],[-95.52393,29.7177],[-95.523894,29.717034],[-95.523627,29.717036],[-95.523426,29.716986],[-95.523236,29.716902],[-95.523056,29.716773],[-95.522949,29.716667],[-95.5228,29.716509],[-95.522528,29.716335],[-95.522761,29.715977],[-95.523007,29.715599],[-95.523134,29.715354],[-95.523259,29.715062],[-95.52334,29.714772],[-95.523379,29.714598],[-95.523695,29.714618],[-95.523966,29.714636],[-95.524182,29.71465],[-95.525526,29.714633],[-95.526281,29.714623],[-95.52801,29.714602],[-95.528838,29.714596],[-95.530871,29.71458],[-95.532759,29.714576],[-95.535102,29.714546],[-95.535073,29.712324],[-95.536247,29.712324],[-95.537048,29.712333],[-95.537058,29.712632],[-95.538903,29.712648],[-95.539015,29.717804],[-95.539051,29.719436],[-95.539375,29.734348],[-95.539398,29.735379],[-95.539398,29.735408],[-95.539405,29.735702],[-95.539409,29.736243],[-95.53941,29.736328],[-95.53941,29.736647],[-95.53941,29.736649],[-95.539426,29.73699],[-95.539426,29.736991],[-95.539426,29.737165],[-95.539433,29.737165]]]},"properties":{"Campus__Number":149,"Campus_Short_Name":"Emerson ES","Street_Address":"9533 Skyline Dr"}},{"type":"Feature","geometry":{"type":"Polygon","coordinates":[[[-95.381953,29.805364],[-95.381933,29.803854],[-95.381925,29.803854],[-95.381913,29.8031],[-95.381906,29.802434],[-95.381874,29.800891],[-95.382308,29.80089],[-95.382306,29.800773],[-95.382854,29.800777],[-95.382855,29.800907],[-95.382894,29.801029],[-95.38296,29.801067],[-95.383427,29.801064],[-95.384393,29.801058],[-95.384383,29.800348],[-95.384377,29.799319],[-95.384426,29.799219],[-95.38442,29.798485],[-95.384369,29.796423],[-95.386133,29.796405],[-95.387931,29.796376],[-95.387916,29.795095],[-95.387892,29.793594],[-95.387874,29.792656],[-95.389998,29.792643],[-95.392047,29.792614],[-95.392079,29.794465],[-95.394286,29.79444],[-95.395383,29.794411],[-95.395425,29.796264],[-95.397796,29.796226],[-95.397798,29.796226],[-95.397835,29.798073],[-95.39787,29.799912],[-95.397912,29.801944],[-95.397931,29.802958],[-95.397958,29.803986],[-95.397234,29.803998],[-95.397262,29.806026],[-95.396709,29.806033],[-95.395603,29.80606],[-95.394499,29.806071],[-95.394514,29.807263],[-95.394529,29.808098],[-95.394556,29.808927],[-95.394568,29.809758],[-95.394613,29.811422],[-95.394637,29.812244],[-95.394655,29.813082],[-95.394677,29.813226],[-95.394739,29.813652],[-95.39432,29.813755],[-95.393674,29.813896],[-95.392801,29.813944],[-95.392159,29.81397],[-95.388733,29.813978],[-95.382585,29.814041],[-95.382576,29.814041],[-95.382526,29.813703],[-95.382418,29.813268],[-95.382281,29.812592],[-95.382133,29.811919],[-95.382051,29.811376],[-95.382036,29.811004],[-95.38202,29.81009],[-95.382005,29.808399],[-95.381974,29.806723],[-95.381953,29.805364]]]},"properties":{"Campus__Number":152,"Campus_Short_Name":"Field ES","Street_Address":"703 E 17th St"}},{"type":"Feature","geometry":{"type":"Polygon","coordinates":[[[-95.493235,29.644483],[-95.493073,29.638786],[-95.493044,29.636498],[-95.494893,29.63578],[-95.507634,29.630901],[-95.507663,29.631088],[-95.507955,29.631961],[-95.50804,29.632318],[-95.508136,29.632964],[-95.508173,29.633677],[-95.508204,29.636549],[-95.508309,29.643426],[-95.508383,29.651532],[-95.508433,29.656018],[-95.505547,29.656034],[-95.505421,29.644294],[-95.504051,29.644335],[-95.500376,29.644377],[-95.493235,29.644483]]]},"properties":{"Campus__Number":271,"Campus_Short_Name":"Foerster ES","Street_Address":"14200 Fonmeadow Dr"}},{"type":"Feature","geometry":{"type":"Polygon","coordinates":[[[-95.355893,29.680811],[-95.357238,29.680575],[-95.358554,29.680481],[-95.359589,29.680438],[-95.361899,29.680558],[-95.363673,29.6807],[-95.361899,29.685323],[-95.361979,29.685435],[-95.362035,29.685514],[-95.362236,29.685613],[-95.364616,29.686321],[-95.364358,29.686916],[-95.368174,29.688087],[-95.367923,29.688722],[-95.369866,29.689343],[-95.36974,29.689654],[-95.368875,29.691781],[-95.372381,29.692856],[-95.372407,29.692863],[-95.372121,29.693527],[-95.371545,29.694972],[-95.36995,29.694485],[-95.369386,29.695947],[-95.367108,29.695266],[-95.36695,29.695657],[-95.366809,29.696005],[-95.366632,29.696446],[-95.366524,29.696717],[-95.366231,29.69744],[-95.366035,29.697385],[-95.365256,29.697175],[-95.36407,29.696892],[-95.362774,29.696545],[-95.36073,29.695922],[-95.357994,29.695085],[-95.358352,29.694235],[-95.356338,29.693613],[-95.356905,29.692165],[-95.354532,29.691424],[-95.354087,29.691315],[-95.353701,29.6913],[-95.353286,29.691248],[-95.352847,29.691131],[-95.349854,29.690206],[-95.350564,29.688504],[-95.352042,29.688959],[-95.352564,29.687653],[-95.354072,29.68811],[-95.354758,29.686428],[-95.355749,29.684044],[-95.355872,29.683607],[-95.355888,29.6833],[-95.355907,29.682171],[-95.355893,29.680811]]]},"properties":{"Campus__Number":154,"Campus_Short_Name":"Foster ES","Street_Address":"3919 Ward St"}},{"type":"Feature","geometry":{"type":"Polygon","coordinates":[[[-95.288084,29.743075],[-95.288632,29.74309],[-95.289349,29.743079],[-95.28998,29.742987],[-95.290648,29.742833],[-95.291121,29.742659],[-95.291542,29.74242],[-95.292059,29.741997],[-95.293013,29.740881],[-95.294373,29.73898],[-95.294371,29.738542],[-95.294285,29.737945],[-95.294157,29.737035],[-95.293943,29.736339],[-95.296844,29.737263],[-95.297248,29.736249],[-95.299226,29.736862],[-95.299191,29.736955],[-95.301494,29.737706],[-95.305453,29.738951],[-95.30457,29.741036],[-95.301789,29.747776],[-95.300315,29.75132],[-95.300037,29.751973],[-95.299786,29.752212],[-95.299097,29.752738],[-95.298686,29.753033],[-95.297624,29.753806],[-95.297234,29.754072],[-95.296975,29.753751],[-95.296678,29.753341],[-95.296475,29.753049],[-95.296143,29.75271],[-95.295808,29.752414],[-95.295366,29.751944],[-95.295099,29.751592],[-95.295028,29.751289],[-95.29504,29.750974],[-95.2951,29.750675],[-95.29526,29.750321],[-95.295519,29.74997],[-95.296029,29.749497],[-95.296385,29.749206],[-95.29656,29.748896],[-95.296687,29.748555],[-95.296698,29.748255],[-95.296661,29.747924],[-95.296539,29.747663],[-95.296318,29.747413],[-95.29601,29.747318],[-95.295567,29.747292],[-95.295173,29.747295],[-95.294631,29.747295],[-95.293971,29.747391],[-95.293754,29.747471],[-95.293837,29.746194],[-95.293784,29.745774],[-95.293666,29.745348],[-95.293572,29.745195],[-95.293361,29.744986],[-95.292988,29.744701],[-95.292369,29.744409],[-95.291085,29.74398],[-95.288098,29.743153],[-95.288084,29.743075]]]},"properties":{"Campus__Number":155,"Campus_Short_Name":"Franklin ES","Street_Address":"7101 Canal St"}},{"type":"Feature","geometry":{"type":"Polygon","coordinates":[[[-95.275185,29.727498],[-95.274936,29.727104],[-95.274761,29.726908],[-95.275366,29.726817],[-95.276562,29.72685],[-95.277371,29.727171],[-95.277944,29.727396],[-95.278249,29.727494],[-95.27852,29.727561],[-95.279443,29.727557],[-95.280129,29.727517],[-95.280747,29.727444],[-95.28116,29.727396],[-95.281434,29.727374],[-95.281813,29.727295],[-95.281959,29.72706],[-95.282078,29.726586],[-95.282132,29.72605],[-95.282078,29.72566],[-95.281963,29.72506],[-95.282083,29.724585],[-95.282482,29.723969],[-95.28295,29.723326],[-95.283275,29.722857],[-95.283667,29.72242],[-95.284282,29.722437],[-95.284859,29.722543],[-95.285605,29.722743],[-95.286219,29.722789],[-95.286491,29.722827],[-95.287128,29.723173],[-95.287463,29.723361],[-95.287802,29.72346],[-95.288008,29.723436],[-95.288455,29.723359],[-95.288875,29.723327],[-95.289396,29.723294],[-95.290098,29.723552],[-95.290467,29.723945],[-95.290612,29.724474],[-95.290788,29.724909],[-95.29096,29.725439],[-95.2913,29.725878],[-95.291755,29.726154],[-95.292215,29.72631],[-95.292813,29.726422],[-95.29319,29.726576],[-95.293591,29.726849],[-95.293719,29.727092],[-95.29398,29.727433],[-95.294134,29.7277],[-95.294322,29.727801],[-95.294646,29.727929],[-95.294888,29.727992],[-95.294809,29.728208],[-95.294724,29.72843],[-95.294626,29.728687],[-95.294402,29.728939],[-95.294125,29.72925],[-95.293807,29.72959],[-95.293626,29.729783],[-95.293393,29.729998],[-95.293241,29.730139],[-95.293063,29.730357],[-95.292896,29.730696],[-95.292704,29.731186],[-95.292504,29.731708],[-95.292396,29.73197],[-95.292156,29.732556],[-95.294356,29.733232],[-95.298005,29.734367],[-95.297248,29.736249],[-95.296844,29.737263],[-95.290976,29.735393],[-95.276464,29.730983],[-95.276414,29.7308],[-95.276033,29.729542],[-95.275678,29.728472],[-95.275431,29.727935],[-95.275185,29.727498]]]},"properties":{"Campus__Number":291,"Campus_Short_Name":"Gallegos ES","Street_Address":"7415 Harrisburg Blvd"}},{"type":"Feature","geometry":{"type":"Polygon","coordinates":[[[-95.342813,29.840447],[-95.342817,29.840643],[-95.343317,29.840637],[-95.343311,29.840197],[-95.343935,29.840195],[-95.343974,29.841572],[-95.344915,29.84158],[-95.344936,29.842322],[-95.345559,29.842323],[-95.345528,29.841308],[-95.346493,29.841296],[-95.346498,29.841163],[-95.347452,29.841141],[-95.347448,29.841857],[-95.347634,29.841872],[-95.347619,29.842307],[-95.348079,29.842305],[-95.348789,29.842296],[-95.348802,29.841369],[-95.35269,29.841352],[-95.353472,29.841343],[-95.353477,29.841229],[-95.355351,29.841203],[-95.355347,29.841308],[-95.355699,29.841289],[-95.355726,29.84236],[-95.357783,29.842331],[-95.360937,29.854827],[-95.36103,29.855204],[-95.358915,29.855257],[-95.358921,29.854329],[-95.356397,29.854393],[-95.356399,29.854908],[-95.355833,29.85488],[-95.35585,29.854403],[-95.350916,29.854448],[-95.350901,29.854889],[-95.349882,29.854884],[-95.349881,29.854776],[-95.346544,29.854805],[-95.346546,29.854891],[-95.344085,29.854895],[-95.343704,29.854836],[-95.343694,29.855099],[-95.343094,29.855104],[-95.3431,29.855348],[-95.339588,29.855381],[-95.34014,29.854511],[-95.339314,29.854493],[-95.339043,29.854925],[-95.338429,29.855945],[-95.338027,29.856623],[-95.337162,29.858063],[-95.336291,29.859515],[-95.335703,29.860488],[-95.33522,29.861288],[-95.33486,29.861901],[-95.334767,29.861866],[-95.334768,29.861796],[-95.334772,29.861655],[-95.334772,29.861635],[-95.334786,29.861301],[-95.334793,29.861125],[-95.334799,29.860975],[-95.334806,29.860822],[-95.334812,29.860667],[-95.33468,29.86061],[-95.334671,29.860606],[-95.334666,29.860604],[-95.334665,29.860604],[-95.334662,29.860609],[-95.334633,29.860652],[-95.334622,29.860667],[-95.334617,29.860675],[-95.334616,29.860673],[-95.334614,29.860652],[-95.334564,29.860236],[-95.334552,29.860155],[-95.334531,29.860065],[-95.334528,29.859728],[-95.334527,29.859492],[-95.334521,29.859311],[-95.334519,29.859311],[-95.334404,29.859314],[-95.334403,29.859314],[-95.334403,29.859314],[-95.334403,29.859314],[-95.334391,29.859315],[-95.334384,29.859315],[-95.334384,29.859314],[-95.334381,29.859226],[-95.334439,29.859115],[-95.334556,29.858869],[-95.334649,29.858868],[-95.334748,29.858448],[-95.334853,29.858299],[-95.334972,29.857833],[-95.334965,29.857833],[-95.33496,29.857832],[-95.334947,29.857831],[-95.334947,29.857831],[-95.334947,29.857831],[-95.334921,29.857829],[-95.334921,29.857829],[-95.334921,29.857829],[-95.334917,29.857829],[-95.334909,29.857829],[-95.334896,29.857828],[-95.334896,29.857828],[-95.334896,29.857828],[-95.33489,29.857828],[-95.334883,29.857828],[-95.334883,29.857828],[-95.334883,29.857828],[-95.334872,29.857827],[-95.334866,29.857827],[-95.334866,29.857827],[-95.334866,29.857827],[-95.334865,29.857827],[-95.334864,29.857827],[-95.334854,29.85783],[-95.334848,29.857833],[-95.334848,29.857832],[-95.334847,29.857827],[-95.33484,29.857388],[-95.334797,29.857213],[-95.334783,29.856769],[-95.33477,29.856331],[-95.334768,29.856191],[-95.334768,29.85617],[-95.334757,29.855751],[-95.334756,29.855737],[-95.334743,29.855311],[-95.334743,29.855297],[-95.334741,29.855135],[-95.334728,29.854697],[-95.334715,29.854249],[-95.33471,29.854086],[-95.334697,29.853643],[-95.334686,29.8532],[-95.334682,29.853038],[-95.33467,29.852599],[-95.334658,29.852158],[-95.334654,29.851998],[-95.334639,29.851431],[-95.334639,29.851431],[-95.334639,29.85143],[-95.334637,29.85143],[-95.334637,29.85143],[-95.334637,29.85143],[-95.334637,29.85143],[-95.334637,29.85143],[-95.334627,29.851431],[-95.33462,29.851431],[-95.33462,29.851431],[-95.33462,29.851431],[-95.334409,29.851437],[-95.334409,29.851437],[-95.334409,29.851437],[-95.334397,29.851437],[-95.334397,29.851437],[-95.334397,29.851437],[-95.334261,29.851441],[-95.334261,29.851441],[-95.334261,29.851441],[-95.334074,29.851446],[-95.334074,29.851446],[-95.334074,29.851446],[-95.333968,29.851449],[-95.333968,29.851449],[-95.333968,29.851449],[-95.333965,29.851449],[-95.333965,29.851449],[-95.333965,29.851449],[-95.333872,29.851451],[-95.333872,29.851451],[-95.333872,29.851451],[-95.333764,29.851454],[-95.333764,29.851454],[-95.333764,29.851454],[-95.333723,29.851455],[-95.333723,29.851455],[-95.333723,29.851455],[-95.333721,29.851455],[-95.33372,29.851455],[-95.33372,29.851455],[-95.33372,29.851455],[-95.333719,29.851455],[-95.333719,29.851455],[-95.333718,29.851455],[-95.333718,29.851455],[-95.333705,29.851455],[-95.333705,29.851455],[-95.333705,29.851455],[-95.333703,29.851455],[-95.333703,29.851455],[-95.333703,29.851455],[-95.333661,29.851453],[-95.333548,29.849567],[-95.333546,29.848725],[-95.333515,29.84518],[-95.333437,29.840768],[-95.335899,29.840677],[-95.33702,29.840649],[-95.337474,29.840626],[-95.33786,29.840607],[-95.338517,29.840591],[-95.339527,29.840556],[-95.342813,29.840447]]]},"properties":{"Campus__Number":283,"Campus_Short_Name":"Garcia ES","Street_Address":"9550 Aldine Westfield Rd"}},{"type":"Feature","geometry":{"type":"Polygon","coordinates":[[[-95.410688,29.830938],[-95.410632,29.828019],[-95.409199,29.828039],[-95.407865,29.828059],[-95.407787,29.827937],[-95.407734,29.827807],[-95.407626,29.827443],[-95.407629,29.826584],[-95.40908,29.826587],[-95.409045,29.823396],[-95.408757,29.823402],[-95.408542,29.823406],[-95.408371,29.823454],[-95.408223,29.823503],[-95.407973,29.823597],[-95.407957,29.821024],[-95.406089,29.821049],[-95.406079,29.820431],[-95.405957,29.820021],[-95.405803,29.819707],[-95.405445,29.819387],[-95.405191,29.819213],[-95.404866,29.819097],[-95.399529,29.81918],[-95.399482,29.817199],[-95.399451,29.814778],[-95.39941,29.81299],[-95.399416,29.81299],[-95.406271,29.812916],[-95.410328,29.812873],[-95.412127,29.812845],[-95.423275,29.812792],[-95.429365,29.812747],[-95.430388,29.812709],[-95.431041,29.81266],[-95.431744,29.812535],[-95.432438,29.812374],[-95.432647,29.812783],[-95.432771,29.813356],[-95.432808,29.813719],[-95.432819,29.814238],[-95.432826,29.814812],[-95.432737,29.815037],[-95.432468,29.815125],[-95.432071,29.815127],[-95.43149,29.815131],[-95.429386,29.815143],[-95.429418,29.815985],[-95.429539,29.817269],[-95.429532,29.818853],[-95.429521,29.820717],[-95.429549,29.822088],[-95.429608,29.826792],[-95.429628,29.82829],[-95.429628,29.828291],[-95.429351,29.828294],[-95.429063,29.828299],[-95.428761,29.828327],[-95.428424,29.828358],[-95.427958,29.828444],[-95.426891,29.82864],[-95.426454,29.828694],[-95.425445,29.828786],[-95.424471,29.828815],[-95.423652,29.828815],[-95.423366,29.828803],[-95.422491,29.828685],[-95.422047,29.828586],[-95.421388,29.828385],[-95.420694,29.828117],[-95.419695,29.827739],[-95.419605,29.828321],[-95.419564,29.828742],[-95.419516,29.829444],[-95.41951,29.830773],[-95.416264,29.830819],[-95.416256,29.830382],[-95.416253,29.830316],[-95.414839,29.830333],[-95.412533,29.830359],[-95.412543,29.831379],[-95.410697,29.831387],[-95.410688,29.830938]]]},"properties":{"Campus__Number":157,"Campus_Short_Name":"Garden Oaks","Street_Address":"901 Sue Barnett Dr"}},{"type":"Feature","geometry":{"type":"Polygon","coordinates":[[[-95.288858,29.65582],[-95.29436,29.653065],[-95.300402,29.650079],[-95.302998,29.648781],[-95.304406,29.648104],[-95.305445,29.647659],[-95.306039,29.647508],[-95.306858,29.647386],[-95.307276,29.647358],[-95.308793,29.64724],[-95.3095,29.647067],[-95.31023,29.646833],[-95.310991,29.646469],[-95.311921,29.646009],[-95.315296,29.65739],[-95.317964,29.666179],[-95.317974,29.666215],[-95.314502,29.666835],[-95.310464,29.667729],[-95.307882,29.668359],[-95.306929,29.668628],[-95.305462,29.669324],[-95.303884,29.670246],[-95.303011,29.670866],[-95.302204,29.671551],[-95.30192,29.671779],[-95.298797,29.669365],[-95.297349,29.668268],[-95.297201,29.668574],[-95.297154,29.669098],[-95.297257,29.670797],[-95.297212,29.671273],[-95.296976,29.671745],[-95.296691,29.672071],[-95.296244,29.672321],[-95.295247,29.672676],[-95.293843,29.672924],[-95.29318,29.673096],[-95.292637,29.67301],[-95.292177,29.672854],[-95.291686,29.672816],[-95.291246,29.6729],[-95.290885,29.673033],[-95.290576,29.673263],[-95.290259,29.673521],[-95.289982,29.67382],[-95.28976,29.673885],[-95.28951,29.673998],[-95.289208,29.674032],[-95.289197,29.672751],[-95.289146,29.670311],[-95.28903,29.665371],[-95.288929,29.659403],[-95.288858,29.65582]]]},"properties":{"Campus__Number":158,"Campus_Short_Name":"Garden Villas ES","Street_Address":"7185 Santa Fe"}},{"type":"Feature","geometry":{"type":"Polygon","coordinates":[[[-95.284334,29.685409],[-95.285888,29.685383],[-95.289958,29.685288],[-95.293486,29.685213],[-95.295806,29.685148],[-95.296317,29.685154],[-95.297751,29.685182],[-95.298693,29.68519],[-95.298693,29.6852],[-95.298728,29.686097],[-95.303534,29.686097],[-95.305256,29.686097],[-95.305038,29.686597],[-95.304876,29.686968],[-95.304683,29.687852],[-95.304556,29.68915],[-95.304385,29.690155],[-95.304168,29.691044],[-95.304056,29.691345],[-95.303836,29.691907],[-95.303711,29.692214],[-95.303324,29.69303],[-95.304987,29.693542],[-95.303928,29.696209],[-95.303233,29.696116],[-95.300391,29.695877],[-95.301509,29.698384],[-95.30137,29.699175],[-95.300582,29.701365],[-95.300484,29.70164],[-95.300517,29.701835],[-95.300566,29.702114],[-95.300459,29.702468],[-95.300052,29.703979],[-95.299521,29.704676],[-95.29601,29.702348],[-95.293043,29.700427],[-95.290536,29.698638],[-95.288726,29.697274],[-95.283213,29.691065],[-95.283456,29.690897],[-95.283724,29.690705],[-95.284033,29.690482],[-95.284387,29.690305],[-95.284555,29.690221],[-95.284443,29.689878],[-95.284438,29.689706],[-95.28442,29.689193],[-95.284414,29.689013],[-95.284396,29.688113],[-95.284356,29.686298],[-95.284334,29.685409]]]},"properties":{"Campus__Number":159,"Campus_Short_Name":"Golfcrest ES","Street_Address":"7414 Fairway Dr"}},{"type":"Feature","geometry":{"type":"Polygon","coordinates":[[[-95.314502,29.666835],[-95.317974,29.666215],[-95.319089,29.669968],[-95.321429,29.677812],[-95.325637,29.691841],[-95.325638,29.691847],[-95.322286,29.693427],[-95.318352,29.692238],[-95.316193,29.691564],[-95.315111,29.691246],[-95.31446,29.690967],[-95.313909,29.690661],[-95.312775,29.689771],[-95.310105,29.687731],[-95.308402,29.686423],[-95.307251,29.685551],[-95.306695,29.685255],[-95.306355,29.685203],[-95.305708,29.685176],[-95.3056,29.68455],[-95.305594,29.684146],[-95.305586,29.68239],[-95.305579,29.681423],[-95.306095,29.681307],[-95.306386,29.681233],[-95.307173,29.681068],[-95.307424,29.681005],[-95.306957,29.679486],[-95.306388,29.677585],[-95.3059,29.675991],[-95.305822,29.675896],[-95.305604,29.675637],[-95.305281,29.675363],[-95.304528,29.674824],[-95.304227,29.674613],[-95.304061,29.674406],[-95.303918,29.67409],[-95.303799,29.673788],[-95.303565,29.673432],[-95.303082,29.672762],[-95.302204,29.671551],[-95.303011,29.670866],[-95.303884,29.670246],[-95.305462,29.669324],[-95.306929,29.668628],[-95.307882,29.668359],[-95.310464,29.667729],[-95.314502,29.666835]]]},"properties":{"Campus__Number":162,"Campus_Short_Name":"Gregg ES","Street_Address":"6701 Roxbury"}},{"type":"Feature","geometry":{"type":"Polygon","coordinates":[[[-95.270242,29.71055],[-95.273103,29.711367],[-95.276627,29.7126],[-95.27819,29.713247],[-95.278364,29.718141],[-95.278447,29.721737],[-95.28356,29.721619],[-95.283667,29.72242],[-95.283275,29.722857],[-95.28295,29.723326],[-95.282482,29.723969],[-95.282083,29.724585],[-95.281963,29.72506],[-95.282078,29.72566],[-95.282132,29.72605],[-95.282078,29.726586],[-95.281959,29.72706],[-95.281813,29.727295],[-95.281434,29.727374],[-95.28116,29.727396],[-95.280747,29.727444],[-95.280129,29.727517],[-95.279443,29.727557],[-95.27852,29.727561],[-95.278249,29.727494],[-95.277944,29.727396],[-95.277371,29.727171],[-95.276562,29.72685],[-95.275366,29.726817],[-95.274761,29.726908],[-95.274463,29.726575],[-95.274048,29.726249],[-95.273454,29.725874],[-95.272744,29.725553],[-95.272146,29.725293],[-95.271498,29.72506],[-95.270896,29.7249],[-95.270179,29.724751],[-95.269493,29.724646],[-95.268772,29.724626],[-95.26805,29.724591],[-95.267457,29.724661],[-95.266202,29.724855],[-95.265061,29.725081],[-95.263698,29.72553],[-95.262499,29.725984],[-95.261256,29.726308],[-95.259986,29.726645],[-95.259338,29.726842],[-95.258794,29.726927],[-95.258298,29.726999],[-95.257771,29.727056],[-95.257162,29.727082],[-95.256786,29.727043],[-95.256528,29.726972],[-95.256497,29.726967],[-95.256466,29.726963],[-95.256435,29.726959],[-95.256404,29.726954],[-95.256373,29.72695],[-95.256341,29.726946],[-95.25631,29.726942],[-95.256279,29.726938],[-95.256248,29.726934],[-95.256217,29.72693],[-95.256185,29.726925],[-95.256154,29.726921],[-95.256123,29.726916],[-95.256092,29.726911],[-95.256062,29.726905],[-95.256031,29.726899],[-95.256,29.726893],[-95.25597,29.726886],[-95.255939,29.726879],[-95.255909,29.726872],[-95.255879,29.726865],[-95.255849,29.726857],[-95.255819,29.726849],[-95.255789,29.726841],[-95.255759,29.726832],[-95.255729,29.726824],[-95.255699,29.726815],[-95.255669,29.726806],[-95.255639,29.726797],[-95.255609,29.726788],[-95.255579,29.726779],[-95.255549,29.72677],[-95.25552,29.726761],[-95.25549,29.726752],[-95.25546,29.726743],[-95.25543,29.726734],[-95.255401,29.726725],[-95.255371,29.726716],[-95.255341,29.726707],[-95.255311,29.726698],[-95.255281,29.726689],[-95.255251,29.726681],[-95.255221,29.726672],[-95.255191,29.726664],[-95.255161,29.726656],[-95.255131,29.726647],[-95.255101,29.726639],[-95.25507,29.72663],[-95.25504,29.726621],[-95.25501,29.726613],[-95.254981,29.726604],[-95.254951,29.726595],[-95.254921,29.726586],[-95.254891,29.726576],[-95.254862,29.726566],[-95.254833,29.726557],[-95.254803,29.726546],[-95.254774,29.726536],[-95.254746,29.726525],[-95.254717,29.726514],[-95.254689,29.726502],[-95.25466,29.72649],[-95.254632,29.726478],[-95.254604,29.726466],[-95.254577,29.726453],[-95.254549,29.72644],[-95.254521,29.726426],[-95.254494,29.726413],[-95.254467,29.726399],[-95.25444,29.726385],[-95.254413,29.726371],[-95.254386,29.726356],[-95.254359,29.726342],[-95.254332,29.726327],[-95.254305,29.726312],[-95.254279,29.726297],[-95.254252,29.726282],[-95.254226,29.726267],[-95.254199,29.726252],[-95.254173,29.726237],[-95.254147,29.726221],[-95.25412,29.726206],[-95.254094,29.726191],[-95.254068,29.726176],[-95.254042,29.72616],[-95.254016,29.726145],[-95.25399,29.726129],[-95.253964,29.726114],[-95.253938,29.726098],[-95.253912,29.726082],[-95.253886,29.726067],[-95.253861,29.726051],[-95.253835,29.726034],[-95.25381,29.726018],[-95.253784,29.726002],[-95.253759,29.725986],[-95.253734,29.725969],[-95.253708,29.725953],[-95.253683,29.725936],[-95.253658,29.725919],[-95.253633,29.725903],[-95.253608,29.725886],[-95.253583,29.725869],[-95.253558,29.725852],[-95.253534,29.725835],[-95.253509,29.725818],[-95.253484,29.725801],[-95.25346,29.725784],[-95.253435,29.725766],[-95.253428,29.725761],[-95.253428,29.725761],[-95.253411,29.725749],[-95.253386,29.725732],[-95.253361,29.725715],[-95.253337,29.725697],[-95.253312,29.72568],[-95.253288,29.725662],[-95.253264,29.725645],[-95.253239,29.725627],[-95.253215,29.72561],[-95.253191,29.725592],[-95.253167,29.725574],[-95.253143,29.725557],[-95.253119,29.725539],[-95.253095,29.725521],[-95.253071,29.725502],[-95.253048,29.725484],[-95.253024,29.725466],[-95.253001,29.725447],[-95.252978,29.725429],[-95.252954,29.72541],[-95.252932,29.725391],[-95.252909,29.725372],[-95.252886,29.725353],[-95.252864,29.725334],[-95.252842,29.725314],[-95.25282,29.725295],[-95.252798,29.725275],[-95.252777,29.725255],[-95.252756,29.725234],[-95.252735,29.725214],[-95.252714,29.725193],[-95.252693,29.725173],[-95.252672,29.725152],[-95.252652,29.725131],[-95.252631,29.72511],[-95.252611,29.725089],[-95.252591,29.725068],[-95.252571,29.725047],[-95.252551,29.725025],[-95.25253,29.725004],[-95.25251,29.724983],[-95.25249,29.724962],[-95.25247,29.72494],[-95.25245,29.724919],[-95.25243,29.724898],[-95.25241,29.724877],[-95.25239,29.724856],[-95.252369,29.724835],[-95.252349,29.724814],[-95.252329,29.724792],[-95.252309,29.724771],[-95.252289,29.72475],[-95.252269,29.724729],[-95.252249,29.724707],[-95.252229,29.724686],[-95.252209,29.724665],[-95.252189,29.724643],[-95.25217,29.724622],[-95.25215,29.7246],[-95.25213,29.724579],[-95.25211,29.724558],[-95.25209,29.724536],[-95.252071,29.724515],[-95.252051,29.724494],[-95.252031,29.724472],[-95.252011,29.724451],[-95.251991,29.72443],[-95.251971,29.724408],[-95.251951,29.724387],[-95.251931,29.724366],[-95.251911,29.724345],[-95.251891,29.724324],[-95.251871,29.724302],[-95.25185,29.724281],[-95.25183,29.724261],[-95.251809,29.72424],[-95.251789,29.724219],[-95.251768,29.724198],[-95.251747,29.724178],[-95.251726,29.724157],[-95.251705,29.724137],[-95.251683,29.724116],[-95.251662,29.724096],[-95.251641,29.724076],[-95.25162,29.724055],[-95.251598,29.724035],[-95.251577,29.724015],[-95.251556,29.723995],[-95.251534,29.723974],[-95.251513,29.723954],[-95.251492,29.723933],[-95.251471,29.723913],[-95.25145,29.723892],[-95.251429,29.723872],[-95.251408,29.723851],[-95.251388,29.72383],[-95.251367,29.72381],[-95.251347,29.723789],[-95.251327,29.723768],[-95.251307,29.723746],[-95.251287,29.723725],[-95.251267,29.723703],[-95.251248,29.723682],[-95.251229,29.72366],[-95.25121,29.723638],[-95.251191,29.723616],[-95.251172,29.723594],[-95.251154,29.723572],[-95.251135,29.723549],[-95.251117,29.723527],[-95.251099,29.723505],[-95.251081,29.723482],[-95.251063,29.72346],[-95.251045,29.723437],[-95.251027,29.723415],[-95.251009,29.723392],[-95.250991,29.723369],[-95.250973,29.723346],[-95.250955,29.723324],[-95.250938,29.723301],[-95.25092,29.723278],[-95.250902,29.723255],[-95.250885,29.723233],[-95.250867,29.72321],[-95.250849,29.723187],[-95.250831,29.723164],[-95.250814,29.723142],[-95.250796,29.723119],[-95.250778,29.723096],[-95.25076,29.723074],[-95.250742,29.723051],[-95.250724,29.723028],[-95.250706,29.723006],[-95.250687,29.722984],[-95.250669,29.722961],[-95.25065,29.722939],[-95.250632,29.722917],[-95.250613,29.722895],[-95.250594,29.722873],[-95.250575,29.722851],[-95.250556,29.722829],[-95.250537,29.722807],[-95.250518,29.722785],[-95.250499,29.722763],[-95.25048,29.722741],[-95.250461,29.722719],[-95.250442,29.722697],[-95.250423,29.722675],[-95.250404,29.722653],[-95.250384,29.722631],[-95.250365,29.72261],[-95.250346,29.722588],[-95.250326,29.722566],[-95.250307,29.722545],[-95.250287,29.722523],[-95.250267,29.722502],[-95.250247,29.72248],[-95.250228,29.722459],[-95.250207,29.722438],[-95.250187,29.722416],[-95.250167,29.722395],[-95.250147,29.722375],[-95.250126,29.722354],[-95.250105,29.722333],[-95.250085,29.722312],[-95.250064,29.722292],[-95.250042,29.722272],[-95.250021,29.722251],[-95.25,29.722231],[-95.249978,29.722211],[-95.249957,29.722191],[-95.249935,29.722172],[-95.249913,29.722152],[-95.249891,29.722132],[-95.249869,29.722112],[-95.249847,29.722093],[-95.249825,29.722073],[-95.249803,29.722054],[-95.24978,29.722034],[-95.249758,29.722015],[-95.249735,29.721996],[-95.249713,29.721976],[-95.24969,29.721957],[-95.249667,29.721938],[-95.249645,29.721919],[-95.249622,29.7219],[-95.249599,29.721881],[-95.249576,29.721862],[-95.249553,29.721843],[-95.24953,29.721825],[-95.249507,29.721806],[-95.249483,29.721787],[-95.24946,29.721769],[-95.249437,29.72175],[-95.249413,29.721732],[-95.24939,29.721713],[-95.249366,29.721695],[-95.249343,29.721676],[-95.249319,29.721658],[-95.249296,29.72164],[-95.249272,29.721622],[-95.249248,29.721604],[-95.249224,29.721586],[-95.249201,29.721568],[-95.249177,29.72155],[-95.249153,29.721532],[-95.249129,29.721514],[-95.249105,29.721497],[-95.249081,29.721479],[-95.249056,29.721461],[-95.249032,29.721444],[-95.249008,29.721427],[-95.248983,29.721409],[-95.248958,29.721392],[-95.248934,29.721375],[-95.248909,29.721358],[-95.248884,29.721341],[-95.248859,29.721324],[-95.248834,29.721308],[-95.248809,29.721291],[-95.248784,29.721274],[-95.248758,29.721258],[-95.248733,29.721242],[-95.248708,29.721225],[-95.248682,29.721209],[-95.248657,29.721193],[-95.248631,29.721177],[-95.248605,29.721161],[-95.24858,29.721145],[-95.248554,29.721129],[-95.248528,29.721113],[-95.248502,29.721097],[-95.248476,29.721082],[-95.24845,29.721066],[-95.248424,29.721051],[-95.248398,29.721035],[-95.248372,29.72102],[-95.248346,29.721004],[-95.24832,29.720989],[-95.248294,29.720974],[-95.248267,29.720959],[-95.248241,29.720944],[-95.248214,29.720929],[-95.248188,29.720914],[-95.248161,29.7209],[-95.248135,29.720885],[-95.248108,29.720871],[-95.248081,29.720856],[-95.248054,29.720842],[-95.248027,29.720827],[-95.248,29.720813],[-95.247974,29.720799],[-95.247947,29.720784],[-95.24792,29.72077],[-95.247892,29.720756],[-95.247865,29.720742],[-95.247838,29.720728],[-95.247811,29.720714],[-95.247784,29.7207],[-95.247757,29.720686],[-95.24773,29.720672],[-95.247702,29.720658],[-95.247675,29.720645],[-95.247648,29.720631],[-95.247621,29.720617],[-95.247593,29.720603],[-95.247566,29.720589],[-95.247539,29.720575],[-95.247511,29.720562],[-95.247484,29.720548],[-95.247457,29.720534],[-95.24743,29.72052],[-95.247403,29.720506],[-95.247375,29.720492],[-95.247348,29.720479],[-95.247321,29.720465],[-95.247293,29.720451],[-95.247266,29.720438],[-95.247239,29.720424],[-95.247211,29.72041],[-95.247184,29.720397],[-95.247157,29.720383],[-95.247129,29.72037],[-95.247102,29.720356],[-95.247074,29.720343],[-95.247047,29.720329],[-95.247019,29.720316],[-95.246992,29.720302],[-95.246964,29.720289],[-95.246937,29.720276],[-95.246909,29.720262],[-95.246882,29.720249],[-95.246854,29.720235],[-95.246827,29.720222],[-95.246799,29.720209],[-95.246771,29.720195],[-95.246744,29.720182],[-95.246716,29.720169],[-95.246689,29.720155],[-95.246661,29.720142],[-95.246634,29.720129],[-95.246606,29.720115],[-95.246579,29.720102],[-95.246551,29.720089],[-95.246524,29.720075],[-95.246496,29.720062],[-95.246468,29.720048],[-95.246416,29.720023],[-95.246387,29.720012],[-95.246358,29.720001],[-95.246329,29.71999],[-95.2463,29.719979],[-95.246271,29.719968],[-95.246242,29.719957],[-95.246213,29.719947],[-95.246184,29.719936],[-95.246155,29.719925],[-95.246126,29.719914],[-95.246098,29.719903],[-95.246069,29.719892],[-95.24604,29.719881],[-95.246011,29.71987],[-95.245982,29.719859],[-95.245953,29.719848],[-95.245924,29.719838],[-95.245895,29.719827],[-95.245866,29.719817],[-95.245836,29.719806],[-95.245807,29.719796],[-95.245778,29.719786],[-95.245749,29.719776],[-95.245719,29.719766],[-95.24569,29.719756],[-95.245661,29.719746],[-95.245631,29.719736],[-95.245602,29.719726],[-95.245572,29.719716],[-95.245543,29.719707],[-95.245513,29.719697],[-95.245483,29.719688],[-95.245454,29.719678],[-95.245424,29.719669],[-95.245394,29.71966],[-95.245365,29.719651],[-95.245335,29.719642],[-95.245305,29.719633],[-95.245275,29.719624],[-95.245245,29.719616],[-95.245215,29.719607],[-95.245185,29.719599],[-95.245155,29.719591],[-95.245125,29.719583],[-95.245095,29.719575],[-95.245064,29.719567],[-95.245034,29.71956],[-95.245004,29.719553],[-95.244973,29.719545],[-95.244943,29.719538],[-95.244913,29.719531],[-95.244882,29.719524],[-95.244851,29.719518],[-95.244821,29.719511],[-95.24479,29.719505],[-95.24476,29.719498],[-95.244729,29.719492],[-95.244698,29.719486],[-95.244667,29.71948],[-95.244636,29.719474],[-95.244606,29.719468],[-95.244575,29.719462],[-95.244544,29.719457],[-95.244513,29.719451],[-95.244482,29.719446],[-95.244451,29.71944],[-95.24442,29.719435],[-95.244389,29.71943],[-95.244358,29.719425],[-95.244327,29.719421],[-95.244296,29.719416],[-95.244265,29.719412],[-95.244234,29.719408],[-95.244203,29.719404],[-95.244172,29.719401],[-95.24414,29.719397],[-95.244109,29.719394],[-95.244078,29.71939],[-95.244047,29.719387],[-95.244015,29.719384],[-95.243984,29.719381],[-95.243953,29.719378],[-95.243921,29.719375],[-95.24389,29.719372],[-95.243858,29.719369],[-95.243827,29.719366],[-95.243796,29.719363],[-95.243765,29.719359],[-95.243733,29.719356],[-95.243702,29.719353],[-95.243671,29.719349],[-95.243639,29.719345],[-95.243608,29.719342],[-95.243577,29.719338],[-95.243546,29.719335],[-95.243514,29.719331],[-95.243483,29.719328],[-95.243452,29.719325],[-95.24342,29.719322],[-95.243389,29.719319],[-95.243358,29.719316],[-95.243326,29.719314],[-95.243295,29.719312],[-95.243264,29.71931],[-95.243232,29.719309],[-95.243201,29.719307],[-95.243169,29.719306],[-95.243138,29.719305],[-95.243113,29.719305],[-95.243106,29.719305],[-95.243075,29.719304],[-95.243043,29.719303],[-95.243012,29.719303],[-95.24298,29.719302],[-95.242949,29.719302],[-95.242917,29.719302],[-95.242886,29.719302],[-95.242854,29.719302],[-95.242823,29.719302],[-95.242791,29.719302],[-95.24276,29.719302],[-95.242728,29.719302],[-95.242697,29.719303],[-95.242665,29.719303],[-95.24266,29.719303],[-95.24282,29.718638],[-95.24306,29.718071],[-95.24352,29.717463],[-95.245086,29.716552],[-95.246549,29.715446],[-95.247286,29.714751],[-95.247801,29.714144],[-95.248319,29.713442],[-95.248663,29.713022],[-95.24949,29.712854],[-95.250577,29.713075],[-95.251719,29.713251],[-95.253856,29.713167],[-95.254512,29.713185],[-95.254897,29.713148],[-95.255403,29.71278],[-95.255265,29.71206],[-95.255151,29.711587],[-95.255209,29.710753],[-95.255388,29.710352],[-95.255628,29.709785],[-95.255779,29.709383],[-95.25588,29.708861],[-95.256169,29.708463],[-95.256399,29.708159],[-95.257033,29.707704],[-95.257958,29.707858],[-95.261139,29.708401],[-95.263695,29.708854],[-95.265567,29.709265],[-95.26711,29.709714],[-95.270242,29.71055]]]},"properties":{"Campus__Number":166,"Campus_Short_Name":"Harris JR ES","Street_Address":"801 Broadway St"}},{"type":"Feature","geometry":{"type":"Polygon","coordinates":[[[-95.22365,29.767648],[-95.223547,29.767821],[-95.223403,29.768161],[-95.223414,29.768467],[-95.223604,29.768644],[-95.223908,29.76871],[-95.224127,29.768716],[-95.224349,29.768646],[-95.224505,29.768574],[-95.224765,29.768638],[-95.224976,29.768855],[-95.225123,29.769031],[-95.22522,29.769358],[-95.225412,29.769516],[-95.225762,29.769507],[-95.226254,29.769234],[-95.226632,29.769092],[-95.226944,29.768948],[-95.227116,29.769029],[-95.227302,29.769321],[-95.227335,29.769628],[-95.22725,29.770141],[-95.227218,29.770427],[-95.227358,29.770775],[-95.227563,29.771144],[-95.227843,29.771878],[-95.228121,29.77265],[-95.228267,29.772845],[-95.22838,29.773345],[-95.228456,29.773653],[-95.228424,29.773939],[-95.22841,29.77432],[-95.228484,29.774685],[-95.228649,29.774958],[-95.229007,29.775331],[-95.229342,29.77576],[-95.229573,29.776015],[-95.23004,29.77643],[-95.230562,29.77654],[-95.231104,29.776689],[-95.231139,29.778696],[-95.22066,29.778783],[-95.220716,29.775769],[-95.218281,29.775843],[-95.218397,29.776213],[-95.218498,29.77653],[-95.218509,29.776964],[-95.218525,29.777549],[-95.218559,29.778966],[-95.211326,29.779142],[-95.211241,29.779099],[-95.211193,29.779076],[-95.211143,29.779053],[-95.21112,29.779046],[-95.211109,29.779042],[-95.211074,29.779032],[-95.211038,29.779021],[-95.211001,29.779011],[-95.210962,29.779001],[-95.210923,29.778992],[-95.210883,29.778983],[-95.210842,29.778973],[-95.2108,29.778965],[-95.210756,29.778956],[-95.210712,29.778948],[-95.210667,29.77894],[-95.210621,29.778932],[-95.210574,29.778925],[-95.210526,29.778918],[-95.210478,29.778911],[-95.210428,29.778904],[-95.210377,29.778898],[-95.210326,29.778892],[-95.210261,29.778885],[-95.210238,29.778883],[-95.210234,29.778882],[-95.210212,29.778885],[-95.209986,29.778913],[-95.209969,29.778915],[-95.209703,29.778948],[-95.209613,29.778968],[-95.209523,29.778988],[-95.209434,29.77901],[-95.209345,29.779033],[-95.209257,29.779057],[-95.209163,29.779085],[-95.209153,29.779089],[-95.209143,29.779093],[-95.209133,29.779097],[-95.209123,29.779101],[-95.209113,29.779105],[-95.209103,29.779108],[-95.209093,29.779111],[-95.209082,29.779114],[-95.209072,29.779117],[-95.209062,29.77912],[-95.209052,29.779123],[-95.209041,29.779126],[-95.209031,29.779128],[-95.20902,29.77913],[-95.20901,29.779132],[-95.208999,29.779134],[-95.208989,29.779136],[-95.208978,29.779137],[-95.208968,29.779139],[-95.208957,29.77914],[-95.208946,29.779141],[-95.208936,29.779142],[-95.208925,29.779143],[-95.208915,29.779143],[-95.208904,29.779144],[-95.208893,29.779144],[-95.208883,29.779144],[-95.208872,29.779144],[-95.208865,29.779144],[-95.208862,29.779144],[-95.208851,29.779143],[-95.20884,29.779143],[-95.20883,29.779142],[-95.208819,29.779141],[-95.208809,29.77914],[-95.208799,29.779139],[-95.208789,29.779137],[-95.208779,29.779135],[-95.208769,29.779134],[-95.208759,29.779132],[-95.208749,29.779129],[-95.208739,29.779127],[-95.208729,29.779125],[-95.208719,29.779122],[-95.20871,29.779119],[-95.2087,29.779116],[-95.20869,29.779113],[-95.208681,29.77911],[-95.208671,29.779106],[-95.208662,29.779103],[-95.208652,29.779099],[-95.208643,29.779095],[-95.208634,29.779091],[-95.208625,29.779087],[-95.208616,29.779083],[-95.208607,29.779079],[-95.208598,29.779074],[-95.208589,29.779069],[-95.20858,29.779065],[-95.208572,29.77906],[-95.208563,29.779054],[-95.208555,29.779049],[-95.208547,29.779044],[-95.208538,29.779038],[-95.20853,29.779033],[-95.208522,29.779027],[-95.208515,29.779021],[-95.208507,29.779015],[-95.208499,29.779009],[-95.208492,29.779003],[-95.208484,29.778996],[-95.208477,29.77899],[-95.20847,29.778983],[-95.208463,29.778977],[-95.208456,29.77897],[-95.20845,29.778963],[-95.208443,29.778956],[-95.208437,29.778949],[-95.20843,29.778942],[-95.208424,29.778934],[-95.208399,29.778911],[-95.208386,29.778898],[-95.208373,29.778886],[-95.20836,29.778873],[-95.208348,29.77886],[-95.208336,29.778846],[-95.208325,29.778833],[-95.208313,29.778819],[-95.208302,29.778805],[-95.208291,29.778791],[-95.20828,29.778777],[-95.20827,29.778762],[-95.20826,29.778748],[-95.20825,29.778733],[-95.208241,29.778718],[-95.208232,29.778703],[-95.208223,29.778688],[-95.208214,29.778673],[-95.208206,29.778657],[-95.208198,29.778642],[-95.20819,29.778626],[-95.208183,29.77861],[-95.208176,29.778594],[-95.208169,29.778578],[-95.208163,29.778562],[-95.208156,29.778546],[-95.208153,29.778537],[-95.208151,29.778529],[-95.208145,29.778513],[-95.20814,29.778496],[-95.208135,29.77848],[-95.208131,29.778463],[-95.208126,29.778446],[-95.208123,29.778429],[-95.208119,29.778412],[-95.208116,29.778396],[-95.208113,29.778379],[-95.20811,29.778362],[-95.208108,29.778344],[-95.208106,29.778327],[-95.208105,29.778318],[-95.208103,29.77831],[-95.208102,29.778301],[-95.208102,29.778292],[-95.208102,29.778283],[-95.208102,29.778283],[-95.208102,29.778283],[-95.208102,29.778283],[-95.208102,29.778275],[-95.208095,29.778213],[-95.208092,29.778132],[-95.208085,29.777909],[-95.208085,29.777909],[-95.208085,29.777909],[-95.208085,29.777909],[-95.208083,29.777717],[-95.208083,29.777716],[-95.208083,29.777716],[-95.208083,29.777716],[-95.208085,29.777524],[-95.208085,29.777524],[-95.208085,29.777524],[-95.208085,29.777524],[-95.208091,29.777332],[-95.208091,29.777332],[-95.208091,29.777332],[-95.208091,29.777332],[-95.2081,29.77714],[-95.2081,29.77714],[-95.2081,29.777139],[-95.2081,29.777139],[-95.208106,29.777073],[-95.208106,29.777073],[-95.208106,29.777073],[-95.208106,29.777073],[-95.208111,29.777006],[-95.208111,29.777006],[-95.208111,29.777006],[-95.208111,29.777006],[-95.208115,29.77694],[-95.208115,29.77694],[-95.208115,29.776939],[-95.208115,29.776939],[-95.208118,29.776873],[-95.208118,29.776873],[-95.208118,29.776873],[-95.208118,29.776873],[-95.208119,29.776806],[-95.208119,29.776806],[-95.208119,29.776806],[-95.208119,29.776806],[-95.208119,29.776698],[-95.208126,29.776699],[-95.208139,29.7767],[-95.208139,29.7767],[-95.208139,29.7767],[-95.208139,29.7767],[-95.208139,29.776678],[-95.208139,29.776678],[-95.208139,29.776678],[-95.208139,29.776678],[-95.208138,29.776657],[-95.208138,29.776656],[-95.208137,29.776635],[-95.208136,29.776613],[-95.208134,29.776592],[-95.208132,29.77657],[-95.208129,29.776549],[-95.208126,29.776527],[-95.208122,29.776506],[-95.208119,29.776484],[-95.208114,29.776463],[-95.20811,29.776442],[-95.208105,29.776421],[-95.208099,29.776399],[-95.208093,29.776378],[-95.208087,29.776357],[-95.20808,29.776337],[-95.208073,29.776316],[-95.208066,29.776295],[-95.208058,29.776275],[-95.20805,29.776255],[-95.208041,29.776234],[-95.208032,29.776214],[-95.208023,29.776195],[-95.208013,29.776175],[-95.208012,29.776173],[-95.208005,29.77616],[-95.208002,29.776155],[-95.207988,29.776136],[-95.207974,29.776116],[-95.20796,29.776097],[-95.207945,29.776078],[-95.20793,29.776059],[-95.207915,29.77604],[-95.207899,29.776022],[-95.207883,29.776004],[-95.207867,29.775985],[-95.20785,29.775968],[-95.207833,29.77595],[-95.207816,29.775932],[-95.207798,29.775915],[-95.207792,29.775909],[-95.20778,29.775898],[-95.207762,29.775881],[-95.207743,29.775864],[-95.207724,29.775848],[-95.207698,29.775826],[-95.207678,29.77581],[-95.207658,29.775794],[-95.207638,29.775779],[-95.207618,29.775764],[-95.207612,29.775759],[-95.207597,29.775749],[-95.207568,29.775729],[-95.207547,29.775715],[-95.207526,29.775701],[-95.207504,29.775687],[-95.207482,29.775674],[-95.20746,29.775661],[-95.207438,29.775649],[-95.207416,29.775636],[-95.207397,29.775626],[-95.207393,29.775624],[-95.207371,29.775612],[-95.207348,29.775601],[-95.207325,29.77559],[-95.207301,29.775579],[-95.207278,29.775569],[-95.207255,29.775559],[-95.207215,29.775543],[-95.207207,29.775539],[-95.207109,29.775494],[-95.206936,29.775466],[-95.206933,29.775465],[-95.206811,29.775477],[-95.206784,29.77548],[-95.206767,29.775481],[-95.206612,29.775494],[-95.206061,29.775539],[-95.205814,29.775589],[-95.205625,29.775627],[-95.205621,29.775628],[-95.205556,29.775604],[-95.20549,29.775579],[-95.205312,29.775517],[-95.205273,29.775504],[-95.205179,29.775472],[-95.205126,29.775456],[-95.205025,29.775424],[-95.204998,29.775416],[-95.204892,29.775385],[-95.204863,29.775376],[-95.20468,29.775327],[-95.20468,29.775327],[-95.204543,29.775292],[-95.204352,29.775247],[-95.204213,29.775217],[-95.204212,29.775217],[-95.204033,29.775181],[-95.20403,29.775181],[-95.203999,29.775175],[-95.203999,29.775175],[-95.203999,29.775175],[-95.203999,29.775175],[-95.203969,29.77517],[-95.203966,29.775169],[-95.203961,29.775168],[-95.203863,29.775154],[-95.203711,29.775134],[-95.203604,29.775123],[-95.203396,29.775105],[-95.203295,29.775097],[-95.203193,29.775091],[-95.203051,29.775084],[-95.202977,29.775082],[-95.20297,29.775082],[-95.202966,29.774981],[-95.202965,29.774981],[-95.20296,29.774981],[-95.202955,29.774981],[-95.202953,29.774981],[-95.202944,29.774981],[-95.202933,29.77498],[-95.202922,29.774979],[-95.202911,29.774978],[-95.202901,29.774977],[-95.20289,29.774976],[-95.202879,29.774974],[-95.202868,29.774973],[-95.202859,29.774971],[-95.202858,29.774971],[-95.202847,29.774969],[-95.202837,29.774967],[-95.202826,29.774965],[-95.202824,29.774964],[-95.202822,29.774962],[-95.20282,29.774961],[-95.202818,29.77496],[-95.202816,29.774959],[-95.202814,29.774958],[-95.202812,29.774957],[-95.20281,29.774956],[-95.202807,29.774955],[-95.202805,29.774954],[-95.202803,29.774953],[-95.202801,29.774953],[-95.202799,29.774952],[-95.202797,29.774951],[-95.202794,29.77495],[-95.202792,29.77495],[-95.20279,29.774949],[-95.202787,29.774948],[-95.202785,29.774948],[-95.202783,29.774947],[-95.202781,29.774947],[-95.202778,29.774946],[-95.202776,29.774946],[-95.202774,29.774945],[-95.202771,29.774945],[-95.202769,29.774945],[-95.202767,29.774944],[-95.202764,29.774944],[-95.202762,29.774944],[-95.202757,29.774944],[-95.202755,29.774944],[-95.202753,29.774944],[-95.202751,29.774943],[-95.202748,29.774943],[-95.202746,29.774943],[-95.202744,29.774942],[-95.202742,29.774942],[-95.20274,29.774942],[-95.20274,29.774942],[-95.20274,29.774942],[-95.202738,29.774942],[-95.202735,29.774942],[-95.202733,29.774942],[-95.202731,29.774942],[-95.202728,29.774942],[-95.202725,29.774942],[-95.202723,29.774942],[-95.20272,29.774942],[-95.202717,29.774943],[-95.202714,29.774943],[-95.202711,29.774943],[-95.202709,29.774943],[-95.202706,29.774944],[-95.202702,29.774944],[-95.202699,29.774945],[-95.202696,29.774945],[-95.202693,29.774946],[-95.20269,29.774946],[-95.202687,29.774947],[-95.202683,29.774947],[-95.20268,29.774948],[-95.202676,29.774949],[-95.202673,29.77495],[-95.202669,29.77495],[-95.202666,29.774951],[-95.202662,29.774952],[-95.202659,29.774953],[-95.202655,29.774954],[-95.202651,29.774955],[-95.202648,29.774956],[-95.202642,29.774958],[-95.202637,29.774958],[-95.202633,29.774959],[-95.202629,29.774959],[-95.202625,29.774959],[-95.202621,29.77496],[-95.202617,29.77496],[-95.202613,29.77496],[-95.202609,29.77496],[-95.202605,29.77496],[-95.202602,29.77496],[-95.202602,29.77496],[-95.202598,29.77496],[-95.202595,29.77496],[-95.202591,29.77496],[-95.202588,29.774959],[-95.202585,29.774959],[-95.202582,29.774959],[-95.202579,29.774958],[-95.202576,29.774958],[-95.202573,29.774957],[-95.20257,29.774957],[-95.202568,29.774956],[-95.202565,29.774955],[-95.202563,29.774955],[-95.202561,29.774954],[-95.202558,29.774953],[-95.202556,29.774952],[-95.202554,29.774951],[-95.202553,29.77495],[-95.202551,29.774949],[-95.202549,29.774947],[-95.202548,29.774946],[-95.202546,29.774945],[-95.202545,29.774944],[-95.202543,29.774942],[-95.202542,29.774941],[-95.202541,29.774939],[-95.202541,29.774939],[-95.202541,29.774939],[-95.202542,29.774935],[-95.202542,29.774935],[-95.202542,29.774935],[-95.202542,29.774934],[-95.202542,29.77493],[-95.202542,29.77493],[-95.202542,29.77493],[-95.202542,29.77493],[-95.202542,29.774926],[-95.202542,29.774922],[-95.20254,29.774918],[-95.202533,29.774914],[-95.202527,29.77491],[-95.20252,29.774907],[-95.202514,29.774904],[-95.202507,29.7749],[-95.202501,29.774897],[-95.202494,29.774894],[-95.202488,29.774891],[-95.202481,29.774888],[-95.202474,29.774886],[-95.202467,29.774883],[-95.202461,29.77488],[-95.202454,29.774878],[-95.202447,29.774876],[-95.20244,29.774874],[-95.202434,29.774871],[-95.202427,29.774869],[-95.202427,29.774869],[-95.202427,29.774869],[-95.202426,29.774869],[-95.20242,29.774868],[-95.202413,29.774866],[-95.202406,29.774864],[-95.202398,29.774862],[-95.202397,29.774862],[-95.202353,29.774862],[-95.202319,29.774861],[-95.202317,29.774861],[-95.202263,29.774859],[-95.20221,29.774856],[-95.202158,29.774853],[-95.202156,29.774853],[-95.202107,29.774849],[-95.202102,29.774848],[-95.202096,29.774849],[-95.202092,29.77485],[-95.202087,29.77485],[-95.202082,29.774851],[-95.202077,29.774851],[-95.202073,29.774851],[-95.202068,29.774851],[-95.202063,29.774851],[-95.202058,29.774851],[-95.202055,29.774851],[-95.202055,29.774851],[-95.202053,29.774851],[-95.202048,29.774851],[-95.202044,29.774851],[-95.202043,29.774851],[-95.202038,29.774851],[-95.202033,29.77485],[-95.202028,29.77485],[-95.202023,29.774849],[-95.202018,29.774848],[-95.202013,29.774848],[-95.202008,29.774847],[-95.202003,29.774846],[-95.201998,29.774845],[-95.201993,29.774844],[-95.201988,29.774843],[-95.201983,29.774841],[-95.201978,29.77484],[-95.201973,29.774839],[-95.201968,29.774837],[-95.201963,29.774836],[-95.201963,29.774836],[-95.201958,29.774834],[-95.201953,29.774832],[-95.201948,29.77483],[-95.201943,29.774829],[-95.201922,29.774826],[-95.201901,29.774824],[-95.20188,29.774823],[-95.201859,29.774821],[-95.201839,29.77482],[-95.201825,29.77482],[-95.201818,29.77482],[-95.201788,29.77482],[-95.201782,29.77482],[-95.201773,29.774818],[-95.201771,29.774817],[-95.201761,29.774815],[-95.20175,29.774813],[-95.20174,29.774811],[-95.20173,29.774809],[-95.201719,29.774807],[-95.201709,29.774806],[-95.201698,29.774805],[-95.201688,29.774804],[-95.201678,29.774803],[-95.201667,29.774802],[-95.201657,29.774801],[-95.201651,29.774801],[-95.201647,29.774801],[-95.201637,29.774801],[-95.201626,29.774801],[-95.201616,29.774801],[-95.201606,29.774801],[-95.201596,29.774802],[-95.201586,29.774803],[-95.201573,29.774804],[-95.201571,29.774804],[-95.201559,29.774808],[-95.201551,29.77481],[-95.201544,29.774812],[-95.201536,29.774814],[-95.201529,29.774816],[-95.201521,29.774818],[-95.201514,29.774819],[-95.201506,29.774821],[-95.201499,29.774823],[-95.201491,29.774824],[-95.201484,29.774826],[-95.201477,29.774827],[-95.20147,29.774828],[-95.201463,29.77483],[-95.201456,29.774831],[-95.201449,29.774832],[-95.201442,29.774833],[-95.201436,29.774834],[-95.201429,29.774835],[-95.201422,29.774835],[-95.201416,29.774836],[-95.20141,29.774837],[-95.201403,29.774837],[-95.201397,29.774838],[-95.201391,29.774838],[-95.201385,29.774838],[-95.201379,29.774838],[-95.201373,29.774839],[-95.201367,29.774839],[-95.201362,29.774839],[-95.201361,29.774839],[-95.201356,29.774838],[-95.201351,29.774838],[-95.201345,29.774838],[-95.201343,29.774838],[-95.20134,29.774838],[-95.201334,29.774838],[-95.201327,29.774838],[-95.201321,29.774837],[-95.201316,29.774837],[-95.201315,29.774837],[-95.201309,29.774837],[-95.201299,29.774838],[-95.20129,29.774839],[-95.20128,29.774839],[-95.20127,29.77484],[-95.201261,29.774841],[-95.201251,29.774842],[-95.201242,29.774843],[-95.201232,29.774845],[-95.201222,29.774846],[-95.201213,29.774847],[-95.201203,29.774849],[-95.201193,29.77485],[-95.201184,29.774852],[-95.201174,29.774853],[-95.201164,29.774855],[-95.201155,29.774857],[-95.201145,29.774859],[-95.201136,29.774861],[-95.201126,29.774863],[-95.201116,29.774865],[-95.201107,29.774867],[-95.201097,29.774869],[-95.201088,29.774871],[-95.201079,29.774873],[-95.201061,29.774878],[-95.201054,29.774878],[-95.201046,29.774879],[-95.201039,29.774879],[-95.201032,29.774879],[-95.201024,29.77488],[-95.201023,29.77488],[-95.201017,29.774881],[-95.201009,29.774881],[-95.201002,29.774882],[-95.200994,29.774883],[-95.200987,29.774884],[-95.200979,29.774885],[-95.200972,29.774886],[-95.200969,29.774887],[-95.200964,29.774888],[-95.200955,29.774889],[-95.200953,29.774889],[-95.200951,29.77489],[-95.20095,29.77489],[-95.200948,29.77489],[-95.200947,29.77489],[-95.200945,29.77489],[-95.200944,29.77489],[-95.200942,29.77489],[-95.200941,29.77489],[-95.200939,29.77489],[-95.200938,29.77489],[-95.200936,29.774891],[-95.200935,29.774891],[-95.200933,29.774891],[-95.200932,29.774891],[-95.200931,29.774891],[-95.200929,29.774891],[-95.200928,29.774891],[-95.200926,29.774891],[-95.200925,29.774891],[-95.200923,29.774891],[-95.200922,29.774891],[-95.20092,29.774891],[-95.200919,29.774891],[-95.200917,29.774891],[-95.200916,29.774891],[-95.200915,29.774891],[-95.200913,29.774891],[-95.200912,29.774891],[-95.20091,29.774891],[-95.200909,29.774891],[-95.200907,29.774891],[-95.200906,29.774891],[-95.200905,29.774891],[-95.200903,29.774891],[-95.200902,29.774891],[-95.2009,29.774891],[-95.200899,29.774891],[-95.200897,29.774891],[-95.200896,29.774891],[-95.200895,29.774891],[-95.200893,29.774891],[-95.200892,29.774891],[-95.20089,29.774891],[-95.200889,29.774891],[-95.200888,29.774891],[-95.200886,29.774891],[-95.200885,29.774891],[-95.200883,29.774891],[-95.200882,29.774891],[-95.200881,29.774891],[-95.200879,29.774891],[-95.200878,29.774891],[-95.200876,29.77489],[-95.200875,29.77489],[-95.200874,29.77489],[-95.200872,29.77489],[-95.200871,29.77489],[-95.20087,29.77489],[-95.200868,29.77489],[-95.200867,29.77489],[-95.200865,29.77489],[-95.200864,29.77489],[-95.200863,29.77489],[-95.200861,29.774889],[-95.20086,29.774889],[-95.200859,29.774889],[-95.200857,29.774889],[-95.200856,29.774889],[-95.200855,29.774889],[-95.200853,29.774889],[-95.200852,29.774888],[-95.200851,29.774888],[-95.200849,29.774888],[-95.200848,29.774888],[-95.200847,29.774888],[-95.200845,29.774888],[-95.200844,29.774888],[-95.200843,29.774887],[-95.200841,29.774887],[-95.20084,29.774887],[-95.200839,29.774887],[-95.200837,29.774887],[-95.200836,29.774887],[-95.200835,29.774886],[-95.200833,29.774886],[-95.200832,29.774886],[-95.200831,29.774886],[-95.20083,29.774886],[-95.200828,29.774885],[-95.200827,29.774885],[-95.200826,29.774885],[-95.200824,29.774885],[-95.200823,29.774884],[-95.200822,29.774884],[-95.200821,29.774884],[-95.200819,29.774884],[-95.200818,29.774884],[-95.200817,29.774883],[-95.200816,29.774883],[-95.200814,29.774883],[-95.200813,29.774883],[-95.200812,29.774882],[-95.200811,29.774882],[-95.200809,29.774882],[-95.200808,29.774882],[-95.200807,29.774881],[-95.200806,29.774881],[-95.200804,29.774881],[-95.200803,29.77488],[-95.200802,29.77488],[-95.200801,29.77488],[-95.2008,29.77488],[-95.200798,29.774879],[-95.200797,29.774879],[-95.200796,29.774879],[-95.200795,29.774878],[-95.200793,29.774878],[-95.200792,29.774878],[-95.200791,29.774877],[-95.20079,29.774877],[-95.200789,29.774877],[-95.200787,29.774876],[-95.200786,29.774876],[-95.200785,29.774876],[-95.200784,29.774875],[-95.200783,29.774875],[-95.200782,29.774875],[-95.200781,29.774875],[-95.20078,29.774875],[-95.200779,29.774875],[-95.200778,29.774874],[-95.200777,29.774874],[-95.200776,29.774874],[-95.200775,29.774874],[-95.200773,29.774874],[-95.200772,29.774874],[-95.200771,29.774874],[-95.20077,29.774873],[-95.200769,29.774873],[-95.200768,29.774873],[-95.200767,29.774873],[-95.200766,29.774873],[-95.200765,29.774873],[-95.200764,29.774872],[-95.200763,29.774872],[-95.200762,29.774872],[-95.200761,29.774872],[-95.20076,29.774872],[-95.200759,29.774872],[-95.200758,29.774871],[-95.200757,29.774871],[-95.200756,29.774871],[-95.200755,29.774871],[-95.200754,29.774871],[-95.200753,29.77487],[-95.200752,29.77487],[-95.200751,29.77487],[-95.20075,29.77487],[-95.200749,29.77487],[-95.200748,29.774869],[-95.200747,29.774869],[-95.200746,29.774869],[-95.200745,29.774869],[-95.200744,29.774869],[-95.200743,29.774868],[-95.200742,29.774868],[-95.200741,29.774868],[-95.20074,29.774868],[-95.200739,29.774868],[-95.200738,29.774867],[-95.200737,29.774867],[-95.200736,29.774867],[-95.200735,29.774867],[-95.200734,29.774866],[-95.200733,29.774866],[-95.200732,29.774866],[-95.200731,29.774866],[-95.200729,29.774865],[-95.200728,29.774865],[-95.200727,29.774865],[-95.200726,29.774865],[-95.200725,29.774864],[-95.200724,29.774864],[-95.200723,29.774864],[-95.200722,29.774864],[-95.200721,29.774863],[-95.20072,29.774863],[-95.200719,29.774863],[-95.200719,29.774862],[-95.200718,29.774862],[-95.200718,29.774862],[-95.200717,29.774862],[-95.200716,29.774862],[-95.200715,29.774862],[-95.200714,29.774861],[-95.200713,29.774861],[-95.200713,29.774861],[-95.200648,29.774904],[-95.200583,29.774949],[-95.200544,29.774968],[-95.200535,29.774973],[-95.20047,29.775009],[-95.200433,29.775034],[-95.20041,29.775051],[-95.200396,29.775061],[-95.200359,29.775089],[-95.200322,29.775118],[-95.200285,29.775149],[-95.20028,29.775154],[-95.200216,29.77521],[-95.200173,29.775229],[-95.200129,29.775251],[-95.200085,29.775274],[-95.200041,29.775299],[-95.20003,29.77531],[-95.199989,29.775355],[-95.199942,29.775407],[-95.199937,29.775412],[-95.199885,29.775471],[-95.199794,29.77558],[-95.199598,29.77573],[-95.199471,29.775823],[-95.199451,29.775841],[-95.199432,29.775859],[-95.199425,29.775868],[-95.199421,29.775872],[-95.199414,29.77588],[-95.199408,29.775887],[-95.199402,29.775894],[-95.199396,29.775901],[-95.199389,29.775908],[-95.199383,29.775915],[-95.199376,29.775921],[-95.19937,29.775928],[-95.199363,29.775935],[-95.199357,29.775941],[-95.19935,29.775947],[-95.199344,29.775953],[-95.199337,29.775959],[-95.199331,29.775965],[-95.199324,29.775971],[-95.199317,29.775976],[-95.199311,29.775982],[-95.199304,29.775987],[-95.199297,29.775992],[-95.199291,29.775997],[-95.199284,29.776002],[-95.199278,29.776007],[-95.199271,29.776012],[-95.199264,29.776016],[-95.199258,29.77602],[-95.199251,29.776025],[-95.199245,29.776029],[-95.199238,29.776033],[-95.199231,29.776036],[-95.199225,29.77604],[-95.199218,29.776043],[-95.199212,29.776047],[-95.1992,29.776055],[-95.199081,29.776131],[-95.198944,29.776218],[-95.198939,29.776222],[-95.198738,29.776404],[-95.198669,29.776436],[-95.198365,29.776575],[-95.198044,29.776572],[-95.197703,29.776569],[-95.197326,29.776566],[-95.197319,29.776566],[-95.195957,29.775554],[-95.195955,29.775553],[-95.195637,29.775029],[-95.195637,29.775029],[-95.195876,29.774031],[-95.195898,29.773939],[-95.196031,29.773664],[-95.196392,29.773301],[-95.196738,29.772998],[-95.196738,29.772998],[-95.196738,29.772998],[-95.196739,29.772998],[-95.196739,29.772998],[-95.196878,29.772727],[-95.196891,29.772713],[-95.197099,29.772489],[-95.197115,29.772471],[-95.197116,29.77247],[-95.197129,29.772435],[-95.197225,29.772183],[-95.19722,29.77215],[-95.197194,29.771967],[-95.197131,29.770876],[-95.196871,29.770576],[-95.19679,29.770501],[-95.196711,29.770427],[-95.195832,29.769842],[-95.195202,29.769728],[-95.195201,29.769728],[-95.194887,29.769728],[-95.192756,29.770253],[-95.192736,29.77026],[-95.192723,29.770265],[-95.19271,29.770269],[-95.192696,29.770274],[-95.192683,29.770277],[-95.192669,29.770281],[-95.192655,29.770284],[-95.192642,29.770287],[-95.192628,29.77029],[-95.192614,29.770293],[-95.192601,29.770295],[-95.192587,29.770297],[-95.192573,29.770299],[-95.192559,29.7703],[-95.192546,29.770301],[-95.192532,29.770302],[-95.192518,29.770303],[-95.192504,29.770303],[-95.19249,29.770303],[-95.192478,29.770303],[-95.192477,29.770303],[-95.192463,29.770303],[-95.192449,29.770302],[-95.192435,29.770301],[-95.192422,29.7703],[-95.192408,29.770298],[-95.192394,29.770296],[-95.192381,29.770294],[-95.192367,29.770292],[-95.192354,29.770289],[-95.192314,29.770286],[-95.192291,29.770284],[-95.192268,29.770281],[-95.192245,29.770277],[-95.192222,29.770273],[-95.192199,29.770269],[-95.192176,29.770264],[-95.192154,29.770259],[-95.192131,29.770253],[-95.192109,29.770247],[-95.192086,29.770241],[-95.192064,29.770234],[-95.192042,29.770226],[-95.19202,29.770218],[-95.191998,29.77021],[-95.191972,29.770201],[-95.191954,29.770195],[-95.191937,29.770188],[-95.191919,29.770181],[-95.191902,29.770174],[-95.191885,29.770166],[-95.191868,29.770158],[-95.191838,29.770149],[-95.191816,29.770142],[-95.191794,29.770134],[-95.191773,29.770126],[-95.191751,29.770118],[-95.19173,29.77011],[-95.191709,29.770101],[-95.191689,29.770091],[-95.191668,29.770081],[-95.191648,29.770071],[-95.191628,29.770061],[-95.191609,29.77005],[-95.191589,29.770039],[-95.190584,29.769534],[-95.190584,29.769534],[-95.19064,29.769517],[-95.192893,29.768796],[-95.194662,29.768344],[-95.194845,29.768297],[-95.195162,29.768262],[-95.195794,29.768231],[-95.196104,29.768215],[-95.196227,29.76821],[-95.196724,29.768184],[-95.197348,29.768148],[-95.197681,29.768136],[-95.19786,29.768099],[-95.198257,29.768081],[-95.198441,29.768073],[-95.1986,29.768067],[-95.198919,29.768055],[-95.199217,29.76804],[-95.199516,29.768025],[-95.199814,29.76801],[-95.200134,29.768002],[-95.200449,29.76799],[-95.200763,29.767979],[-95.201079,29.767968],[-95.201393,29.767956],[-95.202023,29.767934],[-95.202218,29.76793],[-95.202532,29.767915],[-95.202848,29.767899],[-95.203163,29.767883],[-95.203473,29.76787],[-95.204124,29.767839],[-95.204868,29.767804],[-95.204899,29.767803],[-95.205061,29.767795],[-95.205383,29.76778],[-95.205689,29.767766],[-95.205697,29.767765],[-95.205919,29.767755],[-95.206007,29.767751],[-95.206012,29.76775],[-95.206159,29.767743],[-95.206203,29.767741],[-95.206417,29.767732],[-95.206635,29.767723],[-95.206946,29.76771],[-95.207242,29.767698],[-95.207566,29.767684],[-95.207786,29.767675],[-95.207787,29.767675],[-95.208083,29.767663],[-95.208083,29.767663],[-95.208144,29.767732],[-95.208151,29.767739],[-95.208267,29.76787],[-95.208975,29.768515],[-95.208979,29.768512],[-95.209227,29.7683],[-95.209479,29.768101],[-95.209482,29.768104],[-95.209696,29.768295],[-95.209945,29.768521],[-95.210128,29.768691],[-95.210132,29.768688],[-95.210227,29.768609],[-95.210453,29.768422],[-95.210622,29.768283],[-95.210624,29.768281],[-95.210565,29.768227],[-95.210381,29.76806],[-95.210381,29.76806],[-95.210381,29.76806],[-95.210381,29.76806],[-95.210693,29.768048],[-95.211323,29.768009],[-95.211416,29.768005],[-95.211504,29.768001],[-95.211518,29.768],[-95.211824,29.767986],[-95.211833,29.767986],[-95.212142,29.767971],[-95.212148,29.767971],[-95.21269,29.767949],[-95.213092,29.767935],[-95.213137,29.76793],[-95.213446,29.767896],[-95.213456,29.767896],[-95.213915,29.767873],[-95.213924,29.767873],[-95.214226,29.767857],[-95.214235,29.767857],[-95.214591,29.767842],[-95.2146,29.767841],[-95.214909,29.76783],[-95.214918,29.767829],[-95.215038,29.767824],[-95.216172,29.767774],[-95.216301,29.767769],[-95.216616,29.767755],[-95.216619,29.767755],[-95.216938,29.767742],[-95.216951,29.767741],[-95.217254,29.767729],[-95.217574,29.767717],[-95.218209,29.767694],[-95.218211,29.767694],[-95.218393,29.767685],[-95.218402,29.767685],[-95.218402,29.767685],[-95.219031,29.767672],[-95.219344,29.767666],[-95.219395,29.767665],[-95.219659,29.767659],[-95.219724,29.767658],[-95.219984,29.767653],[-95.220316,29.767647],[-95.220318,29.767648],[-95.220504,29.767671],[-95.220509,29.767671],[-95.220802,29.767668],[-95.221117,29.767665],[-95.221211,29.767665],[-95.221431,29.767663],[-95.221746,29.767658],[-95.22192,29.767656],[-95.221936,29.767656],[-95.222063,29.767654],[-95.222585,29.767646],[-95.222588,29.767647],[-95.222696,29.767656],[-95.2227,29.767656],[-95.223634,29.767648],[-95.223638,29.767648],[-95.22365,29.767648]]]},"properties":{"Campus__Number":167,"Campus_Short_Name":"Harris RP ES","Street_Address":"1262 Mae Dr"}},{"type":"Feature","geometry":{"type":"Polygon","coordinates":[[[-95.338009,29.701257],[-95.338652,29.699619],[-95.338218,29.699486],[-95.337721,29.6993],[-95.337209,29.699248],[-95.336762,29.699188],[-95.336278,29.699103],[-95.336773,29.697897],[-95.33404,29.696989],[-95.331046,29.696017],[-95.330217,29.695755],[-95.32788,29.69512],[-95.327521,29.69503],[-95.326761,29.695516],[-95.325641,29.691854],[-95.327162,29.691157],[-95.329602,29.690017],[-95.332137,29.688802],[-95.333746,29.68803],[-95.334347,29.687742],[-95.335357,29.687371],[-95.337337,29.68669],[-95.339449,29.686055],[-95.340915,29.685614],[-95.348402,29.683403],[-95.349642,29.682997],[-95.350353,29.682692],[-95.351198,29.682314],[-95.352198,29.681882],[-95.352974,29.681598],[-95.353794,29.681315],[-95.354589,29.681107],[-95.355879,29.680813],[-95.355893,29.680811],[-95.355907,29.682171],[-95.355888,29.6833],[-95.355872,29.683607],[-95.355749,29.684044],[-95.354758,29.686428],[-95.354072,29.68811],[-95.352564,29.687653],[-95.352042,29.688959],[-95.350564,29.688504],[-95.349854,29.690206],[-95.349167,29.691852],[-95.347688,29.69137],[-95.346323,29.694739],[-95.345269,29.694406],[-95.344884,29.694288],[-95.344445,29.694197],[-95.341852,29.700728],[-95.340943,29.700439],[-95.340536,29.70031],[-95.340383,29.700267],[-95.340225,29.700252],[-95.339977,29.700252],[-95.339799,29.70029],[-95.339626,29.700351],[-95.339434,29.700469],[-95.339222,29.700722],[-95.33916,29.700852],[-95.338868,29.701604],[-95.338493,29.701421],[-95.338009,29.701257]]]},"properties":{"Campus__Number":168,"Campus_Short_Name":"Hartsfield ES","Street_Address":"5001 Perry St"}},{"type":"Feature","geometry":{"type":"Polygon","coordinates":[[[-95.395425,29.796264],[-95.395383,29.794411],[-95.394286,29.79444],[-95.392079,29.794465],[-95.392047,29.792614],[-95.389998,29.792643],[-95.387874,29.792656],[-95.387834,29.790833],[-95.387794,29.78805],[-95.387764,29.786636],[-95.387748,29.785253],[-95.387719,29.783466],[-95.387688,29.781853],[-95.387685,29.781632],[-95.387641,29.781457],[-95.387592,29.781256],[-95.387456,29.780979],[-95.387308,29.780607],[-95.387175,29.780276],[-95.387114,29.780122],[-95.387078,29.779908],[-95.387054,29.779698],[-95.387036,29.779439],[-95.38705,29.779263],[-95.387062,29.779064],[-95.387134,29.778773],[-95.387282,29.778329],[-95.387473,29.777969],[-95.387685,29.777673],[-95.388111,29.777227],[-95.388623,29.77672],[-95.389735,29.776696],[-95.391752,29.776664],[-95.394625,29.776619],[-95.397442,29.776575],[-95.398712,29.776555],[-95.398738,29.777778],[-95.398798,29.781452],[-95.399902,29.781432],[-95.399938,29.78328],[-95.401015,29.783268],[-95.401073,29.785117],[-95.401153,29.7888],[-95.401168,29.790652],[-95.398978,29.790687],[-95.397702,29.790693],[-95.397723,29.792542],[-95.397789,29.795804],[-95.397798,29.796226],[-95.397796,29.796226],[-95.395425,29.796264]]]},"properties":{"Campus__Number":169,"Campus_Short_Name":"Harvard ES","Street_Address":"810 Harvard St"}},{"type":"Feature","geometry":{"type":"Polygon","coordinates":[[[-95.410086,29.799727],[-95.411705,29.799707],[-95.411764,29.799887],[-95.411853,29.800106],[-95.411982,29.800355],[-95.41205,29.800485],[-95.412114,29.800715],[-95.412202,29.801248],[-95.41223,29.801728],[-95.412263,29.803769],[-95.4123,29.8058],[-95.412349,29.807828],[-95.412383,29.809874],[-95.412398,29.81089],[-95.412379,29.811431],[-95.412294,29.811915],[-95.41206,29.81246],[-95.411807,29.81285],[-95.410328,29.812873],[-95.406271,29.812916],[-95.399416,29.81299],[-95.398076,29.813025],[-95.39745,29.813066],[-95.396591,29.813172],[-95.39601,29.813357],[-95.394999,29.813587],[-95.394739,29.813652],[-95.394677,29.813226],[-95.394655,29.813082],[-95.394637,29.812244],[-95.394613,29.811422],[-95.394568,29.809758],[-95.394556,29.808927],[-95.394529,29.808098],[-95.394514,29.807263],[-95.394499,29.806071],[-95.395603,29.80606],[-95.396709,29.806033],[-95.397262,29.806026],[-95.397234,29.803998],[-95.397958,29.803986],[-95.397931,29.802958],[-95.397912,29.801944],[-95.39787,29.799912],[-95.400255,29.799872],[-95.403564,29.799845],[-95.405267,29.799817],[-95.406873,29.799779],[-95.408458,29.799772],[-95.410086,29.79973],[-95.410086,29.799727]]]},"properties":{"Campus__Number":170,"Campus_Short_Name":"Helms ES","Street_Address":"503 W 21st St"}},{"type":"Feature","geometry":{"type":"Polygon","coordinates":[[[-95.304996,29.722362],[-95.305065,29.721869],[-95.305242,29.721346],[-95.305596,29.721012],[-95.305814,29.720789],[-95.306591,29.720397],[-95.30771,29.719969],[-95.308296,29.719756],[-95.308704,29.719377],[-95.308767,29.71908],[-95.308864,29.718601],[-95.308745,29.718254],[-95.308571,29.717974],[-95.30829,29.717759],[-95.307851,29.717541],[-95.307623,29.717282],[-95.307456,29.716819],[-95.307391,29.71645],[-95.307511,29.71604],[-95.307762,29.715634],[-95.308115,29.715323],[-95.308869,29.714816],[-95.309142,29.714525],[-95.30923,29.714275],[-95.30935,29.713865],[-95.309634,29.713299],[-95.310074,29.712761],[-95.310264,29.712583],[-95.31083,29.712185],[-95.311537,29.71144],[-95.312211,29.710772],[-95.312605,29.710275],[-95.312792,29.709832],[-95.312911,29.709388],[-95.313127,29.709095],[-95.313508,29.708956],[-95.314332,29.708859],[-95.315179,29.709092],[-95.316161,29.709358],[-95.316968,29.709738],[-95.317403,29.710019],[-95.317876,29.710181],[-95.318287,29.710162],[-95.318731,29.710175],[-95.319237,29.710368],[-95.319737,29.71071],[-95.320524,29.711657],[-95.321017,29.712208],[-95.32125,29.712393],[-95.321657,29.712494],[-95.322001,29.712444],[-95.322313,29.712303],[-95.32269,29.712284],[-95.323339,29.712302],[-95.323849,29.712405],[-95.324393,29.71248],[-95.325181,29.712442],[-95.325875,29.712162],[-95.326535,29.711882],[-95.327637,29.711673],[-95.328013,29.711683],[-95.328589,29.711819],[-95.328925,29.712007],[-95.329327,29.712227],[-95.329937,29.712393],[-95.330478,29.712557],[-95.330786,29.712565],[-95.331157,29.712695],[-95.331323,29.712849],[-95.331413,29.71318],[-95.331468,29.713569],[-95.331563,29.713781],[-95.331626,29.713932],[-95.331789,29.714145],[-95.332155,29.714424],[-95.332529,29.714494],[-95.332932,29.714408],[-95.33308,29.714137],[-95.333165,29.714044],[-95.333369,29.713691],[-95.333651,29.713484],[-95.334041,29.71328],[-95.334371,29.713217],[-95.334698,29.713274],[-95.335049,29.713403],[-95.335882,29.713832],[-95.336552,29.714208],[-95.337572,29.714761],[-95.338031,29.714917],[-95.338306,29.714901],[-95.338583,29.714789],[-95.338755,29.714579],[-95.338938,29.714058],[-95.33947,29.714718],[-95.339729,29.715107],[-95.340008,29.715762],[-95.339969,29.716094],[-95.339926,29.716631],[-95.339703,29.717375],[-95.339041,29.718998],[-95.338093,29.721314],[-95.337167,29.724021],[-95.33667,29.725478],[-95.337645,29.728364],[-95.32844,29.722703],[-95.322918,29.728227],[-95.319161,29.727115],[-95.315357,29.725986],[-95.311276,29.724758],[-95.308554,29.723898],[-95.306955,29.723228],[-95.304996,29.722362]]]},"properties":{"Campus__Number":171,"Campus_Short_Name":"Henderson JP ES","Street_Address":"1800 Dismuke"}},{"type":"Feature","geometry":{"type":"Polygon","coordinates":[[[-95.322879,29.774058],[-95.322163,29.774176],[-95.321235,29.77427],[-95.320208,29.774302],[-95.312569,29.774272],[-95.31258,29.765691],[-95.312637,29.765065],[-95.31289,29.764684],[-95.313342,29.764488],[-95.313896,29.764294],[-95.314341,29.764306],[-95.315488,29.764644],[-95.315487,29.763632],[-95.315923,29.762881],[-95.317311,29.760474],[-95.318961,29.757675],[-95.320173,29.756101],[-95.320354,29.756216],[-95.320694,29.756369],[-95.321225,29.75667],[-95.321809,29.756858],[-95.322249,29.756956],[-95.322591,29.757051],[-95.322833,29.757158],[-95.323043,29.757264],[-95.323266,29.757457],[-95.323441,29.757605],[-95.323807,29.75793],[-95.324105,29.758311],[-95.324277,29.758559],[-95.324418,29.758764],[-95.324684,29.759115],[-95.324905,29.759379],[-95.325242,29.759589],[-95.325403,29.759679],[-95.325711,29.759788],[-95.325988,29.759853],[-95.326265,29.759904],[-95.32676,29.759931],[-95.327335,29.759947],[-95.328322,29.759903],[-95.328811,29.759907],[-95.328475,29.760284],[-95.32807,29.760821],[-95.327828,29.761265],[-95.327593,29.761885],[-95.32745,29.762505],[-95.327442,29.762857],[-95.327453,29.763795],[-95.327499,29.764896],[-95.327515,29.765444],[-95.328641,29.765434],[-95.328634,29.771945],[-95.327385,29.772387],[-95.32485,29.773422],[-95.323844,29.773812],[-95.323264,29.773997],[-95.322879,29.774058]]]},"properties":{"Campus__Number":172,"Campus_Short_Name":"Henderson NQ ES","Street_Address":"701 Solo St"}},{"type":"Feature","geometry":{"type":"Polygon","coordinates":[[[-95.354355,29.828821],[-95.353432,29.825197],[-95.352108,29.819735],[-95.377892,29.819433],[-95.37809,29.81984],[-95.378704,29.821034],[-95.379236,29.822169],[-95.379574,29.823008],[-95.379819,29.823714],[-95.380165,29.825001],[-95.38044,29.826332],[-95.38067,29.827315],[-95.380973,29.828402],[-95.381082,29.828634],[-95.380527,29.828626],[-95.379842,29.828598],[-95.37943,29.828559],[-95.378755,29.828469],[-95.37802,29.828374],[-95.377393,29.828323],[-95.376812,29.828325],[-95.37622,29.828327],[-95.376085,29.828329],[-95.375592,29.82834],[-95.375004,29.828353],[-95.37325,29.828392],[-95.371399,29.828433],[-95.37053,29.828441],[-95.369586,29.828445],[-95.367711,29.828456],[-95.367346,29.828486],[-95.367154,29.828502],[-95.366914,29.828559],[-95.366659,29.828637],[-95.366101,29.828786],[-95.365734,29.828859],[-95.365512,29.828877],[-95.365337,29.828891],[-95.365194,29.828894],[-95.361303,29.828919],[-95.356896,29.828996],[-95.355888,29.829009],[-95.355663,29.829005],[-95.355306,29.828962],[-95.354842,29.828901],[-95.354355,29.828821]]]},"properties":{"Campus__Number":286,"Campus_Short_Name":"Herrera ES","Street_Address":"525 Bennington St"}},{"type":"Feature","geometry":{"type":"Polygon","coordinates":[[[-95.447056,29.68994],[-95.447002,29.6874],[-95.447504,29.687368],[-95.447849,29.687288],[-95.448508,29.687007],[-95.448962,29.68675],[-95.449386,29.686343],[-95.449858,29.68555],[-95.450503,29.684701],[-95.451036,29.684118],[-95.451879,29.683484],[-95.455367,29.681487],[-95.456025,29.681235],[-95.456609,29.681161],[-95.457157,29.681146],[-95.457769,29.681222],[-95.458935,29.681467],[-95.458964,29.689217],[-95.458971,29.689217],[-95.459187,29.70371],[-95.459201,29.705201],[-95.459368,29.706065],[-95.459845,29.707453],[-95.460064,29.70872],[-95.460094,29.709753],[-95.460226,29.720299],[-95.460409,29.726217],[-95.460409,29.726217],[-95.459359,29.726286],[-95.452836,29.726838],[-95.447915,29.727232],[-95.447756,29.722703],[-95.447591,29.715868],[-95.447396,29.705923],[-95.447056,29.68994]]]},"properties":{"Campus__Number":178,"Campus_Short_Name":"Horn ES","Street_Address":"4530 Holly St"}},{"type":"Feature","geometry":{"type":"Polygon","coordinates":[[[-95.288674,29.804352],[-95.292972,29.804288],[-95.293958,29.804296],[-95.294832,29.804358],[-95.29568,29.804515],[-95.296979,29.804953],[-95.299044,29.806003],[-95.301887,29.80752],[-95.301916,29.812204],[-95.30193,29.817149],[-95.301946,29.819014],[-95.310455,29.81899],[-95.310405,29.818086],[-95.311722,29.818953],[-95.31174,29.827567],[-95.313843,29.827555],[-95.302056,29.839019],[-95.292224,29.848599],[-95.291839,29.848593],[-95.291498,29.848589],[-95.29119,29.848584],[-95.290653,29.848533],[-95.29001,29.848429],[-95.289524,29.848316],[-95.288572,29.848169],[-95.28857,29.831381],[-95.288674,29.804352]]]},"properties":{"Campus__Number":179,"Campus_Short_Name":"McGowen ES","Street_Address":"6820 Homestead Rd"}},{"type":"Feature","geometry":{"type":"Polygon","coordinates":[[[-95.294832,29.804358],[-95.293958,29.804296],[-95.292972,29.804288],[-95.288674,29.804352],[-95.288564,29.799213],[-95.292108,29.797712],[-95.315937,29.787593],[-95.322953,29.784619],[-95.324214,29.784078],[-95.324228,29.785439],[-95.323915,29.785459],[-95.323939,29.786953],[-95.32395,29.787668],[-95.323002,29.787686],[-95.322987,29.789577],[-95.323977,29.789566],[-95.323972,29.790291],[-95.324914,29.790286],[-95.324926,29.790606],[-95.324928,29.791713],[-95.324948,29.792772],[-95.324942,29.79321],[-95.325038,29.793663],[-95.325374,29.793592],[-95.325649,29.793553],[-95.325795,29.793532],[-95.326806,29.793527],[-95.326829,29.794391],[-95.32683,29.795217],[-95.32689,29.796496],[-95.326964,29.796892],[-95.327754,29.796891],[-95.327769,29.797169],[-95.32791,29.797693],[-95.32814,29.798337],[-95.328193,29.798766],[-95.328208,29.79953],[-95.32822,29.800279],[-95.328219,29.800279],[-95.324102,29.800316],[-95.318797,29.800385],[-95.316979,29.800404],[-95.316996,29.802201],[-95.312992,29.802243],[-95.313003,29.804002],[-95.31174,29.804005],[-95.309207,29.804004],[-95.305855,29.804],[-95.305843,29.807912],[-95.305855,29.809366],[-95.30522,29.809205],[-95.304572,29.808968],[-95.303872,29.808624],[-95.301887,29.80752],[-95.299044,29.806003],[-95.296979,29.804953],[-95.29568,29.804515],[-95.294832,29.804358]]]},"properties":{"Campus__Number":180,"Campus_Short_Name":"Isaacs ES","Street_Address":"3830 Pickfair St"}},{"type":"Feature","geometry":{"type":"Polygon","coordinates":[[[-95.384349,29.837247],[-95.382887,29.837257],[-95.381254,29.837281],[-95.377622,29.837342],[-95.377309,29.837349],[-95.377046,29.837385],[-95.376428,29.837553],[-95.376267,29.837576],[-95.37593,29.837579],[-95.37569,29.837579],[-95.374685,29.837594],[-95.373221,29.837615],[-95.372293,29.837607],[-95.371491,29.837571],[-95.369329,29.837591],[-95.366979,29.837597],[-95.365999,29.83761],[-95.361577,29.837625],[-95.356603,29.837655],[-95.354355,29.828821],[-95.354842,29.828901],[-95.355306,29.828962],[-95.355663,29.829005],[-95.355888,29.829009],[-95.356896,29.828996],[-95.361303,29.828919],[-95.365194,29.828894],[-95.365337,29.828891],[-95.365512,29.828877],[-95.365734,29.828859],[-95.366101,29.828786],[-95.366659,29.828637],[-95.366914,29.828559],[-95.367154,29.828502],[-95.367346,29.828486],[-95.367711,29.828456],[-95.369586,29.828445],[-95.37053,29.828441],[-95.371399,29.828433],[-95.37325,29.828392],[-95.375004,29.828353],[-95.375592,29.82834],[-95.376085,29.828329],[-95.37622,29.828327],[-95.376812,29.828325],[-95.377393,29.828323],[-95.37802,29.828374],[-95.378755,29.828469],[-95.37943,29.828559],[-95.379842,29.828598],[-95.380527,29.828626],[-95.381082,29.828634],[-95.381225,29.828938],[-95.381324,29.829157],[-95.381511,29.829499],[-95.381707,29.829816],[-95.382358,29.830702],[-95.383411,29.832047],[-95.384386,29.833279],[-95.38436,29.834605],[-95.384349,29.837247]]]},"properties":{"Campus__Number":181,"Campus_Short_Name":"Janowski ES","Street_Address":"7500 Bauman Rd"}},{"type":"Feature","geometry":{"type":"Polygon","coordinates":[[[-95.353961,29.813656],[-95.350324,29.812531],[-95.350118,29.811697],[-95.348721,29.806182],[-95.350365,29.806184],[-95.350357,29.805188],[-95.350578,29.805185],[-95.356402,29.805077],[-95.357448,29.805054],[-95.357446,29.805008],[-95.357524,29.805006],[-95.361101,29.804946],[-95.361051,29.801694],[-95.36203,29.801676],[-95.363873,29.801652],[-95.365719,29.801626],[-95.365692,29.79991],[-95.36568,29.798225],[-95.366599,29.798209],[-95.367944,29.798191],[-95.371755,29.79814],[-95.371781,29.799583],[-95.37185,29.80027],[-95.371939,29.800909],[-95.372113,29.801827],[-95.372392,29.803441],[-95.372485,29.803914],[-95.372626,29.803923],[-95.373398,29.803943],[-95.37561,29.803943],[-95.377278,29.803908],[-95.378113,29.803915],[-95.379572,29.80394],[-95.380131,29.803942],[-95.38058,29.803927],[-95.380849,29.803918],[-95.381092,29.803886],[-95.381418,29.803843],[-95.38163,29.803848],[-95.381924,29.803854],[-95.381933,29.803854],[-95.381953,29.805364],[-95.381974,29.806723],[-95.382005,29.808399],[-95.38202,29.81009],[-95.382036,29.811004],[-95.382051,29.811376],[-95.382133,29.811919],[-95.382281,29.812592],[-95.382418,29.813268],[-95.382526,29.813703],[-95.382576,29.814041],[-95.375489,29.813999],[-95.374194,29.813899],[-95.371984,29.813839],[-95.364139,29.813932],[-95.355832,29.814031],[-95.355243,29.813958],[-95.353961,29.813656]]]},"properties":{"Campus__Number":182,"Campus_Short_Name":"Jefferson ES","Street_Address":"5000 Sharman St"}},{"type":"Feature","geometry":{"type":"Polygon","coordinates":[[[-95.301887,29.80752],[-95.303872,29.808624],[-95.304572,29.808968],[-95.30522,29.809205],[-95.305855,29.809366],[-95.305843,29.807912],[-95.305855,29.804],[-95.309207,29.804004],[-95.31174,29.804005],[-95.313003,29.804002],[-95.312992,29.802243],[-95.316996,29.802201],[-95.316979,29.800404],[-95.318797,29.800385],[-95.324102,29.800316],[-95.328219,29.800279],[-95.330989,29.800208],[-95.331242,29.808233],[-95.33237,29.808157],[-95.333087,29.808106],[-95.334738,29.808199],[-95.335979,29.80832],[-95.335912,29.808419],[-95.335677,29.808989],[-95.335394,29.809638],[-95.335267,29.810112],[-95.335204,29.810719],[-95.335135,29.811876],[-95.335078,29.813345],[-95.33517,29.817661],[-95.335231,29.819969],[-95.328964,29.819997],[-95.328521,29.819977],[-95.328101,29.819901],[-95.327431,29.819797],[-95.323436,29.818465],[-95.301909,29.811136],[-95.301887,29.80752]]]},"properties":{"Campus__Number":185,"Campus_Short_Name":"Kashmere Gardens ES","Street_Address":"4901 Lockwood Dr"}},{"type":"Feature","geometry":{"type":"Polygon","coordinates":[[[-95.321429,29.677812],[-95.320603,29.675044],[-95.328109,29.674966],[-95.328107,29.675703],[-95.328667,29.675708],[-95.329485,29.675665],[-95.332435,29.675516],[-95.334152,29.675476],[-95.335791,29.675439],[-95.336444,29.675424],[-95.337508,29.675406],[-95.33792,29.675474],[-95.338333,29.675528],[-95.338992,29.675566],[-95.339212,29.675025],[-95.344889,29.676738],[-95.345096,29.676199],[-95.34526,29.675773],[-95.345335,29.67544],[-95.34722,29.676023],[-95.34726,29.675875],[-95.352614,29.677514],[-95.352209,29.678576],[-95.352128,29.678822],[-95.352071,29.678995],[-95.352063,29.679364],[-95.352109,29.679516],[-95.352402,29.680378],[-95.352546,29.680729],[-95.352625,29.681179],[-95.352759,29.681677],[-95.352198,29.681882],[-95.351198,29.682314],[-95.350353,29.682692],[-95.349642,29.682997],[-95.348402,29.683403],[-95.344309,29.684612],[-95.340915,29.685614],[-95.339449,29.686055],[-95.337337,29.68669],[-95.335357,29.687371],[-95.334347,29.687742],[-95.333746,29.68803],[-95.332137,29.688802],[-95.329602,29.690017],[-95.327162,29.691157],[-95.325641,29.691854],[-95.325637,29.691841],[-95.321429,29.677812]]]},"properties":{"Campus__Number":187,"Campus_Short_Name":"Kelso ES","Street_Address":"5800 Southmund St"}},{"type":"Feature","geometry":{"type":"Polygon","coordinates":[[[-95.390865,29.842664],[-95.390146,29.841553],[-95.384387,29.841611],[-95.384365,29.839942],[-95.384349,29.837247],[-95.38436,29.834605],[-95.384386,29.833279],[-95.383411,29.832047],[-95.382358,29.830702],[-95.381707,29.829816],[-95.381511,29.829499],[-95.381324,29.829157],[-95.381225,29.828938],[-95.381082,29.828635],[-95.381652,29.828638],[-95.384266,29.82863],[-95.384631,29.828622],[-95.384612,29.827547],[-95.385204,29.827534],[-95.385204,29.827047],[-95.384587,29.827066],[-95.384632,29.826029],[-95.384436,29.826016],[-95.38443,29.8257],[-95.385837,29.82567],[-95.385835,29.825558],[-95.388201,29.825537],[-95.388208,29.825865],[-95.388626,29.825861],[-95.388641,29.825442],[-95.391175,29.825426],[-95.39204,29.825378],[-95.395743,29.825227],[-95.395753,29.825802],[-95.395898,29.825801],[-95.39642,29.825795],[-95.396557,29.826071],[-95.39694,29.825915],[-95.399635,29.825863],[-95.399628,29.824985],[-95.399612,29.824066],[-95.399597,29.8233],[-95.399561,29.821331],[-95.399529,29.81918],[-95.404866,29.819097],[-95.405191,29.819213],[-95.405445,29.819387],[-95.405803,29.819707],[-95.405957,29.820021],[-95.406079,29.820431],[-95.406089,29.821049],[-95.407957,29.821024],[-95.407973,29.823597],[-95.408223,29.823503],[-95.408371,29.823454],[-95.408542,29.823406],[-95.408757,29.823402],[-95.409045,29.823396],[-95.40908,29.826587],[-95.407629,29.826584],[-95.407626,29.827443],[-95.407734,29.827807],[-95.407787,29.827937],[-95.407865,29.828059],[-95.409199,29.828039],[-95.410632,29.828019],[-95.410688,29.830938],[-95.410719,29.832524],[-95.410767,29.834718],[-95.409915,29.834725],[-95.409918,29.835803],[-95.404057,29.835871],[-95.404046,29.834761],[-95.402851,29.834769],[-95.40286,29.835622],[-95.402905,29.837401],[-95.402912,29.838667],[-95.402331,29.838667],[-95.402036,29.838694],[-95.401584,29.838881],[-95.401449,29.838927],[-95.401101,29.838973],[-95.399523,29.838984],[-95.397793,29.838973],[-95.397967,29.839188],[-95.398368,29.839832],[-95.398647,29.8405],[-95.39875,29.841004],[-95.398882,29.841562],[-95.396674,29.841498],[-95.394335,29.84151],[-95.394307,29.843481],[-95.391421,29.843507],[-95.390865,29.842664]]]},"properties":{"Campus__Number":188,"Campus_Short_Name":"Kennedy ES","Street_Address":"400 Victoria Dr"}},{"type":"Feature","geometry":{"type":"Polygon","coordinates":[[[-95.351034,29.753045],[-95.350464,29.752848],[-95.349889,29.752876],[-95.348775,29.75295],[-95.347742,29.752993],[-95.347318,29.752834],[-95.34671,29.752605],[-95.346306,29.752362],[-95.34599,29.75213],[-95.345752,29.75193],[-95.345471,29.751594],[-95.344963,29.750924],[-95.344281,29.750252],[-95.343952,29.749927],[-95.343085,29.749354],[-95.341368,29.748333],[-95.339745,29.74736],[-95.339049,29.746951],[-95.338382,29.746553],[-95.337862,29.74721],[-95.336609,29.748793],[-95.334968,29.750863],[-95.334728,29.750598],[-95.334584,29.750477],[-95.334364,29.75033],[-95.33359,29.751492],[-95.333285,29.751314],[-95.332254,29.751015],[-95.330808,29.750532],[-95.328699,29.749938],[-95.329642,29.748869],[-95.328821,29.748598],[-95.328784,29.748479],[-95.32897,29.748022],[-95.329145,29.74759],[-95.328168,29.747286],[-95.328578,29.746262],[-95.327599,29.745978],[-95.328596,29.743502],[-95.327557,29.743331],[-95.325567,29.742849],[-95.324574,29.742543],[-95.324901,29.74171],[-95.325307,29.741152],[-95.325483,29.740909],[-95.326469,29.739662],[-95.327335,29.738554],[-95.327676,29.738123],[-95.328633,29.738711],[-95.329205,29.739006],[-95.329683,29.739184],[-95.330181,29.739255],[-95.331021,29.739357],[-95.331387,29.738442],[-95.331675,29.73778],[-95.331993,29.737387],[-95.332225,29.737168],[-95.332335,29.737078],[-95.332591,29.736935],[-95.332671,29.736897],[-95.333444,29.737119],[-95.333348,29.73736],[-95.335222,29.737913],[-95.335885,29.736288],[-95.337809,29.73686],[-95.339814,29.737446],[-95.34069,29.737713],[-95.340471,29.737024],[-95.337676,29.72846],[-95.345912,29.734688],[-95.347332,29.735579],[-95.350721,29.737707],[-95.358511,29.742689],[-95.359012,29.74298],[-95.359969,29.743388],[-95.360848,29.743699],[-95.361629,29.74403],[-95.36269,29.744465],[-95.358406,29.749714],[-95.357418,29.750923],[-95.354206,29.754963],[-95.35393,29.754795],[-95.352212,29.753765],[-95.351034,29.753045]]]},"properties":{"Campus__Number":192,"Campus_Short_Name":"Lantrip ES","Street_Address":"100 Telephone Rd"}},{"type":"Feature","geometry":{"type":"Polygon","coordinates":[[[-95.289201,29.673195],[-95.288404,29.672934],[-95.286692,29.672509],[-95.285857,29.672382],[-95.28513,29.672334],[-95.283745,29.672287],[-95.281855,29.672281],[-95.279104,29.67237],[-95.277886,29.672395],[-95.274623,29.672467],[-95.273402,29.672491],[-95.272656,29.672554],[-95.272007,29.672739],[-95.271222,29.673148],[-95.270212,29.673859],[-95.267907,29.675621],[-95.26493,29.672523],[-95.263827,29.671274],[-95.26292,29.670013],[-95.263463,29.670004],[-95.263875,29.669991],[-95.264811,29.669959],[-95.264877,29.669956],[-95.265186,29.669956],[-95.265188,29.669956],[-95.265745,29.669939],[-95.266143,29.66993],[-95.26639,29.669925],[-95.266584,29.669923],[-95.266687,29.669921],[-95.266688,29.669921],[-95.266695,29.669921],[-95.266695,29.669921],[-95.266695,29.669921],[-95.266695,29.669921],[-95.266838,29.669917],[-95.267096,29.669913],[-95.267283,29.669912],[-95.267287,29.669911],[-95.26754,29.669907],[-95.267545,29.669907],[-95.26769,29.669905],[-95.26769,29.669905],[-95.26769,29.669904],[-95.26769,29.669904],[-95.26769,29.669904],[-95.26769,29.669893],[-95.267689,29.669863],[-95.267688,29.669849],[-95.267676,29.669544],[-95.267676,29.669544],[-95.267676,29.669544],[-95.267676,29.669544],[-95.267676,29.669533],[-95.267673,29.66938],[-95.267673,29.66938],[-95.267673,29.66938],[-95.267673,29.66938],[-95.267666,29.669069],[-95.267666,29.669069],[-95.267666,29.669069],[-95.267666,29.669068],[-95.267652,29.66875],[-95.267652,29.66875],[-95.267652,29.668749],[-95.267652,29.668749],[-95.267651,29.668585],[-95.267651,29.668585],[-95.267651,29.668584],[-95.267651,29.668584],[-95.267646,29.668262],[-95.267646,29.668262],[-95.267646,29.668262],[-95.267646,29.668262],[-95.267641,29.667924],[-95.267641,29.667924],[-95.267641,29.667924],[-95.267641,29.667924],[-95.267639,29.667759],[-95.267639,29.667759],[-95.267639,29.667759],[-95.267639,29.667758],[-95.267635,29.667425],[-95.267635,29.667425],[-95.267635,29.667425],[-95.267635,29.667425],[-95.267631,29.667097],[-95.267631,29.667097],[-95.267631,29.667097],[-95.267631,29.667097],[-95.267629,29.666935],[-95.267629,29.666935],[-95.267629,29.666935],[-95.267629,29.666934],[-95.267617,29.666608],[-95.267606,29.666273],[-95.267606,29.666273],[-95.267606,29.666273],[-95.267606,29.666273],[-95.267612,29.666111],[-95.267612,29.666111],[-95.267612,29.666111],[-95.267612,29.66611],[-95.267608,29.665783],[-95.267608,29.665783],[-95.267608,29.665783],[-95.267608,29.665783],[-95.267606,29.665457],[-95.267606,29.665457],[-95.267606,29.665457],[-95.267606,29.665457],[-95.267606,29.665456],[-95.267604,29.665292],[-95.267604,29.665292],[-95.267604,29.665292],[-95.267604,29.665292],[-95.267604,29.665291],[-95.267604,29.665291],[-95.267604,29.66529],[-95.267604,29.66529],[-95.267602,29.66496],[-95.267602,29.66496],[-95.267602,29.66496],[-95.267602,29.66496],[-95.267592,29.664632],[-95.267587,29.664468],[-95.267577,29.664134],[-95.267565,29.663801],[-95.267559,29.663637],[-95.267559,29.663637],[-95.267559,29.663637],[-95.267559,29.663636],[-95.267564,29.663303],[-95.267564,29.663303],[-95.267564,29.663303],[-95.267564,29.663303],[-95.267548,29.662972],[-95.267541,29.662811],[-95.267525,29.662479],[-95.267525,29.662479],[-95.267525,29.662479],[-95.267525,29.662479],[-95.267517,29.662148],[-95.267517,29.662148],[-95.267517,29.662148],[-95.267517,29.662148],[-95.267512,29.661983],[-95.267512,29.661983],[-95.267512,29.661983],[-95.267512,29.661982],[-95.267504,29.661655],[-95.267504,29.661655],[-95.267504,29.661655],[-95.267504,29.661655],[-95.267504,29.661652],[-95.267504,29.661652],[-95.267504,29.661652],[-95.267504,29.661652],[-95.267494,29.661325],[-95.267494,29.661325],[-95.267494,29.661324],[-95.267494,29.661324],[-95.267492,29.661161],[-95.267492,29.661161],[-95.267492,29.661161],[-95.267492,29.661161],[-95.267483,29.660831],[-95.267474,29.660501],[-95.267468,29.660337],[-95.267458,29.660005],[-95.267458,29.660002],[-95.267411,29.658516],[-95.267411,29.658516],[-95.267411,29.658516],[-95.267411,29.658516],[-95.26741,29.658503],[-95.26741,29.658495],[-95.267395,29.658198],[-95.267387,29.658053],[-95.267387,29.658053],[-95.267387,29.658053],[-95.267387,29.658053],[-95.267386,29.657948],[-95.267386,29.657948],[-95.267386,29.657948],[-95.267386,29.657948],[-95.267383,29.657765],[-95.267633,29.657869],[-95.268154,29.657973],[-95.26896,29.658045],[-95.269608,29.65806],[-95.272317,29.657985],[-95.278116,29.657869],[-95.279785,29.657832],[-95.281999,29.657776],[-95.28328,29.657764],[-95.283925,29.657711],[-95.284669,29.657615],[-95.285383,29.657434],[-95.286332,29.657023],[-95.286949,29.656729],[-95.287584,29.656427],[-95.288104,29.656179],[-95.288858,29.65582],[-95.288929,29.659403],[-95.28903,29.665371],[-95.289146,29.670311],[-95.289197,29.672751],[-95.289201,29.673195]]]},"properties":{"Campus__Number":194,"Campus_Short_Name":"Lewis ES","Street_Address":"6745 Tipperary"}},{"type":"Feature","geometry":{"type":"Polygon","coordinates":[[[-95.339044,29.718989],[-95.339703,29.717375],[-95.339926,29.716631],[-95.339969,29.716094],[-95.340008,29.715762],[-95.340636,29.715988],[-95.342188,29.716511],[-95.342506,29.715716],[-95.343202,29.713954],[-95.343518,29.713169],[-95.343818,29.712472],[-95.344196,29.712626],[-95.344578,29.712636],[-95.344909,29.712574],[-95.345272,29.712369],[-95.345808,29.711929],[-95.346453,29.711493],[-95.346955,29.71122],[-95.347506,29.711116],[-95.348169,29.710919],[-95.348665,29.710837],[-95.349686,29.710578],[-95.350238,29.71045],[-95.350906,29.710134],[-95.351933,29.709732],[-95.352677,29.709585],[-95.353721,29.709446],[-95.354625,29.709423],[-95.355635,29.709498],[-95.356562,29.709685],[-95.35781,29.706518],[-95.360148,29.707221],[-95.360332,29.707268],[-95.360556,29.707291],[-95.360982,29.70729],[-95.36063,29.708237],[-95.361272,29.708332],[-95.361657,29.708389],[-95.36187,29.708428],[-95.362024,29.708505],[-95.362118,29.708623],[-95.362152,29.708748],[-95.362122,29.709413],[-95.362126,29.71024],[-95.36281,29.710234],[-95.364535,29.710186],[-95.366623,29.709932],[-95.368029,29.709636],[-95.368611,29.709436],[-95.369081,29.709306],[-95.369383,29.709266],[-95.369843,29.709398],[-95.370133,29.709717],[-95.370266,29.709816],[-95.3705,29.71018],[-95.371085,29.710304],[-95.37142,29.710394],[-95.371842,29.710502],[-95.372359,29.71072],[-95.372837,29.710922],[-95.373474,29.711168],[-95.37452,29.709674],[-95.375788,29.710121],[-95.378025,29.711014],[-95.378142,29.711253],[-95.37851,29.712438],[-95.378757,29.713348],[-95.37883,29.714081],[-95.378868,29.714855],[-95.378804,29.715728],[-95.37858,29.716948],[-95.37723,29.72124],[-95.376618,29.723215],[-95.375996,29.724545],[-95.375764,29.725055],[-95.373786,29.727595],[-95.372938,29.728804],[-95.372587,29.729624],[-95.371789,29.72912],[-95.370204,29.731097],[-95.365572,29.728305],[-95.361665,29.72594],[-95.362651,29.724704],[-95.362444,29.724575],[-95.361974,29.724071],[-95.36142,29.723742],[-95.359822,29.723244],[-95.359708,29.723527],[-95.359659,29.724056],[-95.359573,29.724602],[-95.359378,29.724996],[-95.359113,29.725026],[-95.358993,29.725321],[-95.358843,29.725679],[-95.357027,29.725108],[-95.356281,29.7249],[-95.355955,29.724887],[-95.355113,29.724947],[-95.354736,29.724892],[-95.353434,29.724493],[-95.350942,29.723733],[-95.350524,29.724799],[-95.346392,29.723521],[-95.34683,29.72244],[-95.342339,29.721073],[-95.342646,29.720117],[-95.339044,29.718989]]]},"properties":{"Campus__Number":195,"Campus_Short_Name":"Lockhart ES","Street_Address":"3200 Rosedale St"}},{"type":"Feature","geometry":{"type":"Polygon","coordinates":[[[-95.416342,29.695679],[-95.415193,29.694963],[-95.41468,29.694646],[-95.414394,29.694432],[-95.414402,29.694423],[-95.413913,29.694001],[-95.413732,29.69376],[-95.413322,29.69365],[-95.413331,29.693169],[-95.41307,29.692784],[-95.408005,29.694011],[-95.406848,29.69429],[-95.404772,29.694789],[-95.404796,29.693813],[-95.404815,29.693022],[-95.404806,29.692661],[-95.40463,29.692092],[-95.404386,29.691642],[-95.404013,29.691222],[-95.403684,29.6908],[-95.403465,29.69035],[-95.403326,29.689912],[-95.40332,29.688901],[-95.403204,29.682223],[-95.403151,29.678903],[-95.40438,29.678663],[-95.406471,29.678318],[-95.408008,29.678149],[-95.411054,29.678021],[-95.416585,29.67781],[-95.417233,29.677785],[-95.424311,29.677459],[-95.425721,29.677515],[-95.427577,29.677622],[-95.4291,29.677873],[-95.43201,29.678486],[-95.434007,29.678959],[-95.43507,29.679217],[-95.436094,29.67932],[-95.437075,29.679442],[-95.438278,29.679455],[-95.439964,29.679423],[-95.44683,29.67933],[-95.447002,29.6874],[-95.446684,29.687438],[-95.446391,29.687475],[-95.446145,29.687623],[-95.445911,29.687772],[-95.445648,29.68802],[-95.443456,29.690069],[-95.44267,29.690758],[-95.442232,29.690946],[-95.441846,29.691079],[-95.441386,29.691156],[-95.440994,29.691112],[-95.440541,29.691],[-95.440078,29.690749],[-95.440078,29.690746],[-95.440077,29.690745],[-95.439657,29.690532],[-95.438906,29.69011],[-95.438408,29.689963],[-95.438143,29.690033],[-95.437035,29.690424],[-95.436189,29.690821],[-95.43592,29.691024],[-95.435261,29.691714],[-95.435012,29.691956],[-95.434723,29.692082],[-95.434461,29.692075],[-95.434134,29.692028],[-95.433681,29.691844],[-95.433016,29.691463],[-95.432477,29.691238],[-95.432086,29.691133],[-95.431693,29.691122],[-95.431469,29.691107],[-95.431234,29.691091],[-95.430419,29.69126],[-95.429425,29.69152],[-95.429086,29.691817],[-95.428899,29.692175],[-95.428838,29.69267],[-95.428796,29.693242],[-95.428718,29.693584],[-95.428575,29.693924],[-95.427478,29.69527],[-95.42661,29.696298],[-95.425984,29.696664],[-95.425519,29.696823],[-95.424989,29.696981],[-95.424441,29.697005],[-95.423981,29.696992],[-95.423459,29.696921],[-95.422854,29.696695],[-95.421651,29.696051],[-95.421091,29.695788],[-95.4207,29.695701],[-95.420241,29.695708],[-95.419864,29.69585],[-95.419505,29.696089],[-95.418828,29.696663],[-95.418307,29.697184],[-95.418006,29.697363],[-95.417913,29.697121],[-95.417763,29.696878],[-95.41733,29.696365],[-95.416831,29.696007],[-95.416342,29.695679]]]},"properties":{"Campus__Number":196,"Campus_Short_Name":"Longfellow ES","Street_Address":"3617 Norris"}},{"type":"Feature","geometry":{"type":"Polygon","coordinates":[[[-95.347328,29.790714],[-95.351125,29.790683],[-95.35597,29.790643],[-95.356,29.791496],[-95.356046,29.793185],[-95.357033,29.793144],[-95.358057,29.793153],[-95.359014,29.793168],[-95.361375,29.793167],[-95.362704,29.793143],[-95.362831,29.79305],[-95.367437,29.796608],[-95.367787,29.796956],[-95.367936,29.797343],[-95.367953,29.797676],[-95.367943,29.798191],[-95.366599,29.798209],[-95.36568,29.798225],[-95.365692,29.79991],[-95.365719,29.801626],[-95.363873,29.801652],[-95.36203,29.801676],[-95.361051,29.801694],[-95.361101,29.804946],[-95.357524,29.805006],[-95.357446,29.805008],[-95.357448,29.805054],[-95.356402,29.805077],[-95.350578,29.805185],[-95.350357,29.805188],[-95.350365,29.806184],[-95.348721,29.806182],[-95.3472,29.800179],[-95.34616,29.795262],[-95.346066,29.794447],[-95.346067,29.794041],[-95.346221,29.793568],[-95.346991,29.791566],[-95.347328,29.790714]]]},"properties":{"Campus__Number":197,"Campus_Short_Name":"Looscan ES","Street_Address":"3800 Robertson St"}},{"type":"Feature","geometry":{"type":"Polygon","coordinates":[[[-95.411764,29.799887],[-95.411705,29.799707],[-95.410086,29.799727],[-95.410086,29.79973],[-95.408458,29.799772],[-95.406873,29.799779],[-95.405267,29.799817],[-95.403564,29.799845],[-95.400255,29.799872],[-95.39787,29.799912],[-95.397835,29.798073],[-95.397798,29.796226],[-95.397789,29.795804],[-95.397723,29.792542],[-95.397702,29.790693],[-95.398978,29.790687],[-95.401168,29.790652],[-95.401153,29.7888],[-95.401073,29.785117],[-95.401015,29.783268],[-95.399938,29.78328],[-95.399902,29.781432],[-95.398798,29.781452],[-95.398738,29.777778],[-95.398712,29.776555],[-95.399418,29.776544],[-95.400389,29.776546],[-95.401406,29.776583],[-95.40242,29.776656],[-95.403619,29.776815],[-95.404666,29.776992],[-95.405442,29.777122],[-95.406097,29.777233],[-95.406804,29.777352],[-95.407567,29.777439],[-95.408551,29.777516],[-95.409329,29.777555],[-95.409617,29.777551],[-95.414939,29.777478],[-95.418073,29.777435],[-95.41806,29.777937],[-95.418093,29.779115],[-95.418122,29.779843],[-95.41814,29.780572],[-95.418137,29.781365],[-95.418136,29.781749],[-95.418101,29.781948],[-95.418024,29.782323],[-95.417865,29.782934],[-95.417697,29.783568],[-95.413634,29.783438],[-95.413673,29.783592],[-95.413838,29.783864],[-95.416033,29.786234],[-95.416288,29.786451],[-95.416438,29.786551],[-95.416632,29.786633],[-95.417306,29.786772],[-95.417834,29.786958],[-95.41818,29.787147],[-95.418371,29.787317],[-95.418488,29.787506],[-95.418564,29.787673],[-95.418551,29.787823],[-95.418475,29.788108],[-95.418159,29.788701],[-95.417859,29.789041],[-95.417656,29.789208],[-95.417471,29.789346],[-95.417231,29.789612],[-95.417117,29.789824],[-95.417077,29.790125],[-95.417116,29.790311],[-95.417233,29.790508],[-95.417408,29.790656],[-95.417648,29.790848],[-95.41817,29.791177],[-95.419351,29.791947],[-95.419666,29.792213],[-95.419915,29.792478],[-95.420169,29.792965],[-95.42035,29.793199],[-95.420613,29.793421],[-95.420855,29.793556],[-95.42121,29.793698],[-95.421883,29.793966],[-95.422277,29.794192],[-95.422491,29.794412],[-95.422767,29.794764],[-95.422897,29.795032],[-95.423208,29.796001],[-95.421401,29.795995],[-95.421398,29.795616],[-95.420634,29.795579],[-95.417879,29.795583],[-95.417886,29.796181],[-95.41789,29.796534],[-95.417917,29.797808],[-95.417934,29.79868],[-95.417962,29.799672],[-95.417976,29.800683],[-95.414947,29.800702],[-95.412114,29.800715],[-95.41205,29.800485],[-95.411982,29.800355],[-95.411853,29.800106],[-95.411764,29.799887]]]},"properties":{"Campus__Number":198,"Campus_Short_Name":"Love ES","Street_Address":"1120 W 13th St"}},{"type":"Feature","geometry":{"type":"Polygon","coordinates":[[[-95.362007,29.859198],[-95.360937,29.854827],[-95.360216,29.851969],[-95.358845,29.84654],[-95.359522,29.846428],[-95.360085,29.846338],[-95.360553,29.846289],[-95.360803,29.846278],[-95.361367,29.846273],[-95.361807,29.846286],[-95.362551,29.846253],[-95.363019,29.846245],[-95.365886,29.846213],[-95.366807,29.846206],[-95.367633,29.846191],[-95.368337,29.846196],[-95.368352,29.847022],[-95.368375,29.847837],[-95.368391,29.848653],[-95.371839,29.848661],[-95.371823,29.84784],[-95.372325,29.847842],[-95.372345,29.848057],[-95.376159,29.848029],[-95.376155,29.847721],[-95.384477,29.847646],[-95.384525,29.850269],[-95.384584,29.853821],[-95.38463,29.856758],[-95.382952,29.856758],[-95.383219,29.857326],[-95.383374,29.857656],[-95.380482,29.85772],[-95.380479,29.857448],[-95.37628,29.857573],[-95.376277,29.857335],[-95.3731,29.85735],[-95.372599,29.857552],[-95.372436,29.857378],[-95.371982,29.857397],[-95.37199,29.858131],[-95.372019,29.859044],[-95.368051,29.859019],[-95.3651,29.859038],[-95.364511,29.859045],[-95.363469,29.859079],[-95.362007,29.859198]]]},"properties":{"Campus__Number":128,"Campus_Short_Name":"Lyons ES","Street_Address":"800 Roxella Rd"}},{"type":"Feature","geometry":{"type":"Polygon","coordinates":[[[-95.378031,29.733968],[-95.376254,29.732898],[-95.372785,29.733146],[-95.37085,29.734135],[-95.371623,29.731969],[-95.371814,29.730517],[-95.372456,29.729541],[-95.372587,29.729624],[-95.372588,29.729621],[-95.372938,29.728804],[-95.373786,29.727595],[-95.375764,29.725055],[-95.375996,29.724545],[-95.376618,29.723215],[-95.376935,29.722189],[-95.378631,29.72321],[-95.38104,29.724669],[-95.382286,29.725428],[-95.382846,29.724711],[-95.38411,29.723122],[-95.38445,29.7227],[-95.387011,29.724251],[-95.389614,29.725796],[-95.389902,29.72596],[-95.39026,29.726084],[-95.390479,29.726118],[-95.390707,29.726124],[-95.391022,29.726138],[-95.39103,29.726962],[-95.391062,29.729352],[-95.391105,29.731853],[-95.391138,29.735317],[-95.391185,29.738782],[-95.389874,29.738798],[-95.388892,29.7388],[-95.386966,29.738855],[-95.386488,29.738868],[-95.386513,29.740552],[-95.386526,29.741399],[-95.386536,29.74242],[-95.385941,29.742427],[-95.385937,29.743497],[-95.385951,29.744576],[-95.38302,29.744659],[-95.382343,29.744622],[-95.382019,29.744573],[-95.381702,29.744451],[-95.381128,29.744109],[-95.379646,29.743213],[-95.380204,29.742492],[-95.381132,29.741334],[-95.3817,29.740639],[-95.381748,29.740216],[-95.381828,29.739735],[-95.381914,29.739306],[-95.382177,29.738908],[-95.381991,29.738893],[-95.381429,29.738765],[-95.380843,29.738474],[-95.379546,29.737684],[-95.378276,29.736881],[-95.378838,29.736158],[-95.379779,29.735012],[-95.378031,29.733968]]]},"properties":{"Campus__Number":201,"Campus_Short_Name":"MacGregor ES","Street_Address":"4801 Labranch St"}},{"type":"Feature","geometry":{"type":"Polygon","coordinates":[[[-95.320096,29.666196],[-95.319228,29.66604],[-95.318909,29.666064],[-95.318418,29.666102],[-95.317964,29.666179],[-95.315296,29.65739],[-95.311916,29.645994],[-95.312219,29.645862],[-95.312897,29.645705],[-95.314239,29.64565],[-95.320402,29.645552],[-95.321666,29.64553],[-95.322347,29.645504],[-95.323026,29.645334],[-95.324022,29.644974],[-95.324107,29.650794],[-95.324738,29.65074],[-95.325512,29.650499],[-95.325822,29.650244],[-95.326325,29.649948],[-95.326768,29.649793],[-95.327456,29.649668],[-95.327973,29.649754],[-95.328218,29.649761],[-95.32855,29.649651],[-95.328886,29.649445],[-95.329225,29.649144],[-95.331341,29.646574],[-95.331761,29.646275],[-95.332035,29.646283],[-95.332444,29.646294],[-95.332936,29.646308],[-95.333373,29.64632],[-95.33365,29.646232],[-95.333983,29.646097],[-95.334264,29.645866],[-95.334713,29.645544],[-95.33494,29.645312],[-95.335284,29.645273],[-95.335691,29.645356],[-95.335962,29.645411],[-95.336235,29.645419],[-95.33648,29.645449],[-95.336812,29.645363],[-95.33703,29.64528],[-95.337318,29.644971],[-95.337491,29.644713],[-95.337879,29.644556],[-95.338212,29.644446],[-95.338594,29.644456],[-95.339081,29.644589],[-95.339569,29.644722],[-95.34005,29.645021],[-95.340557,29.64537],[-95.341013,29.645621],[-95.341549,29.645922],[-95.341922,29.646046],[-95.341854,29.646407],[-95.341825,29.646626],[-95.341818,29.646826],[-95.342291,29.651371],[-95.338759,29.651655],[-95.338852,29.653289],[-95.338895,29.657274],[-95.34023,29.657263],[-95.340271,29.657681],[-95.340284,29.658201],[-95.340277,29.658597],[-95.339778,29.658602],[-95.339806,29.660708],[-95.341252,29.660695],[-95.341289,29.664587],[-95.340732,29.664603],[-95.337164,29.664665],[-95.337164,29.664665],[-95.334218,29.664722],[-95.329489,29.66482],[-95.326693,29.664874],[-95.323289,29.664939],[-95.322196,29.664909],[-95.321608,29.664802],[-95.320906,29.664581],[-95.320945,29.666355],[-95.320588,29.666288],[-95.320096,29.666196]]]},"properties":{"Campus__Number":203,"Campus_Short_Name":"Mading ES","Street_Address":"8511 Crestmont St"}},{"type":"Feature","geometry":{"type":"Polygon","coordinates":[[[-95.348987,29.783431],[-95.349793,29.783396],[-95.350607,29.78338],[-95.352238,29.783358],[-95.354699,29.783344],[-95.356108,29.783346],[-95.356127,29.784953],[-95.35615,29.786728],[-95.358623,29.786711],[-95.360699,29.786679],[-95.361285,29.786664],[-95.361297,29.787],[-95.361611,29.787046],[-95.362404,29.787153],[-95.362364,29.787575],[-95.363451,29.788015],[-95.363418,29.788064],[-95.363328,29.788288],[-95.363255,29.78843],[-95.362986,29.788661],[-95.362774,29.788858],[-95.362508,29.789018],[-95.362381,29.789122],[-95.362226,29.789261],[-95.362054,29.78946],[-95.361915,29.789528],[-95.361842,29.789657],[-95.361863,29.789837],[-95.365154,29.78983],[-95.371795,29.789794],[-95.371788,29.790963],[-95.371722,29.7923],[-95.371681,29.793966],[-95.371755,29.79814],[-95.367944,29.798191],[-95.367943,29.798191],[-95.367953,29.797676],[-95.367936,29.797343],[-95.367787,29.796956],[-95.367437,29.796608],[-95.362831,29.79305],[-95.362704,29.793143],[-95.361375,29.793167],[-95.359014,29.793168],[-95.358057,29.793153],[-95.357033,29.793144],[-95.356046,29.793185],[-95.356,29.791496],[-95.35597,29.790643],[-95.351125,29.790683],[-95.347328,29.790714],[-95.348798,29.786994],[-95.348957,29.786377],[-95.349028,29.785901],[-95.349048,29.785353],[-95.348987,29.783431]]]},"properties":{"Campus__Number":289,"Campus_Short_Name":"Martinez C ES","Street_Address":"901 Hays St"}},{"type":"Feature","geometry":{"type":"Polygon","coordinates":[[[-95.281322,29.781843],[-95.281283,29.781555],[-95.278597,29.781595],[-95.278548,29.77876],[-95.278518,29.777943],[-95.279484,29.778042],[-95.280091,29.778073],[-95.281094,29.778043],[-95.284051,29.778039],[-95.284022,29.776884],[-95.283958,29.774118],[-95.287392,29.774051],[-95.287355,29.772596],[-95.289519,29.772838],[-95.290014,29.772863],[-95.29932,29.759366],[-95.300245,29.758008],[-95.30127,29.758552],[-95.301249,29.760715],[-95.301216,29.766436],[-95.301213,29.768706],[-95.301211,29.770079],[-95.301121,29.772833],[-95.30112,29.774373],[-95.301175,29.780351],[-95.291622,29.780491],[-95.291618,29.780331],[-95.288286,29.780359],[-95.288332,29.781794],[-95.281322,29.781843]]]},"properties":{"Campus__Number":298,"Campus_Short_Name":"Martinez R ES","Street_Address":"7211 Market St"}},{"type":"Feature","geometry":{"type":"Polygon","coordinates":[[[-95.515758,29.673585],[-95.515924,29.674051],[-95.51605,29.674728],[-95.515991,29.675267],[-95.515832,29.675535],[-95.51537,29.675999],[-95.514827,29.676544],[-95.514473,29.677029],[-95.514378,29.677327],[-95.51438,29.677882],[-95.514395,29.67836],[-95.512975,29.678391],[-95.513008,29.684603],[-95.513474,29.684388],[-95.513519,29.686332],[-95.513563,29.686779],[-95.513732,29.687217],[-95.513782,29.687573],[-95.513828,29.691114],[-95.513082,29.691193],[-95.512637,29.691327],[-95.512054,29.691502],[-95.511279,29.691736],[-95.510805,29.691879],[-95.510389,29.691947],[-95.509969,29.692017],[-95.508712,29.692095],[-95.507524,29.69201],[-95.506926,29.691897],[-95.506148,29.691711],[-95.505504,29.69145],[-95.504732,29.691094],[-95.503997,29.690657],[-95.503153,29.690052],[-95.502904,29.689794],[-95.49962,29.691488],[-95.499464,29.69119],[-95.499393,29.690821],[-95.496904,29.690846],[-95.49687,29.68823],[-95.496872,29.688036],[-95.496927,29.687674],[-95.497022,29.687485],[-95.497278,29.687138],[-95.497403,29.687002],[-95.497576,29.686758],[-95.497662,29.686563],[-95.497719,29.686266],[-95.497725,29.68533],[-95.4977,29.683919],[-95.497655,29.682127],[-95.497645,29.681025],[-95.497642,29.680182],[-95.497596,29.679724],[-95.497482,29.679304],[-95.497071,29.678352],[-95.499562,29.677932],[-95.503325,29.677304],[-95.504211,29.677003],[-95.505319,29.676592],[-95.506181,29.676347],[-95.506972,29.676234],[-95.507696,29.676177],[-95.508648,29.676177],[-95.510097,29.676151],[-95.510749,29.676079],[-95.511818,29.675808],[-95.512725,29.675294],[-95.513772,29.674665],[-95.514789,29.673915],[-95.515654,29.673609],[-95.515758,29.673585]]]},"properties":{"Campus__Number":227,"Campus_Short_Name":"McNamara ES","Street_Address":"8714 Mcavoy Dr"}},{"type":"Feature","geometry":{"type":"Polygon","coordinates":[[[-95.418093,29.779115],[-95.41806,29.777937],[-95.418073,29.777435],[-95.414939,29.777478],[-95.409617,29.777551],[-95.409329,29.777555],[-95.408551,29.777516],[-95.407567,29.777439],[-95.406804,29.777352],[-95.406097,29.777233],[-95.405442,29.777122],[-95.404666,29.776992],[-95.403619,29.776815],[-95.40242,29.776656],[-95.401406,29.776583],[-95.400389,29.776546],[-95.399418,29.776544],[-95.398712,29.776555],[-95.397442,29.776575],[-95.397378,29.774272],[-95.397325,29.770412],[-95.397306,29.770061],[-95.397279,29.769561],[-95.397216,29.76919],[-95.397162,29.768858],[-95.397117,29.768555],[-95.397119,29.768369],[-95.397122,29.768026],[-95.39712,29.767623],[-95.397119,29.767331],[-95.39719,29.767119],[-95.397306,29.766772],[-95.397373,29.766571],[-95.397723,29.76598],[-95.398315,29.765143],[-95.398629,29.764613],[-95.398835,29.764248],[-95.398952,29.763947],[-95.399023,29.763534],[-95.398977,29.763171],[-95.398496,29.761989],[-95.398862,29.761915],[-95.39933,29.761911],[-95.399908,29.761975],[-95.400298,29.762035],[-95.40084,29.762066],[-95.401384,29.761999],[-95.401764,29.761846],[-95.402087,29.761691],[-95.402622,29.761395],[-95.403116,29.761164],[-95.403683,29.761],[-95.404193,29.76085],[-95.404977,29.760887],[-95.405723,29.760956],[-95.406511,29.76088],[-95.407152,29.76075],[-95.407815,29.760507],[-95.40821,29.760436],[-95.408418,29.760392],[-95.408633,29.760448],[-95.409185,29.760641],[-95.409519,29.760793],[-95.409784,29.761029],[-95.410063,29.761199],[-95.410429,29.761381],[-95.410741,29.761533],[-95.410977,29.761682],[-95.411232,29.76188],[-95.411762,29.762066],[-95.412065,29.762179],[-95.412499,29.762296],[-95.412771,29.762342],[-95.412991,29.7623],[-95.413141,29.762103],[-95.413192,29.761894],[-95.413203,29.761589],[-95.413202,29.761293],[-95.413212,29.760997],[-95.41328,29.760645],[-95.413409,29.760391],[-95.413517,29.760107],[-95.413753,29.75996],[-95.414391,29.759872],[-95.415011,29.759985],[-95.41542,29.760167],[-95.415693,29.760203],[-95.416046,29.760127],[-95.416355,29.759753],[-95.416532,29.759366],[-95.416671,29.75916],[-95.416789,29.758934],[-95.416948,29.758747],[-95.417398,29.758405],[-95.417624,29.758201],[-95.417884,29.757988],[-95.418099,29.757794],[-95.4184,29.757639],[-95.418616,29.757712],[-95.418784,29.757907],[-95.418949,29.758198],[-95.419083,29.758441],[-95.419283,29.758666],[-95.419526,29.75893],[-95.41973,29.75905],[-95.419934,29.759161],[-95.420182,29.759254],[-95.420393,29.759173],[-95.420642,29.75896],[-95.420799,29.75885],[-95.42106,29.75857],[-95.421166,29.758382],[-95.421295,29.758127],[-95.421568,29.757838],[-95.421814,29.757692],[-95.422094,29.757518],[-95.42226,29.757456],[-95.422512,29.757453],[-95.422765,29.757737],[-95.422899,29.75797],[-95.423002,29.758154],[-95.423236,29.758342],[-95.423452,29.758424],[-95.423736,29.75846],[-95.424044,29.75842],[-95.424334,29.758266],[-95.424405,29.758115],[-95.424428,29.757752],[-95.42446,29.757467],[-95.42456,29.757135],[-95.424655,29.756918],[-95.424794,29.756845],[-95.425153,29.756922],[-95.42541,29.757081],[-95.425553,29.757362],[-95.425785,29.757636],[-95.426,29.757747],[-95.426237,29.757848],[-95.42645,29.758017],[-95.426684,29.758223],[-95.426808,29.758437],[-95.426819,29.758724],[-95.427002,29.759139],[-95.427137,29.759353],[-95.427271,29.759596],[-95.427425,29.759886],[-95.427526,29.760128],[-95.427768,29.760392],[-95.427949,29.76054],[-95.428186,29.760652],[-95.428384,29.760628],[-95.428529,29.760546],[-95.428614,29.760319],[-95.428591,29.760042],[-95.428566,29.759812],[-95.428542,29.759572],[-95.428553,29.759257],[-95.428606,29.758991],[-95.428795,29.758585],[-95.42891,29.758416],[-95.429178,29.75828],[-95.429432,29.758211],[-95.429958,29.758206],[-95.430349,29.758302],[-95.430833,29.758535],[-95.431185,29.758811],[-95.431427,29.759085],[-95.431681,29.759331],[-95.43215,29.759697],[-95.432298,29.759844],[-95.432602,29.759929],[-95.432909,29.759927],[-95.433071,29.759664],[-95.433168,29.759409],[-95.433174,29.759218],[-95.433151,29.75895],[-95.433149,29.758701],[-95.433201,29.758445],[-95.433264,29.758217],[-95.433361,29.757962],[-95.433599,29.75771],[-95.433886,29.757661],[-95.434224,29.757689],[-95.434639,29.757709],[-95.435204,29.757839],[-95.435419,29.757959],[-95.435665,29.758128],[-95.436085,29.75834],[-95.436483,29.758532],[-95.436804,29.758732],[-95.437127,29.758903],[-95.437404,29.75912],[-95.437749,29.759273],[-95.438157,29.759503],[-95.438482,29.759607],[-95.438779,29.759568],[-95.438959,29.759419],[-95.439163,29.759234],[-95.439211,29.759092],[-95.439143,29.75887],[-95.439034,29.758543],[-95.43893,29.758387],[-95.438706,29.7582],[-95.438526,29.758032],[-95.438376,29.757942],[-95.438176,29.757708],[-95.438086,29.757457],[-95.438071,29.757275],[-95.438176,29.757087],[-95.438331,29.757015],[-95.438497,29.75699],[-95.43888,29.756981],[-95.439065,29.757024],[-95.439438,29.756987],[-95.439682,29.756898],[-95.439852,29.75674],[-95.440069,29.756478],[-95.440283,29.756302],[-95.440523,29.756012],[-95.440907,29.755688],[-95.441102,29.755435],[-95.441243,29.755162],[-95.441355,29.754773],[-95.44143,29.754489],[-95.44155,29.754196],[-95.441713,29.753933],[-95.441937,29.753786],[-95.442267,29.753737],[-95.442596,29.753727],[-95.442931,29.753841],[-95.443256,29.753955],[-95.443612,29.754088],[-95.444004,29.754156],[-95.444551,29.754161],[-95.445025,29.754068],[-95.445367,29.754001],[-95.445663,29.75398],[-95.445915,29.753977],[-95.446163,29.754089],[-95.446339,29.754371],[-95.446392,29.754754],[-95.446462,29.754938],[-95.446734,29.755289],[-95.446958,29.755476],[-95.447279,29.755676],[-95.447601,29.755875],[-95.448088,29.756032],[-95.44862,29.756151],[-95.448979,29.756218],[-95.449919,29.756262],[-95.450355,29.756331],[-95.450721,29.756512],[-95.450922,29.756699],[-95.451199,29.756926],[-95.451403,29.757046],[-95.451727,29.757169],[-95.45213,29.757237],[-95.452423,29.757312],[-95.452689,29.757529],[-95.452735,29.757788],[-95.452672,29.758025],[-95.452632,29.758235],[-95.452625,29.758416],[-95.452834,29.758698],[-95.453102,29.758887],[-95.453522,29.75908],[-95.453974,29.759311],[-95.454511,29.759603],[-95.454825,29.759706],[-95.455161,29.759801],[-95.455454,29.759885],[-95.455742,29.759957],[-95.455907,29.76344],[-95.456038,29.765049],[-95.456183,29.766778],[-95.456239,29.767944],[-95.455964,29.773332],[-95.456792,29.773317],[-95.456789,29.773435],[-95.456789,29.773436],[-95.456776,29.773962],[-95.456772,29.77414],[-95.456843,29.774305],[-95.456842,29.774305],[-95.456649,29.774301],[-95.456766,29.782489],[-95.456519,29.782336],[-95.455946,29.781984],[-95.455374,29.781652],[-95.454229,29.780868],[-95.452745,29.779912],[-95.452087,29.779581],[-95.451223,29.779259],[-95.45069,29.779105],[-95.450317,29.779021],[-95.449229,29.778955],[-95.447776,29.77896],[-95.445072,29.77903],[-95.443959,29.779031],[-95.443122,29.778992],[-95.441866,29.778884],[-95.441471,29.778841],[-95.438487,29.783339],[-95.438185,29.783566],[-95.437898,29.78374],[-95.437599,29.783845],[-95.43723,29.783926],[-95.436753,29.783951],[-95.436145,29.783959],[-95.435636,29.783963],[-95.435183,29.783999],[-95.434647,29.78408],[-95.434071,29.784089],[-95.417697,29.783568],[-95.417865,29.782934],[-95.418024,29.782323],[-95.418101,29.781948],[-95.418136,29.781749],[-95.418137,29.781365],[-95.41814,29.780572],[-95.418122,29.779843],[-95.418093,29.779115]]]},"properties":{"Campus__Number":204,"Campus_Short_Name":"Memorial ES","Street_Address":"6401 Arnot St"}},{"type":"Feature","geometry":{"type":"Polygon","coordinates":[[[-95.508583,29.670871],[-95.508541,29.666565],[-95.508549,29.66564],[-95.508521,29.663591],[-95.508524,29.662795],[-95.508475,29.660617],[-95.508451,29.659194],[-95.508433,29.656023],[-95.508383,29.651532],[-95.508317,29.644255],[-95.511215,29.644212],[-95.511683,29.644211],[-95.512149,29.644153],[-95.512527,29.644093],[-95.512867,29.644042],[-95.51317,29.643976],[-95.513519,29.643873],[-95.514287,29.645548],[-95.514885,29.645335],[-95.514939,29.64858],[-95.519204,29.648583],[-95.519364,29.651095],[-95.527966,29.651029],[-95.527981,29.652471],[-95.528031,29.655689],[-95.528028,29.655689],[-95.528061,29.658955],[-95.521432,29.658873],[-95.521452,29.662306],[-95.524562,29.662327],[-95.52457,29.663104],[-95.525356,29.663094],[-95.52546,29.665327],[-95.525828,29.665339],[-95.526316,29.665339],[-95.526783,29.665212],[-95.527038,29.665089],[-95.527321,29.664991],[-95.527716,29.664984],[-95.528109,29.664977],[-95.528153,29.667041],[-95.5323,29.666976],[-95.532299,29.667244],[-95.532431,29.667877],[-95.53264,29.668656],[-95.532617,29.669087],[-95.532555,29.669311],[-95.532096,29.669179],[-95.531807,29.669161],[-95.531535,29.669235],[-95.531128,29.669452],[-95.530973,29.669539],[-95.530675,29.669629],[-95.53028,29.669666],[-95.530014,29.669671],[-95.529641,29.669659],[-95.528389,29.669684],[-95.528166,29.669689],[-95.52818,29.671336],[-95.527169,29.671347],[-95.524593,29.671373],[-95.524602,29.671942],[-95.52285,29.672095],[-95.521205,29.672231],[-95.517825,29.673098],[-95.515654,29.673609],[-95.514789,29.673915],[-95.513772,29.674665],[-95.512725,29.675294],[-95.511818,29.675808],[-95.510749,29.676079],[-95.510097,29.676151],[-95.508648,29.676177],[-95.508598,29.673179],[-95.508583,29.670871]]]},"properties":{"Campus__Number":299,"Campus_Short_Name":"Milne ES","Street_Address":"7800 Portal Dr"}},{"type":"Feature","geometry":{"type":"Polygon","coordinates":[[[-95.391406,29.856802],[-95.391044,29.856752],[-95.390323,29.856759],[-95.39031,29.856165],[-95.388436,29.856171],[-95.388428,29.856386],[-95.388013,29.856389],[-95.388012,29.85616],[-95.385345,29.856188],[-95.385374,29.856802],[-95.385129,29.856805],[-95.38463,29.856758],[-95.384584,29.853821],[-95.384525,29.850269],[-95.384477,29.847646],[-95.384461,29.846342],[-95.384459,29.845527],[-95.384443,29.845527],[-95.384432,29.845527],[-95.384428,29.844557],[-95.384421,29.843882],[-95.384402,29.842679],[-95.384387,29.841611],[-95.390146,29.841553],[-95.390865,29.842664],[-95.391833,29.844131],[-95.392831,29.845535],[-95.392835,29.845541],[-95.393673,29.846743],[-95.394766,29.848295],[-95.395664,29.849565],[-95.396716,29.851048],[-95.397664,29.852377],[-95.398975,29.85424],[-95.398327,29.85446],[-95.398412,29.854854],[-95.39816,29.854868],[-95.397979,29.854872],[-95.397806,29.854875],[-95.397817,29.857269],[-95.397669,29.857265],[-95.391387,29.857311],[-95.391406,29.856802]]]},"properties":{"Campus__Number":210,"Campus_Short_Name":"Northline ES","Street_Address":"821 Witcher Ln"}},{"type":"Feature","geometry":{"type":"Polygon","coordinates":[[[-95.428891,29.83939],[-95.428934,29.839142],[-95.429133,29.838732],[-95.429298,29.838411],[-95.429475,29.838066],[-95.42963,29.837666],[-95.429728,29.837258],[-95.429743,29.836408],[-95.429711,29.83476],[-95.429695,29.833106],[-95.429675,29.831462],[-95.429648,29.829815],[-95.429628,29.82829],[-95.429608,29.826792],[-95.429549,29.822088],[-95.429521,29.820717],[-95.429532,29.818853],[-95.429539,29.817269],[-95.429418,29.815985],[-95.429386,29.815143],[-95.43149,29.815131],[-95.432071,29.815127],[-95.432468,29.815125],[-95.432737,29.815037],[-95.432826,29.814812],[-95.432819,29.814238],[-95.432808,29.813719],[-95.432771,29.813356],[-95.432647,29.812783],[-95.432438,29.812374],[-95.432688,29.812317],[-95.433537,29.81201],[-95.436766,29.810724],[-95.440288,29.809204],[-95.440533,29.809371],[-95.440873,29.809692],[-95.441135,29.810003],[-95.441344,29.810326],[-95.441558,29.810756],[-95.441721,29.811082],[-95.441952,29.811547],[-95.442252,29.812324],[-95.442396,29.812715],[-95.442482,29.813187],[-95.442539,29.813495],[-95.442605,29.813901],[-95.442663,29.814256],[-95.442792,29.814665],[-95.442893,29.814985],[-95.442993,29.815214],[-95.443284,29.815744],[-95.443666,29.816374],[-95.443953,29.816851],[-95.444161,29.817241],[-95.444306,29.817693],[-95.444415,29.818103],[-95.444455,29.818476],[-95.44447,29.818921],[-95.444477,29.819237],[-95.444511,29.820535],[-95.438946,29.820598],[-95.439003,29.820994],[-95.439126,29.821536],[-95.439338,29.822342],[-95.439555,29.823144],[-95.43976,29.823948],[-95.439974,29.824751],[-95.440182,29.825555],[-95.440394,29.826357],[-95.440605,29.827159],[-95.440703,29.827531],[-95.440767,29.827776],[-95.440924,29.828231],[-95.441103,29.828591],[-95.441302,29.828991],[-95.441732,29.829718],[-95.442166,29.830462],[-95.441678,29.830709],[-95.441422,29.830892],[-95.441084,29.831212],[-95.440884,29.831466],[-95.441645,29.83195],[-95.441343,29.83242],[-95.44128,29.832605],[-95.441219,29.832887],[-95.441228,29.833113],[-95.441338,29.833522],[-95.441446,29.833711],[-95.441677,29.834002],[-95.441868,29.834172],[-95.442982,29.834865],[-95.443667,29.835295],[-95.443525,29.835474],[-95.44313,29.835973],[-95.442765,29.836422],[-95.442336,29.837172],[-95.442171,29.837667],[-95.44201,29.838149],[-95.441959,29.838384],[-95.446563,29.838388],[-95.446551,29.83983],[-95.447016,29.83984],[-95.447021,29.841078],[-95.444403,29.84109],[-95.441862,29.841102],[-95.441452,29.841102],[-95.436067,29.841121],[-95.434712,29.841124],[-95.430451,29.841131],[-95.429314,29.841083],[-95.42885,29.841049],[-95.428841,29.839978],[-95.428891,29.83939]]]},"properties":{"Campus__Number":211,"Campus_Short_Name":"Oak Forest ES","Street_Address":"1401 W 43rd St"}},{"type":"Feature","geometry":{"type":"Polygon","coordinates":[[[-95.206323,29.793882],[-95.208673,29.793842],[-95.208678,29.794568],[-95.214885,29.794507],[-95.214857,29.792577],[-95.218715,29.792503],[-95.218693,29.791584],[-95.222941,29.791508],[-95.231553,29.791339],[-95.231659,29.793659],[-95.236868,29.790887],[-95.239502,29.789265],[-95.242475,29.787342],[-95.24609,29.785103],[-95.24616,29.786776],[-95.25115,29.786764],[-95.259421,29.786694],[-95.259462,29.78371],[-95.263938,29.782297],[-95.263565,29.78126],[-95.270076,29.782158],[-95.270585,29.781718],[-95.273142,29.781677],[-95.273303,29.787617],[-95.275786,29.787543],[-95.275853,29.789307],[-95.276878,29.789121],[-95.276965,29.790225],[-95.277829,29.790079],[-95.278175,29.801312],[-95.280301,29.802711],[-95.27186,29.806283],[-95.260215,29.811264],[-95.252968,29.814321],[-95.239291,29.820198],[-95.229707,29.82428],[-95.229656,29.824115],[-95.229655,29.824112],[-95.229655,29.824112],[-95.229655,29.824112],[-95.229419,29.823702],[-95.229208,29.823337],[-95.228963,29.822911],[-95.228725,29.822498],[-95.228661,29.822386],[-95.228453,29.822027],[-95.228451,29.822025],[-95.228451,29.822025],[-95.227562,29.822289],[-95.227506,29.822305],[-95.227499,29.822307],[-95.22749,29.821875],[-95.22781,29.821677],[-95.228423,29.821115],[-95.228427,29.821118],[-95.228759,29.821462],[-95.228764,29.82146],[-95.228966,29.82137],[-95.229123,29.821103],[-95.229755,29.820815],[-95.229971,29.820547],[-95.230024,29.820338],[-95.230041,29.820296],[-95.230041,29.820296],[-95.230039,29.819968],[-95.230039,29.819967],[-95.230039,29.819967],[-95.230044,29.819937],[-95.23008,29.819721],[-95.230108,29.819567],[-95.230145,29.819373],[-95.230145,29.819373],[-95.230145,29.819372],[-95.230145,29.819372],[-95.230149,29.819201],[-95.2303,29.818925],[-95.230403,29.818728],[-95.230414,29.818726],[-95.230789,29.818672],[-95.230885,29.818454],[-95.230888,29.818447],[-95.230888,29.818446],[-95.230888,29.818446],[-95.231124,29.81791],[-95.231135,29.817885],[-95.231168,29.817809],[-95.231234,29.817459],[-95.231139,29.817201],[-95.230977,29.816753],[-95.230533,29.816448],[-95.230353,29.816362],[-95.230148,29.816547],[-95.230147,29.816547],[-95.230147,29.816547],[-95.230147,29.816547],[-95.229389,29.816613],[-95.229387,29.816613],[-95.229015,29.816577],[-95.228794,29.81656],[-95.228711,29.816518],[-95.228531,29.816248],[-95.228819,29.815759],[-95.229228,29.815537],[-95.229251,29.815528],[-95.229274,29.815521],[-95.229297,29.815513],[-95.22932,29.815506],[-95.229344,29.815499],[-95.229367,29.815492],[-95.229391,29.815485],[-95.229414,29.815479],[-95.229438,29.815473],[-95.229462,29.815467],[-95.229486,29.815462],[-95.229511,29.815457],[-95.229535,29.815452],[-95.229559,29.815448],[-95.229584,29.815443],[-95.229608,29.815439],[-95.229633,29.815436],[-95.229657,29.815432],[-95.229682,29.815429],[-95.229706,29.815426],[-95.229731,29.815424],[-95.230067,29.815379],[-95.230337,29.815309],[-95.230365,29.815303],[-95.230393,29.815297],[-95.230421,29.81529],[-95.230448,29.815283],[-95.230476,29.815276],[-95.230503,29.815269],[-95.230531,29.815261],[-95.230558,29.815252],[-95.230585,29.815244],[-95.230612,29.815235],[-95.230638,29.815225],[-95.230665,29.815215],[-95.230691,29.815205],[-95.230717,29.815195],[-95.230743,29.815184],[-95.230775,29.81517],[-95.230782,29.815167],[-95.230788,29.815163],[-95.230795,29.815159],[-95.230801,29.815155],[-95.230807,29.815151],[-95.230813,29.815146],[-95.230819,29.815142],[-95.230825,29.815138],[-95.230831,29.815133],[-95.230836,29.815129],[-95.230842,29.815124],[-95.230847,29.81512],[-95.230853,29.815115],[-95.230858,29.81511],[-95.230863,29.815106],[-95.230869,29.815101],[-95.230874,29.815096],[-95.230878,29.815091],[-95.230883,29.815086],[-95.230888,29.815081],[-95.230892,29.815076],[-95.230897,29.815071],[-95.230901,29.815066],[-95.230905,29.815061],[-95.23091,29.815056],[-95.230914,29.815051],[-95.230917,29.815045],[-95.230921,29.81504],[-95.230925,29.815034],[-95.230928,29.815029],[-95.230932,29.815023],[-95.230935,29.815018],[-95.230938,29.815012],[-95.230941,29.815006],[-95.230944,29.815001],[-95.230947,29.814995],[-95.23095,29.814989],[-95.230952,29.814983],[-95.230955,29.814977],[-95.230957,29.814971],[-95.230959,29.814965],[-95.230961,29.814959],[-95.230963,29.814953],[-95.230965,29.814947],[-95.230967,29.814941],[-95.230968,29.814935],[-95.230969,29.814929],[-95.230971,29.814922],[-95.230972,29.814916],[-95.230973,29.81491],[-95.230974,29.814898],[-95.230982,29.81485],[-95.230989,29.814802],[-95.230995,29.814755],[-95.230995,29.814755],[-95.230995,29.814755],[-95.230995,29.814754],[-95.230999,29.814707],[-95.230999,29.814707],[-95.230999,29.814707],[-95.230999,29.814707],[-95.231003,29.814659],[-95.231003,29.814659],[-95.231003,29.814659],[-95.231003,29.814659],[-95.231007,29.814598],[-95.231007,29.814597],[-95.231007,29.814597],[-95.231007,29.814597],[-95.231007,29.81455],[-95.231007,29.81455],[-95.231007,29.81455],[-95.231007,29.81455],[-95.231007,29.814502],[-95.231007,29.814502],[-95.231007,29.814502],[-95.231007,29.814502],[-95.231006,29.814455],[-95.231006,29.814455],[-95.231006,29.814455],[-95.231006,29.814455],[-95.231005,29.814449],[-95.231004,29.814407],[-95.231,29.81436],[-95.230996,29.814312],[-95.230991,29.814265],[-95.230985,29.814218],[-95.230978,29.814171],[-95.23097,29.814124],[-95.230954,29.814043],[-95.230944,29.813995],[-95.230932,29.813947],[-95.23092,29.813899],[-95.230907,29.813851],[-95.230892,29.813804],[-95.230868,29.813731],[-95.230731,29.813507],[-95.230722,29.813494],[-95.230712,29.813482],[-95.230702,29.81347],[-95.230692,29.813458],[-95.230682,29.813446],[-95.230672,29.813434],[-95.230661,29.813422],[-95.23065,29.813411],[-95.230639,29.8134],[-95.230627,29.813389],[-95.230616,29.813378],[-95.230604,29.813367],[-95.230592,29.813357],[-95.230579,29.813346],[-95.230567,29.813336],[-95.230554,29.813326],[-95.230541,29.813316],[-95.230528,29.813307],[-95.230515,29.813297],[-95.230501,29.813288],[-95.230487,29.813279],[-95.230468,29.813267],[-95.230421,29.81325],[-95.230374,29.813235],[-95.230327,29.813219],[-95.230279,29.813205],[-95.230231,29.813191],[-95.230172,29.813175],[-95.230137,29.813165],[-95.230101,29.813156],[-95.230083,29.813153],[-95.230066,29.81315],[-95.230048,29.813148],[-95.23003,29.813145],[-95.230012,29.813143],[-95.229995,29.813142],[-95.229977,29.81314],[-95.229959,29.813139],[-95.229941,29.813138],[-95.229926,29.813138],[-95.229923,29.813138],[-95.229905,29.813137],[-95.229887,29.813137],[-95.229869,29.813137],[-95.229851,29.813138],[-95.229833,29.813138],[-95.229815,29.813139],[-95.229797,29.813141],[-95.229779,29.813142],[-95.229761,29.813144],[-95.229743,29.813146],[-95.229725,29.813148],[-95.229708,29.813151],[-95.22969,29.813154],[-95.229672,29.813157],[-95.229655,29.81316],[-95.229637,29.813164],[-95.229616,29.813169],[-95.229544,29.813186],[-95.229506,29.813195],[-95.229466,29.813203],[-95.229427,29.813211],[-95.229388,29.813218],[-95.229348,29.813225],[-95.229309,29.81323],[-95.229269,29.813236],[-95.229229,29.81324],[-95.229189,29.813245],[-95.229149,29.813248],[-95.229109,29.813251],[-95.229069,29.813253],[-95.228957,29.813281],[-95.228845,29.813311],[-95.228734,29.813343],[-95.228624,29.813376],[-95.228467,29.813426],[-95.228324,29.813461],[-95.228184,29.813494],[-95.228183,29.813494],[-95.228078,29.813488],[-95.228002,29.813482],[-95.227926,29.813475],[-95.22785,29.813467],[-95.227775,29.813457],[-95.2277,29.813447],[-95.227531,29.813438],[-95.227412,29.813429],[-95.227293,29.813418],[-95.227181,29.813407],[-95.227004,29.813388],[-95.226881,29.813373],[-95.226759,29.813356],[-95.226748,29.813355],[-95.226738,29.813353],[-95.226727,29.813352],[-95.226716,29.813351],[-95.226705,29.81335],[-95.226694,29.81335],[-95.226684,29.813349],[-95.226683,29.813349],[-95.226679,29.813349],[-95.226672,29.813349],[-95.226661,29.813349],[-95.226651,29.813349],[-95.22664,29.813349],[-95.226629,29.81335],[-95.226618,29.81335],[-95.226607,29.813351],[-95.226596,29.813352],[-95.226585,29.813353],[-95.226575,29.813354],[-95.226564,29.813356],[-95.226553,29.813357],[-95.226543,29.813359],[-95.226532,29.813361],[-95.226521,29.813363],[-95.226511,29.813365],[-95.2265,29.813368],[-95.22649,29.81337],[-95.226479,29.813373],[-95.226469,29.813376],[-95.226459,29.813379],[-95.226449,29.813382],[-95.226438,29.813386],[-95.226428,29.813389],[-95.226418,29.813393],[-95.226399,29.813401],[-95.226383,29.813413],[-95.226367,29.813425],[-95.226352,29.813437],[-95.226336,29.81345],[-95.226321,29.813463],[-95.226306,29.813476],[-95.226292,29.813489],[-95.226277,29.813503],[-95.226263,29.813517],[-95.226249,29.813531],[-95.226236,29.813545],[-95.226223,29.81356],[-95.22621,29.813574],[-95.226197,29.813589],[-95.226185,29.813604],[-95.226173,29.81362],[-95.226161,29.813635],[-95.226144,29.813658],[-95.226072,29.813838],[-95.226028,29.813938],[-95.225983,29.814038],[-95.225936,29.814136],[-95.225883,29.814233],[-95.225879,29.814241],[-95.225876,29.814248],[-95.225873,29.814255],[-95.225869,29.814261],[-95.225865,29.814268],[-95.225862,29.814274],[-95.225858,29.81428],[-95.225854,29.814287],[-95.225849,29.814293],[-95.225845,29.814299],[-95.225841,29.814305],[-95.225836,29.814311],[-95.225832,29.814317],[-95.225827,29.814323],[-95.225822,29.814329],[-95.225817,29.814335],[-95.225812,29.814341],[-95.225807,29.814346],[-95.225802,29.814352],[-95.225796,29.814357],[-95.225791,29.814363],[-95.225785,29.814368],[-95.225779,29.814373],[-95.225774,29.814378],[-95.225768,29.814383],[-95.225762,29.814388],[-95.225756,29.814393],[-95.22575,29.814398],[-95.225744,29.814403],[-95.225737,29.814407],[-95.225728,29.814412],[-95.225721,29.814415],[-95.225713,29.814419],[-95.225706,29.814422],[-95.225698,29.814425],[-95.22569,29.814428],[-95.225683,29.814431],[-95.225675,29.814434],[-95.225667,29.814437],[-95.225659,29.814439],[-95.225651,29.814442],[-95.225643,29.814444],[-95.225635,29.814446],[-95.225627,29.814448],[-95.225619,29.81445],[-95.225611,29.814452],[-95.225603,29.814454],[-95.225595,29.814455],[-95.225587,29.814457],[-95.225578,29.814458],[-95.22557,29.814459],[-95.225562,29.81446],[-95.225554,29.814461],[-95.225545,29.814462],[-95.225537,29.814463],[-95.225529,29.814463],[-95.225521,29.814464],[-95.225512,29.814464],[-95.225504,29.814464],[-95.225496,29.814464],[-95.225489,29.814464],[-95.225488,29.814464],[-95.225479,29.814464],[-95.225471,29.814463],[-95.225463,29.814463],[-95.225455,29.814462],[-95.225447,29.814462],[-95.225438,29.814461],[-95.22543,29.81446],[-95.225422,29.814458],[-95.225414,29.814457],[-95.225406,29.814456],[-95.225398,29.814454],[-95.22539,29.814452],[-95.225382,29.814451],[-95.225374,29.814449],[-95.225367,29.814447],[-95.225359,29.814444],[-95.225351,29.814442],[-95.225343,29.81444],[-95.225336,29.814438],[-95.225328,29.814435],[-95.225321,29.814433],[-95.225314,29.814431],[-95.225306,29.814428],[-95.225299,29.814426],[-95.225292,29.814423],[-95.225285,29.81442],[-95.225278,29.814417],[-95.225272,29.814414],[-95.225265,29.81441],[-95.225258,29.814407],[-95.225252,29.814404],[-95.225245,29.8144],[-95.225239,29.814396],[-95.225232,29.814392],[-95.225226,29.814388],[-95.22522,29.814384],[-95.225214,29.81438],[-95.225208,29.814376],[-95.225203,29.814372],[-95.225197,29.814367],[-95.225191,29.814362],[-95.225186,29.814358],[-95.225181,29.814353],[-95.225175,29.814348],[-95.225169,29.814342],[-95.225164,29.814337],[-95.225158,29.814331],[-95.225153,29.814326],[-95.225147,29.81432],[-95.225142,29.814314],[-95.225137,29.814308],[-95.225132,29.814302],[-95.225127,29.814296],[-95.225122,29.814289],[-95.225117,29.814283],[-95.225112,29.814276],[-95.225107,29.81427],[-95.225103,29.814263],[-95.225098,29.814256],[-95.225094,29.814249],[-95.22509,29.814242],[-95.225086,29.814235],[-95.225082,29.814228],[-95.225078,29.814221],[-95.225074,29.814213],[-95.22507,29.814206],[-95.225066,29.814198],[-95.225063,29.814191],[-95.225059,29.814183],[-95.225056,29.814175],[-95.22504,29.814142],[-95.225031,29.81412],[-95.225021,29.814098],[-95.225012,29.814076],[-95.225004,29.814053],[-95.224995,29.814031],[-95.224987,29.814008],[-95.224979,29.813985],[-95.224974,29.813963],[-95.224968,29.813942],[-95.224964,29.81392],[-95.22496,29.813899],[-95.224956,29.813877],[-95.224952,29.813855],[-95.224949,29.813834],[-95.224947,29.813812],[-95.224944,29.81379],[-95.224943,29.813768],[-95.224941,29.813746],[-95.224941,29.813725],[-95.22494,29.813724],[-95.22494,29.813724],[-95.22494,29.813724],[-95.22494,29.813703],[-95.22494,29.813703],[-95.22494,29.813703],[-95.22494,29.813703],[-95.22494,29.813681],[-95.22494,29.813681],[-95.22494,29.813681],[-95.22494,29.813681],[-95.22494,29.813659],[-95.22494,29.813659],[-95.22494,29.813659],[-95.22494,29.813659],[-95.22494,29.813636],[-95.22494,29.813636],[-95.22494,29.813636],[-95.22494,29.813636],[-95.22494,29.813613],[-95.22494,29.813613],[-95.22494,29.813613],[-95.22494,29.813613],[-95.224939,29.81359],[-95.224937,29.813567],[-95.224936,29.813543],[-95.224933,29.81352],[-95.22493,29.813497],[-95.224927,29.813474],[-95.224924,29.813451],[-95.22492,29.813428],[-95.224915,29.813406],[-95.22491,29.813383],[-95.224905,29.81336],[-95.224899,29.813338],[-95.224893,29.813315],[-95.224886,29.813293],[-95.224879,29.81327],[-95.224871,29.813248],[-95.224863,29.813226],[-95.224855,29.813204],[-95.224846,29.813182],[-95.224831,29.813148],[-95.224824,29.813129],[-95.22482,29.813116],[-95.224816,29.813103],[-95.224812,29.813089],[-95.224808,29.813076],[-95.224805,29.813063],[-95.224802,29.813049],[-95.224799,29.813036],[-95.224796,29.813022],[-95.224794,29.813008],[-95.224791,29.812995],[-95.22479,29.812981],[-95.224788,29.812967],[-95.224787,29.812953],[-95.224786,29.81294],[-95.224785,29.812926],[-95.224784,29.812912],[-95.224784,29.812912],[-95.224784,29.812912],[-95.224784,29.812912],[-95.224784,29.812898],[-95.224784,29.812898],[-95.224784,29.812898],[-95.224784,29.812898],[-95.224784,29.812885],[-95.224784,29.812885],[-95.224784,29.812884],[-95.224784,29.812884],[-95.224784,29.812871],[-95.224784,29.812871],[-95.224784,29.812871],[-95.224784,29.812871],[-95.224785,29.812857],[-95.224785,29.812857],[-95.224785,29.812857],[-95.224785,29.812857],[-95.224786,29.812843],[-95.224787,29.812834],[-95.224789,29.812824],[-95.22479,29.812814],[-95.224791,29.812804],[-95.224791,29.812804],[-95.224791,29.812803],[-95.224791,29.812803],[-95.224792,29.812794],[-95.224792,29.812794],[-95.224792,29.812794],[-95.224792,29.812793],[-95.224793,29.812784],[-95.224793,29.812784],[-95.224793,29.812784],[-95.224793,29.812783],[-95.224794,29.812774],[-95.224794,29.812774],[-95.224794,29.812773],[-95.224794,29.812773],[-95.224794,29.812764],[-95.224794,29.812763],[-95.224794,29.812763],[-95.224794,29.812763],[-95.224794,29.812754],[-95.224794,29.812753],[-95.224794,29.812753],[-95.224794,29.812753],[-95.224794,29.812744],[-95.224794,29.812743],[-95.224794,29.812743],[-95.224794,29.812743],[-95.224794,29.812733],[-95.224794,29.812733],[-95.224794,29.812733],[-95.224794,29.812733],[-95.224794,29.812731],[-95.224794,29.812723],[-95.224793,29.812713],[-95.224792,29.812703],[-95.224791,29.812693],[-95.22479,29.812683],[-95.224789,29.812673],[-95.224787,29.812663],[-95.224785,29.812653],[-95.224783,29.812643],[-95.22478,29.812628],[-95.224768,29.812527],[-95.224755,29.812425],[-95.224752,29.812416],[-95.22475,29.812408],[-95.224747,29.8124],[-95.224744,29.812391],[-95.224741,29.812383],[-95.224738,29.812374],[-95.224734,29.812366],[-95.224731,29.812358],[-95.224727,29.81235],[-95.224723,29.812342],[-95.224719,29.812334],[-95.224715,29.812326],[-95.224711,29.812318],[-95.224707,29.81231],[-95.224702,29.812302],[-95.224697,29.812294],[-95.224692,29.812287],[-95.224687,29.812279],[-95.224682,29.812272],[-95.224677,29.812264],[-95.224671,29.812257],[-95.224666,29.81225],[-95.22466,29.812243],[-95.224654,29.812235],[-95.224648,29.812228],[-95.224642,29.812222],[-95.224636,29.812215],[-95.224629,29.812208],[-95.224623,29.812202],[-95.224616,29.812195],[-95.224609,29.812189],[-95.224602,29.812182],[-95.224595,29.812176],[-95.224588,29.81217],[-95.224581,29.812164],[-95.224574,29.812158],[-95.224566,29.812153],[-95.224559,29.812147],[-95.224551,29.812142],[-95.224543,29.812136],[-95.224535,29.812131],[-95.224527,29.812126],[-95.224519,29.812121],[-95.224511,29.812116],[-95.224503,29.812111],[-95.224495,29.812107],[-95.224486,29.812102],[-95.224478,29.812098],[-95.224469,29.812094],[-95.22446,29.81209],[-95.224452,29.812086],[-95.224443,29.812082],[-95.224434,29.812078],[-95.224425,29.812075],[-95.224416,29.812072],[-95.224407,29.812068],[-95.224398,29.812065],[-95.224389,29.812062],[-95.224379,29.81206],[-95.22437,29.812057],[-95.224361,29.812054],[-95.224351,29.812052],[-95.224342,29.81205],[-95.224332,29.812048],[-95.224323,29.812046],[-95.224313,29.812044],[-95.224304,29.812042],[-95.224294,29.812041],[-95.224285,29.81204],[-95.224275,29.812039],[-95.224265,29.812038],[-95.224256,29.812037],[-95.224246,29.812036],[-95.224236,29.812035],[-95.22423,29.812035],[-95.22423,29.812035],[-95.224229,29.812035],[-95.224227,29.812035],[-95.22421,29.812035],[-95.224161,29.812034],[-95.224113,29.812034],[-95.224065,29.812034],[-95.224016,29.812036],[-95.223968,29.812038],[-95.223919,29.812041],[-95.223871,29.812045],[-95.223823,29.812049],[-95.223775,29.812054],[-95.223718,29.812061],[-95.223681,29.812066],[-95.223645,29.812072],[-95.223608,29.812078],[-95.223572,29.812084],[-95.223516,29.812095],[-95.223502,29.812097],[-95.223494,29.812098],[-95.223486,29.812098],[-95.223479,29.812099],[-95.223472,29.8121],[-95.223465,29.812101],[-95.223459,29.812102],[-95.223452,29.812104],[-95.223446,29.812105],[-95.223439,29.812106],[-95.223433,29.812106],[-95.223426,29.812107],[-95.22342,29.812107],[-95.223413,29.812108],[-95.223407,29.812108],[-95.2234,29.812108],[-95.223394,29.812108],[-95.223394,29.812108],[-95.223387,29.812108],[-95.223381,29.812107],[-95.223374,29.812107],[-95.223368,29.812106],[-95.223361,29.812106],[-95.223355,29.812105],[-95.223348,29.812104],[-95.223342,29.812103],[-95.223336,29.812101],[-95.223329,29.8121],[-95.223323,29.812098],[-95.223316,29.812097],[-95.22331,29.812095],[-95.223304,29.812093],[-95.223297,29.812091],[-95.223291,29.812088],[-95.223285,29.812086],[-95.223279,29.812083],[-95.223273,29.812081],[-95.223266,29.812078],[-95.22326,29.812075],[-95.223254,29.812072],[-95.223248,29.812069],[-95.223242,29.812066],[-95.223236,29.812062],[-95.223231,29.812059],[-95.223225,29.812055],[-95.223219,29.812051],[-95.223213,29.812047],[-95.223208,29.812043],[-95.223202,29.812039],[-95.223197,29.812035],[-95.223191,29.81203],[-95.223186,29.812026],[-95.22318,29.812021],[-95.223175,29.812017],[-95.22317,29.812012],[-95.223165,29.812007],[-95.22316,29.812002],[-95.223155,29.811997],[-95.22315,29.811991],[-95.223145,29.811986],[-95.22314,29.811981],[-95.223136,29.811975],[-95.223131,29.811969],[-95.223126,29.811964],[-95.223122,29.811958],[-95.223118,29.811952],[-95.223113,29.811946],[-95.223109,29.81194],[-95.223105,29.811933],[-95.223101,29.811927],[-95.223097,29.811921],[-95.223093,29.811914],[-95.22309,29.811908],[-95.223086,29.811901],[-95.223082,29.811894],[-95.223079,29.811887],[-95.223076,29.811881],[-95.223072,29.811874],[-95.223069,29.811867],[-95.223066,29.81186],[-95.223063,29.811853],[-95.22306,29.811845],[-95.223058,29.811838],[-95.222958,29.811325],[-95.222954,29.811303],[-95.222951,29.811281],[-95.222946,29.811259],[-95.222942,29.811237],[-95.222936,29.811215],[-95.222931,29.811194],[-95.222925,29.811172],[-95.222918,29.81115],[-95.222912,29.811129],[-95.222904,29.811108],[-95.222897,29.811086],[-95.222889,29.811065],[-95.22288,29.811044],[-95.222871,29.811023],[-95.222862,29.811002],[-95.222853,29.810982],[-95.222843,29.810961],[-95.222832,29.810941],[-95.222821,29.810921],[-95.22281,29.810901],[-95.222799,29.810881],[-95.222787,29.810861],[-95.222774,29.810842],[-95.222762,29.810823],[-95.222749,29.810804],[-95.222735,29.810785],[-95.222722,29.810766],[-95.222709,29.810748],[-95.222695,29.81073],[-95.22268,29.810712],[-95.222666,29.810694],[-95.222649,29.810674],[-95.22264,29.810666],[-95.222628,29.810656],[-95.222619,29.810648],[-95.222609,29.81064],[-95.2226,29.810632],[-95.22259,29.810624],[-95.22258,29.810617],[-95.22257,29.81061],[-95.222559,29.810602],[-95.222549,29.810595],[-95.222538,29.810589],[-95.222527,29.810582],[-95.222516,29.810576],[-95.222505,29.810569],[-95.222494,29.810563],[-95.222483,29.810557],[-95.222471,29.810552],[-95.22246,29.810546],[-95.222448,29.810541],[-95.222436,29.810535],[-95.222425,29.81053],[-95.222413,29.810526],[-95.222388,29.810516],[-95.222345,29.81051],[-95.222323,29.810506],[-95.222302,29.810502],[-95.22228,29.810497],[-95.222259,29.810492],[-95.222237,29.810487],[-95.222216,29.810482],[-95.222195,29.810476],[-95.222174,29.81047],[-95.222149,29.810462],[-95.222129,29.810455],[-95.222108,29.810448],[-95.222088,29.81044],[-95.222067,29.810432],[-95.222062,29.81043],[-95.222056,29.810428],[-95.22137,29.810165],[-95.220766,29.809908],[-95.220521,29.809773],[-95.220113,29.80956],[-95.220094,29.80955],[-95.220083,29.809543],[-95.220071,29.809536],[-95.220059,29.809529],[-95.220048,29.809522],[-95.220037,29.809514],[-95.220026,29.809507],[-95.220015,29.809499],[-95.220004,29.809491],[-95.219994,29.809483],[-95.219983,29.809474],[-95.219973,29.809466],[-95.219963,29.809457],[-95.219953,29.809449],[-95.219943,29.80944],[-95.219934,29.809431],[-95.219883,29.809382],[-95.219831,29.809334],[-95.219779,29.809287],[-95.219698,29.809218],[-95.219676,29.809192],[-95.219657,29.809169],[-95.219639,29.809145],[-95.219621,29.809122],[-95.219604,29.809098],[-95.219587,29.809074],[-95.219571,29.80905],[-95.219504,29.808972],[-95.219385,29.80884],[-95.219372,29.80883],[-95.219359,29.80882],[-95.219346,29.808811],[-95.219332,29.808801],[-95.219319,29.808792],[-95.219305,29.808783],[-95.219291,29.808775],[-95.219276,29.808766],[-95.219262,29.808758],[-95.219247,29.80875],[-95.219232,29.808742],[-95.219218,29.808735],[-95.219202,29.808727],[-95.219187,29.80872],[-95.219172,29.808713],[-95.219141,29.8087],[-95.219136,29.808698],[-95.219131,29.808695],[-95.219126,29.808693],[-95.219122,29.808691],[-95.219117,29.808688],[-95.219112,29.808686],[-95.219107,29.808684],[-95.219102,29.808682],[-95.219096,29.80868],[-95.219091,29.808678],[-95.219086,29.808677],[-95.219081,29.808675],[-95.219076,29.808673],[-95.21907,29.808672],[-95.219065,29.80867],[-95.21906,29.808669],[-95.219054,29.808668],[-95.219049,29.808666],[-95.219044,29.808665],[-95.219038,29.808664],[-95.219033,29.808663],[-95.219027,29.808662],[-95.219022,29.808662],[-95.219016,29.808661],[-95.219011,29.80866],[-95.219005,29.80866],[-95.219,29.808659],[-95.218994,29.808659],[-95.218988,29.808659],[-95.218986,29.808659],[-95.218986,29.808659],[-95.218986,29.808659],[-95.218986,29.808659],[-95.218983,29.808658],[-95.218977,29.808658],[-95.218968,29.808658],[-95.218963,29.808658],[-95.218957,29.808658],[-95.218952,29.808658],[-95.218945,29.808658],[-95.218934,29.808659],[-95.218924,29.808659],[-95.218914,29.80866],[-95.218903,29.80866],[-95.218893,29.808661],[-95.218883,29.808662],[-95.218872,29.808664],[-95.218862,29.808665],[-95.218852,29.808666],[-95.218841,29.808668],[-95.218831,29.80867],[-95.218821,29.808672],[-95.218811,29.808674],[-95.218801,29.808676],[-95.218791,29.808679],[-95.218777,29.808683],[-95.218709,29.808692],[-95.218569,29.808723],[-95.218393,29.808766],[-95.218226,29.808825],[-95.21803,29.808952],[-95.217907,29.809072],[-95.217674,29.809334],[-95.217512,29.809499],[-95.217353,29.809701],[-95.217224,29.809827],[-95.217033,29.809988],[-95.216737,29.810144],[-95.216428,29.810227],[-95.216243,29.810243],[-95.216239,29.810243],[-95.216118,29.810225],[-95.21589,29.810164],[-95.215761,29.810063],[-95.215674,29.809946],[-95.215579,29.809825],[-95.215496,29.809757],[-95.215377,29.809687],[-95.215236,29.809646],[-95.215119,29.809623],[-95.215115,29.809622],[-95.214947,29.809643],[-95.21478,29.809693],[-95.214608,29.809795],[-95.214495,29.809922],[-95.214389,29.810017],[-95.214264,29.810189],[-95.214154,29.810315],[-95.214065,29.810479],[-95.213981,29.810609],[-95.213875,29.810721],[-95.213817,29.810756],[-95.213747,29.810798],[-95.213613,29.810869],[-95.21346,29.810908],[-95.213309,29.81092],[-95.213304,29.810921],[-95.213115,29.810875],[-95.213016,29.810792],[-95.212874,29.810615],[-95.212737,29.810404],[-95.212657,29.80997],[-95.212657,29.80997],[-95.212657,29.80997],[-95.212657,29.809969],[-95.212667,29.809803],[-95.21271,29.809622],[-95.21271,29.809622],[-95.21271,29.809622],[-95.21271,29.809622],[-95.212712,29.809614],[-95.212721,29.809575],[-95.212871,29.809092],[-95.212877,29.809077],[-95.212936,29.80893],[-95.213027,29.80872],[-95.213075,29.808514],[-95.213109,29.808369],[-95.213196,29.808054],[-95.213287,29.807826],[-95.213301,29.80779],[-95.213353,29.807659],[-95.213417,29.807554],[-95.213454,29.807495],[-95.213628,29.807336],[-95.213748,29.80723],[-95.213942,29.807059],[-95.214051,29.80697],[-95.214111,29.806848],[-95.214179,29.806715],[-95.214197,29.806566],[-95.214197,29.806566],[-95.214197,29.806566],[-95.214197,29.806559],[-95.214184,29.806407],[-95.214018,29.806085],[-95.213952,29.805995],[-95.213854,29.805862],[-95.213639,29.805641],[-95.213445,29.805518],[-95.213337,29.805449],[-95.213317,29.805436],[-95.213316,29.805436],[-95.213304,29.80543],[-95.213304,29.80543],[-95.213304,29.80543],[-95.213174,29.805372],[-95.212941,29.805267],[-95.21293,29.805264],[-95.212439,29.805115],[-95.212309,29.805076],[-95.212112,29.805036],[-95.211879,29.805009],[-95.211653,29.805002],[-95.211646,29.805002],[-95.211382,29.804992],[-95.211179,29.804972],[-95.210937,29.80491],[-95.210697,29.80472],[-95.210529,29.804455],[-95.210492,29.804301],[-95.210408,29.803983],[-95.210241,29.803729],[-95.210199,29.803667],[-95.210024,29.803508],[-95.209972,29.803479],[-95.209961,29.803473],[-95.209733,29.803347],[-95.209438,29.803221],[-95.209108,29.803054],[-95.208853,29.802817],[-95.208622,29.802573],[-95.208506,29.802406],[-95.208318,29.802086],[-95.208317,29.802085],[-95.208315,29.80208],[-95.208096,29.801465],[-95.208086,29.801435],[-95.208004,29.801195],[-95.207871,29.800869],[-95.20768,29.80052],[-95.207592,29.800394],[-95.207453,29.800207],[-95.20741,29.800151],[-95.207158,29.799859],[-95.206876,29.799636],[-95.206655,29.799461],[-95.206438,29.799271],[-95.20607,29.798973],[-95.205777,29.798698],[-95.20562,29.798539],[-95.20531,29.798229],[-95.20511,29.798034],[-95.204381,29.797437],[-95.204196,29.797279],[-95.204056,29.797129],[-95.203994,29.797039],[-95.203916,29.796926],[-95.203863,29.796809],[-95.203812,29.796696],[-95.203743,29.796437],[-95.203743,29.796437],[-95.203743,29.796437],[-95.203743,29.796437],[-95.203744,29.796311],[-95.203744,29.796311],[-95.203744,29.796311],[-95.203744,29.79631],[-95.203757,29.796163],[-95.203761,29.796116],[-95.203834,29.795928],[-95.20395,29.79575],[-95.204167,29.795575],[-95.204418,29.795479],[-95.204849,29.79548],[-95.204851,29.79548],[-95.205444,29.795535],[-95.205905,29.795629],[-95.206186,29.79568],[-95.206341,29.795693],[-95.206343,29.795693],[-95.206529,29.795675],[-95.206634,29.795612],[-95.206744,29.795469],[-95.206744,29.795469],[-95.206765,29.795182],[-95.206714,29.794964],[-95.20658,29.79467],[-95.206516,29.794484],[-95.206371,29.794064],[-95.20633,29.79394],[-95.206323,29.793882]]]},"properties":{"Campus__Number":212,"Campus_Short_Name":"Oates ES","Street_Address":"10044 Wallisville Rd"}},{"type":"Feature","geometry":{"type":"Polygon","coordinates":[[[-95.329338,29.851474],[-95.329341,29.851062],[-95.32934,29.850939],[-95.32934,29.850939],[-95.32934,29.850939],[-95.32934,29.850939],[-95.32934,29.850878],[-95.329339,29.850829],[-95.329338,29.850715],[-95.329332,29.850168],[-95.329326,29.849905],[-95.329326,29.849904],[-95.32932,29.849625],[-95.329316,29.849462],[-95.329308,29.849173],[-95.329301,29.848905],[-95.329301,29.848902],[-95.329301,29.848901],[-95.329293,29.848707],[-95.329289,29.84863],[-95.329287,29.848239],[-95.329287,29.848239],[-95.329287,29.848238],[-95.329268,29.84807],[-95.329267,29.847797],[-95.329266,29.847698],[-95.329264,29.847424],[-95.329264,29.84731],[-95.329263,29.847146],[-95.32926,29.846774],[-95.329259,29.846403],[-95.329258,29.846235],[-95.329255,29.84586],[-95.329255,29.845858],[-95.329253,29.845685],[-95.329252,29.84558],[-95.329252,29.845532],[-95.329252,29.845531],[-95.329251,29.845348],[-95.329251,29.845305],[-95.329247,29.845101],[-95.329242,29.844833],[-95.329241,29.844754],[-95.329237,29.844555],[-95.329233,29.844361],[-95.329232,29.844259],[-95.329227,29.844],[-95.329217,29.843442],[-95.329207,29.84291],[-95.329204,29.842738],[-95.329183,29.841559],[-95.329173,29.841015],[-95.329167,29.840655],[-95.328978,29.84062],[-95.328978,29.84062],[-95.328978,29.84062],[-95.328804,29.840584],[-95.328804,29.840584],[-95.328804,29.840584],[-95.328798,29.840583],[-95.328798,29.840583],[-95.328798,29.840583],[-95.328792,29.840581],[-95.328792,29.840581],[-95.328792,29.840581],[-95.32866,29.84056],[-95.32866,29.84056],[-95.32866,29.84056],[-95.328585,29.840545],[-95.328585,29.840545],[-95.328585,29.840545],[-95.328547,29.840538],[-95.328547,29.840538],[-95.328547,29.840538],[-95.328472,29.840525],[-95.328472,29.840525],[-95.328472,29.840525],[-95.328433,29.840519],[-95.328433,29.840519],[-95.328433,29.840519],[-95.328394,29.840513],[-95.328394,29.840513],[-95.328394,29.840513],[-95.328355,29.840508],[-95.328355,29.840508],[-95.328355,29.840508],[-95.328337,29.840506],[-95.328316,29.840504],[-95.328316,29.840504],[-95.328316,29.840504],[-95.328277,29.8405],[-95.328277,29.8405],[-95.328277,29.8405],[-95.328238,29.840497],[-95.328238,29.840497],[-95.328238,29.840497],[-95.328207,29.840496],[-95.32817,29.840494],[-95.32817,29.840494],[-95.32817,29.840494],[-95.328165,29.840493],[-95.328158,29.840493],[-95.328143,29.840493],[-95.328143,29.840493],[-95.328143,29.840493],[-95.328142,29.840492],[-95.328142,29.840492],[-95.328142,29.840492],[-95.328142,29.840492],[-95.328142,29.840492],[-95.328142,29.840492],[-95.328131,29.840492],[-95.328129,29.840492],[-95.328124,29.840492],[-95.328124,29.840492],[-95.328124,29.840492],[-95.328123,29.840492],[-95.328122,29.840492],[-95.328122,29.840492],[-95.328122,29.840492],[-95.328116,29.840492],[-95.328116,29.840492],[-95.328116,29.840492],[-95.328105,29.840492],[-95.328105,29.840492],[-95.328105,29.840492],[-95.328083,29.840491],[-95.328082,29.840491],[-95.328082,29.840491],[-95.328048,29.840491],[-95.328048,29.840491],[-95.328048,29.840491],[-95.327662,29.840489],[-95.327661,29.840489],[-95.327661,29.840489],[-95.327472,29.840493],[-95.327472,29.840493],[-95.327472,29.840493],[-95.327467,29.840493],[-95.327197,29.840498],[-95.327197,29.840498],[-95.327197,29.840498],[-95.327196,29.840498],[-95.327196,29.840498],[-95.327196,29.840498],[-95.327183,29.840498],[-95.327127,29.840499],[-95.327112,29.840499],[-95.329167,29.835453],[-95.32861,29.835423],[-95.328594,29.834027],[-95.328462,29.834028],[-95.328427,29.831383],[-95.32895,29.831381],[-95.328942,29.830987],[-95.328359,29.830971],[-95.328353,29.830699],[-95.3285,29.830717],[-95.328481,29.829871],[-95.32892,29.829882],[-95.328911,29.829237],[-95.328195,29.829242],[-95.328109,29.827338],[-95.328868,29.827317],[-95.328862,29.826745],[-95.328117,29.826737],[-95.328077,29.822838],[-95.3288,29.822844],[-95.328784,29.822185],[-95.328102,29.822177],[-95.328101,29.819901],[-95.328521,29.819977],[-95.328964,29.819997],[-95.335231,29.819969],[-95.33517,29.817661],[-95.335078,29.813345],[-95.335135,29.811876],[-95.335204,29.810719],[-95.335267,29.810112],[-95.335394,29.809638],[-95.335677,29.808989],[-95.335912,29.808419],[-95.336007,29.808278],[-95.337232,29.808465],[-95.338985,29.808934],[-95.342349,29.809988],[-95.342356,29.811011],[-95.34237,29.812348],[-95.342387,29.813282],[-95.345404,29.813238],[-95.345388,29.816907],[-95.348326,29.816872],[-95.348353,29.819033],[-95.348355,29.81977],[-95.352108,29.819735],[-95.353432,29.825197],[-95.354355,29.828823],[-95.353988,29.828759],[-95.353745,29.828717],[-95.353599,29.828691],[-95.353343,29.82869],[-95.352343,29.828685],[-95.350876,29.828704],[-95.346328,29.828684],[-95.344464,29.828703],[-95.342639,29.828726],[-95.342689,29.831949],[-95.342723,29.834124],[-95.342741,29.8358],[-95.34204,29.835784],[-95.342031,29.835144],[-95.339688,29.835164],[-95.339693,29.835426],[-95.339062,29.835458],[-95.339061,29.835349],[-95.338422,29.835344],[-95.338448,29.835826],[-95.337822,29.835829],[-95.337823,29.83614],[-95.336792,29.83615],[-95.336792,29.835335],[-95.335411,29.835363],[-95.335405,29.835453],[-95.335213,29.835459],[-95.335216,29.835746],[-95.33378,29.835874],[-95.333598,29.836921],[-95.33347,29.837787],[-95.333408,29.838202],[-95.333413,29.838694],[-95.333426,29.839826],[-95.333437,29.840768],[-95.333515,29.84518],[-95.333546,29.848725],[-95.333548,29.849567],[-95.333661,29.851453],[-95.333435,29.851446],[-95.333028,29.851433],[-95.332944,29.85143],[-95.332944,29.85143],[-95.332944,29.85143],[-95.332943,29.85143],[-95.332943,29.85143],[-95.332943,29.85143],[-95.332936,29.85143],[-95.33293,29.85143],[-95.33293,29.85143],[-95.33293,29.85143],[-95.332929,29.85143],[-95.332929,29.85143],[-95.332929,29.85143],[-95.332925,29.85143],[-95.332925,29.85143],[-95.332925,29.85143],[-95.332838,29.851431],[-95.332838,29.851431],[-95.332838,29.851431],[-95.332758,29.851432],[-95.332758,29.851432],[-95.332758,29.851432],[-95.332674,29.851433],[-95.332674,29.851433],[-95.332674,29.851433],[-95.332657,29.851433],[-95.332657,29.851433],[-95.332657,29.851433],[-95.332651,29.851433],[-95.332651,29.851433],[-95.332651,29.851433],[-95.332557,29.851434],[-95.332557,29.851434],[-95.332557,29.851434],[-95.332453,29.851435],[-95.332453,29.851435],[-95.332453,29.851435],[-95.332344,29.851437],[-95.332344,29.851437],[-95.332344,29.851437],[-95.332161,29.851439],[-95.332161,29.851439],[-95.332161,29.851439],[-95.332061,29.85144],[-95.332061,29.85144],[-95.332061,29.85144],[-95.332051,29.851441],[-95.332051,29.851441],[-95.332051,29.851441],[-95.331868,29.851443],[-95.331867,29.851443],[-95.331867,29.851443],[-95.331798,29.851444],[-95.331798,29.851444],[-95.331798,29.851444],[-95.33169,29.851444],[-95.33169,29.851444],[-95.33169,29.851444],[-95.331501,29.851445],[-95.3315,29.851445],[-95.3315,29.851445],[-95.331314,29.851447],[-95.331314,29.851447],[-95.331314,29.851447],[-95.331289,29.851448],[-95.331289,29.851448],[-95.331289,29.851448],[-95.331126,29.85145],[-95.331126,29.85145],[-95.331126,29.85145],[-95.33109,29.85145],[-95.33109,29.85145],[-95.33109,29.85145],[-95.330937,29.851453],[-95.330937,29.851453],[-95.330937,29.851453],[-95.330886,29.851453],[-95.330886,29.851453],[-95.330885,29.851453],[-95.330746,29.851456],[-95.330746,29.851456],[-95.330746,29.851456],[-95.330684,29.851457],[-95.330684,29.851457],[-95.330684,29.851457],[-95.330557,29.851459],[-95.330557,29.851459],[-95.330557,29.851459],[-95.330468,29.85146],[-95.330468,29.85146],[-95.330468,29.85146],[-95.330369,29.851462],[-95.330369,29.851462],[-95.330369,29.851462],[-95.330263,29.851463],[-95.330263,29.851463],[-95.330263,29.851463],[-95.330179,29.851465],[-95.330179,29.851465],[-95.330179,29.851465],[-95.330032,29.851467],[-95.330032,29.851467],[-95.330032,29.851467],[-95.329854,29.851469],[-95.329854,29.851469],[-95.329854,29.851469],[-95.329802,29.85147],[-95.329802,29.85147],[-95.329802,29.85147],[-95.329646,29.851472],[-95.329646,29.851472],[-95.329646,29.851472],[-95.329613,29.851473],[-95.329612,29.851473],[-95.329612,29.851473],[-95.32944,29.851475],[-95.32944,29.851475],[-95.32944,29.851475],[-95.329357,29.851483],[-95.329357,29.851483],[-95.329357,29.851483],[-95.329345,29.851484],[-95.329338,29.851485],[-95.329338,29.851483],[-95.329338,29.851474]]]},"properties":{"Campus__Number":113,"Campus_Short_Name":"Paige ES","Street_Address":"7501 Curry Rd"}},{"type":"Feature","geometry":{"type":"Polygon","coordinates":[[[-95.267907,29.675621],[-95.270212,29.673859],[-95.271222,29.673148],[-95.272007,29.672739],[-95.272656,29.672554],[-95.273402,29.672491],[-95.274623,29.672467],[-95.277886,29.672395],[-95.279104,29.67237],[-95.279135,29.675525],[-95.27916,29.676105],[-95.279082,29.67658],[-95.278659,29.676947],[-95.278439,29.677008],[-95.277923,29.677038],[-95.27724,29.677049],[-95.277301,29.67961],[-95.278095,29.679351],[-95.278679,29.679081],[-95.279089,29.679092],[-95.279416,29.679137],[-95.279902,29.679294],[-95.280107,29.679299],[-95.280644,29.679207],[-95.280896,29.679035],[-95.281196,29.678685],[-95.281489,29.678496],[-95.281526,29.679818],[-95.281595,29.681838],[-95.282148,29.681829],[-95.28253,29.681824],[-95.282688,29.681821],[-95.282801,29.681836],[-95.282966,29.681857],[-95.283258,29.681963],[-95.283707,29.68205],[-95.283642,29.682137],[-95.283514,29.682299],[-95.283428,29.682473],[-95.283384,29.682581],[-95.283368,29.68267],[-95.283374,29.682877],[-95.283431,29.683267],[-95.283462,29.683595],[-95.283502,29.684477],[-95.283497,29.68543],[-95.284334,29.685409],[-95.284356,29.686298],[-95.284396,29.688113],[-95.284414,29.689013],[-95.28442,29.689193],[-95.284438,29.689706],[-95.284443,29.689878],[-95.284555,29.690221],[-95.284387,29.690305],[-95.284033,29.690482],[-95.283724,29.690705],[-95.283456,29.690897],[-95.283213,29.691065],[-95.282653,29.691378],[-95.282739,29.694565],[-95.280551,29.694581],[-95.280578,29.695792],[-95.280342,29.695843],[-95.280183,29.696065],[-95.280081,29.696253],[-95.280058,29.696492],[-95.279911,29.696774],[-95.279704,29.696936],[-95.279328,29.697128],[-95.279064,29.697228],[-95.278788,29.697304],[-95.27835,29.697316],[-95.277979,29.697365],[-95.277623,29.697379],[-95.277256,29.697309],[-95.276986,29.697194],[-95.276827,29.697059],[-95.276668,29.696935],[-95.276454,29.696785],[-95.276225,29.696684],[-95.275913,29.696627],[-95.275707,29.696645],[-95.27554,29.696712],[-95.275228,29.696644],[-95.275062,29.696711],[-95.274771,29.69681],[-95.274534,29.696935],[-95.274139,29.696876],[-95.273883,29.696786],[-95.273571,29.696717],[-95.273329,29.696734],[-95.272986,29.696761],[-95.272656,29.696811],[-95.272329,29.696778],[-95.272128,29.696665],[-95.271953,29.696589],[-95.271779,29.696488],[-95.271362,29.696297],[-95.271177,29.696113],[-95.271017,29.696013],[-95.270843,29.695901],[-95.270724,29.695778],[-95.270645,29.695692],[-95.270484,29.695604],[-95.270298,29.695468],[-95.270166,29.695333],[-95.269869,29.695229],[-95.269707,29.695165],[-95.26937,29.695048],[-95.269096,29.695052],[-95.268559,29.695133],[-95.268158,29.695277],[-95.267798,29.695374],[-95.267634,29.695382],[-95.267335,29.695325],[-95.267131,29.695308],[-95.266949,29.695398],[-95.266728,29.695476],[-95.266436,29.695611],[-95.266225,29.69576],[-95.265922,29.695823],[-95.265713,29.695925],[-95.265365,29.696083],[-95.265155,29.696208],[-95.264879,29.696296],[-95.264518,29.696429],[-95.264279,29.696614],[-95.26397,29.69682],[-95.263584,29.697225],[-95.263264,29.697741],[-95.26289,29.698256],[-95.262543,29.698772],[-95.262885,29.699145],[-95.263595,29.699905],[-95.264393,29.700548],[-95.264841,29.701014],[-95.265329,29.701864],[-95.265309,29.702413],[-95.265174,29.703125],[-95.264774,29.703592],[-95.264375,29.704011],[-95.263619,29.704491],[-95.262455,29.704889],[-95.261237,29.705285],[-95.260074,29.705658],[-95.25957,29.705978],[-95.258422,29.706711],[-95.257833,29.7071],[-95.257033,29.707704],[-95.253118,29.707054],[-95.252542,29.706966],[-95.25213,29.695114],[-95.252786,29.69452],[-95.253938,29.693559],[-95.254362,29.693323],[-95.254888,29.693299],[-95.255415,29.69334],[-95.255484,29.692936],[-95.255717,29.69256],[-95.256169,29.692167],[-95.25673,29.691801],[-95.257171,29.691693],[-95.257721,29.691613],[-95.258083,29.691456],[-95.258477,29.691157],[-95.258847,29.690761],[-95.259349,29.690488],[-95.259767,29.690285],[-95.260182,29.690153],[-95.260758,29.690098],[-95.261034,29.690034],[-95.261312,29.689922],[-95.261677,29.68967],[-95.261961,29.689367],[-95.262303,29.688995],[-95.262614,29.68874],[-95.263406,29.688763],[-95.26455,29.688885],[-95.264817,29.68832],[-95.265148,29.687493],[-95.265452,29.686665],[-95.265983,29.685605],[-95.266596,29.684572],[-95.26723,29.683682],[-95.268108,29.68287],[-95.268637,29.682228],[-95.269184,29.681849],[-95.269903,29.68126],[-95.270699,29.680817],[-95.27173,29.680666],[-95.272599,29.680475],[-95.269989,29.677787],[-95.267907,29.675621]]]},"properties":{"Campus__Number":214,"Campus_Short_Name":"Park Place ES","Street_Address":"8235 Park Pl Blvd"}},{"type":"Feature","geometry":{"type":"Polygon","coordinates":[[[-95.241764,29.670337],[-95.260313,29.690141],[-95.260182,29.690153],[-95.259767,29.690285],[-95.259349,29.690488],[-95.258847,29.690761],[-95.258477,29.691157],[-95.258083,29.691456],[-95.257721,29.691613],[-95.257171,29.691693],[-95.256882,29.691764],[-95.256709,29.690636],[-95.256533,29.690201],[-95.256273,29.689836],[-95.255852,29.689394],[-95.255448,29.689216],[-95.255065,29.689205],[-95.254545,29.689214],[-95.254298,29.689231],[-95.253834,29.689218],[-95.253428,29.689088],[-95.252969,29.688931],[-95.252485,29.688703],[-95.252142,29.688359],[-95.251962,29.688043],[-95.25178,29.687799],[-95.251563,29.687497],[-95.251247,29.687716],[-95.250245,29.688401],[-95.249532,29.688673],[-95.248916,29.688759],[-95.248743,29.688742],[-95.24828,29.688697],[-95.247964,29.688666],[-95.247555,29.688549],[-95.247151,29.68834],[-95.246951,29.688185],[-95.246699,29.687991],[-95.246451,29.687737],[-95.246143,29.687421],[-95.245644,29.687005],[-95.245349,29.686847],[-95.244955,29.686635],[-95.244039,29.687852],[-95.24319,29.688946],[-95.242515,29.68986],[-95.242189,29.689752],[-95.241652,29.689743],[-95.241216,29.689733],[-95.240827,29.689658],[-95.240475,29.689543],[-95.240184,29.689481],[-95.239439,29.689478],[-95.236745,29.689506],[-95.236314,29.689518],[-95.236313,29.689464],[-95.236313,29.689464],[-95.236313,29.689464],[-95.236313,29.689463],[-95.236309,29.6893],[-95.236309,29.689299],[-95.236309,29.689299],[-95.236309,29.689299],[-95.236305,29.689138],[-95.236305,29.689138],[-95.236305,29.689138],[-95.236305,29.689138],[-95.236297,29.688916],[-95.236297,29.688916],[-95.236297,29.688916],[-95.236297,29.688916],[-95.236298,29.688885],[-95.236298,29.688885],[-95.236298,29.688885],[-95.236298,29.688885],[-95.236298,29.688883],[-95.236298,29.688883],[-95.236298,29.688883],[-95.236298,29.688883],[-95.236294,29.688703],[-95.236294,29.688703],[-95.236294,29.688703],[-95.236294,29.688703],[-95.236293,29.688658],[-95.236293,29.688658],[-95.236293,29.688658],[-95.236293,29.688658],[-95.23629,29.688556],[-95.23629,29.688556],[-95.23629,29.688556],[-95.23629,29.688556],[-95.236286,29.688407],[-95.236286,29.688407],[-95.236286,29.688407],[-95.236286,29.688407],[-95.236283,29.688266],[-95.236283,29.688266],[-95.236283,29.688266],[-95.236283,29.688266],[-95.236273,29.687843],[-95.236273,29.687842],[-95.236273,29.687841],[-95.236273,29.687841],[-95.236273,29.68784],[-95.236273,29.687837],[-95.236273,29.687836],[-95.236273,29.687834],[-95.236261,29.687659],[-95.236261,29.687658],[-95.236261,29.687658],[-95.236261,29.687658],[-95.236151,29.682075],[-95.236145,29.681988],[-95.236143,29.681931],[-95.236143,29.68193],[-95.236143,29.68193],[-95.236143,29.68193],[-95.236142,29.681874],[-95.236142,29.681874],[-95.236142,29.681873],[-95.236142,29.681873],[-95.236142,29.681817],[-95.236142,29.681817],[-95.236142,29.681817],[-95.236142,29.681816],[-95.236143,29.681769],[-95.236143,29.681769],[-95.236143,29.681769],[-95.236143,29.681769],[-95.236143,29.68176],[-95.236125,29.681589],[-95.236125,29.681588],[-95.236125,29.681588],[-95.236125,29.681588],[-95.236121,29.681268],[-95.236121,29.681268],[-95.236121,29.681267],[-95.236121,29.681267],[-95.23612,29.68116],[-95.23612,29.68116],[-95.23612,29.68116],[-95.23612,29.68116],[-95.236118,29.680949],[-95.236118,29.680949],[-95.236118,29.680949],[-95.236118,29.680949],[-95.236115,29.680786],[-95.236115,29.680786],[-95.236115,29.680786],[-95.236115,29.680786],[-95.236115,29.680739],[-95.236115,29.680739],[-95.236115,29.680738],[-95.236115,29.680738],[-95.236115,29.680498],[-95.236115,29.680498],[-95.236115,29.680498],[-95.236115,29.680498],[-95.236115,29.680467],[-95.236115,29.680467],[-95.236115,29.680467],[-95.236115,29.680466],[-95.236114,29.680153],[-95.236114,29.680153],[-95.236114,29.680153],[-95.236114,29.680153],[-95.236113,29.680148],[-95.236113,29.680148],[-95.236113,29.680148],[-95.236113,29.680148],[-95.23611,29.679989],[-95.23611,29.679989],[-95.23611,29.679989],[-95.23611,29.679989],[-95.23611,29.679742],[-95.23611,29.679742],[-95.23611,29.679742],[-95.23611,29.679742],[-95.236111,29.67965],[-95.236111,29.67965],[-95.236111,29.679649],[-95.236111,29.679649],[-95.236115,29.6793],[-95.236115,29.6793],[-95.236115,29.6793],[-95.236115,29.6793],[-95.236106,29.678301],[-95.236082,29.675599],[-95.236082,29.675599],[-95.236082,29.675599],[-95.236082,29.675599],[-95.236077,29.675154],[-95.236077,29.675154],[-95.236077,29.675154],[-95.236077,29.675154],[-95.236076,29.674942],[-95.236076,29.674942],[-95.236076,29.674941],[-95.236076,29.674941],[-95.236035,29.672851],[-95.236035,29.672851],[-95.236035,29.672851],[-95.236035,29.672851],[-95.236031,29.672432],[-95.236031,29.672432],[-95.236031,29.672432],[-95.236031,29.672432],[-95.236023,29.672241],[-95.236023,29.672241],[-95.236023,29.672241],[-95.236023,29.672241],[-95.236013,29.671702],[-95.236013,29.671702],[-95.236013,29.671701],[-95.236013,29.671701],[-95.236012,29.671642],[-95.236012,29.671642],[-95.236012,29.671641],[-95.236012,29.671641],[-95.235993,29.670429],[-95.236154,29.670427],[-95.236277,29.670424],[-95.237298,29.670399],[-95.238025,29.67039],[-95.238275,29.670382],[-95.239084,29.670363],[-95.241057,29.67035],[-95.241645,29.670339],[-95.241764,29.670337]]]},"properties":{"Campus__Number":216,"Campus_Short_Name":"Patterson ES","Street_Address":"5302 Allendale Rd"}},{"type":"Feature","geometry":{"type":"Polygon","coordinates":[[[-95.413953,29.627767],[-95.419579,29.613641],[-95.421017,29.609991],[-95.422491,29.606356],[-95.422493,29.606349],[-95.423317,29.604273],[-95.423932,29.602688],[-95.424782,29.601074],[-95.425207,29.600117],[-95.42579,29.598758],[-95.426451,29.597085],[-95.430311,29.597028],[-95.430443,29.601091],[-95.430701,29.61358],[-95.430716,29.615127],[-95.430729,29.617441],[-95.430757,29.619272],[-95.430898,29.628035],[-95.430899,29.628051],[-95.421688,29.628315],[-95.421967,29.642418],[-95.421892,29.642464],[-95.408065,29.642592],[-95.408069,29.642581],[-95.409368,29.639269],[-95.410179,29.637246],[-95.412393,29.631695],[-95.413598,29.628656],[-95.413953,29.627767]]]},"properties":{"Campus__Number":265,"Campus_Short_Name":"Petersen ES","Street_Address":"14404 Waterloo Dr"}},{"type":"Feature","geometry":{"type":"Polygon","coordinates":[[[-95.524182,29.71465],[-95.523966,29.714636],[-95.523695,29.714618],[-95.523379,29.714598],[-95.52334,29.714772],[-95.523259,29.715062],[-95.523134,29.715354],[-95.523007,29.715599],[-95.522761,29.715977],[-95.522528,29.716335],[-95.5228,29.716509],[-95.522949,29.716667],[-95.523056,29.716773],[-95.523236,29.716902],[-95.523426,29.716986],[-95.523627,29.717036],[-95.523894,29.717034],[-95.52393,29.7177],[-95.522138,29.717726],[-95.522254,29.721308],[-95.525123,29.721071],[-95.525129,29.723723],[-95.525164,29.726116],[-95.522766,29.726114],[-95.522772,29.72718],[-95.520602,29.72719],[-95.520598,29.727564],[-95.520607,29.727753],[-95.520619,29.727985],[-95.520622,29.728405],[-95.52062,29.728766],[-95.520566,29.729061],[-95.520532,29.729522],[-95.520498,29.729892],[-95.520487,29.730282],[-95.520495,29.731139],[-95.520544,29.732977],[-95.519652,29.732985],[-95.519769,29.737394],[-95.521175,29.7374],[-95.521284,29.739337],[-95.521425,29.740893],[-95.520909,29.740932],[-95.520115,29.740988],[-95.520116,29.741204],[-95.519184,29.742124],[-95.518595,29.742677],[-95.518582,29.74266],[-95.518575,29.742651],[-95.518366,29.742596],[-95.518362,29.742595],[-95.518361,29.742594],[-95.518341,29.742607],[-95.518149,29.742734],[-95.517766,29.743453],[-95.517615,29.743737],[-95.51747,29.743769],[-95.517437,29.743777],[-95.517435,29.743778],[-95.517332,29.743804],[-95.517326,29.743806],[-95.51725,29.743598],[-95.516483,29.743323],[-95.516458,29.743314],[-95.516452,29.743312],[-95.515885,29.743925],[-95.51575,29.744029],[-95.515544,29.744288],[-95.515462,29.744336],[-95.515363,29.744394],[-95.515101,29.74458],[-95.515089,29.744588],[-95.514642,29.744869],[-95.514422,29.744942],[-95.514353,29.744965],[-95.51435,29.744966],[-95.514047,29.744893],[-95.513979,29.744877],[-95.513709,29.744583],[-95.513695,29.744563],[-95.513571,29.744393],[-95.513405,29.74418],[-95.513156,29.743899],[-95.513031,29.7438],[-95.513031,29.743896],[-95.512901,29.743836],[-95.512682,29.743805],[-95.512571,29.743789],[-95.512211,29.744019],[-95.512146,29.74406],[-95.512257,29.7445],[-95.512407,29.744699],[-95.512408,29.744701],[-95.512457,29.745053],[-95.512136,29.745628],[-95.511693,29.745724],[-95.511092,29.745781],[-95.510664,29.745737],[-95.51064,29.745736],[-95.510617,29.745736],[-95.510594,29.745735],[-95.51057,29.745736],[-95.510547,29.745736],[-95.510524,29.745737],[-95.510501,29.745738],[-95.510477,29.74574],[-95.510454,29.745742],[-95.510431,29.745744],[-95.510408,29.745747],[-95.510385,29.74575],[-95.510362,29.745753],[-95.51034,29.745757],[-95.510317,29.745761],[-95.510294,29.745765],[-95.510272,29.74577],[-95.510249,29.745775],[-95.510227,29.745781],[-95.510205,29.745787],[-95.510183,29.745793],[-95.510161,29.7458],[-95.510139,29.745806],[-95.510117,29.745814],[-95.510096,29.745821],[-95.510075,29.745829],[-95.510054,29.745837],[-95.510033,29.745846],[-95.509997,29.745862],[-95.509925,29.745906],[-95.509881,29.745932],[-95.509836,29.745958],[-95.50979,29.745983],[-95.509744,29.746007],[-95.509698,29.74603],[-95.509651,29.746053],[-95.509604,29.746075],[-95.509595,29.746086],[-95.509589,29.746094],[-95.509583,29.746101],[-95.509577,29.746108],[-95.50957,29.746116],[-95.509564,29.746123],[-95.509557,29.74613],[-95.50955,29.746137],[-95.509543,29.746144],[-95.509536,29.74615],[-95.509528,29.746157],[-95.509521,29.746164],[-95.509513,29.74617],[-95.509505,29.746176],[-95.509498,29.746182],[-95.50949,29.746188],[-95.509482,29.746194],[-95.509473,29.7462],[-95.509465,29.746206],[-95.509457,29.746211],[-95.509448,29.746216],[-95.509439,29.746222],[-95.509431,29.746227],[-95.509422,29.746232],[-95.509413,29.746236],[-95.509404,29.746241],[-95.509394,29.746246],[-95.509385,29.74625],[-95.509376,29.746254],[-95.509366,29.746258],[-95.509357,29.746262],[-95.509347,29.746266],[-95.509338,29.746269],[-95.509328,29.746273],[-95.509318,29.746276],[-95.509308,29.746279],[-95.509298,29.746282],[-95.509288,29.746285],[-95.509278,29.746288],[-95.509268,29.746291],[-95.509258,29.746293],[-95.509247,29.746295],[-95.509237,29.746298],[-95.509227,29.7463],[-95.509216,29.746301],[-95.509206,29.746303],[-95.509196,29.746304],[-95.509185,29.746306],[-95.509175,29.746307],[-95.509164,29.746308],[-95.509153,29.746309],[-95.509143,29.746309],[-95.509132,29.74631],[-95.509122,29.74631],[-95.509111,29.74631],[-95.509101,29.74631],[-95.50909,29.74631],[-95.509079,29.746309],[-95.509069,29.746309],[-95.509058,29.746308],[-95.508954,29.746269],[-95.508427,29.746111],[-95.508369,29.742786],[-95.508351,29.741883],[-95.508268,29.738556],[-95.50824,29.737531],[-95.5074,29.737534],[-95.507188,29.737536],[-95.50605,29.737575],[-95.505051,29.737558],[-95.502195,29.737588],[-95.500913,29.737599],[-95.500887,29.737063],[-95.500904,29.736473],[-95.500954,29.735791],[-95.500987,29.735486],[-95.501075,29.734902],[-95.500704,29.734782],[-95.499269,29.734237],[-95.498784,29.734051],[-95.498456,29.733927],[-95.498183,29.73374],[-95.498016,29.733484],[-95.497974,29.733304],[-95.497967,29.732884],[-95.497943,29.731729],[-95.49791,29.730529],[-95.497857,29.728146],[-95.497833,29.7258],[-95.497372,29.725802],[-95.497383,29.724548],[-95.49827,29.724528],[-95.4981,29.723144],[-95.497358,29.723203],[-95.497341,29.721836],[-95.497336,29.721256],[-95.49751,29.72125],[-95.497607,29.721247],[-95.497725,29.721243],[-95.497927,29.721236],[-95.497989,29.721158],[-95.497979,29.720278],[-95.497398,29.720278],[-95.496041,29.71951],[-95.499177,29.716731],[-95.503642,29.712775],[-95.509305,29.707769],[-95.509592,29.70801],[-95.510007,29.708344],[-95.510398,29.70866],[-95.510824,29.708952],[-95.511193,29.709158],[-95.511413,29.70925],[-95.511864,29.709418],[-95.512247,29.709542],[-95.51264,29.709645],[-95.51323,29.709723],[-95.513587,29.709766],[-95.513944,29.709762],[-95.514503,29.709755],[-95.515691,29.709751],[-95.515694,29.710771],[-95.515727,29.713054],[-95.518065,29.713023],[-95.519839,29.713007],[-95.520153,29.713001],[-95.52038,29.713031],[-95.520815,29.71318],[-95.521181,29.7133],[-95.521529,29.713352],[-95.522007,29.713365],[-95.522415,29.71339],[-95.52288,29.713457],[-95.523346,29.713543],[-95.523867,29.713599],[-95.524168,29.713613],[-95.524169,29.714017],[-95.524182,29.71465]]]},"properties":{"Campus__Number":219,"Campus_Short_Name":"Piney Point ES","Street_Address":"8921 Pagewood Ln"}},{"type":"Feature","geometry":{"type":"Polygon","coordinates":[[[-95.287324,29.74854],[-95.285428,29.751365],[-95.283505,29.750103],[-95.28124,29.748646],[-95.281218,29.75519],[-95.274783,29.755316],[-95.274865,29.75962],[-95.277592,29.75958],[-95.277665,29.762878],[-95.278193,29.762871],[-95.278288,29.768135],[-95.280957,29.768046],[-95.28104,29.771777],[-95.287355,29.772596],[-95.287392,29.774051],[-95.283958,29.774118],[-95.284022,29.776884],[-95.284051,29.778039],[-95.281094,29.778043],[-95.280091,29.778073],[-95.279484,29.778042],[-95.278518,29.777943],[-95.278548,29.77876],[-95.278597,29.781595],[-95.273142,29.781677],[-95.270585,29.781718],[-95.270076,29.782158],[-95.263565,29.78126],[-95.263409,29.780589],[-95.263382,29.779824],[-95.263356,29.779035],[-95.263499,29.778132],[-95.264001,29.775638],[-95.258068,29.774684],[-95.258027,29.773523],[-95.257888,29.768476],[-95.256063,29.768183],[-95.255868,29.759885],[-95.255965,29.759887],[-95.255995,29.759881],[-95.256305,29.759876],[-95.256309,29.759876],[-95.256468,29.759873],[-95.256783,29.759867],[-95.256902,29.759864],[-95.257014,29.759865],[-95.25708,29.759865],[-95.257098,29.759865],[-95.257227,29.759863],[-95.257413,29.75986],[-95.257413,29.75986],[-95.257413,29.75986],[-95.257413,29.75986],[-95.257413,29.75983],[-95.257412,29.75983],[-95.257412,29.75983],[-95.257412,29.75983],[-95.257412,29.75983],[-95.257412,29.75983],[-95.257412,29.75983],[-95.257412,29.759829],[-95.257406,29.759546],[-95.257406,29.759546],[-95.257406,29.759546],[-95.257406,29.759546],[-95.257403,29.759409],[-95.257403,29.759409],[-95.257403,29.759409],[-95.257403,29.759409],[-95.257402,29.759378],[-95.257384,29.75886],[-95.257379,29.758722],[-95.257369,29.758447],[-95.257359,29.758172],[-95.257355,29.758035],[-95.257345,29.757761],[-95.257336,29.757486],[-95.257336,29.757486],[-95.257336,29.757486],[-95.257335,29.757486],[-95.257332,29.757348],[-95.257332,29.757348],[-95.257332,29.757348],[-95.257332,29.757348],[-95.257321,29.757073],[-95.257313,29.756798],[-95.257307,29.75666],[-95.257289,29.756111],[-95.257284,29.755973],[-95.257273,29.755698],[-95.257265,29.755423],[-95.257259,29.755286],[-95.257251,29.755011],[-95.257242,29.754736],[-95.257242,29.754736],[-95.257242,29.754736],[-95.257242,29.754736],[-95.257249,29.75461],[-95.257249,29.754607],[-95.257249,29.754607],[-95.257249,29.754607],[-95.257249,29.754606],[-95.257246,29.754335],[-95.257246,29.754335],[-95.257246,29.754334],[-95.257246,29.754334],[-95.257239,29.75406],[-95.257239,29.75406],[-95.257239,29.75406],[-95.257239,29.754059],[-95.257235,29.753923],[-95.257235,29.753923],[-95.257235,29.753923],[-95.257235,29.753923],[-95.257235,29.753923],[-95.257235,29.753923],[-95.257235,29.753923],[-95.257235,29.753923],[-95.257228,29.753646],[-95.257228,29.753646],[-95.257228,29.753646],[-95.257228,29.753646],[-95.257221,29.75337],[-95.257221,29.75337],[-95.257221,29.75337],[-95.257221,29.75337],[-95.257218,29.753237],[-95.257218,29.753237],[-95.257218,29.753237],[-95.257218,29.753237],[-95.257211,29.752958],[-95.257211,29.752958],[-95.257211,29.752958],[-95.257211,29.752958],[-95.257204,29.752682],[-95.257204,29.752682],[-95.257204,29.752682],[-95.257204,29.752682],[-95.2572,29.752546],[-95.2572,29.752545],[-95.2572,29.752545],[-95.2572,29.752545],[-95.257193,29.752271],[-95.257193,29.752271],[-95.257193,29.752271],[-95.257193,29.752271],[-95.257186,29.751996],[-95.257186,29.751996],[-95.257186,29.751996],[-95.257186,29.751996],[-95.257182,29.75185],[-95.257182,29.75185],[-95.257182,29.75185],[-95.257182,29.75185],[-95.257177,29.751575],[-95.257177,29.751575],[-95.257177,29.751575],[-95.257177,29.751575],[-95.257168,29.7513],[-95.257168,29.751299],[-95.257168,29.751299],[-95.257168,29.751299],[-95.257164,29.751163],[-95.257164,29.751163],[-95.257164,29.751163],[-95.257164,29.751163],[-95.257157,29.750889],[-95.257157,29.750889],[-95.257157,29.750889],[-95.257157,29.750889],[-95.257152,29.750677],[-95.257152,29.750677],[-95.257152,29.750677],[-95.257152,29.750677],[-95.25715,29.750613],[-95.25715,29.750613],[-95.25715,29.750613],[-95.25715,29.750613],[-95.257147,29.750476],[-95.257147,29.750475],[-95.257147,29.750475],[-95.257147,29.750475],[-95.25714,29.750201],[-95.25714,29.750201],[-95.25714,29.750201],[-95.25714,29.750201],[-95.257134,29.750026],[-95.25713,29.749926],[-95.25713,29.749926],[-95.25713,29.749926],[-95.25713,29.749926],[-95.257129,29.749788],[-95.257129,29.749788],[-95.257129,29.749788],[-95.257129,29.749788],[-95.257122,29.749514],[-95.257122,29.749514],[-95.257122,29.749514],[-95.257122,29.749514],[-95.257115,29.749238],[-95.257115,29.749238],[-95.257115,29.749238],[-95.257115,29.749238],[-95.257111,29.749099],[-95.257111,29.749099],[-95.257111,29.749099],[-95.257111,29.749099],[-95.257104,29.748827],[-95.257104,29.748827],[-95.257104,29.748827],[-95.257104,29.748827],[-95.257097,29.74855],[-95.257097,29.74855],[-95.257097,29.74855],[-95.257097,29.74855],[-95.257095,29.748449],[-95.257095,29.748449],[-95.257095,29.748449],[-95.257095,29.748449],[-95.257094,29.748429],[-95.257094,29.748429],[-95.257094,29.748429],[-95.257094,29.748429],[-95.257087,29.748147],[-95.257087,29.748147],[-95.257087,29.748147],[-95.257087,29.748147],[-95.25708,29.747874],[-95.25708,29.747874],[-95.25708,29.747874],[-95.25708,29.747873],[-95.257076,29.747734],[-95.257076,29.747734],[-95.257076,29.747733],[-95.257076,29.747733],[-95.257069,29.74746],[-95.257069,29.74746],[-95.257069,29.74746],[-95.257069,29.74746],[-95.257062,29.747185],[-95.257062,29.747185],[-95.257062,29.747185],[-95.257062,29.747185],[-95.257058,29.747048],[-95.257058,29.747047],[-95.257058,29.747047],[-95.257058,29.747047],[-95.257058,29.747047],[-95.257051,29.746772],[-95.257051,29.746772],[-95.257051,29.746772],[-95.257051,29.746772],[-95.257045,29.746525],[-95.257045,29.746525],[-95.257045,29.746525],[-95.257045,29.746524],[-95.257046,29.746502],[-95.257046,29.746502],[-95.257046,29.746502],[-95.257046,29.746502],[-95.257047,29.746496],[-95.257037,29.746364],[-95.257027,29.74608],[-95.257026,29.746077],[-95.257025,29.746073],[-95.257025,29.746072],[-95.257025,29.746072],[-95.257025,29.746072],[-95.257023,29.746],[-95.257023,29.746],[-95.257023,29.746],[-95.257023,29.745999],[-95.257022,29.745959],[-95.257022,29.745959],[-95.257022,29.745959],[-95.257022,29.745959],[-95.257021,29.745912],[-95.257016,29.745798],[-95.257016,29.745797],[-95.257016,29.745797],[-95.257016,29.745797],[-95.257016,29.745797],[-95.257014,29.745679],[-95.257014,29.745679],[-95.257014,29.745679],[-95.257014,29.745679],[-95.257015,29.745653],[-95.257015,29.745653],[-95.257015,29.745653],[-95.257015,29.745653],[-95.257015,29.745653],[-95.25701,29.745501],[-95.257006,29.745405],[-95.257004,29.745348],[-95.257,29.745197],[-95.256998,29.74513],[-95.256995,29.745044],[-95.256993,29.744992],[-95.25699,29.744891],[-95.256985,29.74474],[-95.256984,29.744718],[-95.256984,29.744709],[-95.25698,29.744589],[-95.256975,29.744443],[-95.256975,29.744436],[-95.256974,29.74442],[-95.25697,29.744306],[-95.25697,29.744306],[-95.25697,29.744306],[-95.25697,29.744306],[-95.25697,29.744288],[-95.25697,29.744288],[-95.25697,29.744288],[-95.25697,29.744288],[-95.25697,29.744285],[-95.25697,29.744285],[-95.25697,29.744285],[-95.25697,29.744284],[-95.256968,29.744236],[-95.256965,29.744132],[-95.256961,29.744032],[-95.256959,29.743978],[-95.256954,29.743826],[-95.256952,29.743757],[-95.256946,29.743619],[-95.256945,29.743569],[-95.256945,29.743569],[-95.256945,29.743569],[-95.256945,29.743569],[-95.256941,29.743409],[-95.256941,29.743409],[-95.256941,29.743409],[-95.256941,29.743409],[-95.256939,29.743344],[-95.256939,29.743344],[-95.256939,29.743344],[-95.256939,29.743344],[-95.256937,29.743255],[-95.256937,29.743255],[-95.256937,29.743255],[-95.256937,29.743255],[-95.256933,29.743099],[-95.256933,29.743099],[-95.256933,29.743099],[-95.256933,29.743098],[-95.256932,29.743068],[-95.256932,29.743068],[-95.256932,29.743068],[-95.256932,29.743068],[-95.256929,29.742944],[-95.256929,29.742944],[-95.256929,29.742944],[-95.256929,29.742944],[-95.256928,29.742936],[-95.256928,29.742936],[-95.256928,29.742936],[-95.256928,29.742936],[-95.256925,29.742791],[-95.256925,29.742791],[-95.256925,29.742791],[-95.256925,29.742791],[-95.256922,29.742675],[-95.256922,29.742675],[-95.256922,29.742675],[-95.256931,29.742633],[-95.256931,29.742633],[-95.256931,29.742632],[-95.256931,29.742632],[-95.25693,29.742543],[-95.256931,29.74254],[-95.256931,29.742539],[-95.256931,29.742539],[-95.256931,29.742539],[-95.256929,29.742466],[-95.256929,29.742465],[-95.256929,29.742465],[-95.256929,29.742465],[-95.256928,29.74239],[-95.256928,29.74239],[-95.256928,29.74239],[-95.256928,29.74239],[-95.256927,29.742302],[-95.256927,29.742302],[-95.256927,29.742302],[-95.256927,29.742302],[-95.256925,29.742258],[-95.256925,29.742258],[-95.256925,29.742258],[-95.256925,29.742258],[-95.256925,29.742201],[-95.256925,29.742201],[-95.256925,29.742201],[-95.256925,29.742201],[-95.256924,29.742139],[-95.256924,29.742139],[-95.256924,29.742139],[-95.256924,29.742139],[-95.256922,29.741969],[-95.256922,29.741969],[-95.256922,29.741969],[-95.256922,29.741969],[-95.256918,29.741822],[-95.256918,29.741822],[-95.256918,29.741822],[-95.256918,29.741822],[-95.256915,29.741698],[-95.256915,29.741698],[-95.256915,29.741698],[-95.256915,29.741698],[-95.256915,29.741675],[-95.256915,29.741675],[-95.256915,29.741675],[-95.256915,29.741674],[-95.25691,29.741581],[-95.25691,29.741581],[-95.25691,29.741581],[-95.25691,29.741581],[-95.256912,29.741542],[-95.256912,29.741542],[-95.256912,29.741541],[-95.256912,29.741541],[-95.256908,29.741375],[-95.256903,29.741294],[-95.256903,29.741294],[-95.256903,29.741294],[-95.256903,29.741294],[-95.256904,29.741219],[-95.256904,29.741219],[-95.256904,29.741219],[-95.256904,29.741219],[-95.2569,29.741069],[-95.2569,29.741069],[-95.2569,29.741069],[-95.2569,29.741069],[-95.256899,29.741017],[-95.256899,29.741017],[-95.256899,29.741017],[-95.256899,29.741016],[-95.256896,29.740921],[-95.256896,29.740921],[-95.256896,29.740921],[-95.256896,29.740921],[-95.256895,29.740882],[-95.256895,29.740882],[-95.256895,29.740882],[-95.256895,29.740882],[-95.256892,29.740773],[-95.256892,29.740773],[-95.256892,29.740772],[-95.256892,29.740772],[-95.256888,29.740612],[-95.256888,29.740612],[-95.256888,29.740612],[-95.256888,29.740612],[-95.256885,29.740471],[-95.256885,29.740471],[-95.256885,29.740471],[-95.256885,29.740471],[-95.256882,29.740336],[-95.256873,29.740188],[-95.256873,29.740188],[-95.256873,29.740188],[-95.256873,29.740188],[-95.256872,29.740152],[-95.256872,29.740152],[-95.256872,29.740152],[-95.256872,29.740152],[-95.25687,29.739993],[-95.25687,29.739993],[-95.25687,29.739993],[-95.25687,29.739993],[-95.256867,29.739911],[-95.256867,29.739911],[-95.256867,29.739911],[-95.256867,29.739911],[-95.256865,29.739842],[-95.256865,29.739842],[-95.256865,29.739842],[-95.256865,29.739842],[-95.256862,29.739692],[-95.256862,29.739692],[-95.256862,29.739692],[-95.256862,29.739692],[-95.256859,29.739637],[-95.256859,29.739637],[-95.256859,29.739636],[-95.256859,29.739636],[-95.256857,29.739542],[-95.256857,29.739542],[-95.256857,29.739542],[-95.256857,29.739542],[-95.256856,29.7395],[-95.256856,29.7395],[-95.256856,29.7395],[-95.256856,29.739499],[-95.256854,29.739391],[-95.256854,29.739391],[-95.256854,29.739391],[-95.256854,29.739391],[-95.256849,29.739241],[-95.256848,29.739223],[-95.256848,29.739223],[-95.256848,29.739223],[-95.256848,29.739223],[-95.256846,29.739089],[-95.256846,29.739089],[-95.256846,29.739089],[-95.256846,29.739089],[-95.256841,29.738944],[-95.256841,29.738944],[-95.256841,29.738944],[-95.256841,29.738944],[-95.256841,29.738938],[-95.256841,29.738938],[-95.256841,29.738938],[-95.256841,29.738938],[-95.256838,29.738815],[-95.256838,29.738815],[-95.256838,29.738815],[-95.256838,29.738815],[-95.256838,29.738788],[-95.256838,29.738788],[-95.256838,29.738788],[-95.256838,29.738788],[-95.256835,29.738637],[-95.256835,29.738636],[-95.256835,29.738636],[-95.256835,29.738636],[-95.25683,29.738542],[-95.25683,29.738542],[-95.25683,29.738542],[-95.25683,29.738542],[-95.25683,29.738488],[-95.25683,29.738488],[-95.25683,29.738488],[-95.25683,29.738488],[-95.256827,29.738339],[-95.256827,29.738339],[-95.256827,29.738339],[-95.256827,29.738339],[-95.256823,29.738268],[-95.256823,29.738268],[-95.256823,29.738268],[-95.256823,29.738268],[-95.256822,29.738191],[-95.256822,29.738191],[-95.256822,29.738191],[-95.256822,29.738191],[-95.25682,29.738134],[-95.25682,29.738134],[-95.25682,29.738134],[-95.25682,29.738134],[-95.256818,29.738043],[-95.256818,29.738043],[-95.256818,29.738043],[-95.256818,29.738043],[-95.256814,29.737883],[-95.256812,29.737853],[-95.256812,29.737853],[-95.256812,29.737853],[-95.256812,29.737853],[-95.256812,29.737742],[-95.256812,29.737742],[-95.256812,29.737742],[-95.256812,29.737742],[-95.256806,29.737583],[-95.256795,29.737447],[-95.256794,29.737414],[-95.256788,29.737254],[-95.256788,29.737253],[-95.256788,29.737253],[-95.256788,29.737253],[-95.256787,29.737168],[-95.256787,29.737168],[-95.256787,29.737168],[-95.256787,29.737168],[-95.256786,29.737103],[-95.256786,29.737103],[-95.256786,29.737103],[-95.256786,29.737103],[-95.256779,29.736955],[-95.256777,29.736895],[-95.256772,29.73683],[-95.256771,29.736804],[-95.256771,29.736803],[-95.256771,29.736803],[-95.256771,29.736803],[-95.25677,29.736766],[-95.25677,29.736766],[-95.25677,29.736766],[-95.25677,29.736766],[-95.256768,29.736676],[-95.256768,29.736676],[-95.256768,29.736676],[-95.256768,29.736676],[-95.256768,29.736676],[-95.256768,29.736676],[-95.256768,29.736675],[-95.256767,29.736655],[-95.256767,29.736655],[-95.256767,29.736655],[-95.256767,29.736655],[-95.256768,29.736616],[-95.256768,29.736616],[-95.256768,29.736616],[-95.256768,29.736616],[-95.256765,29.736495],[-95.256765,29.736495],[-95.256765,29.736495],[-95.256765,29.736495],[-95.256762,29.736355],[-95.256762,29.736355],[-95.256762,29.736355],[-95.256762,29.736355],[-95.256758,29.736204],[-95.256758,29.736204],[-95.256758,29.736204],[-95.256758,29.736204],[-95.256755,29.736081],[-95.256755,29.736081],[-95.256755,29.736081],[-95.256755,29.736081],[-95.256755,29.73608],[-95.256755,29.736077],[-95.256755,29.736076],[-95.256755,29.736076],[-95.256755,29.736076],[-95.256755,29.736075],[-95.256755,29.736075],[-95.256755,29.736075],[-95.256755,29.736075],[-95.256755,29.736052],[-95.256755,29.736052],[-95.256755,29.736052],[-95.256755,29.736052],[-95.256751,29.735902],[-95.256751,29.735902],[-95.256751,29.735901],[-95.256751,29.735901],[-95.256748,29.735785],[-95.256748,29.735785],[-95.256748,29.735785],[-95.256748,29.735785],[-95.256747,29.735751],[-95.256747,29.735751],[-95.256747,29.735751],[-95.256747,29.735751],[-95.256744,29.73563],[-95.256744,29.73563],[-95.256744,29.73563],[-95.256744,29.73563],[-95.256744,29.735599],[-95.256744,29.735599],[-95.256744,29.735599],[-95.256744,29.735598],[-95.256742,29.735524],[-95.256742,29.735524],[-95.256742,29.735524],[-95.256742,29.735524],[-95.25674,29.735449],[-95.25674,29.735448],[-95.25674,29.735448],[-95.25674,29.735448],[-95.256739,29.735428],[-95.256738,29.73539],[-95.256736,29.735322],[-95.256735,29.735299],[-95.256735,29.735299],[-95.256735,29.735299],[-95.256735,29.735298],[-95.256731,29.735152],[-95.256731,29.735152],[-95.256731,29.735152],[-95.256731,29.735151],[-95.25673,29.735105],[-95.25673,29.735105],[-95.25673,29.735104],[-95.25673,29.735104],[-95.25673,29.735004],[-95.25673,29.735004],[-95.25673,29.735004],[-95.25673,29.735004],[-95.256723,29.734851],[-95.256723,29.734851],[-95.256723,29.734851],[-95.256725,29.734841],[-95.256725,29.734841],[-95.256725,29.734841],[-95.256725,29.734841],[-95.256721,29.734702],[-95.256717,29.734683],[-95.256716,29.734679],[-95.256717,29.734678],[-95.25672,29.734673],[-95.25672,29.734673],[-95.25672,29.734673],[-95.25672,29.734673],[-95.256715,29.734558],[-95.256713,29.734523],[-95.256713,29.734523],[-95.256713,29.734523],[-95.256713,29.734523],[-95.256711,29.734416],[-95.256711,29.734416],[-95.256711,29.734416],[-95.256711,29.734416],[-95.25671,29.734376],[-95.25671,29.734376],[-95.25671,29.734376],[-95.25671,29.734376],[-95.256707,29.734226],[-95.256707,29.734226],[-95.256707,29.734226],[-95.256707,29.734226],[-95.256706,29.734144],[-95.256706,29.734143],[-95.256706,29.734143],[-95.256706,29.734143],[-95.256706,29.73407],[-95.256706,29.73407],[-95.256706,29.73407],[-95.256706,29.73407],[-95.256706,29.734048],[-95.256706,29.734048],[-95.256706,29.734048],[-95.256706,29.734048],[-95.256706,29.734009],[-95.256706,29.734009],[-95.256706,29.734008],[-95.256706,29.734008],[-95.256706,29.733992],[-95.256704,29.733926],[-95.2567,29.733776],[-95.256696,29.733734],[-95.256687,29.733459],[-95.256682,29.733322],[-95.256682,29.733322],[-95.256682,29.733322],[-95.256682,29.733322],[-95.256678,29.733045],[-95.256678,29.733045],[-95.256678,29.733045],[-95.256678,29.733045],[-95.256674,29.732768],[-95.256674,29.732768],[-95.256674,29.732768],[-95.256674,29.732768],[-95.256673,29.732685],[-95.256673,29.732685],[-95.256673,29.732685],[-95.256673,29.732685],[-95.256666,29.732318],[-95.256666,29.732318],[-95.256666,29.732318],[-95.256666,29.732318],[-95.256666,29.732318],[-95.256666,29.732318],[-95.256666,29.732318],[-95.256663,29.732146],[-95.256663,29.732146],[-95.256663,29.732146],[-95.256663,29.732146],[-95.256663,29.732126],[-95.256663,29.732126],[-95.256663,29.732126],[-95.256663,29.732126],[-95.256663,29.732126],[-95.256658,29.731978],[-95.256658,29.731978],[-95.256658,29.731978],[-95.256661,29.731966],[-95.256661,29.731966],[-95.256661,29.731966],[-95.256661,29.731966],[-95.256661,29.731963],[-95.256655,29.731907],[-95.256651,29.731779],[-95.256646,29.731623],[-95.256539,29.728351],[-95.256528,29.728274],[-95.256528,29.728274],[-95.256528,29.728274],[-95.256528,29.728274],[-95.256528,29.726972],[-95.256786,29.727043],[-95.257162,29.727082],[-95.257771,29.727056],[-95.258298,29.726999],[-95.258794,29.726927],[-95.259338,29.726842],[-95.259986,29.726645],[-95.261256,29.726308],[-95.262499,29.725984],[-95.263698,29.72553],[-95.265061,29.725081],[-95.266202,29.724855],[-95.267457,29.724661],[-95.26805,29.724591],[-95.268772,29.724626],[-95.269493,29.724646],[-95.270179,29.724751],[-95.270896,29.7249],[-95.271498,29.72506],[-95.272146,29.725293],[-95.272744,29.725553],[-95.273454,29.725874],[-95.274048,29.726249],[-95.274463,29.726575],[-95.274936,29.727104],[-95.275185,29.727498],[-95.275431,29.727935],[-95.275678,29.728472],[-95.276033,29.729542],[-95.276414,29.7308],[-95.276877,29.732504],[-95.277357,29.733749],[-95.278056,29.735305],[-95.27849,29.736464],[-95.279026,29.73751],[-95.279518,29.738441],[-95.280028,29.739315],[-95.280669,29.740193],[-95.281567,29.741235],[-95.282669,29.742527],[-95.283441,29.743422],[-95.283949,29.743923],[-95.28436,29.744336],[-95.284737,29.744819],[-95.285194,29.745715],[-95.285747,29.746762],[-95.286238,29.747693],[-95.286569,29.748075],[-95.286857,29.748297],[-95.287324,29.74854]]]},"properties":{"Campus__Number":220,"Campus_Short_Name":"Pleasantville ES","Street_Address":"1431 Gellhorn Dr"}},{"type":"Feature","geometry":{"type":"Polygon","coordinates":[[[-95.287355,29.772596],[-95.28104,29.771777],[-95.280957,29.768046],[-95.278288,29.768135],[-95.278193,29.762871],[-95.277665,29.762878],[-95.277592,29.75958],[-95.274865,29.75962],[-95.274783,29.755316],[-95.281218,29.75519],[-95.28124,29.748646],[-95.283505,29.750103],[-95.285428,29.751365],[-95.287324,29.74854],[-95.287729,29.748709],[-95.288004,29.748802],[-95.288425,29.748986],[-95.288878,29.749156],[-95.289305,29.749168],[-95.289617,29.749162],[-95.289997,29.749101],[-95.290364,29.748939],[-95.290933,29.748654],[-95.292071,29.748155],[-95.292989,29.747751],[-95.293971,29.747391],[-95.294631,29.747295],[-95.295173,29.747295],[-95.295567,29.747292],[-95.29601,29.747318],[-95.296318,29.747413],[-95.296539,29.747663],[-95.296661,29.747924],[-95.296698,29.748255],[-95.296687,29.748555],[-95.29656,29.748896],[-95.296385,29.749206],[-95.296029,29.749497],[-95.295519,29.74997],[-95.29526,29.750321],[-95.2951,29.750675],[-95.29504,29.750974],[-95.295028,29.751289],[-95.295099,29.751592],[-95.295366,29.751944],[-95.295808,29.752414],[-95.296143,29.75271],[-95.296475,29.753049],[-95.296678,29.753341],[-95.296975,29.753751],[-95.297305,29.754161],[-95.297677,29.754329],[-95.298054,29.754339],[-95.298401,29.754277],[-95.298585,29.754182],[-95.298839,29.753974],[-95.299128,29.75371],[-95.299418,29.753403],[-95.299673,29.753166],[-95.299974,29.753017],[-95.300257,29.75291],[-95.300491,29.752816],[-95.300803,29.75281],[-95.301114,29.752833],[-95.301458,29.752857],[-95.301718,29.75295],[-95.302153,29.753163],[-95.302613,29.75362],[-95.302984,29.75399],[-95.29932,29.759366],[-95.290014,29.772863],[-95.289519,29.772838],[-95.287355,29.772596]]]},"properties":{"Campus__Number":222,"Campus_Short_Name":"Port Houston ES","Street_Address":"1800 Mccarty St"}},{"type":"Feature","geometry":{"type":"Polygon","coordinates":[[[-95.300245,29.758008],[-95.302984,29.75399],[-95.303287,29.754227],[-95.303586,29.754594],[-95.303884,29.754989],[-95.304037,29.755294],[-95.304308,29.755517],[-95.30458,29.755725],[-95.305101,29.755854],[-95.305528,29.755837],[-95.305946,29.755648],[-95.306396,29.755445],[-95.306717,29.75521],[-95.30702,29.755004],[-95.307602,29.754805],[-95.307949,29.754743],[-95.308607,29.754718],[-95.309033,29.75473],[-95.309526,29.754743],[-95.3099,29.75484],[-95.310718,29.754934],[-95.311906,29.755224],[-95.312409,29.755382],[-95.312932,29.755468],[-95.313276,29.755491],[-95.313686,29.755503],[-95.314139,29.755501],[-95.314537,29.755397],[-95.315036,29.755239],[-95.315301,29.75516],[-95.315568,29.755039],[-95.316048,29.754937],[-95.316445,29.754876],[-95.317003,29.754892],[-95.317477,29.754948],[-95.317916,29.755074],[-95.318485,29.755219],[-95.318824,29.755386],[-95.319389,29.755659],[-95.319679,29.755825],[-95.320049,29.756021],[-95.320173,29.756101],[-95.318961,29.757675],[-95.317311,29.760474],[-95.315923,29.762881],[-95.315487,29.763632],[-95.315488,29.764644],[-95.314341,29.764306],[-95.313896,29.764294],[-95.313342,29.764488],[-95.31289,29.764684],[-95.312637,29.765065],[-95.31258,29.765691],[-95.312569,29.774272],[-95.31138,29.774268],[-95.302356,29.774258],[-95.301602,29.774297],[-95.30112,29.774373],[-95.301121,29.772833],[-95.301211,29.770079],[-95.301213,29.768706],[-95.301216,29.766436],[-95.301249,29.760715],[-95.30127,29.758552],[-95.300245,29.758008]]]},"properties":{"Campus__Number":223,"Campus_Short_Name":"Pugh ES","Street_Address":"1147 Kress St"}},{"type":"Feature","geometry":{"type":"Polygon","coordinates":[[[-95.408645,29.760452],[-95.408573,29.760101],[-95.40854,29.759915],[-95.408499,29.759361],[-95.408427,29.757142],[-95.408418,29.756776],[-95.40841,29.756413],[-95.408519,29.756126],[-95.408678,29.755876],[-95.408832,29.755748],[-95.409682,29.755341],[-95.410094,29.755167],[-95.410421,29.75502],[-95.410592,29.754871],[-95.410734,29.754561],[-95.410729,29.75411],[-95.410718,29.753256],[-95.41071,29.752226],[-95.410685,29.749644],[-95.410679,29.747802],[-95.410659,29.745964],[-95.410651,29.744861],[-95.410629,29.74433],[-95.410763,29.744031],[-95.410759,29.74379],[-95.410751,29.743368],[-95.410736,29.742587],[-95.411937,29.742581],[-95.413602,29.742542],[-95.415264,29.742452],[-95.416397,29.742401],[-95.417583,29.742385],[-95.418785,29.742324],[-95.419918,29.742263],[-95.421151,29.742187],[-95.422826,29.742156],[-95.424181,29.742146],[-95.427525,29.742111],[-95.430322,29.742071],[-95.431444,29.742063],[-95.43217,29.741997],[-95.433099,29.741821],[-95.433624,29.74171],[-95.434031,29.741626],[-95.434583,29.741545],[-95.435282,29.741522],[-95.436657,29.741566],[-95.438191,29.741626],[-95.439865,29.741684],[-95.44167,29.741734],[-95.446018,29.741698],[-95.448384,29.741623],[-95.448417,29.746658],[-95.448479,29.756119],[-95.448088,29.756032],[-95.447601,29.755875],[-95.447279,29.755676],[-95.446958,29.755476],[-95.446734,29.755289],[-95.446462,29.754938],[-95.446392,29.754754],[-95.446339,29.754371],[-95.446163,29.754089],[-95.445915,29.753977],[-95.445663,29.75398],[-95.445367,29.754001],[-95.445025,29.754068],[-95.444551,29.754161],[-95.444004,29.754156],[-95.443612,29.754088],[-95.443256,29.753955],[-95.442931,29.753841],[-95.442596,29.753727],[-95.442267,29.753737],[-95.441937,29.753786],[-95.441713,29.753933],[-95.44155,29.754196],[-95.44143,29.754489],[-95.441355,29.754773],[-95.441243,29.755162],[-95.441102,29.755435],[-95.440907,29.755688],[-95.440523,29.756012],[-95.440283,29.756302],[-95.440069,29.756478],[-95.439852,29.75674],[-95.439682,29.756898],[-95.439438,29.756987],[-95.439065,29.757024],[-95.43888,29.756981],[-95.438497,29.75699],[-95.438331,29.757015],[-95.438176,29.757087],[-95.438071,29.757275],[-95.438086,29.757457],[-95.438176,29.757708],[-95.438376,29.757942],[-95.438526,29.758032],[-95.438706,29.7582],[-95.43893,29.758387],[-95.439034,29.758543],[-95.439143,29.75887],[-95.439211,29.759092],[-95.439163,29.759234],[-95.438959,29.759419],[-95.438779,29.759568],[-95.438482,29.759607],[-95.438157,29.759503],[-95.437749,29.759273],[-95.437404,29.75912],[-95.437127,29.758903],[-95.436804,29.758732],[-95.436483,29.758532],[-95.436085,29.75834],[-95.435665,29.758128],[-95.435419,29.757959],[-95.435204,29.757839],[-95.434639,29.757709],[-95.434224,29.757689],[-95.433886,29.757661],[-95.433599,29.75771],[-95.433361,29.757962],[-95.433264,29.758217],[-95.433201,29.758445],[-95.433149,29.758701],[-95.433151,29.75895],[-95.433174,29.759218],[-95.433168,29.759409],[-95.433071,29.759664],[-95.432909,29.759927],[-95.432602,29.759929],[-95.432298,29.759844],[-95.43215,29.759697],[-95.431681,29.759331],[-95.431427,29.759085],[-95.431185,29.758811],[-95.430833,29.758535],[-95.430349,29.758302],[-95.429958,29.758206],[-95.429432,29.758211],[-95.429178,29.75828],[-95.42891,29.758416],[-95.428795,29.758585],[-95.428606,29.758991],[-95.428553,29.759257],[-95.428542,29.759572],[-95.428566,29.759812],[-95.428591,29.760042],[-95.428614,29.760319],[-95.428529,29.760546],[-95.428384,29.760628],[-95.428186,29.760652],[-95.427949,29.76054],[-95.427768,29.760392],[-95.427526,29.760128],[-95.427425,29.759886],[-95.427271,29.759596],[-95.427137,29.759353],[-95.427002,29.759139],[-95.426819,29.758724],[-95.426808,29.758437],[-95.426684,29.758223],[-95.42645,29.758017],[-95.426237,29.757848],[-95.426,29.757747],[-95.425785,29.757636],[-95.425553,29.757362],[-95.42541,29.757081],[-95.425153,29.756922],[-95.424794,29.756845],[-95.424655,29.756918],[-95.42456,29.757135],[-95.42446,29.757467],[-95.424428,29.757752],[-95.424405,29.758115],[-95.424334,29.758266],[-95.424044,29.75842],[-95.423736,29.75846],[-95.423452,29.758424],[-95.423236,29.758342],[-95.423002,29.758154],[-95.422899,29.75797],[-95.422765,29.757737],[-95.422512,29.757453],[-95.42226,29.757456],[-95.422094,29.757518],[-95.421814,29.757692],[-95.421568,29.757838],[-95.421295,29.758127],[-95.421166,29.758382],[-95.42106,29.75857],[-95.420799,29.75885],[-95.420642,29.75896],[-95.420393,29.759173],[-95.420182,29.759254],[-95.419934,29.759161],[-95.41973,29.75905],[-95.419526,29.75893],[-95.419283,29.758666],[-95.419083,29.758441],[-95.418949,29.758198],[-95.418784,29.757907],[-95.418616,29.757712],[-95.4184,29.757639],[-95.418099,29.757794],[-95.417884,29.757988],[-95.417624,29.758201],[-95.417398,29.758405],[-95.416948,29.758747],[-95.416789,29.758934],[-95.416671,29.75916],[-95.416532,29.759366],[-95.416355,29.759753],[-95.416046,29.760127],[-95.415693,29.760203],[-95.41542,29.760167],[-95.415011,29.759985],[-95.414391,29.759872],[-95.413753,29.75996],[-95.413517,29.760107],[-95.413409,29.760391],[-95.41328,29.760645],[-95.413212,29.760997],[-95.413202,29.761293],[-95.413203,29.761589],[-95.413192,29.761894],[-95.413141,29.762103],[-95.412991,29.7623],[-95.412771,29.762342],[-95.412499,29.762296],[-95.412065,29.762179],[-95.411762,29.762066],[-95.411232,29.76188],[-95.410977,29.761682],[-95.410741,29.761533],[-95.410429,29.761381],[-95.410063,29.761199],[-95.409784,29.761029],[-95.409519,29.760793],[-95.409185,29.760641],[-95.408645,29.760452]]]},"properties":{"Campus__Number":228,"Campus_Short_Name":"River Oaks ES","Street_Address":"2008 Kirby Dr"}},{"type":"Feature","geometry":{"type":"Polygon","coordinates":[[[-95.350324,29.812531],[-95.353961,29.813656],[-95.355243,29.813958],[-95.355832,29.814031],[-95.364139,29.813932],[-95.371984,29.813839],[-95.374194,29.813899],[-95.375489,29.813999],[-95.375951,29.81512],[-95.376352,29.816102],[-95.377002,29.817596],[-95.377892,29.819433],[-95.352108,29.819735],[-95.350324,29.812531]]]},"properties":{"Campus__Number":231,"Campus_Short_Name":"Roosevelt ES","Street_Address":"6700 Fulton St"}},{"type":"Feature","geometry":{"type":"Polygon","coordinates":[[[-95.348353,29.819033],[-95.348326,29.816872],[-95.345388,29.816907],[-95.345404,29.813238],[-95.342387,29.813282],[-95.34237,29.812348],[-95.342356,29.811011],[-95.342349,29.809988],[-95.338985,29.808934],[-95.337232,29.808465],[-95.336007,29.808278],[-95.335979,29.80832],[-95.334738,29.808199],[-95.333087,29.808106],[-95.33237,29.808157],[-95.331242,29.808233],[-95.330989,29.800208],[-95.332248,29.800175],[-95.332249,29.800175],[-95.332182,29.797577],[-95.334907,29.79751],[-95.334926,29.796634],[-95.337274,29.796609],[-95.337255,29.795387],[-95.337241,29.794652],[-95.338428,29.79463],[-95.338399,29.793908],[-95.339857,29.793904],[-95.339877,29.789503],[-95.339868,29.78744],[-95.34108,29.787458],[-95.341967,29.787504],[-95.343288,29.787533],[-95.343293,29.78801],[-95.344042,29.787997],[-95.348404,29.78799],[-95.346991,29.791566],[-95.346221,29.793568],[-95.346067,29.794041],[-95.346066,29.794447],[-95.34616,29.795262],[-95.3472,29.800179],[-95.350118,29.811697],[-95.352108,29.819735],[-95.348355,29.81977],[-95.348353,29.819033]]]},"properties":{"Campus__Number":232,"Campus_Short_Name":"Ross ES","Street_Address":"2819 Bay St"}},{"type":"Feature","geometry":{"type":"Polygon","coordinates":[[[-95.236448,29.713284],[-95.236425,29.709145],[-95.236425,29.709145],[-95.236425,29.709145],[-95.236425,29.709145],[-95.236424,29.708899],[-95.236424,29.708899],[-95.236424,29.708899],[-95.236424,29.708899],[-95.236423,29.708631],[-95.236423,29.708631],[-95.236423,29.708631],[-95.236423,29.708631],[-95.236415,29.707238],[-95.236415,29.707238],[-95.236415,29.707238],[-95.236415,29.707237],[-95.236415,29.707153],[-95.236415,29.707153],[-95.236415,29.707153],[-95.236415,29.707153],[-95.236414,29.707035],[-95.236414,29.707035],[-95.236414,29.707035],[-95.236414,29.707035],[-95.236412,29.706689],[-95.23641,29.706284],[-95.23641,29.706284],[-95.23641,29.706284],[-95.23641,29.706284],[-95.23641,29.706284],[-95.2364,29.704336],[-95.2364,29.704336],[-95.2364,29.704336],[-95.2364,29.704336],[-95.236399,29.704147],[-95.236399,29.704147],[-95.236399,29.704147],[-95.236399,29.704147],[-95.23637,29.698846],[-95.23637,29.698846],[-95.23637,29.698846],[-95.23637,29.698846],[-95.236369,29.698704],[-95.236369,29.698704],[-95.236369,29.698704],[-95.236369,29.698704],[-95.236367,29.698279],[-95.236367,29.698279],[-95.236367,29.698279],[-95.236367,29.698279],[-95.236366,29.698175],[-95.236366,29.698175],[-95.236366,29.698175],[-95.236366,29.698175],[-95.236399,29.693392],[-95.235537,29.692129],[-95.235774,29.692002],[-95.235775,29.692001],[-95.236065,29.691845],[-95.236206,29.691735],[-95.236388,29.69163],[-95.236528,29.69147],[-95.236509,29.69145],[-95.236382,29.691312],[-95.236382,29.691312],[-95.236382,29.691312],[-95.236382,29.691312],[-95.236382,29.691312],[-95.236379,29.691136],[-95.236379,29.691136],[-95.236379,29.691136],[-95.236379,29.691136],[-95.236295,29.691137],[-95.236288,29.691137],[-95.236288,29.691137],[-95.236288,29.691137],[-95.236288,29.691137],[-95.236288,29.691137],[-95.236284,29.690976],[-95.236284,29.690975],[-95.236284,29.690975],[-95.236284,29.690975],[-95.236276,29.690595],[-95.236332,29.690595],[-95.236332,29.690595],[-95.236332,29.690595],[-95.236332,29.690595],[-95.236332,29.690595],[-95.236332,29.690591],[-95.236332,29.690591],[-95.236332,29.690591],[-95.236332,29.690591],[-95.236328,29.690396],[-95.236328,29.690395],[-95.236328,29.690395],[-95.236328,29.690395],[-95.236326,29.690307],[-95.236326,29.690307],[-95.236326,29.690307],[-95.236326,29.690307],[-95.236326,29.690306],[-95.236326,29.690306],[-95.236326,29.690306],[-95.236326,29.690306],[-95.236328,29.690139],[-95.236328,29.690139],[-95.236328,29.690139],[-95.236328,29.690139],[-95.236328,29.690121],[-95.236328,29.690121],[-95.236328,29.690121],[-95.236328,29.690121],[-95.236324,29.68996],[-95.236324,29.68996],[-95.236324,29.68996],[-95.236324,29.68996],[-95.23632,29.689793],[-95.23632,29.689793],[-95.23632,29.689793],[-95.23632,29.689793],[-95.236317,29.68963],[-95.236317,29.68963],[-95.236317,29.68963],[-95.236317,29.68963],[-95.236314,29.689518],[-95.236745,29.689506],[-95.239439,29.689478],[-95.240184,29.689481],[-95.240475,29.689543],[-95.240827,29.689658],[-95.241216,29.689733],[-95.241652,29.689743],[-95.242189,29.689752],[-95.242515,29.68986],[-95.24319,29.688946],[-95.244039,29.687852],[-95.244955,29.686635],[-95.245349,29.686847],[-95.245644,29.687005],[-95.246143,29.687421],[-95.246451,29.687737],[-95.246699,29.687991],[-95.246951,29.688185],[-95.247151,29.68834],[-95.247555,29.688549],[-95.247964,29.688666],[-95.24828,29.688697],[-95.248743,29.688742],[-95.248916,29.688759],[-95.249532,29.688673],[-95.250245,29.688401],[-95.251247,29.687716],[-95.251563,29.687497],[-95.25178,29.687799],[-95.251962,29.688043],[-95.252142,29.688359],[-95.252485,29.688703],[-95.252969,29.688931],[-95.253428,29.689088],[-95.253834,29.689218],[-95.254298,29.689231],[-95.254545,29.689214],[-95.255065,29.689205],[-95.255448,29.689216],[-95.255852,29.689394],[-95.256273,29.689836],[-95.256533,29.690201],[-95.256709,29.690636],[-95.256882,29.691764],[-95.25673,29.691801],[-95.256169,29.692167],[-95.255717,29.69256],[-95.255484,29.692936],[-95.255415,29.69334],[-95.254888,29.693299],[-95.254362,29.693323],[-95.253938,29.693559],[-95.252786,29.69452],[-95.25213,29.695114],[-95.252542,29.706966],[-95.253118,29.707054],[-95.257033,29.707704],[-95.256399,29.708159],[-95.256169,29.708463],[-95.25588,29.708861],[-95.255779,29.709383],[-95.255628,29.709785],[-95.255388,29.710352],[-95.255209,29.710753],[-95.255151,29.711587],[-95.255265,29.71206],[-95.255403,29.71278],[-95.254897,29.713148],[-95.254512,29.713185],[-95.253856,29.713167],[-95.251719,29.713251],[-95.250577,29.713075],[-95.24949,29.712854],[-95.248663,29.713022],[-95.248319,29.713442],[-95.247801,29.714144],[-95.247286,29.714751],[-95.246549,29.715446],[-95.245086,29.716552],[-95.24352,29.717463],[-95.24306,29.718071],[-95.24282,29.718638],[-95.24266,29.719303],[-95.242634,29.719303],[-95.242602,29.719304],[-95.24257,29.719304],[-95.242539,29.719305],[-95.242507,29.719305],[-95.242476,29.719306],[-95.242444,29.719306],[-95.242413,29.719307],[-95.242381,29.719307],[-95.24235,29.719307],[-95.242318,29.719307],[-95.242286,29.719307],[-95.242255,29.719307],[-95.242223,29.719307],[-95.242191,29.719307],[-95.24216,29.719308],[-95.242128,29.719308],[-95.242096,29.719309],[-95.242065,29.719309],[-95.242033,29.71931],[-95.242002,29.719311],[-95.24197,29.719312],[-95.241939,29.719314],[-95.241907,29.719316],[-95.241876,29.719318],[-95.241845,29.71932],[-95.241813,29.719323],[-95.241782,29.719326],[-95.241751,29.71933],[-95.24172,29.719334],[-95.241689,29.719338],[-95.241659,29.719343],[-95.241628,29.719349],[-95.241597,29.719355],[-95.241567,29.719361],[-95.241536,29.719368],[-95.241506,29.719375],[-95.241476,29.719382],[-95.241446,29.71939],[-95.241415,29.719398],[-95.241385,29.719406],[-95.241355,29.719414],[-95.241325,29.719423],[-95.241295,29.719431],[-95.241265,29.71944],[-95.241235,29.719449],[-95.241205,29.719458],[-95.241175,29.719467],[-95.241145,29.719476],[-95.241115,29.719485],[-95.241085,29.719494],[-95.241055,29.719503],[-95.241025,29.719511],[-95.240995,29.71952],[-95.240965,29.719528],[-95.240935,29.719537],[-95.240905,29.719545],[-95.240875,29.719553],[-95.240845,29.719562],[-95.240815,29.71957],[-95.240785,29.719578],[-95.240755,29.719587],[-95.240725,29.719595],[-95.240695,29.719603],[-95.240665,29.719612],[-95.240635,29.71962],[-95.240605,29.719629],[-95.240575,29.719637],[-95.240545,29.719646],[-95.240515,29.719654],[-95.240485,29.719663],[-95.240455,29.719672],[-95.240425,29.719681],[-95.240395,29.71969],[-95.240366,29.719699],[-95.240336,29.719708],[-95.240306,29.719718],[-95.240277,29.719727],[-95.240247,29.719737],[-95.240218,29.719747],[-95.240189,29.719757],[-95.240159,29.719767],[-95.24013,29.719777],[-95.240101,29.719787],[-95.240072,29.719798],[-95.240043,29.719808],[-95.240014,29.719819],[-95.239985,29.71983],[-95.239956,29.719841],[-95.239927,29.719852],[-95.239899,29.719863],[-95.23987,29.719875],[-95.239841,29.719886],[-95.239813,29.719898],[-95.239784,29.719909],[-95.239755,29.719921],[-95.239727,29.719933],[-95.239698,29.719944],[-95.23967,29.719956],[-95.239641,29.719968],[-95.239613,29.71998],[-95.239585,29.719992],[-95.239556,29.720004],[-95.239528,29.720016],[-95.239499,29.720028],[-95.239471,29.72004],[-95.239443,29.720052],[-95.239414,29.720064],[-95.239386,29.720076],[-95.239358,29.720088],[-95.239329,29.7201],[-95.239301,29.720112],[-95.239273,29.720124],[-95.239245,29.720136],[-95.239216,29.720149],[-95.239188,29.720161],[-95.23916,29.720173],[-95.239132,29.720185],[-95.239104,29.720198],[-95.239076,29.72021],[-95.239047,29.720223],[-95.239019,29.720235],[-95.238991,29.720248],[-95.238963,29.72026],[-95.238935,29.720273],[-95.238907,29.720286],[-95.23888,29.720299],[-95.238852,29.720312],[-95.238824,29.720324],[-95.238796,29.720337],[-95.238768,29.72035],[-95.238741,29.720363],[-95.238713,29.720377],[-95.238685,29.72039],[-95.238658,29.720403],[-95.23863,29.720416],[-95.238603,29.72043],[-95.238575,29.720443],[-95.238547,29.720456],[-95.23852,29.720469],[-95.238492,29.720482],[-95.238464,29.720495],[-95.238436,29.720509],[-95.238408,29.720522],[-95.23838,29.720535],[-95.238353,29.720548],[-95.238325,29.720561],[-95.238297,29.720574],[-95.238269,29.720587],[-95.238241,29.7206],[-95.238213,29.720613],[-95.238185,29.720626],[-95.238157,29.720639],[-95.23813,29.720652],[-95.238102,29.720665],[-95.238074,29.720678],[-95.238046,29.720692],[-95.238019,29.720705],[-95.237991,29.720718],[-95.237963,29.720732],[-95.237936,29.720745],[-95.237908,29.720759],[-95.237881,29.720772],[-95.237854,29.720786],[-95.237827,29.7208],[-95.237799,29.720814],[-95.237772,29.720828],[-95.237745,29.720842],[-95.237719,29.720857],[-95.237692,29.720871],[-95.237665,29.720886],[-95.237639,29.7209],[-95.237612,29.720915],[-95.237586,29.72093],[-95.23756,29.720945],[-95.237534,29.72096],[-95.237508,29.720976],[-95.237482,29.720991],[-95.237456,29.721007],[-95.237431,29.721023],[-95.237406,29.721039],[-95.237381,29.721056],[-95.237356,29.721073],[-95.237332,29.72109],[-95.237308,29.721108],[-95.237284,29.721125],[-95.23726,29.721143],[-95.237237,29.721162],[-95.237214,29.72118],[-95.23719,29.721199],[-95.237167,29.721217],[-95.237145,29.721236],[-95.237122,29.721256],[-95.237099,29.721275],[-95.237077,29.721294],[-95.237054,29.721313],[-95.237032,29.721333],[-95.237009,29.721352],[-95.236987,29.721372],[-95.236964,29.721391],[-95.236942,29.721411],[-95.236919,29.72143],[-95.236897,29.72145],[-95.236874,29.721469],[-95.236852,29.721489],[-95.236829,29.721508],[-95.236806,29.721527],[-95.236783,29.721546],[-95.23676,29.721565],[-95.236737,29.721583],[-95.236713,29.721602],[-95.23669,29.72162],[-95.236666,29.721638],[-95.236642,29.721655],[-95.236617,29.721673],[-95.236593,29.721691],[-95.236569,29.721708],[-95.236544,29.721725],[-95.23652,29.721743],[-95.2365,29.721757],[-95.236496,29.72176],[-95.236493,29.721762],[-95.236493,29.721762],[-95.236493,29.721762],[-95.236493,29.721762],[-95.236493,29.721762],[-95.236482,29.719755],[-95.236482,29.719755],[-95.236482,29.719755],[-95.236482,29.719755],[-95.236476,29.718551],[-95.236476,29.718551],[-95.236476,29.718551],[-95.236476,29.718551],[-95.236462,29.715985],[-95.236462,29.715985],[-95.236462,29.715985],[-95.236462,29.715984],[-95.23646,29.715668],[-95.23646,29.715667],[-95.23646,29.715667],[-95.23646,29.715667],[-95.236448,29.713284],[-95.236448,29.713284],[-95.236448,29.713284],[-95.236448,29.713284],[-95.236448,29.713284]]]},"properties":{"Campus__Number":233,"Campus_Short_Name":"Rucker ES","Street_Address":"5201 Vinett St"}},{"type":"Feature","geometry":{"type":"Polygon","coordinates":[[[-95.280907,29.711031],[-95.280872,29.70951],[-95.276897,29.709501],[-95.275632,29.709536],[-95.27555,29.709618],[-95.275146,29.709629],[-95.274066,29.709648],[-95.272833,29.709683],[-95.271681,29.709706],[-95.271327,29.709752],[-95.271059,29.709888],[-95.270813,29.710101],[-95.270242,29.71055],[-95.26711,29.709714],[-95.265567,29.709265],[-95.263695,29.708854],[-95.261139,29.708401],[-95.257958,29.707858],[-95.257033,29.707704],[-95.257833,29.7071],[-95.258422,29.706711],[-95.25957,29.705978],[-95.260074,29.705658],[-95.261237,29.705285],[-95.262455,29.704889],[-95.263619,29.704491],[-95.264375,29.704011],[-95.264774,29.703592],[-95.265174,29.703125],[-95.265309,29.702413],[-95.265329,29.701864],[-95.264841,29.701014],[-95.264393,29.700548],[-95.263595,29.699905],[-95.262885,29.699145],[-95.262543,29.698772],[-95.26289,29.698256],[-95.263264,29.697741],[-95.263584,29.697225],[-95.26397,29.69682],[-95.264279,29.696614],[-95.264518,29.696429],[-95.264879,29.696296],[-95.265155,29.696208],[-95.265365,29.696083],[-95.265713,29.695925],[-95.265922,29.695823],[-95.266225,29.69576],[-95.266436,29.695611],[-95.266728,29.695476],[-95.266949,29.695398],[-95.267131,29.695308],[-95.267335,29.695325],[-95.267634,29.695382],[-95.267798,29.695374],[-95.268158,29.695277],[-95.268559,29.695133],[-95.269096,29.695052],[-95.26937,29.695048],[-95.269707,29.695165],[-95.269869,29.695229],[-95.270166,29.695333],[-95.270298,29.695468],[-95.270484,29.695604],[-95.270645,29.695692],[-95.270724,29.695778],[-95.270843,29.695901],[-95.271017,29.696013],[-95.271177,29.696113],[-95.271362,29.696297],[-95.271779,29.696488],[-95.271953,29.696589],[-95.272128,29.696665],[-95.272329,29.696778],[-95.272656,29.696811],[-95.272986,29.696761],[-95.273329,29.696734],[-95.273571,29.696717],[-95.273883,29.696786],[-95.274139,29.696876],[-95.274534,29.696935],[-95.274771,29.69681],[-95.275062,29.696711],[-95.275228,29.696644],[-95.27554,29.696712],[-95.275707,29.696645],[-95.275913,29.696627],[-95.276225,29.696684],[-95.276454,29.696785],[-95.276668,29.696935],[-95.276827,29.697059],[-95.276986,29.697194],[-95.277256,29.697309],[-95.277623,29.697379],[-95.277979,29.697365],[-95.27835,29.697316],[-95.278788,29.697304],[-95.279064,29.697228],[-95.279328,29.697128],[-95.279704,29.696936],[-95.279911,29.696774],[-95.280058,29.696492],[-95.280081,29.696253],[-95.280183,29.696065],[-95.280342,29.695843],[-95.280578,29.695792],[-95.280551,29.694581],[-95.282739,29.694565],[-95.282653,29.691378],[-95.283213,29.691065],[-95.286557,29.694831],[-95.288726,29.697274],[-95.287181,29.697613],[-95.285714,29.698098],[-95.284608,29.698402],[-95.283523,29.698921],[-95.283414,29.698975],[-95.283425,29.701891],[-95.285376,29.701849],[-95.285422,29.705056],[-95.285635,29.705156],[-95.285941,29.705197],[-95.286378,29.705114],[-95.286948,29.704877],[-95.287611,29.704532],[-95.288166,29.7042],[-95.288601,29.703676],[-95.289152,29.702949],[-95.289625,29.702362],[-95.289861,29.701847],[-95.290004,29.701409],[-95.289991,29.704467],[-95.289812,29.704659],[-95.289732,29.704877],[-95.28977,29.705061],[-95.289844,29.705414],[-95.289984,29.706063],[-95.290061,29.706409],[-95.288696,29.706431],[-95.286068,29.706475],[-95.28347,29.706431],[-95.283541,29.709449],[-95.28359,29.710946],[-95.280907,29.711031]]]},"properties":{"Campus__Number":281,"Campus_Short_Name":"Sanchez ES","Street_Address":"2700 Berkley St"}},{"type":"Feature","geometry":{"type":"Polygon","coordinates":[[[-95.301909,29.811136],[-95.323436,29.818465],[-95.327431,29.819797],[-95.328101,29.819901],[-95.328102,29.822177],[-95.328784,29.822185],[-95.3288,29.822844],[-95.328077,29.822838],[-95.328117,29.826737],[-95.328862,29.826745],[-95.328868,29.827317],[-95.328109,29.827338],[-95.328195,29.829242],[-95.328911,29.829237],[-95.32892,29.829882],[-95.328481,29.829871],[-95.3285,29.830717],[-95.328353,29.830699],[-95.328359,29.830971],[-95.328942,29.830987],[-95.32895,29.831381],[-95.328427,29.831383],[-95.328462,29.834028],[-95.328594,29.834027],[-95.32861,29.835423],[-95.329167,29.835453],[-95.327112,29.840499],[-95.327112,29.840499],[-95.327112,29.840499],[-95.327112,29.840499],[-95.325287,29.845007],[-95.325279,29.845027],[-95.324747,29.844912],[-95.324032,29.844778],[-95.323455,29.84474],[-95.322445,29.84476],[-95.321599,29.844776],[-95.319057,29.844809],[-95.314772,29.844871],[-95.309923,29.844935],[-95.305844,29.844992],[-95.302116,29.845031],[-95.302046,29.841641],[-95.302056,29.839019],[-95.313843,29.827555],[-95.31174,29.827567],[-95.311722,29.818953],[-95.310405,29.818086],[-95.310455,29.81899],[-95.301946,29.819014],[-95.30193,29.817149],[-95.301916,29.812204],[-95.301909,29.811136]]]},"properties":{"Campus__Number":358,"Campus_Short_Name":"Cook ES","Street_Address":"7115 Lockwood"}},{"type":"Feature","geometry":{"type":"Polygon","coordinates":[[[-95.334767,29.861866],[-95.335111,29.861995],[-95.335437,29.862076],[-95.335782,29.862099],[-95.33629,29.862128],[-95.336916,29.862102],[-95.337491,29.862103],[-95.337998,29.862174],[-95.338272,29.862325],[-95.338463,29.862517],[-95.338714,29.862839],[-95.33884,29.862985],[-95.339067,29.863092],[-95.339344,29.863142],[-95.339963,29.863317],[-95.340367,29.863514],[-95.34101,29.863904],[-95.341362,29.864186],[-95.341723,29.864655],[-95.341921,29.865093],[-95.342008,29.865439],[-95.342144,29.865758],[-95.342302,29.865949],[-95.342475,29.866154],[-95.342551,29.866342],[-95.342553,29.866744],[-95.342594,29.866974],[-95.342719,29.867135],[-95.342773,29.867466],[-95.342634,29.867691],[-95.342415,29.867843],[-95.342067,29.867905],[-95.341701,29.868039],[-95.341451,29.868132],[-95.341233,29.868226],[-95.341176,29.86844],[-95.341202,29.868641],[-95.341246,29.8688],[-95.34138,29.869191],[-95.341479,29.869623],[-95.341521,29.869825],[-95.341531,29.870026],[-95.341387,29.870366],[-95.341149,29.871014],[-95.342642,29.87101],[-95.345653,29.87097],[-95.348947,29.87095],[-95.351905,29.870996],[-95.352558,29.872205],[-95.353221,29.873443],[-95.35399,29.874877],[-95.354402,29.875653],[-95.354839,29.876449],[-95.355233,29.877219],[-95.355266,29.877477],[-95.355269,29.877972],[-95.355233,29.878776],[-95.355195,29.879994],[-95.355089,29.879981],[-95.355089,29.879981],[-95.355089,29.879981],[-95.355086,29.879981],[-95.355084,29.879981],[-95.355084,29.879981],[-95.355084,29.879981],[-95.355083,29.879981],[-95.355083,29.879981],[-95.355083,29.879981],[-95.35508,29.879981],[-95.35508,29.879981],[-95.35508,29.879981],[-95.355079,29.879981],[-95.355079,29.879981],[-95.35507,29.879981],[-95.35507,29.879981],[-95.35507,29.879981],[-95.355066,29.879981],[-95.355065,29.879981],[-95.355065,29.879981],[-95.354202,29.879992],[-95.354202,29.879992],[-95.354202,29.879992],[-95.353981,29.879994],[-95.353981,29.879994],[-95.35398,29.879994],[-95.353787,29.879992],[-95.353787,29.879992],[-95.353787,29.879992],[-95.353578,29.879995],[-95.353578,29.879995],[-95.353578,29.879995],[-95.353371,29.879998],[-95.353371,29.879998],[-95.353371,29.879998],[-95.353148,29.879996],[-95.353147,29.879996],[-95.353147,29.879996],[-95.352946,29.879999],[-95.352946,29.879999],[-95.352946,29.879999],[-95.352724,29.879999],[-95.352723,29.879999],[-95.352723,29.879999],[-95.352516,29.880002],[-95.352515,29.880002],[-95.352515,29.880002],[-95.352306,29.880004],[-95.352306,29.880004],[-95.352306,29.880004],[-95.352076,29.880003],[-95.352076,29.880003],[-95.352076,29.880003],[-95.351877,29.880003],[-95.351877,29.880003],[-95.351877,29.880003],[-95.351681,29.880006],[-95.351681,29.880006],[-95.351681,29.880006],[-95.351467,29.88001],[-95.351467,29.88001],[-95.351467,29.88001],[-95.351262,29.880009],[-95.351262,29.880009],[-95.351262,29.880009],[-95.351069,29.880011],[-95.351069,29.880011],[-95.351069,29.880011],[-95.350833,29.880013],[-95.350833,29.880013],[-95.350833,29.880013],[-95.350631,29.880015],[-95.350631,29.880015],[-95.350631,29.880015],[-95.350425,29.880016],[-95.350425,29.880016],[-95.350425,29.880016],[-95.350211,29.880018],[-95.350211,29.880018],[-95.350211,29.880018],[-95.349996,29.880021],[-95.349996,29.880021],[-95.349995,29.880021],[-95.349801,29.880023],[-95.349801,29.880023],[-95.349801,29.880023],[-95.349589,29.880024],[-95.349589,29.880024],[-95.349589,29.880024],[-95.349386,29.880026],[-95.349386,29.880026],[-95.349385,29.880026],[-95.349175,29.880027],[-95.349175,29.880027],[-95.349175,29.880027],[-95.349164,29.880027],[-95.349159,29.880027],[-95.349159,29.880027],[-95.349159,29.880027],[-95.349158,29.880027],[-95.349158,29.880027],[-95.349158,29.880027],[-95.349158,29.880027],[-95.349156,29.880027],[-95.349156,29.880027],[-95.349156,29.880027],[-95.349055,29.880009],[-95.348982,29.879996],[-95.348982,29.879996],[-95.348982,29.879996],[-95.348979,29.879996],[-95.348976,29.879995],[-95.348976,29.879995],[-95.348976,29.879995],[-95.348975,29.879995],[-95.348975,29.879995],[-95.348975,29.879995],[-95.348963,29.879996],[-95.348963,29.879996],[-95.348963,29.879996],[-95.348763,29.880004],[-95.348763,29.880004],[-95.348763,29.880004],[-95.348762,29.880004],[-95.348762,29.880004],[-95.348762,29.880004],[-95.348571,29.880001],[-95.348571,29.880001],[-95.348571,29.880001],[-95.34857,29.880001],[-95.34857,29.880001],[-95.34857,29.880001],[-95.348373,29.879997],[-95.348373,29.879997],[-95.348373,29.879997],[-95.348182,29.879998],[-95.348182,29.879998],[-95.348182,29.879998],[-95.347989,29.879999],[-95.347989,29.879999],[-95.347989,29.879999],[-95.347796,29.88],[-95.347796,29.88],[-95.347796,29.88],[-95.347602,29.880002],[-95.347602,29.880002],[-95.347602,29.880002],[-95.34739,29.88],[-95.34739,29.88],[-95.34739,29.88],[-95.347184,29.880003],[-95.347184,29.880003],[-95.347184,29.880003],[-95.346973,29.880006],[-95.346973,29.880006],[-95.346973,29.880006],[-95.346972,29.880006],[-95.346972,29.880006],[-95.346972,29.880006],[-95.346971,29.880006],[-95.346971,29.880006],[-95.346971,29.880006],[-95.346955,29.880006],[-95.346954,29.880006],[-95.346954,29.880006],[-95.346953,29.880006],[-95.346953,29.880006],[-95.346953,29.880006],[-95.346816,29.880003],[-95.346816,29.880003],[-95.346816,29.880003],[-95.346816,29.880003],[-95.346815,29.880003],[-95.346815,29.880003],[-95.346815,29.880003],[-95.346815,29.880003],[-95.346799,29.880002],[-95.346799,29.880002],[-95.346799,29.880002],[-95.346797,29.880002],[-95.346797,29.880002],[-95.346797,29.880002],[-95.346613,29.880003],[-95.346613,29.880003],[-95.346613,29.880003],[-95.346408,29.880004],[-95.346408,29.880004],[-95.346408,29.880004],[-95.346191,29.880004],[-95.346191,29.880004],[-95.346191,29.880004],[-95.345994,29.880005],[-95.345994,29.880005],[-95.345994,29.880005],[-95.3458,29.880008],[-95.3458,29.880008],[-95.3458,29.880008],[-95.345566,29.880011],[-95.345566,29.880011],[-95.345566,29.880011],[-95.345399,29.880011],[-95.344963,29.880011],[-95.344963,29.880011],[-95.344963,29.880011],[-95.344889,29.880014],[-95.344883,29.880014],[-95.344704,29.88002],[-95.344704,29.88002],[-95.344704,29.88002],[-95.344699,29.88002],[-95.344682,29.88002],[-95.344681,29.88002],[-95.344593,29.880023],[-95.344478,29.880027],[-95.344471,29.880027],[-95.344471,29.880027],[-95.344471,29.880027],[-95.344201,29.880035],[-95.344196,29.880035],[-95.344196,29.880035],[-95.344196,29.880035],[-95.343895,29.880076],[-95.343895,29.880076],[-95.343895,29.880076],[-95.343861,29.880078],[-95.343861,29.880078],[-95.343861,29.880078],[-95.343806,29.88008],[-95.343806,29.88008],[-95.343806,29.88008],[-95.343689,29.880079],[-95.343689,29.880079],[-95.343689,29.880079],[-95.343669,29.880082],[-95.343669,29.880082],[-95.343669,29.880082],[-95.343593,29.880085],[-95.343593,29.880085],[-95.343593,29.880085],[-95.343459,29.880082],[-95.343268,29.880079],[-95.343268,29.880079],[-95.343268,29.880079],[-95.343268,29.880079],[-95.343268,29.880079],[-95.343268,29.880079],[-95.343268,29.880079],[-95.343261,29.880079],[-95.343261,29.880079],[-95.34326,29.880079],[-95.343259,29.880079],[-95.343259,29.880079],[-95.343259,29.880079],[-95.343259,29.880079],[-95.343249,29.880079],[-95.343249,29.880079],[-95.343249,29.880079],[-95.343249,29.880079],[-95.343249,29.880079],[-95.343249,29.880079],[-95.343249,29.880079],[-95.343248,29.880079],[-95.343248,29.880079],[-95.343248,29.880079],[-95.343248,29.880079],[-95.343248,29.880079],[-95.343248,29.880079],[-95.343247,29.880079],[-95.343153,29.880077],[-95.343149,29.880076],[-95.343114,29.880076],[-95.343114,29.880076],[-95.343114,29.880076],[-95.343113,29.880076],[-95.343112,29.880076],[-95.343112,29.880076],[-95.343112,29.880076],[-95.343112,29.880076],[-95.343101,29.880075],[-95.3431,29.880075],[-95.3431,29.880075],[-95.3431,29.880075],[-95.343095,29.880075],[-95.343095,29.880075],[-95.343095,29.880075],[-95.343095,29.880075],[-95.342965,29.880074],[-95.342921,29.880073],[-95.342921,29.880073],[-95.342921,29.880073],[-95.34292,29.880073],[-95.34292,29.880073],[-95.34292,29.880073],[-95.342826,29.880071],[-95.342824,29.880071],[-95.342811,29.880071],[-95.342811,29.880071],[-95.342811,29.880071],[-95.342809,29.880071],[-95.342809,29.880071],[-95.342809,29.880071],[-95.342799,29.880071],[-95.342792,29.880071],[-95.342792,29.880069],[-95.342794,29.88],[-95.342762,29.879999],[-95.342762,29.879999],[-95.342762,29.879999],[-95.342755,29.879999],[-95.34275,29.879999],[-95.34275,29.879999],[-95.34275,29.879999],[-95.342749,29.879999],[-95.342749,29.879999],[-95.342749,29.879999],[-95.342743,29.879999],[-95.342743,29.879999],[-95.342743,29.879999],[-95.3426,29.880001],[-95.3426,29.880001],[-95.3426,29.880001],[-95.342425,29.880004],[-95.342424,29.880004],[-95.342424,29.880004],[-95.342245,29.880007],[-95.342245,29.880007],[-95.342245,29.880007],[-95.342067,29.88001],[-95.342067,29.88001],[-95.342067,29.88001],[-95.341886,29.880013],[-95.341886,29.880013],[-95.341886,29.880013],[-95.341727,29.880017],[-95.341727,29.880017],[-95.341727,29.880017],[-95.341568,29.880021],[-95.341568,29.880021],[-95.341568,29.880021],[-95.341396,29.880025],[-95.341396,29.880025],[-95.341396,29.880025],[-95.341242,29.880027],[-95.341242,29.880027],[-95.341242,29.880027],[-95.34107,29.880027],[-95.34107,29.880027],[-95.34107,29.880027],[-95.340894,29.880028],[-95.340894,29.880028],[-95.340894,29.880028],[-95.340721,29.88003],[-95.34072,29.88003],[-95.34072,29.88003],[-95.340548,29.880034],[-95.340548,29.880034],[-95.340548,29.880034],[-95.340385,29.880037],[-95.340385,29.880037],[-95.340385,29.880037],[-95.340214,29.880041],[-95.340214,29.880041],[-95.340214,29.880041],[-95.340044,29.880045],[-95.340044,29.880045],[-95.340044,29.880045],[-95.339868,29.880049],[-95.339868,29.880049],[-95.339868,29.880049],[-95.339683,29.880055],[-95.339683,29.880055],[-95.339683,29.880055],[-95.339679,29.880055],[-95.339677,29.880055],[-95.339677,29.880055],[-95.339677,29.880055],[-95.339676,29.880055],[-95.339676,29.880055],[-95.339676,29.880055],[-95.339671,29.880054],[-95.339671,29.880054],[-95.339671,29.880054],[-95.339668,29.880054],[-95.339665,29.880054],[-95.339665,29.880054],[-95.339664,29.880054],[-95.339632,29.880053],[-95.339583,29.88005],[-95.339488,29.880045],[-95.339488,29.880045],[-95.339488,29.880045],[-95.339463,29.880044],[-95.339434,29.880043],[-95.339434,29.880043],[-95.339434,29.880043],[-95.339429,29.880043],[-95.339424,29.880042],[-95.339424,29.880042],[-95.339424,29.880042],[-95.339424,29.880042],[-95.339424,29.880042],[-95.339424,29.880042],[-95.339424,29.880042],[-95.339424,29.880042],[-95.339415,29.880042],[-95.339415,29.880042],[-95.339415,29.880042],[-95.339226,29.880044],[-95.339226,29.880044],[-95.339226,29.880044],[-95.339136,29.880045],[-95.339136,29.880045],[-95.339136,29.880045],[-95.339135,29.880045],[-95.339054,29.880047],[-95.339054,29.880047],[-95.339054,29.880047],[-95.339044,29.880047],[-95.339044,29.880047],[-95.339044,29.880047],[-95.338898,29.880047],[-95.338898,29.880047],[-95.338898,29.880047],[-95.338857,29.880048],[-95.338857,29.880048],[-95.338857,29.880048],[-95.338724,29.880049],[-95.338724,29.880049],[-95.338724,29.880049],[-95.338667,29.880049],[-95.338667,29.880049],[-95.338667,29.880049],[-95.338478,29.880051],[-95.338478,29.880051],[-95.338478,29.880051],[-95.338379,29.880052],[-95.338379,29.880052],[-95.338378,29.880052],[-95.338293,29.880052],[-95.338293,29.880052],[-95.338293,29.880052],[-95.338103,29.880054],[-95.338103,29.880054],[-95.338103,29.880054],[-95.338052,29.880054],[-95.338052,29.880054],[-95.338052,29.880054],[-95.337914,29.880055],[-95.337914,29.880055],[-95.337913,29.880055],[-95.337723,29.880056],[-95.337723,29.880056],[-95.337723,29.880056],[-95.337535,29.880059],[-95.337535,29.880059],[-95.337535,29.880059],[-95.337533,29.880059],[-95.337533,29.880059],[-95.337533,29.880059],[-95.33741,29.880057],[-95.33741,29.880057],[-95.33741,29.880057],[-95.337408,29.880057],[-95.337408,29.880057],[-95.337408,29.880057],[-95.337403,29.880057],[-95.337403,29.880057],[-95.337403,29.880057],[-95.337403,29.880057],[-95.337403,29.880057],[-95.337402,29.880057],[-95.337402,29.880057],[-95.337402,29.880057],[-95.337402,29.880057],[-95.337402,29.880057],[-95.337401,29.880057],[-95.337401,29.880057],[-95.337401,29.880057],[-95.337401,29.880056],[-95.337401,29.880056],[-95.337401,29.880056],[-95.337401,29.880056],[-95.337401,29.880056],[-95.337401,29.880056],[-95.337401,29.880056],[-95.337398,29.880056],[-95.337397,29.880056],[-95.337397,29.880056],[-95.337397,29.880056],[-95.337396,29.880056],[-95.337396,29.880056],[-95.337396,29.880056],[-95.33739,29.880056],[-95.33739,29.880056],[-95.337389,29.880056],[-95.337389,29.880056],[-95.337389,29.880056],[-95.337389,29.880056],[-95.337389,29.880056],[-95.337388,29.880056],[-95.337388,29.880056],[-95.337388,29.880056],[-95.337387,29.880056],[-95.337384,29.880056],[-95.337384,29.880056],[-95.337384,29.880056],[-95.337384,29.880056],[-95.337384,29.880056],[-95.337384,29.880056],[-95.337384,29.880056],[-95.337383,29.880056],[-95.337383,29.880056],[-95.337383,29.880056],[-95.337382,29.880056],[-95.337382,29.880056],[-95.337382,29.880056],[-95.337382,29.880056],[-95.337382,29.880056],[-95.337382,29.880056],[-95.337382,29.880056],[-95.337382,29.880056],[-95.337382,29.880056],[-95.337382,29.880056],[-95.33738,29.880056],[-95.33738,29.880056],[-95.33738,29.880056],[-95.337379,29.880056],[-95.337379,29.880056],[-95.337379,29.880056],[-95.337374,29.880056],[-95.337374,29.880056],[-95.337374,29.880056],[-95.337199,29.880058],[-95.337199,29.880058],[-95.337199,29.880058],[-95.337022,29.880061],[-95.337022,29.880061],[-95.337022,29.880061],[-95.336955,29.880061],[-95.336955,29.880061],[-95.336955,29.880061],[-95.336955,29.880061],[-95.336955,29.880061],[-95.336955,29.880061],[-95.336955,29.880061],[-95.336955,29.880061],[-95.336884,29.880062],[-95.336846,29.880062],[-95.336846,29.880062],[-95.336846,29.880062],[-95.336668,29.880065],[-95.336668,29.880065],[-95.336668,29.880065],[-95.336508,29.880067],[-95.336508,29.880067],[-95.336508,29.880067],[-95.336342,29.880069],[-95.336342,29.880069],[-95.336342,29.880069],[-95.33634,29.880069],[-95.33634,29.880069],[-95.33634,29.880069],[-95.336336,29.880069],[-95.336329,29.880069],[-95.336329,29.880069],[-95.336329,29.880069],[-95.336175,29.880069],[-95.336175,29.880069],[-95.336175,29.880069],[-95.335701,29.880074],[-95.335701,29.880074],[-95.335701,29.880074],[-95.335696,29.880074],[-95.335694,29.880074],[-95.335694,29.880074],[-95.335694,29.880074],[-95.335693,29.880074],[-95.335693,29.880074],[-95.335693,29.880074],[-95.335688,29.880074],[-95.335683,29.880073],[-95.335683,29.880073],[-95.335683,29.880073],[-95.335613,29.88007],[-95.335485,29.880065],[-95.335485,29.880065],[-95.335484,29.880065],[-95.33548,29.880065],[-95.335476,29.880065],[-95.335476,29.880065],[-95.335476,29.880065],[-95.335475,29.880065],[-95.335475,29.880065],[-95.335475,29.880065],[-95.335466,29.880065],[-95.335466,29.880065],[-95.335466,29.880065],[-95.335244,29.880064],[-95.335244,29.880064],[-95.335244,29.880064],[-95.335057,29.880066],[-95.335057,29.880066],[-95.335057,29.880066],[-95.335035,29.880066],[-95.335035,29.880066],[-95.335035,29.880066],[-95.335023,29.880066],[-95.335016,29.880066],[-95.335016,29.879908],[-95.335014,29.879764],[-95.335012,29.879602],[-95.335011,29.879438],[-95.33501,29.87937],[-95.33501,29.87937],[-95.33501,29.87937],[-95.335008,29.87922],[-95.335008,29.879217],[-95.335009,29.879212],[-95.335011,29.879136],[-95.335012,29.87897],[-95.335009,29.878802],[-95.335002,29.878635],[-95.334995,29.878459],[-95.334991,29.878284],[-95.334991,29.87811],[-95.33499,29.877932],[-95.334986,29.877761],[-95.334987,29.877753],[-95.334985,29.877574],[-95.334986,29.877396],[-95.33499,29.877251],[-95.334983,29.876893],[-95.334983,29.876885],[-95.334977,29.876534],[-95.334979,29.876364],[-95.334977,29.876183],[-95.334971,29.876003],[-95.334971,29.875999],[-95.33497,29.87582],[-95.334967,29.875655],[-95.334966,29.875486],[-95.334965,29.875321],[-95.334963,29.875262],[-95.33496,29.875145],[-95.334957,29.875033],[-95.334954,29.874946],[-95.334951,29.874831],[-95.334951,29.874756],[-95.334951,29.874755],[-95.334946,29.874563],[-95.334946,29.874559],[-95.334946,29.874536],[-95.334944,29.874371],[-95.334941,29.874178],[-95.334939,29.874021],[-95.334939,29.874013],[-95.334937,29.873848],[-95.334935,29.873684],[-95.334932,29.873501],[-95.334931,29.873462],[-95.334931,29.873332],[-95.334932,29.873238],[-95.334932,29.873238],[-95.334932,29.873238],[-95.334932,29.873238],[-95.334932,29.87323],[-95.334931,29.873167],[-95.334929,29.873022],[-95.334928,29.872986],[-95.334926,29.872917],[-95.334926,29.872917],[-95.334924,29.872855],[-95.334924,29.872854],[-95.334904,29.872298],[-95.334904,29.872296],[-95.334905,29.872283],[-95.334905,29.872273],[-95.334908,29.872175],[-95.334908,29.872175],[-95.334908,29.872175],[-95.334913,29.871995],[-95.334912,29.871915],[-95.334895,29.871796],[-95.334888,29.871625],[-95.334887,29.871582],[-95.334885,29.871472],[-95.334885,29.871466],[-95.334885,29.87142],[-95.334883,29.871315],[-95.334881,29.871118],[-95.334879,29.871025],[-95.334879,29.871021],[-95.334879,29.871014],[-95.334879,29.871011],[-95.334876,29.870901],[-95.334876,29.870893],[-95.334875,29.870873],[-95.334874,29.870842],[-95.334873,29.870762],[-95.33487,29.870589],[-95.33487,29.870577],[-95.334867,29.870425],[-95.334864,29.870263],[-95.334861,29.870101],[-95.334857,29.869939],[-95.334854,29.869777],[-95.334851,29.869615],[-95.334846,29.869456],[-95.334844,29.869337],[-95.334844,29.869321],[-95.334842,29.869256],[-95.334841,29.86922],[-95.334838,29.869094],[-95.334838,29.869055],[-95.334837,29.869046],[-95.334835,29.868931],[-95.334834,29.868914],[-95.334834,29.868908],[-95.334831,29.868775],[-95.334831,29.868771],[-95.334831,29.868753],[-95.334826,29.868608],[-95.334825,29.868588],[-95.334821,29.868472],[-95.334819,29.868411],[-95.334818,29.868327],[-95.334818,29.86825],[-95.334818,29.868191],[-95.334818,29.868088],[-95.334818,29.868053],[-95.334817,29.867926],[-95.334817,29.867917],[-95.334817,29.867772],[-95.334817,29.867764],[-95.334814,29.867611],[-95.334813,29.867518],[-95.334812,29.867458],[-95.334811,29.867386],[-95.334809,29.867276],[-95.334811,29.867254],[-95.334812,29.867126],[-95.334812,29.867116],[-95.334808,29.866959],[-95.334804,29.866798],[-95.334793,29.866614],[-95.334792,29.866448],[-95.334791,29.866287],[-95.334789,29.866132],[-95.334787,29.865973],[-95.334785,29.865812],[-95.334783,29.865653],[-95.334783,29.865653],[-95.334782,29.865584],[-95.334781,29.865477],[-95.334781,29.865477],[-95.334781,29.865477],[-95.334779,29.865271],[-95.334776,29.865066],[-95.334775,29.86486],[-95.334774,29.864805],[-95.334769,29.864569],[-95.334761,29.86407],[-95.334759,29.863905],[-95.334753,29.863381],[-95.334759,29.8628],[-95.33476,29.862619],[-95.334762,29.862459],[-95.334763,29.862314],[-95.334767,29.861866]]]},"properties":{"Campus__Number":237,"Campus_Short_Name":"Scarborough ES","Street_Address":"3030 Trenton Rd"}},{"type":"Feature","geometry":{"type":"Polygon","coordinates":[[[-95.278597,29.781595],[-95.281283,29.781555],[-95.281322,29.781843],[-95.288332,29.781794],[-95.288286,29.780359],[-95.291618,29.780331],[-95.291622,29.780491],[-95.301175,29.780351],[-95.301179,29.780836],[-95.30116,29.784269],[-95.301138,29.786874],[-95.301158,29.787536],[-95.301132,29.793881],[-95.292108,29.797712],[-95.280301,29.802711],[-95.278175,29.801312],[-95.277829,29.790079],[-95.276965,29.790225],[-95.276878,29.789121],[-95.275853,29.789307],[-95.275786,29.787543],[-95.273303,29.787617],[-95.273142,29.781677],[-95.278597,29.781595]]]},"properties":{"Campus__Number":269,"Campus_Short_Name":"Scroggins ES","Street_Address":"400 Boyles St"}},{"type":"Feature","geometry":{"type":"Polygon","coordinates":[[[-95.594503,29.759276],[-95.594502,29.759276],[-95.594037,29.759275],[-95.593407,29.759325],[-95.591372,29.759524],[-95.590412,29.759581],[-95.589992,29.759654],[-95.589554,29.759803],[-95.589269,29.759962],[-95.589115,29.759464],[-95.588773,29.758387],[-95.588603,29.757822],[-95.588293,29.756856],[-95.588006,29.756129],[-95.587628,29.755434],[-95.587176,29.75477],[-95.586601,29.754077],[-95.58647,29.753895],[-95.586016,29.753189],[-95.585831,29.752833],[-95.585541,29.752023],[-95.585422,29.751326],[-95.58541,29.750314],[-95.585467,29.749972],[-95.585683,29.749221],[-95.585861,29.748804],[-95.586304,29.747948],[-95.586608,29.74745],[-95.58589,29.747241],[-95.585162,29.747071],[-95.584232,29.746936],[-95.583654,29.74689],[-95.583695,29.74623],[-95.583785,29.745572],[-95.583897,29.745142],[-95.583979,29.744938],[-95.584096,29.744673],[-95.58429,29.744358],[-95.584534,29.744036],[-95.584836,29.743697],[-95.585066,29.74348],[-95.585339,29.743268],[-95.585569,29.743091],[-95.586096,29.742715],[-95.585846,29.742391],[-95.585576,29.741956],[-95.585352,29.741506],[-95.585248,29.741256],[-95.585157,29.740889],[-95.585095,29.740432],[-95.58508,29.740025],[-95.585068,29.739699],[-95.585047,29.738362],[-95.585011,29.73685],[-95.584995,29.736535],[-95.58861,29.736465],[-95.59787,29.736284],[-95.605849,29.736162],[-95.605896,29.738038],[-95.605944,29.740447],[-95.605957,29.741521],[-95.606015,29.744921],[-95.606041,29.746821],[-95.605998,29.747659],[-95.606044,29.748794],[-95.606069,29.75017],[-95.60608,29.751917],[-95.60609,29.752635],[-95.606105,29.753464],[-95.606114,29.753926],[-95.606134,29.755356],[-95.606177,29.757409],[-95.60621,29.759318],[-95.606202,29.760259],[-95.606213,29.76103],[-95.606252,29.761889],[-95.606002,29.761892],[-95.60469,29.761908],[-95.604009,29.761908],[-95.602262,29.761909],[-95.60226,29.761909],[-95.601946,29.761897],[-95.601565,29.761773],[-95.59889,29.76076],[-95.596813,29.759984],[-95.595407,29.75946],[-95.594993,29.759346],[-95.594503,29.759276]]]},"properties":{"Campus__Number":273,"Campus_Short_Name":"Ashford ES","Street_Address":"1815 Shannon Vly Dr"}},{"type":"Feature","geometry":{"type":"Polygon","coordinates":[[[-95.417962,29.799672],[-95.417934,29.79868],[-95.417917,29.797808],[-95.41789,29.796534],[-95.417886,29.796181],[-95.417879,29.795583],[-95.420634,29.795579],[-95.421398,29.795616],[-95.421401,29.795995],[-95.423208,29.796001],[-95.422897,29.795032],[-95.422767,29.794764],[-95.422491,29.794412],[-95.422277,29.794192],[-95.421883,29.793966],[-95.42121,29.793698],[-95.420855,29.793556],[-95.420613,29.793421],[-95.42035,29.793199],[-95.420169,29.792965],[-95.419915,29.792478],[-95.419666,29.792213],[-95.419351,29.791947],[-95.41817,29.791177],[-95.417648,29.790848],[-95.417408,29.790656],[-95.417233,29.790508],[-95.417116,29.790311],[-95.417077,29.790125],[-95.417117,29.789824],[-95.417231,29.789612],[-95.417471,29.789346],[-95.417656,29.789208],[-95.417859,29.789041],[-95.418159,29.788701],[-95.418475,29.788108],[-95.418551,29.787823],[-95.418564,29.787673],[-95.418488,29.787506],[-95.418371,29.787317],[-95.41818,29.787147],[-95.417834,29.786958],[-95.417306,29.786772],[-95.416632,29.786633],[-95.416438,29.786551],[-95.416288,29.786451],[-95.416033,29.786234],[-95.413838,29.783864],[-95.413673,29.783592],[-95.413634,29.783438],[-95.434071,29.784089],[-95.434647,29.78408],[-95.435183,29.783999],[-95.435636,29.783963],[-95.436145,29.783959],[-95.436753,29.783951],[-95.43723,29.783926],[-95.437599,29.783845],[-95.437898,29.78374],[-95.438185,29.783566],[-95.438487,29.783339],[-95.441471,29.778841],[-95.441866,29.778884],[-95.443122,29.778992],[-95.443959,29.779031],[-95.445072,29.77903],[-95.447776,29.77896],[-95.449229,29.778955],[-95.450317,29.779021],[-95.45069,29.779105],[-95.451223,29.779259],[-95.452087,29.779581],[-95.452745,29.779912],[-95.453956,29.780692],[-95.454229,29.780868],[-95.455374,29.781652],[-95.455946,29.781984],[-95.456519,29.782336],[-95.456766,29.782489],[-95.456774,29.78302],[-95.456875,29.783061],[-95.456922,29.78308],[-95.456922,29.78308],[-95.456938,29.78353],[-95.456938,29.78353],[-95.45694,29.784009],[-95.456944,29.784274],[-95.457132,29.797038],[-95.457138,29.797668],[-95.457145,29.797668],[-95.457621,29.797669],[-95.458294,29.797668],[-95.458984,29.797668],[-95.458984,29.797668],[-95.459003,29.800116],[-95.459005,29.800118],[-95.458952,29.800273],[-95.458609,29.800037],[-95.458656,29.801505],[-95.456671,29.801519],[-95.451639,29.801529],[-95.450497,29.801525],[-95.449715,29.801567],[-95.449323,29.802202],[-95.448834,29.80287],[-95.448307,29.80346],[-95.447214,29.804577],[-95.445837,29.805981],[-95.445169,29.80668],[-95.444649,29.807072],[-95.443878,29.807577],[-95.442901,29.80811],[-95.440288,29.809204],[-95.436766,29.810724],[-95.433537,29.81201],[-95.432688,29.812317],[-95.431744,29.812535],[-95.431041,29.81266],[-95.430388,29.812709],[-95.429365,29.812747],[-95.423275,29.812792],[-95.412127,29.812845],[-95.411807,29.81285],[-95.41206,29.81246],[-95.412294,29.811915],[-95.412379,29.811431],[-95.412398,29.81089],[-95.412383,29.809874],[-95.412349,29.807828],[-95.4123,29.8058],[-95.412263,29.803769],[-95.41223,29.801728],[-95.412202,29.801248],[-95.412114,29.800715],[-95.414947,29.800702],[-95.417976,29.800683],[-95.417962,29.799672]]]},"properties":{"Campus__Number":241,"Campus_Short_Name":"Sinclair ES","Street_Address":"6410 Grovewood Ln"}},{"type":"Feature","geometry":{"type":"Polygon","coordinates":[[[-95.47333,29.850641],[-95.473321,29.849682],[-95.473321,29.849682],[-95.473168,29.849684],[-95.473164,29.849684],[-95.473163,29.849684],[-95.473163,29.849684],[-95.472706,29.849697],[-95.472705,29.849697],[-95.472705,29.849697],[-95.472704,29.849697],[-95.472704,29.849697],[-95.472704,29.849697],[-95.472356,29.8497],[-95.472356,29.8497],[-95.472356,29.8497],[-95.47235,29.8497],[-95.472349,29.8497],[-95.472349,29.8497],[-95.47173,29.849706],[-95.47173,29.849706],[-95.47173,29.849706],[-95.471488,29.849708],[-95.471361,29.849709],[-95.471361,29.849709],[-95.471361,29.849709],[-95.471018,29.849713],[-95.471018,29.849713],[-95.471018,29.849713],[-95.46905,29.849731],[-95.46905,29.849731],[-95.46905,29.849731],[-95.469031,29.849732],[-95.46885,29.849733],[-95.46885,29.849733],[-95.46885,29.849733],[-95.467183,29.849749],[-95.467184,29.849795],[-95.467182,29.849889],[-95.467181,29.849964],[-95.46684,29.84997],[-95.46684,29.84997],[-95.46684,29.84997],[-95.466837,29.84997],[-95.466837,29.84997],[-95.466837,29.84997],[-95.466837,29.84997],[-95.466836,29.84997],[-95.466836,29.84997],[-95.466835,29.84997],[-95.466828,29.84997],[-95.466828,29.84997],[-95.466828,29.84997],[-95.466828,29.84997],[-95.466828,29.84997],[-95.466828,29.84997],[-95.466828,29.84997],[-95.466827,29.84997],[-95.466821,29.84997],[-95.466821,29.84997],[-95.466821,29.84997],[-95.46682,29.84997],[-95.46682,29.84997],[-95.46682,29.84997],[-95.466775,29.849969],[-95.466729,29.849968],[-95.466722,29.849967],[-95.466722,29.849967],[-95.466722,29.849967],[-95.466717,29.849967],[-95.466676,29.849966],[-95.466675,29.849966],[-95.466669,29.849966],[-95.466669,29.849966],[-95.466669,29.849966],[-95.466668,29.849966],[-95.466668,29.849966],[-95.466668,29.849966],[-95.46666,29.849966],[-95.466653,29.849965],[-95.466653,29.849965],[-95.466653,29.849965],[-95.466651,29.849966],[-95.466651,29.849966],[-95.466651,29.849966],[-95.466422,29.849971],[-95.466422,29.849971],[-95.466422,29.849971],[-95.46623,29.849972],[-95.46623,29.849972],[-95.46623,29.849972],[-95.466088,29.849975],[-95.466088,29.849975],[-95.466088,29.849975],[-95.466014,29.849976],[-95.466014,29.849976],[-95.466014,29.849976],[-95.46595,29.849976],[-95.46595,29.849976],[-95.46595,29.849976],[-95.465803,29.849974],[-95.465803,29.849974],[-95.465803,29.849974],[-95.465598,29.849976],[-95.465598,29.849976],[-95.465598,29.849976],[-95.465463,29.849978],[-95.465463,29.849978],[-95.465463,29.849978],[-95.465392,29.849979],[-95.465392,29.849979],[-95.465392,29.849979],[-95.465361,29.849979],[-95.465361,29.849979],[-95.465361,29.849979],[-95.465187,29.849978],[-95.465187,29.849978],[-95.465187,29.849978],[-95.464979,29.849983],[-95.464979,29.849983],[-95.464979,29.849983],[-95.464774,29.849987],[-95.464774,29.849987],[-95.464774,29.849987],[-95.464568,29.849989],[-95.464568,29.849989],[-95.464568,29.849989],[-95.464364,29.849991],[-95.464364,29.849991],[-95.464364,29.849991],[-95.464155,29.849994],[-95.464155,29.849994],[-95.464155,29.849994],[-95.463995,29.849998],[-95.463995,29.849998],[-95.463995,29.849998],[-95.46395,29.849999],[-95.46395,29.849999],[-95.46395,29.849999],[-95.463757,29.850001],[-95.463757,29.850001],[-95.463757,29.850001],[-95.463531,29.850005],[-95.463531,29.850005],[-95.463531,29.850005],[-95.46335,29.850009],[-95.46335,29.850009],[-95.46335,29.850009],[-95.463285,29.850009],[-95.463284,29.850009],[-95.463284,29.850009],[-95.463075,29.850009],[-95.463075,29.850009],[-95.463075,29.850009],[-95.462774,29.850019],[-95.462774,29.850019],[-95.462774,29.850019],[-95.462769,29.850019],[-95.462769,29.850019],[-95.462769,29.850019],[-95.46272,29.850019],[-95.46272,29.850019],[-95.46272,29.850019],[-95.462635,29.850027],[-95.462635,29.850027],[-95.462635,29.850027],[-95.462614,29.850029],[-95.462614,29.850029],[-95.462614,29.850029],[-95.462395,29.850032],[-95.462395,29.850032],[-95.462395,29.850032],[-95.462384,29.850032],[-95.462377,29.850033],[-95.462376,29.850032],[-95.462187,29.849897],[-95.462187,29.849897],[-95.462187,29.849897],[-95.462187,29.849897],[-95.462187,29.849896],[-95.462186,29.849896],[-95.462186,29.849896],[-95.462185,29.849896],[-95.462169,29.849896],[-95.462169,29.849896],[-95.462169,29.849896],[-95.462093,29.849896],[-95.461919,29.849895],[-95.461919,29.849895],[-95.461919,29.849895],[-95.461671,29.849891],[-95.461671,29.849891],[-95.461671,29.849891],[-95.461625,29.849891],[-95.461625,29.849891],[-95.461625,29.849891],[-95.461625,29.849891],[-95.461616,29.849891],[-95.461615,29.849891],[-95.461615,29.84989],[-95.461615,29.84989],[-95.461614,29.84989],[-95.461614,29.84989],[-95.461614,29.84989],[-95.461614,29.84989],[-95.461614,29.84989],[-95.461614,29.84989],[-95.461614,29.84989],[-95.461614,29.84989],[-95.461614,29.84989],[-95.461613,29.84989],[-95.461612,29.84989],[-95.461612,29.84989],[-95.461612,29.84989],[-95.461612,29.84989],[-95.461612,29.84989],[-95.461607,29.84989],[-95.461607,29.84989],[-95.461607,29.84989],[-95.461606,29.84989],[-95.461606,29.84989],[-95.461606,29.84989],[-95.461606,29.84989],[-95.461605,29.84989],[-95.461605,29.84989],[-95.461605,29.84989],[-95.461605,29.84989],[-95.461605,29.84989],[-95.461605,29.84989],[-95.461605,29.84989],[-95.46158,29.849889],[-95.461578,29.849889],[-95.461573,29.849889],[-95.461573,29.849889],[-95.461573,29.849889],[-95.461572,29.849889],[-95.461571,29.849889],[-95.461571,29.849889],[-95.461568,29.849889],[-95.46154,29.849888],[-95.461451,29.849886],[-95.46145,29.849886],[-95.461444,29.849886],[-95.461444,29.849886],[-95.461444,29.849886],[-95.461443,29.849886],[-95.461443,29.849886],[-95.461442,29.849886],[-95.461433,29.849885],[-95.461426,29.849885],[-95.461425,29.849885],[-95.461425,29.849885],[-95.461425,29.849885],[-95.461409,29.849888],[-95.461409,29.849888],[-95.461409,29.849888],[-95.461409,29.849888],[-95.461409,29.849888],[-95.461409,29.849888],[-95.461394,29.84989],[-95.461394,29.84989],[-95.461394,29.84989],[-95.461181,29.849889],[-95.461181,29.849889],[-95.461181,29.849889],[-95.460946,29.849889],[-95.460946,29.849889],[-95.460946,29.849889],[-95.460941,29.849889],[-95.460941,29.849889],[-95.460941,29.849889],[-95.460939,29.849889],[-95.460939,29.849889],[-95.460939,29.849889],[-95.460698,29.849889],[-95.460698,29.849889],[-95.460698,29.849889],[-95.460456,29.849888],[-95.460456,29.849888],[-95.460456,29.849888],[-95.460301,29.849887],[-95.460301,29.849887],[-95.460301,29.849887],[-95.460212,29.849887],[-95.460212,29.849887],[-95.460212,29.849887],[-95.460095,29.849886],[-95.460095,29.849886],[-95.460095,29.849886],[-95.45989,29.849885],[-95.45989,29.849885],[-95.45989,29.849885],[-95.45973,29.849885],[-95.45973,29.849885],[-95.45973,29.849885],[-95.459684,29.849884],[-95.459684,29.849884],[-95.459684,29.849884],[-95.459479,29.849883],[-95.459479,29.849883],[-95.459479,29.849883],[-95.459273,29.849883],[-95.459273,29.849883],[-95.459273,29.849883],[-95.459249,29.849882],[-95.459249,29.849882],[-95.459249,29.849882],[-95.45907,29.849882],[-95.45907,29.849882],[-95.45907,29.849882],[-95.459001,29.849881],[-95.459001,29.849881],[-95.459001,29.849881],[-95.458823,29.849881],[-95.458823,29.849881],[-95.458823,29.849881],[-95.458768,29.84988],[-95.458768,29.84988],[-95.458768,29.84988],[-95.458611,29.849878],[-95.458611,29.849878],[-95.45861,29.849878],[-95.458609,29.849878],[-95.458609,29.849878],[-95.458592,29.849877],[-95.458592,29.849877],[-95.458592,29.849877],[-95.458591,29.849877],[-95.458591,29.849877],[-95.458591,29.849877],[-95.458421,29.849875],[-95.458421,29.849875],[-95.458421,29.849875],[-95.458282,29.849874],[-95.458258,29.849873],[-95.458258,29.849873],[-95.458258,29.849873],[-95.458209,29.849873],[-95.458209,29.849873],[-95.458209,29.849873],[-95.458039,29.849871],[-95.458014,29.849871],[-95.458014,29.849871],[-95.458014,29.849871],[-95.458004,29.849871],[-95.458004,29.849871],[-95.458004,29.849871],[-95.457796,29.849869],[-95.457782,29.849869],[-95.457782,29.849869],[-95.457782,29.849869],[-95.457776,29.849869],[-95.457776,29.849869],[-95.457776,29.849869],[-95.457581,29.849867],[-95.457581,29.849867],[-95.457581,29.849867],[-95.457554,29.849867],[-95.457533,29.849867],[-95.457533,29.849867],[-95.457533,29.849867],[-95.457369,29.849865],[-95.457369,29.849865],[-95.457369,29.849865],[-95.457311,29.849865],[-95.45729,29.849865],[-95.45729,29.849865],[-95.45729,29.849865],[-95.45716,29.849863],[-95.45716,29.849863],[-95.45716,29.849863],[-95.457068,29.849863],[-95.457051,29.849862],[-95.457051,29.849862],[-95.457051,29.849862],[-95.456945,29.849861],[-95.456945,29.849861],[-95.456945,29.849861],[-95.456826,29.84986],[-95.456812,29.84986],[-95.456812,29.84986],[-95.456812,29.84986],[-95.45673,29.849859],[-95.45673,29.849859],[-95.45673,29.849859],[-95.456583,29.849858],[-95.456566,29.849858],[-95.456566,29.849858],[-95.456566,29.849858],[-95.45634,29.849856],[-95.456324,29.849856],[-95.456324,29.849856],[-95.456324,29.849856],[-95.456303,29.849856],[-95.456303,29.849856],[-95.456303,29.849856],[-95.456099,29.849854],[-95.456098,29.849854],[-95.456098,29.849854],[-95.45589,29.849852],[-95.45589,29.849852],[-95.45589,29.849852],[-95.455843,29.849851],[-95.455843,29.849851],[-95.455843,29.849851],[-95.455692,29.84985],[-95.455692,29.84985],[-95.455692,29.84985],[-95.455612,29.849849],[-95.455603,29.849849],[-95.455603,29.849849],[-95.455603,29.849849],[-95.455477,29.849848],[-95.455477,29.849848],[-95.455477,29.849848],[-95.45537,29.849847],[-95.455361,29.849847],[-95.455361,29.849847],[-95.455361,29.849847],[-95.455268,29.849846],[-95.455268,29.849846],[-95.455268,29.849846],[-95.455127,29.849845],[-95.455121,29.849845],[-95.455121,29.849845],[-95.455121,29.849845],[-95.45506,29.849844],[-95.45506,29.849844],[-95.45506,29.849844],[-95.454845,29.849842],[-95.454845,29.849842],[-95.454845,29.849842],[-95.454655,29.84984],[-95.454655,29.84984],[-95.454655,29.84984],[-95.454643,29.84984],[-95.454642,29.84984],[-95.454637,29.84984],[-95.454636,29.84984],[-95.4546,29.84982],[-95.454585,29.849812],[-95.454517,29.849775],[-95.454512,29.849773],[-95.454512,29.849773],[-95.454511,29.849772],[-95.45451,29.849772],[-95.45451,29.849772],[-95.45451,29.849772],[-95.454493,29.849772],[-95.454493,29.849772],[-95.454493,29.849772],[-95.454253,29.849774],[-95.454253,29.849774],[-95.454253,29.849774],[-95.454093,29.849776],[-95.454093,29.849776],[-95.454092,29.849776],[-95.454025,29.849776],[-95.454025,29.849776],[-95.454025,29.849776],[-95.453791,29.849778],[-95.453791,29.849778],[-95.453791,29.849778],[-95.453675,29.849779],[-95.453675,29.849779],[-95.453675,29.849779],[-95.453585,29.84978],[-95.453556,29.84978],[-95.453556,29.84978],[-95.453556,29.84978],[-95.453463,29.849781],[-95.453463,29.849781],[-95.453463,29.849781],[-95.453321,29.849783],[-95.453321,29.849783],[-95.453321,29.849783],[-95.4531,29.849785],[-95.4531,29.849785],[-95.4531,29.849785],[-95.453056,29.849785],[-95.453056,29.849785],[-95.453056,29.849785],[-95.452855,29.849787],[-95.452855,29.849787],[-95.452855,29.849787],[-95.452849,29.849787],[-95.452848,29.849787],[-95.452848,29.849787],[-95.452777,29.849787],[-95.452777,29.849787],[-95.452777,29.849787],[-95.452631,29.849789],[-95.452631,29.849789],[-95.452631,29.849789],[-95.452623,29.849789],[-95.452623,29.849789],[-95.452623,29.849789],[-95.452416,29.849791],[-95.452416,29.849791],[-95.452416,29.849791],[-95.452386,29.849791],[-95.452386,29.849791],[-95.452386,29.849791],[-95.452209,29.849793],[-95.452209,29.849793],[-95.452209,29.849793],[-95.452157,29.849792],[-95.452157,29.849792],[-95.452157,29.849792],[-95.451993,29.849792],[-95.451993,29.849792],[-95.451993,29.849792],[-95.451915,29.849792],[-95.451915,29.849792],[-95.451915,29.849792],[-95.451775,29.849792],[-95.451775,29.849792],[-95.451775,29.849792],[-95.451676,29.849792],[-95.451676,29.849792],[-95.451676,29.849792],[-95.451564,29.849791],[-95.451564,29.849791],[-95.451564,29.849791],[-95.451442,29.849791],[-95.451442,29.849791],[-95.451441,29.849791],[-95.451133,29.84979],[-95.451133,29.84979],[-95.451133,29.84979],[-95.450925,29.84979],[-95.450925,29.84979],[-95.450925,29.84979],[-95.450851,29.84979],[-95.450851,29.84979],[-95.450851,29.84979],[-95.450711,29.84979],[-95.450711,29.84979],[-95.450711,29.84979],[-95.450613,29.849789],[-95.450613,29.849789],[-95.450613,29.849789],[-95.450495,29.849789],[-95.450495,29.849789],[-95.450495,29.849789],[-95.450488,29.849789],[-95.450488,29.849789],[-95.450488,29.849789],[-95.450264,29.849789],[-95.450264,29.849789],[-95.450264,29.849789],[-95.450047,29.849788],[-95.450047,29.849788],[-95.450047,29.849788],[-95.449836,29.849788],[-95.449836,29.849788],[-95.449836,29.849788],[-95.449797,29.849788],[-95.449797,29.849788],[-95.449797,29.849788],[-95.449607,29.849788],[-95.449607,29.849788],[-95.449607,29.849788],[-95.449556,29.849787],[-95.449556,29.849787],[-95.449556,29.849787],[-95.449384,29.849787],[-95.449384,29.849787],[-95.449384,29.849787],[-95.44931,29.849787],[-95.44931,29.849787],[-95.449309,29.849787],[-95.449164,29.849787],[-95.449164,29.849787],[-95.449163,29.849787],[-95.449082,29.849786],[-95.449082,29.849786],[-95.449082,29.849786],[-95.44895,29.849786],[-95.44895,29.849786],[-95.44895,29.849786],[-95.448848,29.849786],[-95.448848,29.849786],[-95.448848,29.849786],[-95.448729,29.849786],[-95.448729,29.849786],[-95.448729,29.849786],[-95.448604,29.849786],[-95.448604,29.849786],[-95.448604,29.849786],[-95.44852,29.849785],[-95.44852,29.849785],[-95.44852,29.849785],[-95.448262,29.849792],[-95.448262,29.849792],[-95.448262,29.849792],[-95.448145,29.84979],[-95.448145,29.84979],[-95.448145,29.84979],[-95.448042,29.849789],[-95.448042,29.849789],[-95.448042,29.849789],[-95.447906,29.849788],[-95.447906,29.849788],[-95.447906,29.849788],[-95.447849,29.849788],[-95.447815,29.849787],[-95.447815,29.849787],[-95.447815,29.849787],[-95.447665,29.849786],[-95.447665,29.849786],[-95.447665,29.849786],[-95.447585,29.849785],[-95.447585,29.849785],[-95.447585,29.849785],[-95.447584,29.849785],[-95.447583,29.849785],[-95.447583,29.849785],[-95.447583,29.849785],[-95.447431,29.849784],[-95.447431,29.849784],[-95.447431,29.849784],[-95.447358,29.849783],[-95.447358,29.849783],[-95.447357,29.849783],[-95.44719,29.849783],[-95.44719,29.849783],[-95.44719,29.849783],[-95.447145,29.849784],[-95.447133,29.849784],[-95.447132,29.849784],[-95.447132,29.849784],[-95.447018,29.849785],[-95.446954,29.849786],[-95.446954,29.849786],[-95.446954,29.849786],[-95.446907,29.849786],[-95.446907,29.849786],[-95.446907,29.849786],[-95.446713,29.849789],[-95.446712,29.849789],[-95.446712,29.849789],[-95.44668,29.849789],[-95.44668,29.849789],[-95.44668,29.849789],[-95.446474,29.849791],[-95.446474,29.849791],[-95.446474,29.849791],[-95.446233,29.849794],[-95.446233,29.849794],[-95.446233,29.849794],[-95.446203,29.849794],[-95.446203,29.849794],[-95.446203,29.849794],[-95.445995,29.849796],[-95.445995,29.849796],[-95.445995,29.849796],[-95.445984,29.849796],[-95.445984,29.849796],[-95.445984,29.849796],[-95.445759,29.849797],[-95.445759,29.849797],[-95.445759,29.849797],[-95.445533,29.849798],[-95.445533,29.849798],[-95.445533,29.849798],[-95.445517,29.849798],[-95.445517,29.849798],[-95.445517,29.849798],[-95.44528,29.849799],[-95.445279,29.849799],[-95.445279,29.849799],[-95.44508,29.849802],[-95.44508,29.849802],[-95.44508,29.849802],[-95.445039,29.849802],[-95.445039,29.849802],[-95.445039,29.849802],[-95.444853,29.849806],[-95.444853,29.849806],[-95.444853,29.849806],[-95.4448,29.849807],[-95.4448,29.849807],[-95.4448,29.849807],[-95.444619,29.84981],[-95.444619,29.84981],[-95.444619,29.84981],[-95.444557,29.849811],[-95.444557,29.849811],[-95.444557,29.849811],[-95.444387,29.849814],[-95.444387,29.849814],[-95.444387,29.849814],[-95.444317,29.849815],[-95.444317,29.849815],[-95.444317,29.849815],[-95.444161,29.849818],[-95.444161,29.849818],[-95.444161,29.849818],[-95.44407,29.849819],[-95.44407,29.849819],[-95.44407,29.849819],[-95.444042,29.849819],[-95.444042,29.849819],[-95.444042,29.849819],[-95.44392,29.849819],[-95.44392,29.849819],[-95.44392,29.849819],[-95.443682,29.849818],[-95.443682,29.849818],[-95.443682,29.849818],[-95.443525,29.849817],[-95.443525,29.849817],[-95.443525,29.849817],[-95.443474,29.849818],[-95.443474,29.849818],[-95.443474,29.849818],[-95.4434,29.84982],[-95.4434,29.84982],[-95.4434,29.84982],[-95.443286,29.849819],[-95.443286,29.849819],[-95.443286,29.849819],[-95.442826,29.849817],[-95.442826,29.849817],[-95.442826,29.849817],[-95.442815,29.849817],[-95.442809,29.849817],[-95.442809,29.849817],[-95.442809,29.849817],[-95.442809,29.849817],[-95.442809,29.849817],[-95.442809,29.849817],[-95.442809,29.849817],[-95.442807,29.849817],[-95.442807,29.849817],[-95.442807,29.849817],[-95.442743,29.849808],[-95.442752,29.849176],[-95.442751,29.848137],[-95.44274,29.847351],[-95.442734,29.846897],[-95.444025,29.846864],[-95.444671,29.846839],[-95.445247,29.846798],[-95.445759,29.846762],[-95.446305,29.846701],[-95.447076,29.846615],[-95.447802,29.846558],[-95.448307,29.846541],[-95.448821,29.846541],[-95.448768,29.843363],[-95.446536,29.843405],[-95.446526,29.84108],[-95.447021,29.841078],[-95.448878,29.841064],[-95.458636,29.840989],[-95.458634,29.840604],[-95.458478,29.840083],[-95.458279,29.839763],[-95.457892,29.839454],[-95.457029,29.838788],[-95.456065,29.838027],[-95.455608,29.837644],[-95.455397,29.837321],[-95.455119,29.836896],[-95.45481,29.836353],[-95.454525,29.83603],[-95.454261,29.835812],[-95.45382,29.835496],[-95.453556,29.83527],[-95.453358,29.83496],[-95.453285,29.834826],[-95.453211,29.834609],[-95.453167,29.834214],[-95.453155,29.83291],[-95.453154,29.832236],[-95.453177,29.832029],[-95.453241,29.831845],[-95.453439,29.831592],[-95.453592,29.831445],[-95.453885,29.831296],[-95.454199,29.831225],[-95.454644,29.831208],[-95.455107,29.83112],[-95.455525,29.830923],[-95.455854,29.830667],[-95.455943,29.830583],[-95.45599,29.8305],[-95.457105,29.830492],[-95.457375,29.83019],[-95.457512,29.83003],[-95.45769,29.829822],[-95.457874,29.829439],[-95.458033,29.828816],[-95.458082,29.82837],[-95.458098,29.827922],[-95.458125,29.827653],[-95.458151,29.827386],[-95.458294,29.827018],[-95.458414,29.826707],[-95.45864,29.826116],[-95.458907,29.825608],[-95.461645,29.830462],[-95.46185,29.830841],[-95.462797,29.832538],[-95.464264,29.832491],[-95.465796,29.832443],[-95.466496,29.83242],[-95.468203,29.832424],[-95.468889,29.832435],[-95.46945,29.832451],[-95.469616,29.832456],[-95.469877,29.832512],[-95.47055,29.83268],[-95.471044,29.832814],[-95.471658,29.832965],[-95.472167,29.833002],[-95.47293,29.832998],[-95.472945,29.834567],[-95.472978,29.835643],[-95.473064,29.8367],[-95.473112,29.83753],[-95.473149,29.838823],[-95.473176,29.840119],[-95.4732,29.841478],[-95.473225,29.842923],[-95.474267,29.842927],[-95.474343,29.846647],[-95.474704,29.846644],[-95.475073,29.846641],[-95.47528,29.846639],[-95.475615,29.846636],[-95.475955,29.846751],[-95.47672,29.847006],[-95.477186,29.847155],[-95.477686,29.847188],[-95.478138,29.847218],[-95.478432,29.847238],[-95.478728,29.847258],[-95.479116,29.847374],[-95.479485,29.847617],[-95.479793,29.847821],[-95.48025,29.847922],[-95.480766,29.848081],[-95.481054,29.84817],[-95.481363,29.848324],[-95.481551,29.848418],[-95.481885,29.848585],[-95.482146,29.848773],[-95.482637,29.849129],[-95.482957,29.849392],[-95.483215,29.849604],[-95.483882,29.849982],[-95.484365,29.850038],[-95.484667,29.850073],[-95.485025,29.850102],[-95.4853,29.850224],[-95.485585,29.850352],[-95.485942,29.850629],[-95.481397,29.850638],[-95.479725,29.850641],[-95.479725,29.850641],[-95.479725,29.850641],[-95.47972,29.850641],[-95.479719,29.850641],[-95.479719,29.850641],[-95.479719,29.850641],[-95.479719,29.850641],[-95.479718,29.850641],[-95.479718,29.850641],[-95.479718,29.850641],[-95.479718,29.850641],[-95.479718,29.850641],[-95.479706,29.850641],[-95.479706,29.850641],[-95.479706,29.850641],[-95.479705,29.850641],[-95.479705,29.850641],[-95.479705,29.850641],[-95.479695,29.850641],[-95.479522,29.850635],[-95.479309,29.850629],[-95.479309,29.850629],[-95.479309,29.850629],[-95.479307,29.850629],[-95.479307,29.850629],[-95.479307,29.850629],[-95.4793,29.850629],[-95.479294,29.850629],[-95.479294,29.850629],[-95.479294,29.850629],[-95.47929,29.850629],[-95.47929,29.850629],[-95.47929,29.850629],[-95.479271,29.850629],[-95.478816,29.850637],[-95.478814,29.850637],[-95.478814,29.850637],[-95.478814,29.850637],[-95.478798,29.850637],[-95.478524,29.850641],[-95.478512,29.850641],[-95.478512,29.850641],[-95.478512,29.850641],[-95.478506,29.850641],[-95.478337,29.85064],[-95.478318,29.85064],[-95.478318,29.85064],[-95.478318,29.85064],[-95.47572,29.850622],[-95.475653,29.850621],[-95.47564,29.850621],[-95.475639,29.850621],[-95.475639,29.850621],[-95.475639,29.850621],[-95.475639,29.850621],[-95.475639,29.850621],[-95.475639,29.850621],[-95.473954,29.850637],[-95.473666,29.850639],[-95.47363,29.85064],[-95.47363,29.85064],[-95.47363,29.85064],[-95.473629,29.85064],[-95.473629,29.85064],[-95.473629,29.85064],[-95.47333,29.850641],[-95.47333,29.850641]]]},"properties":{"Campus__Number":242,"Campus_Short_Name":"Smith ES","Street_Address":"4802 Chrystell Ln"}},{"type":"Feature","geometry":{"type":"Polygon","coordinates":[[[-95.297001,29.716956],[-95.296996,29.716667],[-95.295674,29.716678],[-95.295631,29.714468],[-95.29692,29.713677],[-95.296835,29.713549],[-95.296679,29.713326],[-95.296682,29.713324],[-95.296711,29.713309],[-95.296589,29.713048],[-95.296568,29.712704],[-95.296594,29.711559],[-95.292405,29.711639],[-95.290181,29.711679],[-95.288463,29.711634],[-95.286192,29.711677],[-95.283613,29.711653],[-95.283541,29.709449],[-95.28347,29.706431],[-95.286068,29.706475],[-95.288696,29.706431],[-95.290061,29.706409],[-95.289984,29.706063],[-95.291704,29.7058],[-95.296605,29.705767],[-95.299724,29.705688],[-95.3,29.705623],[-95.300287,29.70539],[-95.300417,29.70527],[-95.305323,29.708523],[-95.31083,29.712185],[-95.310264,29.712583],[-95.310074,29.712761],[-95.309634,29.713299],[-95.30935,29.713865],[-95.30923,29.714275],[-95.309142,29.714525],[-95.308869,29.714816],[-95.308115,29.715323],[-95.307762,29.715634],[-95.307511,29.71604],[-95.307391,29.71645],[-95.307456,29.716819],[-95.307623,29.717282],[-95.307851,29.717541],[-95.30829,29.717759],[-95.308571,29.717974],[-95.308745,29.718254],[-95.308864,29.718601],[-95.308767,29.71908],[-95.308704,29.719377],[-95.308296,29.719756],[-95.30771,29.719969],[-95.306591,29.720397],[-95.305814,29.720789],[-95.305596,29.721012],[-95.305242,29.721346],[-95.305065,29.721869],[-95.304996,29.722364],[-95.304247,29.722031],[-95.3038,29.72169],[-95.303458,29.721429],[-95.302403,29.720587],[-95.302106,29.720358],[-95.301303,29.719715],[-95.300725,29.719256],[-95.29994,29.718634],[-95.299314,29.718144],[-95.298934,29.717869],[-95.298712,29.717708],[-95.298516,29.717627],[-95.298202,29.717497],[-95.297763,29.717386],[-95.29736,29.717337],[-95.297007,29.717323],[-95.297001,29.716956]]]},"properties":{"Campus__Number":244,"Campus_Short_Name":"Southmayd ES","Street_Address":"1800 Coral St"}},{"type":"Feature","geometry":{"type":"Polygon","coordinates":[[[-95.447021,29.841078],[-95.447016,29.83984],[-95.446551,29.83983],[-95.446563,29.838388],[-95.441959,29.838384],[-95.44201,29.838149],[-95.442171,29.837667],[-95.442336,29.837172],[-95.442765,29.836422],[-95.44313,29.835973],[-95.443525,29.835474],[-95.443667,29.835295],[-95.442982,29.834865],[-95.441868,29.834172],[-95.441677,29.834002],[-95.441446,29.833711],[-95.441338,29.833522],[-95.441228,29.833113],[-95.441219,29.832887],[-95.44128,29.832605],[-95.441343,29.83242],[-95.441645,29.83195],[-95.440884,29.831466],[-95.441084,29.831212],[-95.441422,29.830892],[-95.441678,29.830709],[-95.442166,29.830462],[-95.441732,29.829718],[-95.441302,29.828991],[-95.441103,29.828591],[-95.440924,29.828231],[-95.440767,29.827776],[-95.440703,29.827531],[-95.440605,29.827159],[-95.440394,29.826357],[-95.440182,29.825555],[-95.439974,29.824751],[-95.43976,29.823948],[-95.439555,29.823144],[-95.439338,29.822342],[-95.439126,29.821536],[-95.439003,29.820994],[-95.438946,29.820598],[-95.444511,29.820535],[-95.444477,29.819237],[-95.44447,29.818921],[-95.444455,29.818476],[-95.444415,29.818103],[-95.444306,29.817693],[-95.444161,29.817241],[-95.443953,29.816851],[-95.443666,29.816374],[-95.443284,29.815744],[-95.442993,29.815214],[-95.442893,29.814985],[-95.442792,29.814665],[-95.442663,29.814256],[-95.442605,29.813901],[-95.442539,29.813495],[-95.442482,29.813187],[-95.442396,29.812715],[-95.442252,29.812324],[-95.441952,29.811547],[-95.441721,29.811082],[-95.441558,29.810756],[-95.441344,29.810326],[-95.441135,29.810003],[-95.440873,29.809692],[-95.440533,29.809371],[-95.440288,29.809204],[-95.442901,29.80811],[-95.443878,29.807577],[-95.444649,29.807072],[-95.445169,29.80668],[-95.445837,29.805981],[-95.447214,29.804577],[-95.448307,29.80346],[-95.448834,29.80287],[-95.449323,29.802202],[-95.449715,29.801567],[-95.450497,29.801525],[-95.450678,29.801924],[-95.450995,29.802474],[-95.451574,29.803255],[-95.452299,29.804005],[-95.452893,29.804539],[-95.453745,29.805322],[-95.454725,29.806233],[-95.456208,29.807612],[-95.458003,29.809325],[-95.45898,29.810237],[-95.45901,29.811252],[-95.459088,29.81182],[-95.459169,29.812405],[-95.459211,29.813202],[-95.459259,29.814092],[-95.459357,29.817046],[-95.459455,29.819627],[-95.45946,29.819957],[-95.459468,29.820532],[-95.459443,29.821119],[-95.459414,29.821397],[-95.45939,29.821609],[-95.458199,29.821547],[-95.455852,29.821503],[-95.45552,29.821469],[-95.455999,29.821817],[-95.456385,29.822129],[-95.4569,29.822656],[-95.457193,29.822973],[-95.457572,29.823408],[-95.457895,29.82394],[-95.458257,29.824537],[-95.458907,29.825608],[-95.45864,29.826116],[-95.458414,29.826707],[-95.458294,29.827018],[-95.458151,29.827386],[-95.458125,29.827653],[-95.458098,29.827922],[-95.458082,29.82837],[-95.458033,29.828816],[-95.457874,29.829439],[-95.45769,29.829822],[-95.457512,29.83003],[-95.457375,29.83019],[-95.457105,29.830492],[-95.45599,29.8305],[-95.455943,29.830583],[-95.455854,29.830667],[-95.455525,29.830923],[-95.455107,29.83112],[-95.454644,29.831208],[-95.454199,29.831225],[-95.453885,29.831296],[-95.453592,29.831445],[-95.453439,29.831592],[-95.453241,29.831845],[-95.453177,29.832029],[-95.453154,29.832236],[-95.453155,29.83291],[-95.453167,29.834214],[-95.453211,29.834609],[-95.453285,29.834826],[-95.453358,29.83496],[-95.453556,29.83527],[-95.45382,29.835496],[-95.454261,29.835812],[-95.454525,29.83603],[-95.45481,29.836353],[-95.455119,29.836896],[-95.455397,29.837321],[-95.455608,29.837644],[-95.456065,29.838027],[-95.457029,29.838788],[-95.457892,29.839454],[-95.458279,29.839763],[-95.458478,29.840083],[-95.458634,29.840604],[-95.458636,29.840989],[-95.448878,29.841064],[-95.447021,29.841078]]]},"properties":{"Campus__Number":245,"Campus_Short_Name":"Stevens ES","Street_Address":"1910 Lamonte Ln"}},{"type":"Feature","geometry":{"type":"Polygon","coordinates":[[[-95.370133,29.709717],[-95.369843,29.709398],[-95.369383,29.709266],[-95.369081,29.709306],[-95.368611,29.709436],[-95.368029,29.709636],[-95.366623,29.709932],[-95.364535,29.710186],[-95.36281,29.710234],[-95.362126,29.71024],[-95.362122,29.709413],[-95.362152,29.708748],[-95.362118,29.708623],[-95.362024,29.708505],[-95.36187,29.708428],[-95.361657,29.708389],[-95.361272,29.708332],[-95.36063,29.708237],[-95.360982,29.70729],[-95.360556,29.707291],[-95.360332,29.707268],[-95.360148,29.707221],[-95.35781,29.706518],[-95.358197,29.705506],[-95.359147,29.703091],[-95.359449,29.702301],[-95.359551,29.701749],[-95.359549,29.70139],[-95.359438,29.700916],[-95.359276,29.700295],[-95.359259,29.699936],[-95.359323,29.69951],[-95.359935,29.697896],[-95.360728,29.695921],[-95.36073,29.695922],[-95.362774,29.696545],[-95.36407,29.696892],[-95.365256,29.697175],[-95.366035,29.697385],[-95.366231,29.69744],[-95.366524,29.696717],[-95.366632,29.696446],[-95.366809,29.696005],[-95.36695,29.695657],[-95.367108,29.695266],[-95.369386,29.695947],[-95.36995,29.694485],[-95.371545,29.694972],[-95.372121,29.693527],[-95.372407,29.692863],[-95.376087,29.693942],[-95.384854,29.696693],[-95.386129,29.694993],[-95.386761,29.695225],[-95.386386,29.696075],[-95.387747,29.696432],[-95.387086,29.698368],[-95.386913,29.698874],[-95.390621,29.698159],[-95.393038,29.697615],[-95.393109,29.698203],[-95.393075,29.698739],[-95.392622,29.699865],[-95.391367,29.702754],[-95.390233,29.705909],[-95.389254,29.706396],[-95.388692,29.706573],[-95.387691,29.706647],[-95.387207,29.706582],[-95.386823,29.706475],[-95.385099,29.70585],[-95.384602,29.705628],[-95.384449,29.70607],[-95.383592,29.708554],[-95.383211,29.709721],[-95.382688,29.71128],[-95.380618,29.710647],[-95.380944,29.709767],[-95.376802,29.708544],[-95.377706,29.71036],[-95.378025,29.711014],[-95.375788,29.710121],[-95.37452,29.709674],[-95.373474,29.711168],[-95.372837,29.710922],[-95.372359,29.71072],[-95.371842,29.710502],[-95.37142,29.710394],[-95.371085,29.710304],[-95.3705,29.71018],[-95.370266,29.709816],[-95.370133,29.709717]]]},"properties":{"Campus__Number":243,"Campus_Short_Name":"Thompson ES","Street_Address":"6121 Tierwester"}},{"type":"Feature","geometry":{"type":"Polygon","coordinates":[[[-95.303586,29.754594],[-95.303287,29.754227],[-95.302984,29.75399],[-95.302613,29.75362],[-95.302153,29.753163],[-95.301718,29.75295],[-95.301458,29.752857],[-95.301114,29.752833],[-95.300803,29.75281],[-95.300491,29.752816],[-95.300257,29.75291],[-95.299974,29.753017],[-95.299673,29.753166],[-95.299418,29.753403],[-95.299128,29.75371],[-95.298839,29.753974],[-95.298585,29.754182],[-95.298401,29.754277],[-95.298054,29.754339],[-95.297677,29.754329],[-95.297305,29.754161],[-95.297234,29.754072],[-95.297624,29.753806],[-95.298686,29.753033],[-95.299097,29.752738],[-95.299786,29.752212],[-95.300037,29.751973],[-95.300315,29.75132],[-95.301789,29.747776],[-95.30457,29.741036],[-95.305453,29.738951],[-95.306307,29.736929],[-95.310243,29.73815],[-95.313071,29.738998],[-95.314328,29.737326],[-95.318418,29.738568],[-95.317749,29.739452],[-95.317149,29.740246],[-95.317147,29.740248],[-95.316737,29.740121],[-95.315853,29.742299],[-95.315023,29.744343],[-95.314107,29.744059],[-95.313619,29.745255],[-95.313587,29.745438],[-95.313591,29.745597],[-95.313612,29.746498],[-95.31366,29.747838],[-95.313048,29.747848],[-95.313043,29.748389],[-95.312997,29.750037],[-95.312973,29.750592],[-95.312904,29.750798],[-95.312795,29.750985],[-95.31257,29.751268],[-95.312293,29.751588],[-95.311847,29.751653],[-95.311587,29.751679],[-95.311261,29.751684],[-95.310575,29.751681],[-95.309803,29.754815],[-95.309526,29.754743],[-95.309033,29.75473],[-95.308607,29.754718],[-95.307949,29.754743],[-95.307602,29.754805],[-95.30702,29.755004],[-95.306717,29.75521],[-95.306396,29.755445],[-95.305946,29.755648],[-95.305528,29.755837],[-95.305101,29.755854],[-95.30458,29.755725],[-95.304308,29.755517],[-95.304037,29.755294],[-95.303884,29.754989],[-95.303586,29.754594]]]},"properties":{"Campus__Number":279,"Campus_Short_Name":"Tijerina ES","Street_Address":"6501 Sherman St"}},{"type":"Feature","geometry":{"type":"Polygon","coordinates":[[[-95.494891,29.65713],[-95.497528,29.657133],[-95.497517,29.656639],[-95.49831,29.656636],[-95.498213,29.650254],[-95.500522,29.650237],[-95.500535,29.651153],[-95.505494,29.651127],[-95.505547,29.656034],[-95.508433,29.656018],[-95.508433,29.656023],[-95.508451,29.659194],[-95.508475,29.660617],[-95.508524,29.662795],[-95.508521,29.663591],[-95.508549,29.66564],[-95.508541,29.666561],[-95.508351,29.666565],[-95.507164,29.666568],[-95.506257,29.666577],[-95.505712,29.666582],[-95.504816,29.66659],[-95.504301,29.666608],[-95.503777,29.666621],[-95.503207,29.66665],[-95.502374,29.666719],[-95.50222,29.666723],[-95.501181,29.666752],[-95.499316,29.666777],[-95.49881,29.666778],[-95.498522,29.666761],[-95.498381,29.666709],[-95.498232,29.666517],[-95.498188,29.666311],[-95.497204,29.666297],[-95.497191,29.666031],[-95.497128,29.665667],[-95.497052,29.665439],[-95.497009,29.665236],[-95.496986,29.664874],[-95.496963,29.663554],[-95.496945,29.662194],[-95.496943,29.661372],[-95.49691,29.659728],[-95.496891,29.658701],[-95.496877,29.65823],[-95.496792,29.658117],[-95.496595,29.658078],[-95.494914,29.658095],[-95.494891,29.65713]]]},"properties":{"Campus__Number":374,"Campus_Short_Name":"Tinsley ES","Street_Address":"11035 Bob White"}},{"type":"Feature","geometry":{"type":"Polygon","coordinates":[[[-95.377194,29.794017],[-95.376061,29.793124],[-95.374591,29.793146],[-95.372921,29.793158],[-95.371701,29.793158],[-95.371722,29.7923],[-95.371788,29.790963],[-95.371795,29.789794],[-95.365154,29.78983],[-95.361863,29.789837],[-95.361842,29.789657],[-95.361915,29.789528],[-95.362054,29.78946],[-95.362226,29.789261],[-95.362381,29.789122],[-95.362508,29.789018],[-95.362774,29.788858],[-95.362986,29.788661],[-95.363255,29.78843],[-95.363328,29.788288],[-95.363418,29.788064],[-95.36352,29.787911],[-95.363809,29.787848],[-95.364123,29.787892],[-95.364389,29.788114],[-95.364535,29.788225],[-95.364693,29.788397],[-95.36505,29.788371],[-95.365343,29.788223],[-95.36564,29.787957],[-95.365673,29.787814],[-95.365558,29.787561],[-95.365357,29.78746],[-95.365142,29.787346],[-95.364968,29.787234],[-95.364949,29.786995],[-95.365048,29.786902],[-95.365392,29.786863],[-95.365528,29.786867],[-95.365779,29.786755],[-95.365959,29.7867],[-95.366004,29.78657],[-95.366304,29.786422],[-95.366418,29.786282],[-95.366743,29.786497],[-95.366984,29.786239],[-95.367141,29.786116],[-95.367263,29.78602],[-95.367331,29.785256],[-95.3674,29.784864],[-95.367632,29.784894],[-95.367754,29.784909],[-95.367894,29.784818],[-95.368115,29.784764],[-95.368257,29.784625],[-95.368507,29.784524],[-95.368864,29.784293],[-95.36881,29.784176],[-95.368656,29.783763],[-95.368619,29.783614],[-95.368542,29.782969],[-95.368484,29.782095],[-95.368465,29.781422],[-95.368519,29.780724],[-95.368585,29.779855],[-95.368609,29.778369],[-95.36861,29.777635],[-95.3686,29.777463],[-95.368382,29.776233],[-95.368284,29.775822],[-95.368654,29.776235],[-95.368998,29.776619],[-95.369233,29.776881],[-95.370143,29.777333],[-95.37142,29.77784],[-95.372969,29.77837],[-95.374537,29.778794],[-95.375146,29.778958],[-95.375625,29.779027],[-95.376277,29.779121],[-95.376687,29.77909],[-95.377569,29.779024],[-95.378369,29.778815],[-95.379216,29.778523],[-95.380383,29.77807],[-95.381831,29.777569],[-95.383469,29.7772],[-95.384795,29.776948],[-95.3853,29.776852],[-95.385619,29.77684],[-95.387498,29.776765],[-95.388623,29.77672],[-95.388111,29.777227],[-95.387685,29.777673],[-95.387473,29.777969],[-95.387282,29.778329],[-95.387134,29.778773],[-95.387062,29.779064],[-95.38705,29.779263],[-95.387036,29.779439],[-95.387054,29.779698],[-95.387078,29.779908],[-95.387114,29.780122],[-95.387175,29.780276],[-95.387308,29.780607],[-95.387456,29.780979],[-95.387592,29.781256],[-95.387641,29.781457],[-95.387685,29.781632],[-95.387685,29.781632],[-95.387688,29.781853],[-95.387719,29.783466],[-95.387748,29.785253],[-95.387764,29.786636],[-95.387794,29.78805],[-95.387834,29.790833],[-95.386924,29.790847],[-95.386028,29.790866],[-95.385224,29.790897],[-95.385142,29.790761],[-95.384632,29.790616],[-95.384339,29.790532],[-95.383979,29.790535],[-95.382294,29.790546],[-95.38123,29.790559],[-95.380172,29.790582],[-95.380174,29.79154],[-95.380191,29.792256],[-95.379394,29.792269],[-95.379376,29.791547],[-95.379048,29.791555],[-95.378858,29.79156],[-95.378773,29.791588],[-95.378754,29.791648],[-95.378756,29.791712],[-95.378773,29.792198],[-95.378707,29.79212],[-95.378544,29.792123],[-95.377933,29.792133],[-95.377103,29.792146],[-95.377102,29.793109],[-95.377111,29.793803],[-95.377194,29.794017]]]},"properties":{"Campus__Number":249,"Campus_Short_Name":"Travis ES","Street_Address":"3311 Beauchamp St"}},{"type":"Feature","geometry":{"type":"Polygon","coordinates":[[[-95.418307,29.697184],[-95.418828,29.696663],[-95.419505,29.696089],[-95.419864,29.69585],[-95.420241,29.695708],[-95.4207,29.695701],[-95.421091,29.695788],[-95.421651,29.696051],[-95.422854,29.696695],[-95.423459,29.696921],[-95.423981,29.696992],[-95.424441,29.697005],[-95.424989,29.696981],[-95.425519,29.696823],[-95.425984,29.696664],[-95.42661,29.696298],[-95.427478,29.69527],[-95.428575,29.693924],[-95.428718,29.693584],[-95.428796,29.693242],[-95.428838,29.69267],[-95.428899,29.692175],[-95.429086,29.691817],[-95.429425,29.69152],[-95.430419,29.69126],[-95.431234,29.691091],[-95.431693,29.691122],[-95.432086,29.691133],[-95.432477,29.691238],[-95.433016,29.691463],[-95.433681,29.691844],[-95.434134,29.692028],[-95.434461,29.692075],[-95.434723,29.692082],[-95.435012,29.691956],[-95.435261,29.691714],[-95.43592,29.691024],[-95.436189,29.690821],[-95.437035,29.690424],[-95.438143,29.690033],[-95.438408,29.689963],[-95.438906,29.69011],[-95.439657,29.690532],[-95.440078,29.690746],[-95.440078,29.690749],[-95.440541,29.691],[-95.440994,29.691112],[-95.441386,29.691156],[-95.441846,29.691079],[-95.442232,29.690946],[-95.44267,29.690758],[-95.443456,29.690069],[-95.445648,29.68802],[-95.445911,29.687772],[-95.446145,29.687623],[-95.446391,29.687475],[-95.446684,29.687438],[-95.447002,29.6874],[-95.447056,29.68994],[-95.447396,29.705923],[-95.44378,29.705941],[-95.44021,29.705991],[-95.437196,29.706031],[-95.431469,29.706067],[-95.425938,29.706096],[-95.418293,29.706164],[-95.418291,29.704984],[-95.418236,29.701409],[-95.418228,29.69892],[-95.418228,29.698155],[-95.418093,29.697588],[-95.417983,29.697377],[-95.418307,29.697184]]]},"properties":{"Campus__Number":251,"Campus_Short_Name":"Twain ES","Street_Address":"7500 Braes Blvd"}},{"type":"Feature","geometry":{"type":"Polygon","coordinates":[[[-95.536403,29.670801],[-95.536376,29.669353],[-95.535912,29.669366],[-95.535642,29.669372],[-95.535287,29.669418],[-95.534904,29.669569],[-95.534502,29.669698],[-95.534335,29.669741],[-95.534071,29.669761],[-95.533785,29.669758],[-95.533526,29.669736],[-95.533314,29.669692],[-95.533058,29.669563],[-95.532814,29.669441],[-95.532555,29.669311],[-95.532617,29.669087],[-95.53264,29.668656],[-95.532431,29.667877],[-95.532299,29.667244],[-95.5323,29.666976],[-95.528153,29.667041],[-95.528109,29.664977],[-95.527716,29.664984],[-95.527321,29.664991],[-95.527038,29.665089],[-95.526783,29.665212],[-95.526316,29.665339],[-95.525828,29.665339],[-95.52546,29.665327],[-95.525356,29.663094],[-95.52457,29.663104],[-95.524562,29.662327],[-95.521452,29.662306],[-95.521432,29.658873],[-95.528061,29.658955],[-95.528028,29.655689],[-95.528031,29.655689],[-95.528729,29.655699],[-95.529402,29.655718],[-95.529971,29.655849],[-95.530602,29.655993],[-95.531274,29.656147],[-95.531937,29.656271],[-95.53248,29.656328],[-95.533083,29.656337],[-95.533911,29.656336],[-95.53737,29.656338],[-95.538862,29.656332],[-95.542417,29.6563],[-95.54351,29.656245],[-95.549165,29.656232],[-95.553484,29.656165],[-95.555358,29.657804],[-95.556383,29.658845],[-95.557335,29.660004],[-95.55815,29.661159],[-95.558697,29.662188],[-95.558878,29.6627],[-95.556424,29.661978],[-95.556424,29.661978],[-95.556182,29.661907],[-95.556084,29.661878],[-95.553224,29.661002],[-95.553157,29.660981],[-95.55315,29.660979],[-95.55315,29.661045],[-95.553149,29.661184],[-95.553144,29.661656],[-95.553144,29.661656],[-95.553144,29.661656],[-95.553137,29.662482],[-95.553137,29.662488],[-95.553137,29.662492],[-95.553137,29.662499],[-95.553138,29.66258],[-95.553138,29.662589],[-95.553146,29.663433],[-95.55315,29.663902],[-95.55315,29.663902],[-95.55315,29.663902],[-95.55315,29.663915],[-95.553145,29.664539],[-95.553145,29.664545],[-95.553145,29.664554],[-95.553149,29.664675],[-95.553149,29.664677],[-95.553149,29.664677],[-95.553192,29.666235],[-95.553194,29.666311],[-95.553194,29.666319],[-95.553208,29.666899],[-95.553218,29.667351],[-95.553218,29.667352],[-95.553222,29.667514],[-95.553226,29.667676],[-95.553234,29.66794],[-95.553234,29.667942],[-95.553235,29.668001],[-95.553259,29.669103],[-95.553259,29.669109],[-95.553266,29.669454],[-95.553266,29.669475],[-95.55327,29.669663],[-95.553275,29.669886],[-95.55328,29.670208],[-95.55328,29.670208],[-95.55328,29.670208],[-95.553286,29.670514],[-95.553286,29.670552],[-95.553288,29.670677],[-95.551365,29.67071],[-95.551357,29.67071],[-95.551078,29.670715],[-95.551052,29.670715],[-95.550867,29.670718],[-95.550831,29.670719],[-95.550243,29.670729],[-95.550229,29.670729],[-95.549991,29.670733],[-95.549829,29.67073],[-95.549538,29.670725],[-95.549367,29.670722],[-95.548293,29.670738],[-95.548287,29.670738],[-95.548287,29.670738],[-95.548256,29.670739],[-95.54682,29.670769],[-95.546548,29.670769],[-95.546547,29.670769],[-95.546059,29.670774],[-95.542222,29.67083],[-95.542021,29.670835],[-95.540439,29.670862],[-95.540438,29.670862],[-95.540313,29.670864],[-95.540059,29.670867],[-95.540058,29.670868],[-95.538539,29.670886],[-95.538378,29.670888],[-95.538195,29.670892],[-95.537321,29.670902],[-95.537312,29.670902],[-95.537192,29.670907],[-95.537129,29.67091],[-95.536978,29.670911],[-95.536974,29.670911],[-95.53691,29.670911],[-95.53691,29.670911],[-95.53654,29.670913],[-95.536403,29.670801]]]},"properties":{"Campus__Number":285,"Campus_Short_Name":"Valley West ES","Street_Address":"10707 S Gessner Dr"}},{"type":"Feature","geometry":{"type":"Polygon","coordinates":[[[-95.475955,29.846751],[-95.475615,29.846636],[-95.47528,29.846639],[-95.475073,29.846641],[-95.474704,29.846644],[-95.474343,29.846647],[-95.474267,29.842927],[-95.473225,29.842923],[-95.4732,29.841478],[-95.473176,29.840119],[-95.473149,29.838823],[-95.473112,29.83753],[-95.473064,29.8367],[-95.472978,29.835643],[-95.472945,29.834567],[-95.47293,29.832998],[-95.472167,29.833002],[-95.471658,29.832965],[-95.471044,29.832814],[-95.47055,29.83268],[-95.469877,29.832512],[-95.469616,29.832456],[-95.46945,29.832451],[-95.468889,29.832435],[-95.468203,29.832424],[-95.466496,29.83242],[-95.465796,29.832443],[-95.464264,29.832491],[-95.462797,29.832538],[-95.46185,29.830841],[-95.461645,29.830462],[-95.458907,29.825608],[-95.458257,29.824537],[-95.457895,29.82394],[-95.457572,29.823408],[-95.457193,29.822973],[-95.4569,29.822656],[-95.456385,29.822129],[-95.455999,29.821817],[-95.45552,29.821469],[-95.455852,29.821503],[-95.458199,29.821547],[-95.45939,29.821609],[-95.459414,29.821397],[-95.459443,29.821119],[-95.459468,29.820532],[-95.45946,29.819957],[-95.459455,29.819627],[-95.459357,29.817046],[-95.459259,29.814092],[-95.459211,29.813202],[-95.459169,29.812405],[-95.459088,29.81182],[-95.45901,29.811252],[-95.45898,29.810237],[-95.460848,29.81197],[-95.463782,29.814702],[-95.467644,29.818294],[-95.477595,29.827558],[-95.480972,29.830689],[-95.486123,29.835445],[-95.490055,29.839114],[-95.490861,29.839936],[-95.490885,29.841463],[-95.490885,29.84147],[-95.490885,29.841471],[-95.490909,29.842344],[-95.490908,29.842684],[-95.490907,29.842735],[-95.490909,29.843062],[-95.490931,29.843206],[-95.490936,29.843508],[-95.490936,29.843553],[-95.490936,29.843894],[-95.490914,29.844055],[-95.490914,29.844398],[-95.490913,29.844743],[-95.490912,29.844823],[-95.490912,29.844837],[-95.490912,29.844882],[-95.490913,29.845222],[-95.490914,29.845567],[-95.490933,29.845657],[-95.490935,29.846],[-95.490937,29.846322],[-95.490937,29.846335],[-95.490937,29.846344],[-95.49094,29.84649],[-95.490937,29.846833],[-95.490934,29.847171],[-95.490963,29.847323],[-95.490964,29.848009],[-95.490957,29.84815],[-95.490959,29.848499],[-95.490961,29.848839],[-95.490963,29.848978],[-95.490966,29.849654],[-95.49093,29.849787],[-95.490939,29.850388],[-95.49094,29.850489],[-95.490942,29.850619],[-95.490942,29.850619],[-95.490942,29.850619],[-95.490942,29.850619],[-95.485942,29.850629],[-95.485585,29.850352],[-95.4853,29.850224],[-95.485025,29.850102],[-95.484667,29.850073],[-95.484365,29.850038],[-95.483882,29.849982],[-95.483215,29.849604],[-95.482957,29.849392],[-95.482637,29.849129],[-95.482146,29.848773],[-95.481885,29.848585],[-95.481551,29.848418],[-95.481363,29.848324],[-95.481054,29.84817],[-95.480766,29.848081],[-95.48025,29.847922],[-95.479793,29.847821],[-95.479485,29.847617],[-95.479116,29.847374],[-95.478728,29.847258],[-95.478432,29.847238],[-95.478138,29.847218],[-95.477686,29.847188],[-95.477186,29.847155],[-95.47672,29.847006],[-95.475955,29.846751]]]},"properties":{"Campus__Number":252,"Campus_Short_Name":"Wainwright ES","Street_Address":"5330 Milwee St"}},{"type":"Feature","geometry":{"type":"Polygon","coordinates":[[[-95.556522,29.763695],[-95.556763,29.762907],[-95.556866,29.762572],[-95.556865,29.762474],[-95.556856,29.762472],[-95.556548,29.762412],[-95.556529,29.762408],[-95.556525,29.762408],[-95.556319,29.762366],[-95.555907,29.762279],[-95.555903,29.762277],[-95.555901,29.762276],[-95.555899,29.762275],[-95.555897,29.762274],[-95.555895,29.762273],[-95.555895,29.762273],[-95.555895,29.762273],[-95.555895,29.762273],[-95.555893,29.762272],[-95.555891,29.76227],[-95.555889,29.762269],[-95.555887,29.762268],[-95.555885,29.762267],[-95.555884,29.762265],[-95.555883,29.762265],[-95.555883,29.762265],[-95.555882,29.762264],[-95.55588,29.762263],[-95.555878,29.762261],[-95.555877,29.76226],[-95.555875,29.762259],[-95.555873,29.762257],[-95.555873,29.762257],[-95.555873,29.762257],[-95.555872,29.762256],[-95.55587,29.762254],[-95.555868,29.762253],[-95.555867,29.762251],[-95.555865,29.762249],[-95.555864,29.762248],[-95.555864,29.762248],[-95.555864,29.762248],[-95.555863,29.762246],[-95.555861,29.762245],[-95.55586,29.762243],[-95.555858,29.762241],[-95.555857,29.76224],[-95.555856,29.762238],[-95.555856,29.762238],[-95.555856,29.762238],[-95.555855,29.762236],[-95.555853,29.762234],[-95.555852,29.762233],[-95.555851,29.762231],[-95.55585,29.762229],[-95.555849,29.762227],[-95.555849,29.762227],[-95.555849,29.762227],[-95.555848,29.762225],[-95.555847,29.762223],[-95.555846,29.762222],[-95.555845,29.76222],[-95.555844,29.762218],[-95.555843,29.762216],[-95.555843,29.762214],[-95.555842,29.762212],[-95.555841,29.76221],[-95.55584,29.762208],[-95.55584,29.762206],[-95.555839,29.762204],[-95.555839,29.762202],[-95.555838,29.7622],[-95.555838,29.762198],[-95.555837,29.762196],[-95.555837,29.762194],[-95.555836,29.762192],[-95.555836,29.76219],[-95.555836,29.762188],[-95.555836,29.762186],[-95.555835,29.762184],[-95.555835,29.762182],[-95.555835,29.76218],[-95.555835,29.762178],[-95.555835,29.762176],[-95.555835,29.762174],[-95.555835,29.762172],[-95.555835,29.76217],[-95.555835,29.762168],[-95.555849,29.762018],[-95.555856,29.761773],[-95.555856,29.761763],[-95.555856,29.761761],[-95.555856,29.761757],[-95.555857,29.761752],[-95.555857,29.761748],[-95.555857,29.761744],[-95.555857,29.761742],[-95.555857,29.761732],[-95.555857,29.761731],[-95.555857,29.761721],[-95.555857,29.76172],[-95.555856,29.761703],[-95.555856,29.761702],[-95.555855,29.761692],[-95.555855,29.761691],[-95.555854,29.761681],[-95.555854,29.761678],[-95.555853,29.761675],[-95.555853,29.761671],[-95.555852,29.761663],[-95.555851,29.76166],[-95.55585,29.761649],[-95.55585,29.761649],[-95.55585,29.761649],[-95.55585,29.761649],[-95.55585,29.761649],[-95.555849,29.761647],[-95.555848,29.761639],[-95.555847,29.761635],[-95.555846,29.761628],[-95.555845,29.761624],[-95.555844,29.76162],[-95.555844,29.761618],[-95.555841,29.761608],[-95.555841,29.761608],[-95.555841,29.761607],[-95.555838,29.761597],[-95.555838,29.761594],[-95.555836,29.761586],[-95.555834,29.761582],[-95.555833,29.761579],[-95.555833,29.761576],[-95.55583,29.761567],[-95.555829,29.761565],[-95.555826,29.761555],[-95.555825,29.761553],[-95.555823,29.761545],[-95.555822,29.761543],[-95.55582,29.761539],[-95.555819,29.761536],[-95.555818,29.761531],[-95.555816,29.761527],[-95.555816,29.761526],[-95.555812,29.761517],[-95.555812,29.761516],[-95.555808,29.761508],[-95.555807,29.761505],[-95.555806,29.761501],[-95.555804,29.761498],[-95.555801,29.761492],[-95.5558,29.761489],[-95.555795,29.76148],[-95.555795,29.76148],[-95.555795,29.76148],[-95.555791,29.761471],[-95.55579,29.761469],[-95.555788,29.761465],[-95.555785,29.76146],[-95.555783,29.761456],[-95.555783,29.761456],[-95.555783,29.761456],[-95.55578,29.761451],[-95.555778,29.761447],[-95.555777,29.761444],[-95.555777,29.761444],[-95.555775,29.76144],[-95.555773,29.761436],[-95.555771,29.761433],[-95.55577,29.761432],[-95.555769,29.761429],[-95.555767,29.761425],[-95.555765,29.761422],[-95.555763,29.76142],[-95.555762,29.761418],[-95.55576,29.761415],[-95.555758,29.761411],[-95.555755,29.761408],[-95.555755,29.761408],[-95.555755,29.761408],[-95.555755,29.761408],[-95.555753,29.761404],[-95.55575,29.761401],[-95.555747,29.761398],[-95.555747,29.761397],[-95.555745,29.761394],[-95.555742,29.761391],[-95.555739,29.761388],[-95.555737,29.761386],[-95.555736,29.761385],[-95.555733,29.761382],[-95.55573,29.761378],[-95.555727,29.761376],[-95.555727,29.761376],[-95.555727,29.761376],[-95.555727,29.761375],[-95.555723,29.761372],[-95.55572,29.761369],[-95.555717,29.761367],[-95.555716,29.761366],[-95.555713,29.761364],[-95.55571,29.761361],[-95.555706,29.761358],[-95.555705,29.761357],[-95.555703,29.761355],[-95.555699,29.761353],[-95.555695,29.76135],[-95.555692,29.761348],[-95.555692,29.761348],[-95.555692,29.761347],[-95.555691,29.761347],[-95.555687,29.761344],[-95.555683,29.761342],[-95.555679,29.761339],[-95.555679,29.761339],[-95.555675,29.761337],[-95.555671,29.761334],[-95.555667,29.761332],[-95.555665,29.761331],[-95.555663,29.76133],[-95.555658,29.761328],[-95.555654,29.761325],[-95.555651,29.761324],[-95.55565,29.761324],[-95.55565,29.761324],[-95.55565,29.761324],[-95.55565,29.761324],[-95.55565,29.761323],[-95.555645,29.761321],[-95.555641,29.761319],[-95.555636,29.761317],[-95.555636,29.761317],[-95.555636,29.761317],[-95.555632,29.761315],[-95.555627,29.761314],[-95.555623,29.761312],[-95.555622,29.761312],[-95.55562,29.761311],[-95.555618,29.76131],[-95.555614,29.761309],[-95.55561,29.761308],[-95.555607,29.761307],[-95.555607,29.761307],[-95.555607,29.761307],[-95.555607,29.761307],[-95.555606,29.761307],[-95.555601,29.761306],[-95.555597,29.761305],[-95.555593,29.761304],[-95.555593,29.761304],[-95.555593,29.761304],[-95.555593,29.761304],[-95.555593,29.761304],[-95.555592,29.761304],[-95.555585,29.761303],[-95.555581,29.761302],[-95.555578,29.761302],[-95.555577,29.761302],[-95.555572,29.761301],[-95.555531,29.76129],[-95.55549,29.761279],[-95.555447,29.761269],[-95.555403,29.761257],[-95.555344,29.761241],[-95.555301,29.761231],[-95.555299,29.76123],[-95.555298,29.76123],[-95.555255,29.761221],[-95.555255,29.761221],[-95.555255,29.76122],[-95.555254,29.76122],[-95.55521,29.761211],[-95.55521,29.761211],[-95.555209,29.761211],[-95.555165,29.761202],[-95.555163,29.761202],[-95.555119,29.761194],[-95.555117,29.761194],[-95.555074,29.761187],[-95.555029,29.76118],[-95.554937,29.761169],[-95.554621,29.761119],[-95.554573,29.761059],[-95.554551,29.761034],[-95.554546,29.761027],[-95.554522,29.761],[-95.55449,29.760961],[-95.554472,29.760954],[-95.554413,29.760904],[-95.554398,29.760891],[-95.554404,29.760866],[-95.554434,29.760748],[-95.554515,29.760469],[-95.554516,29.760467],[-95.554546,29.760377],[-95.554589,29.760171],[-95.55465,29.759868],[-95.554699,29.759593],[-95.554706,29.759556],[-95.554707,29.759548],[-95.554717,29.759473],[-95.554717,29.759471],[-95.554717,29.759469],[-95.554717,29.759467],[-95.554717,29.759465],[-95.554716,29.759463],[-95.554716,29.759462],[-95.554716,29.75946],[-95.554716,29.759458],[-95.554715,29.759456],[-95.554715,29.759454],[-95.554715,29.759453],[-95.554714,29.759451],[-95.554714,29.759449],[-95.554713,29.759447],[-95.554713,29.759445],[-95.554712,29.759444],[-95.554712,29.759442],[-95.554711,29.75944],[-95.55471,29.759438],[-95.55471,29.759437],[-95.554709,29.759435],[-95.554708,29.759433],[-95.554707,29.759431],[-95.554706,29.75943],[-95.554706,29.759428],[-95.554705,29.759426],[-95.554704,29.759425],[-95.554703,29.759423],[-95.554702,29.759421],[-95.554701,29.75942],[-95.554699,29.759418],[-95.554698,29.759416],[-95.554697,29.759415],[-95.554696,29.759413],[-95.554695,29.759412],[-95.554693,29.75941],[-95.554692,29.759409],[-95.554692,29.759408],[-95.554691,29.759407],[-95.554614,29.759347],[-95.55461,29.759344],[-95.554529,29.759281],[-95.554523,29.759279],[-95.554416,29.759245],[-95.554323,29.759231],[-95.554312,29.759229],[-95.554311,29.759229],[-95.554306,29.759229],[-95.554301,29.759229],[-95.554296,29.759229],[-95.554291,29.759229],[-95.55429,29.759229],[-95.554286,29.75923],[-95.554282,29.75923],[-95.554277,29.75923],[-95.554272,29.759231],[-95.554267,29.759232],[-95.554262,29.759232],[-95.554257,29.759233],[-95.554253,29.759234],[-95.554248,29.759235],[-95.554243,29.759236],[-95.554238,29.759237],[-95.554236,29.759237],[-95.554233,29.759238],[-95.554229,29.759239],[-95.554224,29.75924],[-95.554219,29.759242],[-95.554214,29.759243],[-95.55421,29.759245],[-95.554205,29.759246],[-95.554201,29.759248],[-95.554196,29.75925],[-95.554191,29.759252],[-95.554187,29.759253],[-95.554182,29.759255],[-95.554178,29.759257],[-95.554169,29.759261],[-95.55405,29.759315],[-95.55391,29.759378],[-95.55386,29.759397],[-95.553802,29.759419],[-95.553728,29.759445],[-95.553655,29.75947],[-95.553507,29.759516],[-95.553432,29.759538],[-95.553356,29.759558],[-95.55328,29.759577],[-95.553215,29.759593],[-95.553204,29.759595],[-95.553163,29.759605],[-95.553122,29.759614],[-95.553105,29.759618],[-95.553065,29.759626],[-95.553009,29.759638],[-95.552906,29.759664],[-95.552853,29.759677],[-95.5528,29.759688],[-95.552746,29.759699],[-95.552736,29.759703],[-95.552725,29.759707],[-95.552715,29.759711],[-95.552705,29.759715],[-95.552695,29.759719],[-95.552685,29.759724],[-95.552673,29.75973],[-95.552664,29.759735],[-95.552654,29.75974],[-95.552645,29.759746],[-95.552636,29.759751],[-95.552627,29.759757],[-95.552618,29.759762],[-95.552609,29.759768],[-95.552601,29.759774],[-95.552592,29.759781],[-95.552583,29.759788],[-95.552575,29.759794],[-95.552567,29.759801],[-95.552559,29.759807],[-95.552551,29.759814],[-95.552544,29.759821],[-95.552536,29.759829],[-95.552529,29.759836],[-95.552522,29.759843],[-95.552515,29.759851],[-95.552508,29.759859],[-95.552502,29.759867],[-95.552495,29.759875],[-95.552489,29.759883],[-95.552483,29.759891],[-95.552477,29.759899],[-95.552471,29.759907],[-95.552466,29.759916],[-95.552461,29.759925],[-95.552454,29.759937],[-95.552452,29.759939],[-95.55245,29.759942],[-95.552448,29.759944],[-95.552446,29.759946],[-95.552445,29.759949],[-95.552443,29.759951],[-95.552441,29.759953],[-95.552439,29.759956],[-95.552438,29.759958],[-95.552436,29.759961],[-95.552435,29.759963],[-95.552433,29.759966],[-95.552432,29.759968],[-95.552431,29.759971],[-95.55243,29.759973],[-95.552428,29.759976],[-95.552427,29.759978],[-95.552426,29.759981],[-95.552425,29.759984],[-95.552424,29.759987],[-95.552423,29.759989],[-95.552422,29.759992],[-95.552421,29.759995],[-95.552421,29.759998],[-95.55242,29.76],[-95.552419,29.760003],[-95.552419,29.760006],[-95.552418,29.760009],[-95.552417,29.760015],[-95.552416,29.760017],[-95.552416,29.76002],[-95.552415,29.760023],[-95.552415,29.760026],[-95.552414,29.760029],[-95.552414,29.760032],[-95.552413,29.760035],[-95.552413,29.760038],[-95.552413,29.760041],[-95.552413,29.760044],[-95.552413,29.760046],[-95.552413,29.760046],[-95.552413,29.760047],[-95.552413,29.760049],[-95.552413,29.760052],[-95.552413,29.760055],[-95.552413,29.760056],[-95.552413,29.760058],[-95.552413,29.760061],[-95.552413,29.760064],[-95.552414,29.760067],[-95.552414,29.76007],[-95.552415,29.760073],[-95.552415,29.760075],[-95.552416,29.760078],[-95.552416,29.760081],[-95.552417,29.760084],[-95.552418,29.760087],[-95.552418,29.76009],[-95.552419,29.760092],[-95.55242,29.760095],[-95.552421,29.760098],[-95.552422,29.760101],[-95.552423,29.760103],[-95.552424,29.760106],[-95.552425,29.760109],[-95.552427,29.760111],[-95.552428,29.760114],[-95.552429,29.760117],[-95.552431,29.760119],[-95.552432,29.760122],[-95.552434,29.760124],[-95.552435,29.760127],[-95.552437,29.760129],[-95.552438,29.760132],[-95.55244,29.760134],[-95.552442,29.760137],[-95.552443,29.760138],[-95.552444,29.760139],[-95.552445,29.760141],[-95.552446,29.760142],[-95.552447,29.760144],[-95.552449,29.760146],[-95.552453,29.76015],[-95.552641,29.760445],[-95.552642,29.760447],[-95.552648,29.760456],[-95.552649,29.760457],[-95.552649,29.760457],[-95.55265,29.760459],[-95.552652,29.76046],[-95.552653,29.760461],[-95.552654,29.760462],[-95.552655,29.760463],[-95.552656,29.760464],[-95.552656,29.760465],[-95.552656,29.760465],[-95.552657,29.760465],[-95.552657,29.760466],[-95.552658,29.760467],[-95.552659,29.760468],[-95.55266,29.760469],[-95.55266,29.760471],[-95.552661,29.760472],[-95.552662,29.760473],[-95.552663,29.760474],[-95.552663,29.760475],[-95.552664,29.760476],[-95.552665,29.760477],[-95.552665,29.760479],[-95.552666,29.76048],[-95.552667,29.760481],[-95.552667,29.760483],[-95.552668,29.760484],[-95.552668,29.760484],[-95.552668,29.760484],[-95.552668,29.760484],[-95.552668,29.760486],[-95.552669,29.760487],[-95.55267,29.760489],[-95.55267,29.76049],[-95.55267,29.760492],[-95.552671,29.760493],[-95.552671,29.760494],[-95.552671,29.760494],[-95.552671,29.760494],[-95.552671,29.760494],[-95.552672,29.760496],[-95.552672,29.760497],[-95.552672,29.760499],[-95.552673,29.7605],[-95.552673,29.760502],[-95.552673,29.760503],[-95.552673,29.760504],[-95.552673,29.760504],[-95.552673,29.760505],[-95.552673,29.760505],[-95.552673,29.760507],[-95.552674,29.760508],[-95.552674,29.76051],[-95.552674,29.760511],[-95.552674,29.760513],[-95.552674,29.760514],[-95.552674,29.760515],[-95.552674,29.760516],[-95.552674,29.760517],[-95.552674,29.760519],[-95.552674,29.76052],[-95.552673,29.760522],[-95.552673,29.760523],[-95.552673,29.760525],[-95.552673,29.760526],[-95.552673,29.760526],[-95.552673,29.760526],[-95.552673,29.760527],[-95.552673,29.760528],[-95.552672,29.76053],[-95.552672,29.760531],[-95.552672,29.760533],[-95.552671,29.760534],[-95.552671,29.760536],[-95.55267,29.760537],[-95.55267,29.760537],[-95.55267,29.760537],[-95.55267,29.760537],[-95.55267,29.760539],[-95.552669,29.76054],[-95.552669,29.760542],[-95.552668,29.760543],[-95.552668,29.760545],[-95.552667,29.760546],[-95.552667,29.760547],[-95.552666,29.760548],[-95.552666,29.760549],[-95.552665,29.760551],[-95.552664,29.760552],[-95.552663,29.760554],[-95.552662,29.760555],[-95.552661,29.760557],[-95.552661,29.760557],[-95.552661,29.760557],[-95.552661,29.760557],[-95.552661,29.760558],[-95.55266,29.76056],[-95.552659,29.760561],[-95.552658,29.760562],[-95.552657,29.760564],[-95.552656,29.760565],[-95.552655,29.760566],[-95.552655,29.760566],[-95.552655,29.760566],[-95.552655,29.760566],[-95.552655,29.760567],[-95.552654,29.760568],[-95.552653,29.760569],[-95.552652,29.76057],[-95.55265,29.760571],[-95.552649,29.760573],[-95.552648,29.760574],[-95.552647,29.760575],[-95.552647,29.760575],[-95.552647,29.760575],[-95.552647,29.760575],[-95.552647,29.760575],[-95.552646,29.760576],[-95.552645,29.760577],[-95.552643,29.760579],[-95.552642,29.76058],[-95.552641,29.760581],[-95.552639,29.760582],[-95.552638,29.760583],[-95.552638,29.760583],[-95.552638,29.760583],[-95.552637,29.760584],[-95.552635,29.760585],[-95.552634,29.760586],[-95.552633,29.760587],[-95.552631,29.760588],[-95.55263,29.760589],[-95.552628,29.76059],[-95.552628,29.76059],[-95.552628,29.76059],[-95.552627,29.760591],[-95.552625,29.760592],[-95.552624,29.760593],[-95.552622,29.760594],[-95.552621,29.760594],[-95.552619,29.760595],[-95.552617,29.760596],[-95.552617,29.760596],[-95.552617,29.760596],[-95.552616,29.760597],[-95.552614,29.760597],[-95.552613,29.760598],[-95.552611,29.760599],[-95.552609,29.760599],[-95.552608,29.7606],[-95.552606,29.760601],[-95.552604,29.760601],[-95.552603,29.760602],[-95.552601,29.760602],[-95.552599,29.760603],[-95.552598,29.760603],[-95.552596,29.760604],[-95.552594,29.760604],[-95.552592,29.760605],[-95.552591,29.760605],[-95.552589,29.760605],[-95.552587,29.760606],[-95.552585,29.760606],[-95.552584,29.760606],[-95.552582,29.760606],[-95.552393,29.76065],[-95.551803,29.760776],[-95.551781,29.76078],[-95.551754,29.760789],[-95.551752,29.760789],[-95.551737,29.760794],[-95.551734,29.760795],[-95.55173,29.760796],[-95.551717,29.760799],[-95.551714,29.7608],[-95.551711,29.760801],[-95.551698,29.760804],[-95.551694,29.760805],[-95.551693,29.760805],[-95.551676,29.760809],[-95.551674,29.76081],[-95.551657,29.760813],[-95.551654,29.760814],[-95.55165,29.760815],[-95.551638,29.760817],[-95.551634,29.760818],[-95.551632,29.760818],[-95.551616,29.760822],[-95.551615,29.760822],[-95.551614,29.760822],[-95.551614,29.760822],[-95.551596,29.760825],[-95.551594,29.760826],[-95.55159,29.760826],[-95.551577,29.760828],[-95.551573,29.760829],[-95.551571,29.760829],[-95.551557,29.760831],[-95.551553,29.760832],[-95.551553,29.760832],[-95.551552,29.760832],[-95.551533,29.760834],[-95.551516,29.760836],[-95.551512,29.760837],[-95.551509,29.760837],[-95.551492,29.760839],[-95.55149,29.760839],[-95.551473,29.76084],[-95.551471,29.76084],[-95.551467,29.760841],[-95.551453,29.760842],[-95.551451,29.760842],[-95.551448,29.760842],[-95.551435,29.760843],[-95.55143,29.760843],[-95.551428,29.760843],[-95.551427,29.760843],[-95.551411,29.760844],[-95.551409,29.760844],[-95.551392,29.760844],[-95.551389,29.760844],[-95.551385,29.760844],[-95.551372,29.760844],[-95.551368,29.760844],[-95.551366,29.760844],[-95.551348,29.760844],[-95.551348,29.760844],[-95.551348,29.760844],[-95.55133,29.760844],[-95.55133,29.760844],[-95.551327,29.760844],[-95.551323,29.760844],[-95.55131,29.760843],[-95.551306,29.760843],[-95.551304,29.760843],[-95.551286,29.760842],[-95.551286,29.760842],[-95.551285,29.760842],[-95.551283,29.760842],[-95.551268,29.760841],[-95.551265,29.760841],[-95.551261,29.760841],[-95.551248,29.760839],[-95.551245,29.760839],[-95.551242,29.760839],[-95.551224,29.760837],[-95.551223,29.760837],[-95.551204,29.760835],[-95.551187,29.760833],[-95.551184,29.760832],[-95.551181,29.760832],[-95.551163,29.76083],[-95.551143,29.760826],[-95.551124,29.760822],[-95.551122,29.760822],[-95.551119,29.760821],[-95.551105,29.760818],[-95.551101,29.760817],[-95.5511,29.760817],[-95.55107,29.76081],[-95.55105,29.760805],[-95.55105,29.760805],[-95.55105,29.760805],[-95.551047,29.760804],[-95.551032,29.7608],[-95.551029,29.760799],[-95.551026,29.760798],[-95.551013,29.760795],[-95.551009,29.760794],[-95.551007,29.760793],[-95.550989,29.760787],[-95.550988,29.760787],[-95.550969,29.760781],[-95.550951,29.760775],[-95.550949,29.760774],[-95.550946,29.760773],[-95.550929,29.760767],[-95.550927,29.760766],[-95.550911,29.760761],[-95.550909,29.76076],[-95.550889,29.760752],[-95.550874,29.760746],[-95.55087,29.760744],[-95.550851,29.760737],[-95.55085,29.760736],[-95.550837,29.760732],[-95.550832,29.76073],[-95.550723,29.760674],[-95.550662,29.760641],[-95.550637,29.760626],[-95.550602,29.760606],[-95.550542,29.76057],[-95.550191,29.760273],[-95.550147,29.760235],[-95.550124,29.76021],[-95.55009,29.760172],[-95.550087,29.760168],[-95.55,29.760083],[-95.549965,29.760042],[-95.549965,29.760042],[-95.549965,29.760042],[-95.549772,29.759816],[-95.549616,29.759634],[-95.54945,29.759439],[-95.549384,29.759362],[-95.549301,29.759264],[-95.549292,29.75926],[-95.549172,29.759199],[-95.54908,29.759154],[-95.549074,29.759154],[-95.548818,29.759164],[-95.548666,29.759169],[-95.548664,29.759169],[-95.548626,29.75917],[-95.548624,29.75917],[-95.548552,29.75917],[-95.548532,29.75917],[-95.548532,29.75917],[-95.54853,29.75917],[-95.548528,29.75917],[-95.548525,29.75917],[-95.548504,29.759169],[-95.548479,29.759168],[-95.548457,29.759166],[-95.548455,29.759166],[-95.548453,29.759166],[-95.548431,29.759164],[-95.548431,29.759164],[-95.548431,29.759164],[-95.548431,29.759164],[-95.548407,29.759162],[-95.548403,29.759162],[-95.548325,29.759159],[-95.548282,29.759156],[-95.548239,29.759153],[-95.548196,29.759149],[-95.548176,29.759147],[-95.548153,29.759145],[-95.548113,29.75914],[-95.54811,29.759139],[-95.548101,29.75914],[-95.548096,29.75914],[-95.548091,29.75914],[-95.548087,29.75914],[-95.548086,29.75914],[-95.548081,29.75914],[-95.54808,29.75914],[-95.548075,29.75914],[-95.54807,29.75914],[-95.548065,29.75914],[-95.54806,29.759139],[-95.548055,29.759139],[-95.54805,29.759138],[-95.548045,29.759138],[-95.54804,29.759137],[-95.548034,29.759136],[-95.548032,29.759136],[-95.548029,29.759135],[-95.548024,29.759134],[-95.548019,29.759133],[-95.548014,29.759132],[-95.548009,29.759131],[-95.548004,29.75913],[-95.548,29.759129],[-95.547995,29.759127],[-95.54799,29.759126],[-95.547985,29.759124],[-95.54798,29.759123],[-95.547975,29.759121],[-95.547971,29.759119],[-95.547966,29.759117],[-95.547961,29.759116],[-95.547957,29.759114],[-95.547952,29.759112],[-95.547947,29.759109],[-95.547943,29.759107],[-95.547938,29.759105],[-95.547934,29.759103],[-95.54793,29.7591],[-95.547925,29.759098],[-95.547921,29.759095],[-95.547917,29.759093],[-95.547912,29.75909],[-95.547908,29.759088],[-95.547904,29.759085],[-95.5479,29.759082],[-95.547896,29.759079],[-95.547892,29.759076],[-95.547888,29.759073],[-95.547885,29.75907],[-95.547881,29.759067],[-95.547877,29.759064],[-95.547874,29.75906],[-95.54787,29.759057],[-95.547867,29.759054],[-95.547863,29.75905],[-95.54786,29.759047],[-95.547857,29.759043],[-95.547853,29.75904],[-95.54785,29.759036],[-95.547847,29.759033],[-95.547844,29.759029],[-95.547841,29.759025],[-95.547838,29.759021],[-95.547836,29.759018],[-95.547833,29.759014],[-95.54783,29.75901],[-95.547828,29.759006],[-95.547825,29.759002],[-95.547823,29.758998],[-95.54782,29.758994],[-95.547818,29.75899],[-95.547816,29.758986],[-95.547814,29.758981],[-95.547812,29.758977],[-95.54781,29.758973],[-95.547808,29.758969],[-95.547807,29.758965],[-95.547805,29.75896],[-95.547804,29.758957],[-95.547803,29.758956],[-95.547802,29.758952],[-95.5478,29.758947],[-95.547799,29.758943],[-95.547798,29.758938],[-95.547797,29.758934],[-95.547796,29.75893],[-95.547795,29.758925],[-95.547794,29.758923],[-95.547794,29.758921],[-95.547793,29.758916],[-95.547828,29.758526],[-95.547828,29.758526],[-95.547831,29.758517],[-95.547844,29.75848],[-95.54786,29.758436],[-95.547877,29.758392],[-95.547895,29.758348],[-95.547914,29.758305],[-95.547934,29.758262],[-95.547955,29.75822],[-95.547976,29.758178],[-95.547998,29.758136],[-95.548021,29.758094],[-95.548045,29.758053],[-95.54807,29.758012],[-95.548096,29.757972],[-95.548122,29.757931],[-95.54815,29.757892],[-95.548154,29.757884],[-95.548155,29.757883],[-95.548159,29.757877],[-95.548249,29.757734],[-95.548337,29.757587],[-95.548338,29.757585],[-95.54834,29.757583],[-95.548342,29.757581],[-95.548343,29.757578],[-95.548345,29.757576],[-95.548347,29.757572],[-95.548349,29.75757],[-95.548349,29.757569],[-95.548349,29.757569],[-95.548349,29.757569],[-95.54835,29.757568],[-95.548351,29.757565],[-95.548353,29.757563],[-95.548354,29.75756],[-95.548355,29.757558],[-95.548356,29.757557],[-95.548356,29.757557],[-95.548356,29.757557],[-95.548356,29.757555],[-95.548357,29.757553],[-95.548358,29.75755],[-95.548359,29.757548],[-95.54836,29.757545],[-95.548361,29.757545],[-95.548361,29.757544],[-95.548361,29.757544],[-95.548361,29.757543],[-95.548362,29.75754],[-95.548363,29.757538],[-95.548364,29.757535],[-95.548364,29.757533],[-95.548364,29.757532],[-95.548364,29.757532],[-95.548364,29.757532],[-95.548365,29.75753],[-95.548365,29.757527],[-95.548366,29.757525],[-95.548366,29.757522],[-95.548367,29.75752],[-95.548367,29.757519],[-95.548367,29.757519],[-95.548367,29.757519],[-95.548367,29.757519],[-95.548367,29.757517],[-95.548367,29.757514],[-95.548368,29.757511],[-95.548368,29.757509],[-95.548368,29.757506],[-95.548368,29.757506],[-95.548368,29.757504],[-95.548368,29.757501],[-95.548368,29.757498],[-95.548368,29.757496],[-95.548368,29.757493],[-95.548368,29.757492],[-95.548368,29.75749],[-95.548367,29.757488],[-95.548367,29.757485],[-95.548367,29.757482],[-95.548366,29.75748],[-95.548366,29.757479],[-95.548366,29.757477],[-95.548365,29.757475],[-95.548365,29.757472],[-95.548364,29.757469],[-95.548363,29.757467],[-95.548363,29.757466],[-95.548363,29.757464],[-95.548362,29.757462],[-95.548361,29.757459],[-95.54836,29.757457],[-95.548359,29.757454],[-95.548359,29.757454],[-95.548358,29.757452],[-95.548357,29.757449],[-95.548356,29.757447],[-95.548355,29.757444],[-95.548354,29.757442],[-95.548354,29.757441],[-95.548354,29.757441],[-95.548352,29.757437],[-95.54835,29.757435],[-95.548349,29.757433],[-95.548347,29.75743],[-95.548347,29.757429],[-95.548346,29.757428],[-95.548344,29.757426],[-95.548343,29.757423],[-95.548341,29.757421],[-95.54834,29.757419],[-95.548339,29.757418],[-95.548338,29.757417],[-95.548336,29.757414],[-95.548334,29.757412],[-95.548333,29.75741],[-95.548331,29.757408],[-95.54833,29.757407],[-95.548328,29.757405],[-95.548219,29.757335],[-95.54816,29.757295],[-95.548157,29.757293],[-95.54815,29.757289],[-95.548145,29.757285],[-95.548141,29.757282],[-95.547624,29.757071],[-95.547572,29.757053],[-95.547572,29.757053],[-95.547572,29.757053],[-95.547306,29.756959],[-95.547063,29.756776],[-95.546871,29.756629],[-95.546605,29.756427],[-95.546388,29.756241],[-95.54636,29.756216],[-95.54618,29.756014],[-95.546007,29.755816],[-95.545969,29.755772],[-95.545649,29.755561],[-95.545623,29.755544],[-95.545608,29.755534],[-95.545593,29.755523],[-95.54558,29.755514],[-95.545579,29.755513],[-95.545578,29.755512],[-95.545564,29.755502],[-95.545549,29.75549],[-95.545535,29.755479],[-95.545521,29.755468],[-95.545508,29.755456],[-95.545495,29.755444],[-95.545482,29.755432],[-95.545469,29.755419],[-95.545456,29.755407],[-95.545444,29.755394],[-95.545432,29.755381],[-95.54542,29.755368],[-95.545409,29.755355],[-95.545398,29.755341],[-95.545387,29.755327],[-95.545376,29.755314],[-95.545366,29.7553],[-95.545356,29.755286],[-95.545347,29.755274],[-95.545346,29.755271],[-95.545223,29.755113],[-95.545216,29.755104],[-95.54521,29.755097],[-95.545209,29.755094],[-95.545101,29.75495],[-95.545095,29.754941],[-95.545093,29.754939],[-95.545089,29.754932],[-95.545088,29.754931],[-95.545088,29.754931],[-95.545084,29.754925],[-95.545082,29.754921],[-95.54508,29.754919],[-95.54508,29.754918],[-95.545076,29.754911],[-95.545074,29.754908],[-95.545073,29.754907],[-95.545071,29.754904],[-95.545067,29.754897],[-95.545067,29.754896],[-95.545067,29.754895],[-95.545064,29.754889],[-95.545061,29.754884],[-95.54506,29.754883],[-95.54506,29.754882],[-95.545056,29.754875],[-95.545055,29.754872],[-95.545054,29.75487],[-95.545053,29.754867],[-95.54505,29.75486],[-95.545049,29.754859],[-95.545049,29.754858],[-95.545046,29.754852],[-95.545044,29.754846],[-95.545044,29.754845],[-95.545041,29.754837],[-95.54504,29.754835],[-95.545039,29.754833],[-95.545039,29.754832],[-95.545038,29.75483],[-95.545036,29.754822],[-95.545035,29.75482],[-95.545035,29.754819],[-95.545033,29.754814],[-95.545031,29.754807],[-95.545031,29.754807],[-95.545031,29.754807],[-95.545031,29.754806],[-95.545029,29.754799],[-95.545028,29.754796],[-95.545028,29.754793],[-95.545027,29.754791],[-95.545025,29.754783],[-95.545025,29.754781],[-95.545025,29.75478],[-95.545024,29.754775],[-95.545022,29.754768],[-95.545022,29.754767],[-95.545021,29.75476],[-95.54502,29.754756],[-95.54502,29.754754],[-95.54502,29.754752],[-95.545019,29.754744],[-95.545019,29.754742],[-95.545018,29.75474],[-95.545018,29.754736],[-95.545017,29.754728],[-95.545017,29.754728],[-95.545017,29.75472],[-95.545017,29.754715],[-95.545017,29.754714],[-95.545017,29.754712],[-95.545016,29.754704],[-95.545016,29.754702],[-95.545016,29.7547],[-95.545016,29.754696],[-95.545016,29.754688],[-95.545017,29.75468],[-95.545018,29.754676],[-95.545018,29.754674],[-95.545018,29.754673],[-95.545019,29.754667],[-95.54502,29.754663],[-95.54502,29.754662],[-95.545022,29.754657],[-95.545023,29.754652],[-95.545023,29.754651],[-95.545024,29.754648],[-95.545026,29.754643],[-95.545027,29.754639],[-95.545027,29.754639],[-95.545027,29.754639],[-95.545027,29.754638],[-95.545029,29.754633],[-95.545031,29.754628],[-95.545031,29.754627],[-95.545033,29.754623],[-95.545035,29.754618],[-95.545036,29.754615],[-95.545037,29.754614],[-95.545039,29.754609],[-95.545041,29.754604],[-95.545042,29.754604],[-95.545044,29.7546],[-95.545046,29.754595],[-95.545048,29.754593],[-95.545049,29.75459],[-95.545052,29.754586],[-95.545054,29.754582],[-95.545054,29.754581],[-95.545057,29.754577],[-95.54506,29.754572],[-95.545061,29.754571],[-95.545063,29.754568],[-95.545066,29.754564],[-95.545069,29.75456],[-95.545069,29.75456],[-95.545069,29.75456],[-95.545069,29.75456],[-95.545073,29.754555],[-95.545076,29.754551],[-95.545077,29.75455],[-95.545079,29.754547],[-95.545083,29.754543],[-95.545086,29.75454],[-95.545087,29.754539],[-95.54509,29.754535],[-95.545094,29.754531],[-95.545095,29.754531],[-95.545098,29.754528],[-95.545102,29.754524],[-95.545104,29.754522],[-95.545106,29.75452],[-95.54511,29.754516],[-95.545114,29.754513],[-95.545114,29.754513],[-95.545114,29.754513],[-95.545118,29.754509],[-95.545169,29.754439],[-95.545218,29.754368],[-95.545285,29.754268],[-95.5454,29.754114],[-95.545541,29.753944],[-95.545731,29.753744],[-95.545736,29.753741],[-95.545893,29.753567],[-95.545904,29.753554],[-95.545914,29.753541],[-95.545924,29.753528],[-95.545934,29.753514],[-95.545943,29.7535],[-95.545953,29.753486],[-95.54596,29.753475],[-95.545962,29.753472],[-95.54597,29.753458],[-95.545979,29.753444],[-95.545987,29.75343],[-95.545995,29.753415],[-95.546008,29.753389],[-95.546007,29.753384],[-95.546006,29.753379],[-95.546005,29.753374],[-95.546003,29.75337],[-95.546002,29.753365],[-95.546,29.75336],[-95.545998,29.753355],[-95.545997,29.753351],[-95.545995,29.753346],[-95.545993,29.753342],[-95.545991,29.753337],[-95.545989,29.753333],[-95.545987,29.753328],[-95.545984,29.753324],[-95.545982,29.753319],[-95.545979,29.753315],[-95.545977,29.753311],[-95.545974,29.753306],[-95.545972,29.753302],[-95.545969,29.753298],[-95.545966,29.753294],[-95.545963,29.75329],[-95.54596,29.753285],[-95.545957,29.753281],[-95.545953,29.753277],[-95.545952,29.753276],[-95.545895,29.753215],[-95.545851,29.753184],[-95.545843,29.753178],[-95.545748,29.753171],[-95.545745,29.753171],[-95.545415,29.75317],[-95.544726,29.753163],[-95.544718,29.753163],[-95.544716,29.753163],[-95.544203,29.753159],[-95.543977,29.753193],[-95.54376,29.753224],[-95.543736,29.753227],[-95.543286,29.753263],[-95.543282,29.753263],[-95.543082,29.753228],[-95.542905,29.753198],[-95.542727,29.753131],[-95.542459,29.753027],[-95.542321,29.752976],[-95.542192,29.752884],[-95.542124,29.752836],[-95.54212,29.752745],[-95.542112,29.752588],[-95.542104,29.752433],[-95.542217,29.752241],[-95.542202,29.752054],[-95.542142,29.751904],[-95.541946,29.751708],[-95.541946,29.751708],[-95.541939,29.751708],[-95.541811,29.751706],[-95.541808,29.751706],[-95.541586,29.751706],[-95.541482,29.751722],[-95.540652,29.751817],[-95.540646,29.751817],[-95.540483,29.751699],[-95.540559,29.751528],[-95.54082,29.751484],[-95.540886,29.751473],[-95.541031,29.751339],[-95.541143,29.751255],[-95.541206,29.751108],[-95.541287,29.750679],[-95.541034,29.750212],[-95.540899,29.749904],[-95.540852,29.749795],[-95.540741,29.749778],[-95.540358,29.749637],[-95.540311,29.749741],[-95.540244,29.749828],[-95.540139,29.749952],[-95.53998,29.750116],[-95.539595,29.750606],[-95.539601,29.751077],[-95.539415,29.751184],[-95.539497,29.751311],[-95.53962,29.751465],[-95.53962,29.751466],[-95.539652,29.751513],[-95.539663,29.75153],[-95.539678,29.751552],[-95.539806,29.751742],[-95.539806,29.751742],[-95.539805,29.751746],[-95.539763,29.751912],[-95.539733,29.751874],[-95.539572,29.751659],[-95.539305,29.7513],[-95.539191,29.751147],[-95.538923,29.750717],[-95.538724,29.750352],[-95.538576,29.749998],[-95.538515,29.74974],[-95.538484,29.749415],[-95.538476,29.748969],[-95.538458,29.747936],[-95.538414,29.744163],[-95.538383,29.74193],[-95.538376,29.741041],[-95.538373,29.739753],[-95.538389,29.739434],[-95.538427,29.739212],[-95.538538,29.738791],[-95.538622,29.738591],[-95.538723,29.738288],[-95.538796,29.738069],[-95.538859,29.737751],[-95.538876,29.737408],[-95.53888,29.73719],[-95.539433,29.737165],[-95.53948,29.737164],[-95.541474,29.737142],[-95.550437,29.737044],[-95.56072,29.736905],[-95.571052,29.736764],[-95.571779,29.736753],[-95.571796,29.737163],[-95.571852,29.737828],[-95.571905,29.738177],[-95.571932,29.738668],[-95.571938,29.739152],[-95.571998,29.742783],[-95.572048,29.746698],[-95.572073,29.747954],[-95.571564,29.747959],[-95.571159,29.747955],[-95.570913,29.747953],[-95.570506,29.747861],[-95.57011,29.747772],[-95.569583,29.747653],[-95.569597,29.7494],[-95.569608,29.750856],[-95.569638,29.752196],[-95.569645,29.753421],[-95.56965,29.753868],[-95.569654,29.75418],[-95.569703,29.75471],[-95.569801,29.755052],[-95.569867,29.755556],[-95.569831,29.75598],[-95.569797,29.756395],[-95.568815,29.7564],[-95.567664,29.75641],[-95.567724,29.758158],[-95.567725,29.758315],[-95.567726,29.75868],[-95.567728,29.759054],[-95.567731,29.759815],[-95.567412,29.759804],[-95.566717,29.759384],[-95.566714,29.759382],[-95.566712,29.75938],[-95.56671,29.759383],[-95.566709,29.759385],[-95.566708,29.759387],[-95.566708,29.759387],[-95.566708,29.759387],[-95.566705,29.759392],[-95.566703,29.759394],[-95.566703,29.759394],[-95.566702,29.759396],[-95.566701,29.759399],[-95.566699,29.759401],[-95.566699,29.759401],[-95.566698,29.759403],[-95.566696,29.759406],[-95.566695,29.759408],[-95.566695,29.759408],[-95.566694,29.759411],[-95.566691,29.759415],[-95.566691,29.759415],[-95.56669,29.759418],[-95.566689,29.75942],[-95.566688,29.759422],[-95.566688,29.759422],[-95.566685,29.759427],[-95.566684,29.759429],[-95.566684,29.75943],[-95.566682,29.759435],[-95.566681,29.759436],[-95.56668,29.759437],[-95.566679,29.759439],[-95.566678,29.759442],[-95.566677,29.759444],[-95.566677,29.759444],[-95.566674,29.759451],[-95.566674,29.759452],[-95.566671,29.759458],[-95.566671,29.759459],[-95.566669,29.759464],[-95.566668,29.759466],[-95.566668,29.759467],[-95.566667,29.759469],[-95.566666,29.759472],[-95.566665,29.759473],[-95.566665,29.759474],[-95.566664,29.759477],[-95.566663,29.759481],[-95.566662,29.759482],[-95.566661,29.759487],[-95.56666,29.759488],[-95.56666,29.75949],[-95.566658,29.759495],[-95.566658,29.759496],[-95.566657,29.759497],[-95.566656,29.759502],[-95.566656,29.759503],[-95.566655,29.759505],[-95.566654,29.75951],[-95.566654,29.759511],[-95.566652,29.759518],[-95.566652,29.759519],[-95.566651,29.759521],[-95.566651,29.759523],[-95.56665,29.759526],[-95.56665,29.759526],[-95.566649,29.759528],[-95.566649,29.759531],[-95.566648,29.759534],[-95.566648,29.759534],[-95.566648,29.759536],[-95.566647,29.759539],[-95.566647,29.759541],[-95.566647,29.759542],[-95.566646,29.759544],[-95.566645,29.759549],[-95.566645,29.75955],[-95.566644,29.759557],[-95.566644,29.759558],[-95.566644,29.75956],[-95.566643,29.759563],[-95.566643,29.759565],[-95.566643,29.759565],[-95.566643,29.759565],[-95.566643,29.759568],[-95.566642,29.759571],[-95.566642,29.759573],[-95.566642,29.759576],[-95.566641,29.759579],[-95.566641,29.759581],[-95.566641,29.759584],[-95.56664,29.759589],[-95.56664,29.759589],[-95.56664,29.759592],[-95.56664,29.759595],[-95.56664,29.759597],[-95.56664,29.759597],[-95.56664,29.7596],[-95.56664,29.759603],[-95.566639,29.759605],[-95.566639,29.759605],[-95.566639,29.759608],[-95.566639,29.759611],[-95.566639,29.759613],[-95.566639,29.759613],[-95.566639,29.759616],[-95.566639,29.759619],[-95.566639,29.759621],[-95.566639,29.759621],[-95.566639,29.759624],[-95.566639,29.759627],[-95.566639,29.759629],[-95.566639,29.759629],[-95.566639,29.759632],[-95.566639,29.759635],[-95.566639,29.759636],[-95.566639,29.759637],[-95.56664,29.759648],[-95.56664,29.759651],[-95.56674,29.759919],[-95.56674,29.75992],[-95.566898,29.760293],[-95.566928,29.760361],[-95.566932,29.76037],[-95.566967,29.760445],[-95.56701,29.760538],[-95.56717,29.760888],[-95.567172,29.760891],[-95.567174,29.760895],[-95.56718,29.760895],[-95.567922,29.760891],[-95.568264,29.760889],[-95.568401,29.760888],[-95.56853,29.760887],[-95.56853,29.760887],[-95.56853,29.760888],[-95.56853,29.76196],[-95.562943,29.761987],[-95.562938,29.761987],[-95.562802,29.761972],[-95.56279,29.761971],[-95.561844,29.761872],[-95.561209,29.761688],[-95.560395,29.761453],[-95.56015,29.761266],[-95.560086,29.761154],[-95.560001,29.760975],[-95.559856,29.76079],[-95.559798,29.760768],[-95.559797,29.760768],[-95.559428,29.760771],[-95.559345,29.760795],[-95.559177,29.760868],[-95.55913,29.760901],[-95.55895,29.761291],[-95.558952,29.761383],[-95.558954,29.761474],[-95.558957,29.761626],[-95.55833,29.762252],[-95.558045,29.762516],[-95.557995,29.763517],[-95.557985,29.763519],[-95.557923,29.763534],[-95.557707,29.763596],[-95.557707,29.763588],[-95.557706,29.763538],[-95.557546,29.763761],[-95.557463,29.764098],[-95.557098,29.764226],[-95.556899,29.764155],[-95.556818,29.764139],[-95.55675,29.764126],[-95.556549,29.763914],[-95.556522,29.763695]]]},"properties":{"Campus__Number":253,"Campus_Short_Name":"Walnut Bend ES","Street_Address":"10620 Briar Forest"}},{"type":"Feature","geometry":{"type":"Polygon","coordinates":[[[-95.447756,29.722703],[-95.447915,29.727232],[-95.447457,29.727269],[-95.441385,29.727756],[-95.436685,29.728122],[-95.435037,29.728244],[-95.434494,29.72826],[-95.434331,29.728256],[-95.434016,29.728195],[-95.433893,29.728161],[-95.433473,29.728046],[-95.433495,29.729222],[-95.43248,29.729268],[-95.43189,29.729316],[-95.431042,29.729438],[-95.429346,29.729703],[-95.426722,29.73013],[-95.425524,29.730329],[-95.424387,29.730471],[-95.423574,29.730528],[-95.422772,29.73056],[-95.42099,29.730571],[-95.41866,29.730585],[-95.418634,29.728915],[-95.418609,29.726856],[-95.418585,29.725393],[-95.418536,29.722095],[-95.418468,29.718254],[-95.418406,29.71506],[-95.418365,29.711123],[-95.418296,29.707495],[-95.418293,29.706164],[-95.425938,29.706096],[-95.431469,29.706067],[-95.437196,29.706031],[-95.44021,29.705991],[-95.44378,29.705941],[-95.447396,29.705923],[-95.447591,29.715868],[-95.447756,29.722703]]]},"properties":{"Campus__Number":255,"Campus_Short_Name":"West University ES","Street_Address":"3756 University Blvd"}},{"type":"Feature","geometry":{"type":"Polygon","coordinates":[[[-95.386761,29.695225],[-95.386129,29.694993],[-95.384854,29.696693],[-95.376087,29.693942],[-95.372381,29.692856],[-95.368875,29.691781],[-95.36974,29.689654],[-95.369866,29.689343],[-95.367923,29.688722],[-95.368174,29.688087],[-95.364358,29.686916],[-95.364616,29.686321],[-95.362236,29.685613],[-95.362035,29.685514],[-95.361979,29.685435],[-95.361899,29.685323],[-95.363673,29.6807],[-95.363627,29.680696],[-95.377546,29.676493],[-95.388246,29.673266],[-95.39706,29.670584],[-95.397041,29.670634],[-95.399706,29.669839],[-95.399905,29.67957],[-95.401538,29.679218],[-95.403151,29.678903],[-95.403204,29.682223],[-95.40332,29.688901],[-95.403326,29.689912],[-95.403154,29.690674],[-95.403068,29.69091],[-95.402874,29.69123],[-95.40241,29.691747],[-95.401704,29.692305],[-95.401306,29.692638],[-95.400828,29.693172],[-95.400495,29.693781],[-95.400712,29.695225],[-95.400835,29.695748],[-95.393038,29.697615],[-95.390621,29.698159],[-95.386913,29.698874],[-95.387086,29.698368],[-95.387747,29.696432],[-95.386386,29.696075],[-95.386761,29.695225]]]},"properties":{"Campus__Number":257,"Campus_Short_Name":"Whidby ES","Street_Address":"7625 Springhill St"}},{"type":"Feature","geometry":{"type":"Polygon","coordinates":[[[-95.530594,29.687949],[-95.531598,29.688546],[-95.532492,29.689074],[-95.533254,29.689574],[-95.534156,29.690209],[-95.534907,29.690877],[-95.53561,29.691636],[-95.53627,29.692538],[-95.536785,29.693354],[-95.537133,29.694045],[-95.537542,29.695228],[-95.537657,29.69588],[-95.537772,29.696531],[-95.537817,29.697328],[-95.537877,29.698377],[-95.537915,29.69939],[-95.537938,29.701012],[-95.537956,29.702012],[-95.537982,29.704457],[-95.538004,29.705356],[-95.538092,29.706193],[-95.538287,29.706789],[-95.538526,29.70742],[-95.538658,29.7078],[-95.538735,29.708189],[-95.538817,29.708678],[-95.538903,29.712648],[-95.537058,29.712632],[-95.537048,29.712333],[-95.536247,29.712324],[-95.535073,29.712324],[-95.535102,29.714546],[-95.532759,29.714576],[-95.530871,29.71458],[-95.528838,29.714596],[-95.52801,29.714602],[-95.526281,29.714623],[-95.525526,29.714633],[-95.524182,29.71465],[-95.524169,29.714017],[-95.524168,29.713613],[-95.523867,29.713599],[-95.523346,29.713543],[-95.52288,29.713457],[-95.522415,29.71339],[-95.522007,29.713365],[-95.521529,29.713352],[-95.521181,29.7133],[-95.520815,29.71318],[-95.52038,29.713031],[-95.520153,29.713001],[-95.519839,29.713007],[-95.518065,29.713023],[-95.515727,29.713054],[-95.515694,29.710771],[-95.515691,29.709751],[-95.514503,29.709755],[-95.513944,29.709762],[-95.513587,29.709766],[-95.51323,29.709723],[-95.51264,29.709645],[-95.512247,29.709542],[-95.511864,29.709418],[-95.511413,29.70925],[-95.511193,29.709158],[-95.510824,29.708952],[-95.510398,29.70866],[-95.510007,29.708344],[-95.509592,29.70801],[-95.509305,29.707769],[-95.511481,29.705844],[-95.513151,29.704368],[-95.517825,29.700288],[-95.525157,29.69374],[-95.527629,29.691446],[-95.528302,29.690747],[-95.52926,29.689727],[-95.530594,29.687949]]]},"properties":{"Campus__Number":394,"Campus_Short_Name":"Neff ES","Street_Address":"8301 Neff St"}},{"type":"Feature","geometry":{"type":"Polygon","coordinates":[[[-95.255868,29.759885],[-95.256063,29.768183],[-95.257888,29.768476],[-95.258027,29.773523],[-95.258068,29.774684],[-95.264001,29.775638],[-95.263499,29.778132],[-95.263356,29.779035],[-95.263382,29.779824],[-95.263409,29.780589],[-95.263565,29.78126],[-95.263938,29.782297],[-95.259462,29.78371],[-95.259421,29.786694],[-95.25115,29.786764],[-95.24616,29.786776],[-95.24609,29.785103],[-95.242475,29.787342],[-95.239502,29.789265],[-95.236868,29.790887],[-95.231659,29.793659],[-95.231553,29.791339],[-95.231139,29.778696],[-95.231104,29.776689],[-95.230562,29.77654],[-95.23004,29.77643],[-95.229573,29.776015],[-95.229342,29.77576],[-95.229007,29.775331],[-95.228649,29.774958],[-95.228484,29.774685],[-95.22841,29.77432],[-95.228424,29.773939],[-95.228456,29.773653],[-95.22838,29.773345],[-95.228267,29.772845],[-95.228121,29.77265],[-95.227843,29.771878],[-95.227563,29.771144],[-95.227358,29.770775],[-95.227218,29.770427],[-95.22725,29.770141],[-95.227335,29.769628],[-95.227302,29.769321],[-95.227116,29.769029],[-95.226944,29.768948],[-95.226632,29.769092],[-95.226254,29.769234],[-95.225762,29.769507],[-95.225412,29.769516],[-95.22522,29.769358],[-95.225123,29.769031],[-95.224976,29.768855],[-95.224765,29.768638],[-95.224505,29.768574],[-95.224349,29.768646],[-95.224127,29.768716],[-95.223908,29.76871],[-95.223604,29.768644],[-95.223414,29.768467],[-95.223403,29.768161],[-95.223547,29.767821],[-95.22365,29.767648],[-95.223723,29.767647],[-95.225832,29.767621],[-95.226537,29.767624],[-95.226691,29.76762],[-95.226716,29.767619],[-95.229136,29.76758],[-95.229317,29.767578],[-95.232761,29.767524],[-95.232914,29.76752],[-95.232914,29.767521],[-95.232914,29.767523],[-95.232921,29.767523],[-95.233224,29.767522],[-95.233743,29.767512],[-95.233999,29.767508],[-95.236028,29.767488],[-95.238788,29.76746],[-95.238859,29.76746],[-95.238965,29.767461],[-95.239356,29.767456],[-95.240422,29.767442],[-95.240563,29.767441],[-95.241981,29.767419],[-95.241981,29.767419],[-95.241981,29.767419],[-95.241981,29.76743],[-95.241981,29.76743],[-95.241981,29.76743],[-95.241981,29.76743],[-95.241981,29.767437],[-95.241981,29.767437],[-95.241981,29.767437],[-95.241981,29.767437],[-95.241981,29.767437],[-95.241987,29.767437],[-95.244353,29.767401],[-95.244673,29.767396],[-95.245079,29.767387],[-95.245569,29.767384],[-95.245591,29.767384],[-95.245903,29.767379],[-95.246118,29.767376],[-95.246127,29.767376],[-95.246544,29.767372],[-95.25037,29.767299],[-95.250375,29.767299],[-95.250888,29.767322],[-95.251065,29.76733],[-95.251679,29.767374],[-95.252032,29.767428],[-95.252032,29.767428],[-95.252025,29.767187],[-95.252025,29.76717],[-95.252025,29.76717],[-95.252025,29.76717],[-95.252025,29.76717],[-95.252014,29.766767],[-95.252014,29.766767],[-95.252014,29.766767],[-95.252014,29.766767],[-95.252001,29.766475],[-95.252001,29.766475],[-95.252001,29.766475],[-95.252001,29.766475],[-95.251995,29.766115],[-95.251995,29.766115],[-95.251995,29.766115],[-95.251995,29.766115],[-95.251994,29.766103],[-95.251994,29.766103],[-95.251994,29.766103],[-95.251994,29.766103],[-95.25198,29.765322],[-95.251937,29.763006],[-95.251937,29.763006],[-95.251937,29.763005],[-95.251937,29.763005],[-95.25186,29.760251],[-95.251848,29.76018],[-95.251847,29.760177],[-95.251839,29.760129],[-95.251839,29.760129],[-95.251839,29.760129],[-95.251839,29.760129],[-95.251839,29.760078],[-95.251839,29.760078],[-95.251839,29.760078],[-95.251839,29.760078],[-95.25184,29.759894],[-95.251839,29.759891],[-95.251838,29.75989],[-95.251871,29.75989],[-95.252029,29.75989],[-95.252428,29.759889],[-95.252498,29.75989],[-95.253046,29.759889],[-95.253202,29.759889],[-95.253358,29.759889],[-95.253718,29.759888],[-95.253877,29.759887],[-95.254267,29.759887],[-95.254347,29.759887],[-95.254502,29.759887],[-95.25466,29.759886],[-95.254739,29.759886],[-95.254816,29.759886],[-95.254894,29.759886],[-95.254973,29.759886],[-95.25505,29.759886],[-95.255238,29.759886],[-95.255285,29.759885],[-95.255362,29.759885],[-95.255379,29.759885],[-95.255379,29.759885],[-95.255379,29.759885],[-95.255519,29.759885],[-95.255524,29.759885],[-95.255744,29.759884],[-95.255757,29.759884],[-95.255777,29.759884],[-95.255868,29.759885]]]},"properties":{"Campus__Number":258,"Campus_Short_Name":"Whittier ES","Street_Address":"10511 Lacrosse St"}},{"type":"Feature","geometry":{"type":"Polygon","coordinates":[[[-95.464965,29.612238],[-95.464907,29.608212],[-95.464895,29.607645],[-95.464887,29.607271],[-95.464775,29.606476],[-95.464725,29.605798],[-95.464719,29.605225],[-95.464715,29.604795],[-95.464636,29.604297],[-95.464584,29.603964],[-95.464517,29.603421],[-95.464479,29.602811],[-95.464472,29.602168],[-95.464457,29.601464],[-95.464505,29.601056],[-95.464662,29.600508],[-95.464972,29.599731],[-95.465127,29.599802],[-95.465371,29.599912],[-95.465496,29.599968],[-95.465664,29.600044],[-95.465833,29.600119],[-95.466,29.600194],[-95.466164,29.600268],[-95.466328,29.600341],[-95.466351,29.600351],[-95.466492,29.600415],[-95.466656,29.600488],[-95.46682,29.600562],[-95.466987,29.600636],[-95.467155,29.600711],[-95.467323,29.600787],[-95.467491,29.600862],[-95.467659,29.600937],[-95.467827,29.601013],[-95.467995,29.601088],[-95.468331,29.601238],[-95.468533,29.601329],[-95.468701,29.601404],[-95.468907,29.601497],[-95.469075,29.601572],[-95.469244,29.601647],[-95.469412,29.601722],[-95.46958,29.601797],[-95.469748,29.601873],[-95.469916,29.601948],[-95.470084,29.602023],[-95.470252,29.602098],[-95.47042,29.602174],[-95.470588,29.602249],[-95.470756,29.602324],[-95.470924,29.602399],[-95.471092,29.602474],[-95.47126,29.60255],[-95.471428,29.602625],[-95.471642,29.60272],[-95.47181,29.602796],[-95.472174,29.602959],[-95.472678,29.603184],[-95.472846,29.603259],[-95.473014,29.603335],[-95.473182,29.60341],[-95.473351,29.603485],[-95.473519,29.60356],[-95.473715,29.603648],[-95.473883,29.603723],[-95.474079,29.603811],[-95.474247,29.603886],[-95.474415,29.603961],[-95.474583,29.604037],[-95.474751,29.604112],[-95.474942,29.604197],[-95.47496,29.604205],[-95.475179,29.604303],[-95.47544,29.60442],[-95.47575,29.604559],[-95.475918,29.604634],[-95.476495,29.604892],[-95.477748,29.605462],[-95.478715,29.605902],[-95.48103,29.606973],[-95.482994,29.607885],[-95.4834,29.608074],[-95.484858,29.608748],[-95.484889,29.608762],[-95.484945,29.608788],[-95.485237,29.608923],[-95.485238,29.608924],[-95.485238,29.608924],[-95.485238,29.608924],[-95.485238,29.608924],[-95.485238,29.608924],[-95.485238,29.608924],[-95.485238,29.608924],[-95.485239,29.608924],[-95.48525,29.608929],[-95.485582,29.609083],[-95.485595,29.609089],[-95.485767,29.609169],[-95.485769,29.60917],[-95.485939,29.609248],[-95.485942,29.60925],[-95.486284,29.609408],[-95.486287,29.609409],[-95.486457,29.609488],[-95.486974,29.609727],[-95.487148,29.609807],[-95.487149,29.609808],[-95.487319,29.609887],[-95.487664,29.610046],[-95.488027,29.610215],[-95.488193,29.610294],[-95.488385,29.610383],[-95.488552,29.61046],[-95.488718,29.610538],[-95.488885,29.610615],[-95.489052,29.610693],[-95.489219,29.610771],[-95.489385,29.610848],[-95.489552,29.610926],[-95.489719,29.611003],[-95.489885,29.611081],[-95.490052,29.611158],[-95.490219,29.611236],[-95.490385,29.611313],[-95.490552,29.611391],[-95.490719,29.611468],[-95.490887,29.611546],[-95.491052,29.611623],[-95.491219,29.611701],[-95.491551,29.611858],[-95.492974,29.612519],[-95.493371,29.612704],[-95.494467,29.613204],[-95.492212,29.616686],[-95.489357,29.621666],[-95.488683,29.622986],[-95.488228,29.623499],[-95.487808,29.623799],[-95.487222,29.624141],[-95.485832,29.624798],[-95.484721,29.625318],[-95.48411,29.625612],[-95.483607,29.625909],[-95.483129,29.626303],[-95.480666,29.626238],[-95.479437,29.626206],[-95.478975,29.626122],[-95.478302,29.625818],[-95.476848,29.625182],[-95.476392,29.624931],[-95.475835,29.624439],[-95.47507,29.623631],[-95.474485,29.623138],[-95.473931,29.622936],[-95.47332,29.622844],[-95.472993,29.622812],[-95.472096,29.622669],[-95.471691,29.622539],[-95.471072,29.622236],[-95.470833,29.622038],[-95.470452,29.621685],[-95.470063,29.621373],[-95.46966,29.621172],[-95.46912,29.62099],[-95.468656,29.620978],[-95.468138,29.62094],[-95.467509,29.620948],[-95.467127,29.620914],[-95.466505,29.62073],[-95.466047,29.620527],[-95.465062,29.619813],[-95.464978,29.616377],[-95.464965,29.612238]]]},"properties":{"Campus__Number":260,"Campus_Short_Name":"Windsor Village ES","Street_Address":"14440 Polo St"}},{"type":"Feature","geometry":{"type":"Polygon","coordinates":[[[-95.355677,29.669069],[-95.356261,29.669275],[-95.35695,29.669483],[-95.357481,29.669568],[-95.36113,29.669534],[-95.366581,29.669458],[-95.368113,29.669436],[-95.368251,29.668679],[-95.368227,29.667668],[-95.368092,29.661713],[-95.368031,29.659046],[-95.36804,29.658258],[-95.368697,29.658245],[-95.378729,29.658067],[-95.385423,29.657819],[-95.389171,29.657677],[-95.394707,29.65756],[-95.400818,29.657542],[-95.402098,29.657567],[-95.401995,29.657833],[-95.401239,29.659728],[-95.400632,29.661262],[-95.399325,29.664549],[-95.398061,29.667904],[-95.397674,29.669003],[-95.39706,29.670584],[-95.388246,29.673266],[-95.377546,29.676493],[-95.363627,29.680696],[-95.361899,29.680558],[-95.359589,29.680438],[-95.358554,29.680481],[-95.357238,29.680575],[-95.355879,29.680813],[-95.355883,29.679305],[-95.355829,29.676723],[-95.355796,29.674096],[-95.355751,29.672021],[-95.355678,29.6691],[-95.355677,29.669069]]]},"properties":{"Campus__Number":247,"Campus_Short_Name":"Young ES","Street_Address":"3555 Bellfort Ave"}},{"type":"Feature","geometry":{"type":"Polygon","coordinates":[[[-95.231139,29.778696],[-95.231553,29.791339],[-95.222941,29.791508],[-95.218693,29.791584],[-95.218715,29.792503],[-95.214857,29.792577],[-95.214885,29.794507],[-95.208678,29.794568],[-95.208673,29.793842],[-95.206323,29.793882],[-95.206319,29.793845],[-95.206292,29.793625],[-95.206292,29.793625],[-95.206292,29.793625],[-95.206292,29.793625],[-95.206317,29.793056],[-95.206317,29.793055],[-95.206317,29.793055],[-95.206317,29.793055],[-95.206323,29.792895],[-95.206323,29.792895],[-95.206323,29.792895],[-95.206323,29.792895],[-95.206329,29.79272],[-95.206238,29.79243],[-95.206098,29.792108],[-95.206004,29.791896],[-95.205904,29.791654],[-95.205755,29.791421],[-95.205524,29.791062],[-95.205524,29.791061],[-95.205416,29.790886],[-95.205288,29.790696],[-95.205168,29.790459],[-95.205036,29.790115],[-95.205036,29.790115],[-95.205036,29.790115],[-95.205036,29.790115],[-95.205043,29.789756],[-95.205043,29.789756],[-95.205043,29.789756],[-95.205043,29.789756],[-95.205045,29.789429],[-95.205045,29.789429],[-95.205045,29.789428],[-95.20506,29.789311],[-95.205073,29.789219],[-95.205081,29.789154],[-95.205134,29.78898],[-95.205266,29.788897],[-95.205431,29.788888],[-95.205433,29.788888],[-95.205669,29.788935],[-95.205844,29.789037],[-95.206327,29.789231],[-95.206556,29.789361],[-95.20698,29.789479],[-95.207581,29.789545],[-95.208163,29.78958],[-95.208659,29.789611],[-95.208961,29.789631],[-95.208964,29.789631],[-95.209262,29.789614],[-95.209541,29.789541],[-95.209985,29.7893],[-95.210225,29.789148],[-95.210658,29.788827],[-95.210947,29.788585],[-95.210978,29.788559],[-95.211,29.78854],[-95.211007,29.788534],[-95.211007,29.788534],[-95.211007,29.788534],[-95.211007,29.788534],[-95.211023,29.788521],[-95.211045,29.788501],[-95.211067,29.788482],[-95.21109,29.788462],[-95.211112,29.788443],[-95.211135,29.788424],[-95.211158,29.788406],[-95.211182,29.788387],[-95.211206,29.78837],[-95.21123,29.788352],[-95.211255,29.788335],[-95.211279,29.788318],[-95.211304,29.788301],[-95.211329,29.788283],[-95.211353,29.788266],[-95.211377,29.788248],[-95.211401,29.788231],[-95.211425,29.788213],[-95.21145,29.788195],[-95.211474,29.788177],[-95.211498,29.78816],[-95.211522,29.788142],[-95.211546,29.788124],[-95.21157,29.788106],[-95.211594,29.788089],[-95.211618,29.788071],[-95.211642,29.788053],[-95.211666,29.788035],[-95.21169,29.788017],[-95.211713,29.787998],[-95.211737,29.78798],[-95.211761,29.787962],[-95.211786,29.787945],[-95.211811,29.787928],[-95.211837,29.787913],[-95.211864,29.787899],[-95.211891,29.787885],[-95.211918,29.787872],[-95.211947,29.78786],[-95.211975,29.787847],[-95.212003,29.787836],[-95.212032,29.787824],[-95.212061,29.787813],[-95.21209,29.787802],[-95.212119,29.787791],[-95.212148,29.78778],[-95.212177,29.787769],[-95.212206,29.787758],[-95.212235,29.787748],[-95.212264,29.787737],[-95.212293,29.787726],[-95.212323,29.787716],[-95.212328,29.787714],[-95.212352,29.787706],[-95.212382,29.787696],[-95.212411,29.787686],[-95.212441,29.787677],[-95.21247,29.787668],[-95.2125,29.787659],[-95.212501,29.787659],[-95.212503,29.787658],[-95.21253,29.787651],[-95.21256,29.787643],[-95.212591,29.787635],[-95.212621,29.787627],[-95.212651,29.787619],[-95.212682,29.787612],[-95.212713,29.787605],[-95.212743,29.787598],[-95.212774,29.787592],[-95.212805,29.787586],[-95.212836,29.787581],[-95.212867,29.787576],[-95.212898,29.787572],[-95.212929,29.787569],[-95.21296,29.787566],[-95.212992,29.787564],[-95.213023,29.787562],[-95.213055,29.787561],[-95.213086,29.78756],[-95.213111,29.78756],[-95.213112,29.78756],[-95.213118,29.78756],[-95.213149,29.787559],[-95.213181,29.787559],[-95.213213,29.787559],[-95.213244,29.787558],[-95.213276,29.787558],[-95.213307,29.787557],[-95.213339,29.787556],[-95.21337,29.787554],[-95.213402,29.787552],[-95.213405,29.787551],[-95.213406,29.787551],[-95.213433,29.787549],[-95.213464,29.787544],[-95.213495,29.787539],[-95.213526,29.787533],[-95.213557,29.787527],[-95.213587,29.787521],[-95.213618,29.787514],[-95.213649,29.787508],[-95.21368,29.787502],[-95.213711,29.787497],[-95.213742,29.787493],[-95.213773,29.787488],[-95.213804,29.787483],[-95.213835,29.787477],[-95.213865,29.787469],[-95.213895,29.78746],[-95.213924,29.78745],[-95.213953,29.787438],[-95.213981,29.787426],[-95.214009,29.787413],[-95.214037,29.787399],[-95.214063,29.787384],[-95.214089,29.787368],[-95.214114,29.787352],[-95.214138,29.787334],[-95.214161,29.787315],[-95.214183,29.787296],[-95.214205,29.787276],[-95.214227,29.787255],[-95.214248,29.787234],[-95.214268,29.787214],[-95.214288,29.787192],[-95.214308,29.787171],[-95.214327,29.787149],[-95.214347,29.787128],[-95.214366,29.787106],[-95.214384,29.787083],[-95.214403,29.787061],[-95.214421,29.787038],[-95.214439,29.787016],[-95.214457,29.786993],[-95.214474,29.78697],[-95.214491,29.786947],[-95.214507,29.786923],[-95.214523,29.7869],[-95.214538,29.786875],[-95.214553,29.786851],[-95.214568,29.786827],[-95.214582,29.786802],[-95.214596,29.786778],[-95.21461,29.786753],[-95.214623,29.786728],[-95.214636,29.786703],[-95.214649,29.786678],[-95.214662,29.786652],[-95.214674,29.786627],[-95.214685,29.786601],[-95.214696,29.786576],[-95.214707,29.78655],[-95.214717,29.786524],[-95.214727,29.786498],[-95.214736,29.786471],[-95.214744,29.786445],[-95.214753,29.786418],[-95.214761,29.786392],[-95.214768,29.786365],[-95.214776,29.786338],[-95.214783,29.786311],[-95.21479,29.786285],[-95.214797,29.786258],[-95.214803,29.786231],[-95.21481,29.786204],[-95.214816,29.786177],[-95.214822,29.78615],[-95.214827,29.786123],[-95.214833,29.786096],[-95.214838,29.786068],[-95.214843,29.786041],[-95.214848,29.786014],[-95.214852,29.785987],[-95.214852,29.785987],[-95.214852,29.785987],[-95.214852,29.785987],[-95.214853,29.785959],[-95.214853,29.785959],[-95.214853,29.785959],[-95.214853,29.785959],[-95.214853,29.785932],[-95.214853,29.785932],[-95.214853,29.785932],[-95.214853,29.785932],[-95.214852,29.785904],[-95.214852,29.785904],[-95.214852,29.785904],[-95.214852,29.785904],[-95.214852,29.785877],[-95.214852,29.785877],[-95.214852,29.785876],[-95.214852,29.785876],[-95.214853,29.785849],[-95.214853,29.785849],[-95.214853,29.785849],[-95.214853,29.785849],[-95.214852,29.785821],[-95.214852,29.785821],[-95.214852,29.785821],[-95.214852,29.785821],[-95.214851,29.785794],[-95.214849,29.785766],[-95.214844,29.78574],[-95.214837,29.785713],[-95.214828,29.785686],[-95.214817,29.78566],[-95.214805,29.785635],[-95.214792,29.78561],[-95.214779,29.785585],[-95.214764,29.785561],[-95.214749,29.785537],[-95.214733,29.785513],[-95.214717,29.785489],[-95.214702,29.785465],[-95.214687,29.78544],[-95.214673,29.785416],[-95.214659,29.785391],[-95.214645,29.785367],[-95.21463,29.785342],[-95.214616,29.785318],[-95.214602,29.785293],[-95.214587,29.785269],[-95.214572,29.785245],[-95.214557,29.78522],[-95.214542,29.785196],[-95.214526,29.785172],[-95.214511,29.785148],[-95.214496,29.785124],[-95.214481,29.7851],[-95.214467,29.785075],[-95.214452,29.785051],[-95.214438,29.785026],[-95.214425,29.785002],[-95.214411,29.784977],[-95.214397,29.784952],[-95.214384,29.784927],[-95.214371,29.784902],[-95.214358,29.784877],[-95.214345,29.784852],[-95.214332,29.784827],[-95.214319,29.784802],[-95.214306,29.784777],[-95.214293,29.784751],[-95.214281,29.784726],[-95.214269,29.784701],[-95.214258,29.784675],[-95.214247,29.784649],[-95.214236,29.784623],[-95.214226,29.784597],[-95.214216,29.784571],[-95.214207,29.784545],[-95.214198,29.784519],[-95.214189,29.784492],[-95.21418,29.784466],[-95.214172,29.784439],[-95.214163,29.784413],[-95.214155,29.784386],[-95.214147,29.784359],[-95.214139,29.784333],[-95.214132,29.784306],[-95.214125,29.784279],[-95.214118,29.784253],[-95.214111,29.784226],[-95.214104,29.784199],[-95.214098,29.784172],[-95.214092,29.784145],[-95.214086,29.784118],[-95.21408,29.784091],[-95.214073,29.784064],[-95.214067,29.784037],[-95.214061,29.78401],[-95.214055,29.783983],[-95.21405,29.783956],[-95.214044,29.783929],[-95.214038,29.783902],[-95.214031,29.783875],[-95.214024,29.783848],[-95.214017,29.783822],[-95.214009,29.783795],[-95.214001,29.783768],[-95.213993,29.783742],[-95.213985,29.783715],[-95.213976,29.783689],[-95.213968,29.783662],[-95.21396,29.783636],[-95.213951,29.783609],[-95.213942,29.783583],[-95.213934,29.783556],[-95.213925,29.78353],[-95.213916,29.783503],[-95.213907,29.783477],[-95.213897,29.783451],[-95.213888,29.783425],[-95.213878,29.783398],[-95.213869,29.783372],[-95.213859,29.783346],[-95.213849,29.78332],[-95.213848,29.783316],[-95.21384,29.783294],[-95.21384,29.783294],[-95.21383,29.783275],[-95.21382,29.783257],[-95.21381,29.783239],[-95.2138,29.783221],[-95.213789,29.783204],[-95.213777,29.783186],[-95.213766,29.783169],[-95.213754,29.783152],[-95.213741,29.783135],[-95.213729,29.783118],[-95.213716,29.783102],[-95.213702,29.783085],[-95.213689,29.783069],[-95.213674,29.783053],[-95.213659,29.783037],[-95.213644,29.783022],[-95.213643,29.783021],[-95.213628,29.783006],[-95.213613,29.782991],[-95.213598,29.782976],[-95.213582,29.782961],[-95.213566,29.782946],[-95.213538,29.782922],[-95.213514,29.782903],[-95.213491,29.782883],[-95.213467,29.782864],[-95.213445,29.782844],[-95.213423,29.782824],[-95.213401,29.782803],[-95.213379,29.782782],[-95.213358,29.782761],[-95.213338,29.78274],[-95.213317,29.782718],[-95.213298,29.782696],[-95.213278,29.782673],[-95.213259,29.782651],[-95.213241,29.782628],[-95.213223,29.782604],[-95.213205,29.782581],[-95.213188,29.782557],[-95.213171,29.782533],[-95.213155,29.782509],[-95.213139,29.782484],[-95.213124,29.78246],[-95.213106,29.782432],[-95.213091,29.782409],[-95.213077,29.782386],[-95.213063,29.782362],[-95.21305,29.782338],[-95.213037,29.782314],[-95.213025,29.78229],[-95.213013,29.782266],[-95.213002,29.782241],[-95.212991,29.782216],[-95.212981,29.782191],[-95.212971,29.782166],[-95.212962,29.782141],[-95.212953,29.782116],[-95.212944,29.78209],[-95.212937,29.782065],[-95.212929,29.782039],[-95.212922,29.782013],[-95.212916,29.781987],[-95.21291,29.781961],[-95.212905,29.781935],[-95.2129,29.781909],[-95.212895,29.781883],[-95.212892,29.781857],[-95.212888,29.781831],[-95.212886,29.781804],[-95.212883,29.781778],[-95.212881,29.781752],[-95.21288,29.781725],[-95.21288,29.781725],[-95.21288,29.781725],[-95.21288,29.781725],[-95.21288,29.781699],[-95.21288,29.781699],[-95.21288,29.781699],[-95.21288,29.781699],[-95.212879,29.781672],[-95.212879,29.781672],[-95.212879,29.781672],[-95.212879,29.781672],[-95.21288,29.781646],[-95.21288,29.781646],[-95.21288,29.781646],[-95.21288,29.781646],[-95.212881,29.78162],[-95.21289,29.781545],[-95.212898,29.78147],[-95.212898,29.78147],[-95.212898,29.78147],[-95.212898,29.78147],[-95.212905,29.781395],[-95.212905,29.781395],[-95.212905,29.781395],[-95.212905,29.781395],[-95.21291,29.78132],[-95.21291,29.78132],[-95.21291,29.78132],[-95.21291,29.78132],[-95.212913,29.781245],[-95.212913,29.781245],[-95.212913,29.781245],[-95.212913,29.781245],[-95.212915,29.78117],[-95.212915,29.78117],[-95.212915,29.78117],[-95.212915,29.78117],[-95.212916,29.781095],[-95.212916,29.781095],[-95.212916,29.781095],[-95.212916,29.781095],[-95.212915,29.78102],[-95.212915,29.78102],[-95.212915,29.78102],[-95.212915,29.78102],[-95.212913,29.780945],[-95.212909,29.78087],[-95.212904,29.780794],[-95.212897,29.780719],[-95.212897,29.780719],[-95.212883,29.780601],[-95.212867,29.780564],[-95.212851,29.780527],[-95.212834,29.78049],[-95.212816,29.780454],[-95.212798,29.780418],[-95.212778,29.780382],[-95.212759,29.780347],[-95.212738,29.780312],[-95.212717,29.780277],[-95.212695,29.780242],[-95.212672,29.780208],[-95.212649,29.780174],[-95.212625,29.780141],[-95.2126,29.780108],[-95.212575,29.780075],[-95.212549,29.780043],[-95.212523,29.780011],[-95.212495,29.779979],[-95.212468,29.779948],[-95.212439,29.779917],[-95.21241,29.779887],[-95.212381,29.779857],[-95.212351,29.779828],[-95.21232,29.779799],[-95.212289,29.779771],[-95.212257,29.779743],[-95.212225,29.779715],[-95.212192,29.779688],[-95.212127,29.779637],[-95.212056,29.779585],[-95.211984,29.779534],[-95.211922,29.779491],[-95.211911,29.779484],[-95.211838,29.779436],[-95.211763,29.779388],[-95.211688,29.779341],[-95.211611,29.779296],[-95.211534,29.779252],[-95.211456,29.779209],[-95.211377,29.779167],[-95.211359,29.779158],[-95.211326,29.779142],[-95.218559,29.778966],[-95.218525,29.777549],[-95.218509,29.776964],[-95.218498,29.77653],[-95.218397,29.776213],[-95.218281,29.775843],[-95.220716,29.775769],[-95.22066,29.778783],[-95.231139,29.778696]]]},"properties":{"Campus__Number":186,"Campus_Short_Name":"Robinson ES","Street_Address":"12425 Woodforest Blvd"}},{"type":"Feature","geometry":{"type":"Polygon","coordinates":[[[-95.305038,29.686597],[-95.305256,29.686097],[-95.303534,29.686097],[-95.298728,29.686097],[-95.298693,29.6852],[-95.298677,29.682796],[-95.298689,29.681444],[-95.298691,29.681444],[-95.298693,29.680746],[-95.298658,29.679795],[-95.298469,29.679031],[-95.298362,29.678637],[-95.298247,29.678216],[-95.297659,29.678343],[-95.297444,29.677599],[-95.297366,29.677326],[-95.297212,29.676961],[-95.296966,29.676537],[-95.297699,29.676318],[-95.298626,29.67595],[-95.298975,29.675724],[-95.299505,29.675272],[-95.299921,29.674768],[-95.300369,29.673866],[-95.300906,29.672955],[-95.301346,29.672239],[-95.302204,29.671551],[-95.303082,29.672762],[-95.303565,29.673432],[-95.303799,29.673788],[-95.303918,29.67409],[-95.304061,29.674406],[-95.304227,29.674613],[-95.304528,29.674824],[-95.305281,29.675363],[-95.305604,29.675637],[-95.305822,29.675896],[-95.3059,29.675991],[-95.306388,29.677585],[-95.306957,29.679486],[-95.307424,29.681005],[-95.307173,29.681068],[-95.306386,29.681233],[-95.306095,29.681307],[-95.305579,29.681423],[-95.305586,29.68239],[-95.305594,29.684146],[-95.3056,29.68455],[-95.305708,29.685176],[-95.306355,29.685203],[-95.306695,29.685255],[-95.307251,29.685551],[-95.308402,29.686423],[-95.310105,29.687731],[-95.312775,29.689771],[-95.313909,29.690661],[-95.31446,29.690967],[-95.315111,29.691246],[-95.316193,29.691564],[-95.318352,29.692238],[-95.322286,29.693427],[-95.319867,29.694568],[-95.316585,29.696054],[-95.315311,29.696496],[-95.314262,29.696754],[-95.313324,29.696967],[-95.312279,29.697129],[-95.311459,29.697107],[-95.30993,29.697017],[-95.303928,29.696209],[-95.304987,29.693542],[-95.303324,29.69303],[-95.303711,29.692214],[-95.303836,29.691907],[-95.304056,29.691345],[-95.304168,29.691044],[-95.304385,29.690155],[-95.304556,29.68915],[-95.304683,29.687852],[-95.304876,29.686968],[-95.305038,29.686597]]]},"properties":{"Campus__Number":373,"Campus_Short_Name":"Seguin ES","Street_Address":"5905 Waltrip"}},{"type":"Feature","geometry":{"type":"Polygon","coordinates":[[[-95.36861,29.777635],[-95.368609,29.778369],[-95.368585,29.779855],[-95.368519,29.780724],[-95.368465,29.781422],[-95.368484,29.782095],[-95.368542,29.782969],[-95.368619,29.783614],[-95.368656,29.783763],[-95.36881,29.784176],[-95.368864,29.784293],[-95.368507,29.784524],[-95.368257,29.784625],[-95.368115,29.784764],[-95.367894,29.784818],[-95.367754,29.784909],[-95.367632,29.784894],[-95.3674,29.784864],[-95.367331,29.785256],[-95.367263,29.78602],[-95.367141,29.786116],[-95.366984,29.786239],[-95.366743,29.786497],[-95.366418,29.786282],[-95.366304,29.786422],[-95.366004,29.78657],[-95.365959,29.7867],[-95.365779,29.786755],[-95.365528,29.786867],[-95.365392,29.786863],[-95.365048,29.786902],[-95.364949,29.786995],[-95.364968,29.787234],[-95.365142,29.787346],[-95.365357,29.78746],[-95.365558,29.787561],[-95.365673,29.787814],[-95.36564,29.787957],[-95.365343,29.788223],[-95.36505,29.788371],[-95.364693,29.788397],[-95.364535,29.788225],[-95.364389,29.788114],[-95.364123,29.787892],[-95.363809,29.787848],[-95.36352,29.787911],[-95.363451,29.788015],[-95.362364,29.787575],[-95.362404,29.787153],[-95.361611,29.787046],[-95.361297,29.787],[-95.361285,29.786664],[-95.360699,29.786679],[-95.358623,29.786711],[-95.35615,29.786728],[-95.356127,29.784953],[-95.356108,29.783346],[-95.35612,29.78237],[-95.356101,29.780428],[-95.357082,29.780514],[-95.357833,29.780234],[-95.357269,29.779069],[-95.356261,29.776984],[-95.358089,29.776326],[-95.360395,29.775488],[-95.359958,29.774569],[-95.359514,29.77364],[-95.360254,29.773376],[-95.359718,29.772629],[-95.359038,29.771314],[-95.358868,29.77082],[-95.358684,29.770216],[-95.358365,29.769291],[-95.358183,29.768754],[-95.358123,29.768328],[-95.358196,29.767892],[-95.358282,29.767398],[-95.358591,29.767284],[-95.359143,29.767156],[-95.359695,29.767051],[-95.360376,29.767141],[-95.360917,29.76729],[-95.361231,29.767409],[-95.361596,29.767648],[-95.362572,29.768082],[-95.363255,29.768346],[-95.363767,29.768669],[-95.364403,29.769209],[-95.365174,29.770144],[-95.365633,29.770907],[-95.366947,29.773097],[-95.368006,29.775244],[-95.368284,29.775822],[-95.368382,29.776233],[-95.3686,29.777463],[-95.36861,29.777635]]]},"properties":{"Campus__Number":389,"Campus_Short_Name":"Ketelsen ES","Street_Address":"600 Quitman"}},{"type":"Feature","geometry":{"type":"Polygon","coordinates":[[[-95.322918,29.728227],[-95.32844,29.722703],[-95.337645,29.728364],[-95.340471,29.737024],[-95.34069,29.737713],[-95.339814,29.737446],[-95.337809,29.73686],[-95.335885,29.736288],[-95.335222,29.737913],[-95.333348,29.73736],[-95.333444,29.737119],[-95.332671,29.736897],[-95.332591,29.736935],[-95.332335,29.737078],[-95.332225,29.737168],[-95.331993,29.737387],[-95.331675,29.73778],[-95.331387,29.738442],[-95.331021,29.739357],[-95.330181,29.739255],[-95.329683,29.739184],[-95.329205,29.739006],[-95.328633,29.738711],[-95.327676,29.738123],[-95.327335,29.738554],[-95.326469,29.739662],[-95.325483,29.740909],[-95.325307,29.741152],[-95.324901,29.74171],[-95.324574,29.742543],[-95.322522,29.741912],[-95.319565,29.740995],[-95.317147,29.740248],[-95.317149,29.740246],[-95.317749,29.739452],[-95.318418,29.738568],[-95.314328,29.737326],[-95.315646,29.735572],[-95.317694,29.733528],[-95.319423,29.734059],[-95.324301,29.735533],[-95.324846,29.734193],[-95.325109,29.733532],[-95.325277,29.733107],[-95.325358,29.732862],[-95.325391,29.732614],[-95.325438,29.732349],[-95.325479,29.732117],[-95.325607,29.731809],[-95.325755,29.731442],[-95.326047,29.730755],[-95.326234,29.730282],[-95.326528,29.729574],[-95.326358,29.729245],[-95.323009,29.728254],[-95.322918,29.728227]]]},"properties":{"Campus__Number":287,"Campus_Short_Name":"Cage ES","Street_Address":"4528 Leeland St"}},{"type":"Feature","geometry":{"type":"Polygon","coordinates":[[[-95.428177,29.863595],[-95.426792,29.862393],[-95.424334,29.86028],[-95.422042,29.858309],[-95.419654,29.856272],[-95.416888,29.853916],[-95.41675,29.853931],[-95.416319,29.854314],[-95.415823,29.854783],[-95.41454,29.85483],[-95.412356,29.854815],[-95.412034,29.854694],[-95.411804,29.854674],[-95.411612,29.854539],[-95.41134,29.854317],[-95.411035,29.854094],[-95.410794,29.853959],[-95.410587,29.853767],[-95.410399,29.853504],[-95.41014,29.853382],[-95.409895,29.853347],[-95.409378,29.853308],[-95.409341,29.851116],[-95.40834,29.851116],[-95.408332,29.850855],[-95.403017,29.85087],[-95.403015,29.850557],[-95.402492,29.850558],[-95.402493,29.850128],[-95.397344,29.850146],[-95.396088,29.850162],[-95.395664,29.849565],[-95.394766,29.848295],[-95.393673,29.846743],[-95.392831,29.845535],[-95.391833,29.844131],[-95.391421,29.843507],[-95.394307,29.843481],[-95.394335,29.84151],[-95.396674,29.841498],[-95.398882,29.841562],[-95.39875,29.841004],[-95.398647,29.8405],[-95.398368,29.839832],[-95.397967,29.839188],[-95.397793,29.838973],[-95.399523,29.838984],[-95.401101,29.838973],[-95.401449,29.838927],[-95.401584,29.838881],[-95.402036,29.838694],[-95.402331,29.838667],[-95.402912,29.838667],[-95.402905,29.837401],[-95.40286,29.835622],[-95.402851,29.834769],[-95.404046,29.834761],[-95.404057,29.835871],[-95.409918,29.835803],[-95.409915,29.834725],[-95.410767,29.834718],[-95.410767,29.834725],[-95.410785,29.835689],[-95.410834,29.837264],[-95.410855,29.838823],[-95.410912,29.841154],[-95.416424,29.841073],[-95.417968,29.841047],[-95.421206,29.841008],[-95.424617,29.840965],[-95.427723,29.840935],[-95.428092,29.840943],[-95.428466,29.840989],[-95.42885,29.841049],[-95.429314,29.841083],[-95.430451,29.841131],[-95.434712,29.841124],[-95.436067,29.841121],[-95.441452,29.841102],[-95.441862,29.841102],[-95.444403,29.84109],[-95.446526,29.84108],[-95.446536,29.843405],[-95.448768,29.843363],[-95.448821,29.846541],[-95.448307,29.846541],[-95.447802,29.846558],[-95.447076,29.846615],[-95.446305,29.846701],[-95.445759,29.846762],[-95.445247,29.846798],[-95.444671,29.846839],[-95.444025,29.846864],[-95.442734,29.846897],[-95.44274,29.847351],[-95.442751,29.848137],[-95.442752,29.849176],[-95.442743,29.849808],[-95.442706,29.849803],[-95.442706,29.849803],[-95.442706,29.849803],[-95.442705,29.849803],[-95.442704,29.849803],[-95.442704,29.849803],[-95.442704,29.849803],[-95.442703,29.849803],[-95.442702,29.849803],[-95.442702,29.849803],[-95.442702,29.849803],[-95.442688,29.849803],[-95.442688,29.849803],[-95.442688,29.849803],[-95.442468,29.849803],[-95.442468,29.849803],[-95.442468,29.849803],[-95.442332,29.849802],[-95.442332,29.849802],[-95.442332,29.849802],[-95.442228,29.849802],[-95.442228,29.849802],[-95.442227,29.849802],[-95.441877,29.849802],[-95.441877,29.849802],[-95.441877,29.849802],[-95.44175,29.849802],[-95.44175,29.849802],[-95.44175,29.849802],[-95.441635,29.849802],[-95.441635,29.849802],[-95.441635,29.849802],[-95.44151,29.849802],[-95.44151,29.849802],[-95.44151,29.849802],[-95.441404,29.849801],[-95.441404,29.849801],[-95.441404,29.849801],[-95.441173,29.849801],[-95.441173,29.849801],[-95.441173,29.849801],[-95.440927,29.849801],[-95.440927,29.849801],[-95.440927,29.849801],[-95.4408,29.849801],[-95.4408,29.849801],[-95.4408,29.849801],[-95.440563,29.849801],[-95.440563,29.849801],[-95.440563,29.849801],[-95.44047,29.849801],[-95.44047,29.849801],[-95.44047,29.849801],[-95.440317,29.849801],[-95.440317,29.849801],[-95.440317,29.849801],[-95.440227,29.849801],[-95.440227,29.849801],[-95.440227,29.849801],[-95.440077,29.849802],[-95.440077,29.849802],[-95.440076,29.849802],[-95.440007,29.849802],[-95.440007,29.849802],[-95.440007,29.849802],[-95.439833,29.849802],[-95.439833,29.849802],[-95.439833,29.849802],[-95.439783,29.849802],[-95.439783,29.849802],[-95.439783,29.849802],[-95.439593,29.849803],[-95.439593,29.849803],[-95.439593,29.849803],[-95.439349,29.849803],[-95.439349,29.849803],[-95.439349,29.849803],[-95.439319,29.849804],[-95.439319,29.849804],[-95.439319,29.849804],[-95.439103,29.849804],[-95.439103,29.849804],[-95.439103,29.849804],[-95.439082,29.849804],[-95.439082,29.849804],[-95.439082,29.849804],[-95.438981,29.849804],[-95.438981,29.849804],[-95.438981,29.849804],[-95.438862,29.849805],[-95.438862,29.849805],[-95.438862,29.849805],[-95.438841,29.849805],[-95.438841,29.849805],[-95.438841,29.849805],[-95.438621,29.849805],[-95.438621,29.849805],[-95.43862,29.849805],[-95.438601,29.849805],[-95.438601,29.849805],[-95.438601,29.849805],[-95.438355,29.849806],[-95.438355,29.849806],[-95.438354,29.849806],[-95.438141,29.849807],[-95.438141,29.849807],[-95.438141,29.849807],[-95.4379,29.849808],[-95.4379,29.849808],[-95.4379,29.849808],[-95.437732,29.849808],[-95.437732,29.849808],[-95.437732,29.849808],[-95.437732,29.849808],[-95.437732,29.849808],[-95.437683,29.849809],[-95.437661,29.849809],[-95.437661,29.849809],[-95.437661,29.849809],[-95.437643,29.849809],[-95.437643,29.849809],[-95.437643,29.849809],[-95.437637,29.849809],[-95.437636,29.849809],[-95.437636,29.849809],[-95.437635,29.849809],[-95.437634,29.849809],[-95.437634,29.849809],[-95.437634,29.849809],[-95.43763,29.849809],[-95.437624,29.849808],[-95.437624,29.849808],[-95.437624,29.849808],[-95.437612,29.849808],[-95.437612,29.849808],[-95.437612,29.849808],[-95.437531,29.849805],[-95.437479,29.849803],[-95.437479,29.849803],[-95.437479,29.849803],[-95.437473,29.849803],[-95.437468,29.849802],[-95.437468,29.849802],[-95.437468,29.849802],[-95.437468,29.849802],[-95.437468,29.849802],[-95.437468,29.849802],[-95.43746,29.849802],[-95.43746,29.849802],[-95.43746,29.849802],[-95.437209,29.849803],[-95.437209,29.849803],[-95.437209,29.849803],[-95.437095,29.849804],[-95.437095,29.849804],[-95.437095,29.849804],[-95.436966,29.849804],[-95.436966,29.849804],[-95.436966,29.849804],[-95.436727,29.849804],[-95.436727,29.849804],[-95.436727,29.849804],[-95.436501,29.849805],[-95.436501,29.849805],[-95.436501,29.849805],[-95.436492,29.849805],[-95.436492,29.849805],[-95.436492,29.849805],[-95.436263,29.849805],[-95.436263,29.849805],[-95.436263,29.849805],[-95.436255,29.849805],[-95.436255,29.849805],[-95.436255,29.849805],[-95.436025,29.849806],[-95.436025,29.849806],[-95.436024,29.849806],[-95.435778,29.849806],[-95.435778,29.849806],[-95.435778,29.849806],[-95.435543,29.849807],[-95.435543,29.849807],[-95.435543,29.849807],[-95.435307,29.849807],[-95.435307,29.849807],[-95.435307,29.849807],[-95.435068,29.849807],[-95.435068,29.849807],[-95.435068,29.849807],[-95.435018,29.849809],[-95.435018,29.849809],[-95.435018,29.849809],[-95.435013,29.849809],[-95.435013,29.849809],[-95.435013,29.849809],[-95.434828,29.849811],[-95.434828,29.849811],[-95.434828,29.849811],[-95.434825,29.849811],[-95.434825,29.849811],[-95.434825,29.849811],[-95.434732,29.84981],[-95.434732,29.84981],[-95.434732,29.84981],[-95.434605,29.849808],[-95.434605,29.849808],[-95.434605,29.849808],[-95.434373,29.849807],[-95.434373,29.849807],[-95.434373,29.849807],[-95.434358,29.849807],[-95.434358,29.849807],[-95.434358,29.849807],[-95.434138,29.849806],[-95.434138,29.849806],[-95.434138,29.849806],[-95.4339,29.849806],[-95.4339,29.849806],[-95.4339,29.849806],[-95.433658,29.849806],[-95.433658,29.849806],[-95.433658,29.849806],[-95.433414,29.849805],[-95.433414,29.849805],[-95.433414,29.849805],[-95.433189,29.849805],[-95.433189,29.849805],[-95.433189,29.849805],[-95.432955,29.849805],[-95.432955,29.849805],[-95.432955,29.849805],[-95.432718,29.849807],[-95.432718,29.849807],[-95.432718,29.849807],[-95.432704,29.849808],[-95.432703,29.849808],[-95.432703,29.849808],[-95.432478,29.84981],[-95.432478,29.84981],[-95.432478,29.84981],[-95.432434,29.849811],[-95.432434,29.849811],[-95.432434,29.849811],[-95.432338,29.849812],[-95.432337,29.849812],[-95.432337,29.849812],[-95.432336,29.849812],[-95.432336,29.849812],[-95.432336,29.849812],[-95.432335,29.849812],[-95.432335,29.849812],[-95.432335,29.849812],[-95.432189,29.849812],[-95.432189,29.849812],[-95.432189,29.849812],[-95.431987,29.849811],[-95.431987,29.849811],[-95.431987,29.849811],[-95.431807,29.849814],[-95.431762,29.849814],[-95.431751,29.849814],[-95.431751,29.849814],[-95.431751,29.849814],[-95.431691,29.849815],[-95.431691,29.849815],[-95.431691,29.849815],[-95.431651,29.849816],[-95.431525,29.849818],[-95.431515,29.849818],[-95.431515,29.849818],[-95.431514,29.849818],[-95.431453,29.849819],[-95.431439,29.849819],[-95.431439,29.849819],[-95.431439,29.849819],[-95.431278,29.849821],[-95.431278,29.849821],[-95.431278,29.849821],[-95.431194,29.84982],[-95.431194,29.84982],[-95.431194,29.84982],[-95.430944,29.849817],[-95.430815,29.849815],[-95.430815,29.849815],[-95.430815,29.849815],[-95.430695,29.849813],[-95.430695,29.849813],[-95.430695,29.849813],[-95.430449,29.84981],[-95.430449,29.84981],[-95.430449,29.84981],[-95.430345,29.849811],[-95.430345,29.849811],[-95.430345,29.849811],[-95.430202,29.849813],[-95.430202,29.849813],[-95.430202,29.849813],[-95.430193,29.849813],[-95.430188,29.849813],[-95.430188,29.849813],[-95.430188,29.849813],[-95.430188,29.849813],[-95.430188,29.849813],[-95.430188,29.849813],[-95.430183,29.849812],[-95.430183,29.849812],[-95.430183,29.849812],[-95.430168,29.849811],[-95.430168,29.849811],[-95.430168,29.849811],[-95.430167,29.849811],[-95.430166,29.84981],[-95.430166,29.84981],[-95.430166,29.84981],[-95.430165,29.84981],[-95.430165,29.84981],[-95.430165,29.84981],[-95.430165,29.84981],[-95.430165,29.84981],[-95.430157,29.84981],[-95.430155,29.84981],[-95.430155,29.84981],[-95.430153,29.84981],[-95.430149,29.84981],[-95.430149,29.84981],[-95.430149,29.84981],[-95.429962,29.849808],[-95.429962,29.849808],[-95.429962,29.849808],[-95.429725,29.849815],[-95.429725,29.849815],[-95.429725,29.849815],[-95.429688,29.849816],[-95.429677,29.849816],[-95.429677,29.849816],[-95.429677,29.849816],[-95.429457,29.849814],[-95.429457,29.849814],[-95.429457,29.849814],[-95.429438,29.849814],[-95.429438,29.849814],[-95.429438,29.849814],[-95.429329,29.849814],[-95.429329,29.849814],[-95.429329,29.849814],[-95.429183,29.849814],[-95.429184,29.849998],[-95.429186,29.850198],[-95.429188,29.850387],[-95.429189,29.850584],[-95.429191,29.850775],[-95.429192,29.850969],[-95.429194,29.851162],[-95.429193,29.851301],[-95.429191,29.851493],[-95.429191,29.851544],[-95.429191,29.851544],[-95.429191,29.851544],[-95.429194,29.851907],[-95.429194,29.851912],[-95.429194,29.852258],[-95.429194,29.852603],[-95.429195,29.852932],[-95.429195,29.852932],[-95.429195,29.852933],[-95.429195,29.852933],[-95.429195,29.852934],[-95.429203,29.854563],[-95.429205,29.854676],[-95.429207,29.85479],[-95.429207,29.854792],[-95.429215,29.855261],[-95.429217,29.855427],[-95.42922,29.855597],[-95.429222,29.855722],[-95.429222,29.855722],[-95.429222,29.855722],[-95.429222,29.855722],[-95.429222,29.855722],[-95.429222,29.855978],[-95.429229,29.856261],[-95.429232,29.856492],[-95.429233,29.856607],[-95.429234,29.856652],[-95.429235,29.856698],[-95.429242,29.8573],[-95.429243,29.857344],[-95.429247,29.857691],[-95.42924,29.857903],[-95.42924,29.857905],[-95.429241,29.858085],[-95.429242,29.858252],[-95.429245,29.85841],[-95.429247,29.858579],[-95.429248,29.858744],[-95.429249,29.85891],[-95.42925,29.859066],[-95.429252,29.859375],[-95.429255,29.859557],[-95.429257,29.85963],[-95.429258,29.859701],[-95.429258,29.859884],[-95.429257,29.860065],[-95.429258,29.860219],[-95.429258,29.860379],[-95.42925,29.860545],[-95.42925,29.860547],[-95.429241,29.860774],[-95.429245,29.86102],[-95.429247,29.861141],[-95.429259,29.861405],[-95.429258,29.86154],[-95.429253,29.862109],[-95.429253,29.86211],[-95.429254,29.86228],[-95.429254,29.862284],[-95.429257,29.862868],[-95.429257,29.862972],[-95.429259,29.863081],[-95.429259,29.863081],[-95.429266,29.863081],[-95.429278,29.863081],[-95.429278,29.863081],[-95.429278,29.863081],[-95.429513,29.86308],[-95.429513,29.86308],[-95.429513,29.86308],[-95.429582,29.86308],[-95.429582,29.86308],[-95.429582,29.86308],[-95.429599,29.86308],[-95.429599,29.86308],[-95.4296,29.86308],[-95.429601,29.86308],[-95.429601,29.86308],[-95.429601,29.86308],[-95.42961,29.86345],[-95.429598,29.863579],[-95.42959,29.863673],[-95.429592,29.863815],[-95.429593,29.863879],[-95.429598,29.86427],[-95.429596,29.864629],[-95.42959,29.864788],[-95.428177,29.863595]]]},"properties":{"Campus__Number":174,"Campus_Short_Name":"Highland Heights ES","Street_Address":"865 Paul Quinn St"}},{"type":"Feature","geometry":{"type":"Polygon","coordinates":[[[-95.396684,29.885798],[-95.396703,29.885214],[-95.396746,29.88266],[-95.398345,29.882643],[-95.398352,29.883205],[-95.39901,29.883199],[-95.399028,29.882731],[-95.39887,29.882729],[-95.398824,29.875491],[-95.401496,29.875463],[-95.401492,29.8752],[-95.401986,29.87519],[-95.401974,29.874341],[-95.40266,29.874336],[-95.402635,29.872711],[-95.405473,29.872656],[-95.405455,29.871987],[-95.406828,29.871928],[-95.406859,29.869875],[-95.407092,29.869869],[-95.407806,29.86988],[-95.407809,29.869886],[-95.409033,29.869877],[-95.410478,29.869846],[-95.411259,29.869685],[-95.412045,29.869438],[-95.412596,29.869246],[-95.414068,29.868686],[-95.414814,29.868422],[-95.414886,29.870937],[-95.424336,29.870897],[-95.429674,29.870881],[-95.429678,29.872424],[-95.429704,29.873554],[-95.429717,29.875065],[-95.429705,29.875065],[-95.429705,29.875065],[-95.429705,29.875065],[-95.429561,29.875064],[-95.429561,29.875064],[-95.429561,29.875064],[-95.428641,29.875059],[-95.428641,29.875061],[-95.428642,29.875082],[-95.428643,29.87514],[-95.428641,29.87521],[-95.428641,29.87521],[-95.428639,29.875279],[-95.428639,29.875344],[-95.428638,29.875419],[-95.428642,29.875476],[-95.428647,29.875544],[-95.428648,29.875557],[-95.42865,29.875696],[-95.428652,29.875848],[-95.428645,29.875978],[-95.428645,29.876003],[-95.428647,29.876109],[-95.428648,29.876166],[-95.428649,29.876249],[-95.428651,29.876332],[-95.428653,29.876401],[-95.428657,29.876512],[-95.428658,29.876538],[-95.428661,29.876673],[-95.428663,29.876753],[-95.428663,29.876757],[-95.428664,29.87681],[-95.428665,29.876842],[-95.428667,29.876948],[-95.428669,29.877005],[-95.428671,29.877091],[-95.428672,29.877171],[-95.428674,29.877221],[-95.428677,29.8773],[-95.428678,29.877326],[-95.428679,29.877369],[-95.428681,29.87748],[-95.428682,29.877647],[-95.428683,29.877819],[-95.428684,29.877873],[-95.428684,29.877914],[-95.428684,29.877924],[-95.428684,29.877936],[-95.428684,29.877953],[-95.428685,29.878087],[-95.428685,29.87809],[-95.428685,29.878121],[-95.428686,29.878251],[-95.428686,29.878254],[-95.428686,29.878291],[-95.428686,29.878389],[-95.428686,29.878391],[-95.428687,29.878455],[-95.428687,29.878526],[-95.428687,29.878528],[-95.428688,29.878603],[-95.428688,29.878664],[-95.428688,29.878665],[-95.428688,29.878668],[-95.42869,29.878935],[-95.428691,29.879118],[-95.428691,29.87912],[-95.428694,29.879276],[-95.428694,29.87928],[-95.428695,29.879402],[-95.428696,29.879441],[-95.428696,29.879447],[-95.428698,29.879595],[-95.428698,29.879604],[-95.428699,29.879674],[-95.428699,29.879726],[-95.4287,29.879747],[-95.4287,29.879758],[-95.4287,29.87976],[-95.428707,29.880066],[-95.428707,29.880066],[-95.428706,29.880229],[-95.428706,29.880231],[-95.428708,29.880396],[-95.428708,29.880399],[-95.428712,29.880704],[-95.428712,29.880705],[-95.428714,29.880858],[-95.428714,29.880863],[-95.428716,29.881019],[-95.428716,29.881023],[-95.428719,29.88118],[-95.428719,29.881181],[-95.428721,29.881353],[-95.428723,29.881502],[-95.428724,29.881578],[-95.428725,29.881658],[-95.428726,29.881812],[-95.428729,29.881978],[-95.428731,29.882143],[-95.428732,29.88227],[-95.428733,29.882344],[-95.428736,29.882528],[-95.428736,29.882541],[-95.428736,29.882548],[-95.428738,29.882731],[-95.428741,29.882952],[-95.428741,29.882956],[-95.428744,29.883124],[-95.428747,29.883124],[-95.428747,29.883124],[-95.428747,29.883124],[-95.428748,29.883124],[-95.428753,29.883525],[-95.428758,29.883924],[-95.428757,29.884089],[-95.428763,29.884502],[-95.428769,29.884931],[-95.428772,29.885099],[-95.428774,29.885238],[-95.428777,29.885378],[-95.428779,29.885504],[-95.428779,29.885507],[-95.428782,29.885757],[-95.428736,29.885758],[-95.428736,29.885758],[-95.428736,29.885758],[-95.428546,29.885761],[-95.428546,29.885761],[-95.428546,29.885761],[-95.428495,29.885761],[-95.428495,29.885761],[-95.428495,29.885761],[-95.428375,29.885763],[-95.428375,29.885763],[-95.428375,29.885763],[-95.428163,29.885765],[-95.428163,29.885765],[-95.428163,29.885765],[-95.427971,29.885772],[-95.427971,29.885772],[-95.427971,29.885772],[-95.427754,29.885771],[-95.427754,29.885771],[-95.427754,29.885771],[-95.427639,29.885773],[-95.427639,29.885773],[-95.427639,29.885773],[-95.427639,29.885773],[-95.427638,29.885772],[-95.427638,29.885772],[-95.427637,29.885772],[-95.427637,29.885772],[-95.42762,29.885772],[-95.42762,29.885772],[-95.42762,29.885772],[-95.42762,29.885772],[-95.427619,29.885772],[-95.427619,29.885772],[-95.427619,29.885772],[-95.427619,29.885772],[-95.427579,29.885771],[-95.427579,29.885771],[-95.427579,29.885771],[-95.427578,29.885771],[-95.427578,29.885771],[-95.427578,29.885771],[-95.427561,29.885771],[-95.42756,29.885771],[-95.42756,29.885771],[-95.427353,29.885776],[-95.427353,29.885776],[-95.427353,29.885776],[-95.427156,29.885778],[-95.427156,29.885778],[-95.427156,29.885778],[-95.426956,29.88578],[-95.426956,29.88578],[-95.426956,29.88578],[-95.426747,29.885783],[-95.426747,29.885783],[-95.426747,29.885783],[-95.426731,29.885783],[-95.426731,29.885783],[-95.426731,29.885783],[-95.426687,29.885783],[-95.426687,29.885783],[-95.426687,29.885783],[-95.426635,29.885784],[-95.426635,29.885784],[-95.426635,29.885784],[-95.426506,29.885786],[-95.426506,29.885786],[-95.426506,29.885787],[-95.426386,29.885792],[-95.426386,29.885792],[-95.426386,29.885792],[-95.426295,29.885793],[-95.426295,29.885793],[-95.426295,29.885793],[-95.426241,29.885794],[-95.426241,29.885794],[-95.426241,29.885794],[-95.426101,29.885795],[-95.426101,29.885795],[-95.426101,29.885795],[-95.42579,29.885799],[-95.42579,29.885799],[-95.42579,29.885799],[-95.425745,29.885799],[-95.425745,29.885799],[-95.425745,29.885799],[-95.425687,29.8858],[-95.425687,29.8858],[-95.425687,29.8858],[-95.425274,29.885804],[-95.425274,29.885804],[-95.425274,29.885804],[-95.424863,29.885809],[-95.424863,29.885809],[-95.424863,29.885809],[-95.424806,29.88581],[-95.424806,29.88581],[-95.424806,29.88581],[-95.424463,29.885813],[-95.424463,29.885813],[-95.424463,29.885813],[-95.424278,29.885822],[-95.424278,29.885822],[-95.424278,29.885822],[-95.423958,29.885827],[-95.423958,29.885827],[-95.423958,29.885827],[-95.42389,29.885828],[-95.42389,29.885828],[-95.42389,29.885828],[-95.423488,29.885835],[-95.423488,29.885835],[-95.423488,29.885835],[-95.423082,29.88584],[-95.423082,29.88584],[-95.423082,29.88584],[-95.423013,29.885841],[-95.423013,29.885841],[-95.423013,29.885841],[-95.42294,29.885842],[-95.42294,29.885842],[-95.42294,29.885842],[-95.422549,29.885847],[-95.422549,29.885847],[-95.422549,29.885847],[-95.422146,29.885853],[-95.422146,29.885853],[-95.422146,29.885853],[-95.422071,29.885854],[-95.422071,29.885854],[-95.422071,29.885854],[-95.421651,29.885859],[-95.421651,29.885859],[-95.421651,29.885859],[-95.421385,29.885863],[-95.421385,29.885863],[-95.421385,29.885863],[-95.421177,29.885866],[-95.421177,29.885866],[-95.421177,29.885866],[-95.420973,29.88587],[-95.420973,29.88587],[-95.420973,29.88587],[-95.420774,29.885874],[-95.420774,29.885874],[-95.420774,29.885874],[-95.420569,29.885879],[-95.420569,29.885879],[-95.420569,29.885879],[-95.420328,29.885884],[-95.420328,29.885884],[-95.420328,29.885884],[-95.420085,29.885886],[-95.420084,29.885886],[-95.420084,29.885886],[-95.420073,29.885886],[-95.420066,29.885886],[-95.420066,29.885886],[-95.420005,29.885807],[-95.419851,29.885607],[-95.419796,29.885536],[-95.419795,29.885535],[-95.419795,29.885535],[-95.419793,29.885535],[-95.419793,29.885535],[-95.419793,29.885535],[-95.419791,29.885535],[-95.419791,29.885535],[-95.419791,29.885535],[-95.419777,29.885535],[-95.419777,29.885535],[-95.419777,29.885535],[-95.41941,29.885543],[-95.419409,29.885543],[-95.419409,29.885543],[-95.419275,29.885546],[-95.419275,29.885546],[-95.419275,29.885546],[-95.418988,29.88555],[-95.418988,29.88555],[-95.418988,29.88555],[-95.418767,29.885552],[-95.418767,29.885552],[-95.418767,29.885552],[-95.418544,29.885555],[-95.418544,29.885555],[-95.418544,29.885555],[-95.418323,29.885557],[-95.418323,29.885557],[-95.418323,29.885557],[-95.418109,29.88556],[-95.418109,29.88556],[-95.418109,29.88556],[-95.417886,29.885563],[-95.417886,29.885563],[-95.417886,29.885563],[-95.417662,29.885565],[-95.417662,29.885565],[-95.417662,29.885565],[-95.417438,29.885568],[-95.417438,29.885568],[-95.417438,29.885568],[-95.417219,29.885572],[-95.417219,29.885572],[-95.417219,29.885572],[-95.416992,29.885576],[-95.416992,29.885576],[-95.416992,29.885576],[-95.416769,29.88558],[-95.416769,29.88558],[-95.416769,29.88558],[-95.416546,29.885584],[-95.416546,29.885584],[-95.416546,29.885584],[-95.416321,29.885588],[-95.416321,29.885588],[-95.416321,29.885588],[-95.4161,29.885592],[-95.4161,29.885592],[-95.4161,29.885592],[-95.415882,29.885596],[-95.415882,29.885596],[-95.415882,29.885596],[-95.415663,29.8856],[-95.415663,29.8856],[-95.415663,29.8856],[-95.415444,29.885604],[-95.415444,29.885604],[-95.415444,29.885604],[-95.415226,29.885608],[-95.415226,29.885608],[-95.415226,29.885608],[-95.415006,29.885612],[-95.415006,29.885612],[-95.415006,29.885612],[-95.414667,29.885619],[-95.414667,29.885619],[-95.414667,29.885619],[-95.414476,29.885623],[-95.414476,29.885623],[-95.414476,29.885623],[-95.41413,29.885623],[-95.41413,29.885623],[-95.41413,29.885623],[-95.413738,29.885617],[-95.413738,29.885617],[-95.413738,29.885617],[-95.41249,29.885631],[-95.41249,29.885631],[-95.41249,29.885631],[-95.412436,29.885632],[-95.412436,29.885632],[-95.412436,29.885632],[-95.412029,29.885665],[-95.411743,29.885688],[-95.411743,29.885688],[-95.411742,29.885688],[-95.411587,29.8857],[-95.411587,29.8857],[-95.411587,29.8857],[-95.411529,29.8857],[-95.411316,29.885702],[-95.410857,29.885704],[-95.410658,29.885705],[-95.410088,29.88571],[-95.409329,29.885716],[-95.408647,29.885722],[-95.408489,29.885721],[-95.408489,29.885721],[-95.408489,29.885721],[-95.406277,29.88573],[-95.406277,29.88573],[-95.406277,29.88573],[-95.405843,29.885745],[-95.405843,29.885745],[-95.405843,29.885745],[-95.405666,29.885745],[-95.405666,29.885745],[-95.405666,29.885745],[-95.405665,29.885745],[-95.405665,29.885745],[-95.40566,29.885745],[-95.405659,29.885745],[-95.405659,29.885745],[-95.405659,29.885745],[-95.405658,29.885745],[-95.405658,29.885745],[-95.405658,29.885745],[-95.405657,29.885745],[-95.405647,29.885745],[-95.405647,29.885745],[-95.405647,29.885745],[-95.405647,29.885745],[-95.405646,29.885745],[-95.405645,29.885745],[-95.405645,29.885745],[-95.405645,29.885745],[-95.405645,29.885745],[-95.40564,29.885744],[-95.405634,29.885744],[-95.405634,29.885744],[-95.405634,29.885744],[-95.405633,29.885744],[-95.405633,29.885744],[-95.405633,29.885744],[-95.405627,29.885744],[-95.405621,29.885744],[-95.405621,29.885744],[-95.405621,29.885744],[-95.405615,29.885744],[-95.405615,29.885744],[-95.405615,29.885744],[-95.404744,29.885747],[-95.404743,29.885747],[-95.404743,29.885747],[-95.404074,29.885752],[-95.404074,29.885752],[-95.404074,29.885752],[-95.402382,29.885767],[-95.402382,29.885767],[-95.402382,29.885767],[-95.40188,29.885766],[-95.40188,29.885766],[-95.40188,29.885766],[-95.401692,29.885769],[-95.401692,29.885769],[-95.401692,29.885769],[-95.401216,29.885779],[-95.401216,29.885779],[-95.401216,29.885779],[-95.401196,29.885778],[-95.400862,29.885773],[-95.400862,29.885773],[-95.400862,29.885773],[-95.400791,29.885776],[-95.400791,29.885776],[-95.400791,29.885776],[-95.400679,29.885781],[-95.400679,29.885781],[-95.400679,29.885781],[-95.400088,29.885784],[-95.400088,29.885784],[-95.400088,29.885784],[-95.399841,29.885786],[-95.399841,29.885786],[-95.399841,29.885786],[-95.398423,29.885788],[-95.396814,29.885798],[-95.396684,29.885798]]]},"properties":{"Campus__Number":213,"Campus_Short_Name":"Osborne ES","Street_Address":"800 Ringold St"}},{"type":"Feature","geometry":{"type":"Polygon","coordinates":[[[-95.408332,29.850855],[-95.40834,29.851116],[-95.409341,29.851116],[-95.409378,29.853308],[-95.409895,29.853347],[-95.41014,29.853382],[-95.410399,29.853504],[-95.410587,29.853767],[-95.410794,29.853959],[-95.411035,29.854094],[-95.41134,29.854317],[-95.411612,29.854539],[-95.411804,29.854674],[-95.412034,29.854694],[-95.412356,29.854815],[-95.41454,29.85483],[-95.415823,29.854783],[-95.416319,29.854314],[-95.41675,29.853931],[-95.416888,29.853916],[-95.419654,29.856272],[-95.422042,29.858309],[-95.424334,29.86028],[-95.426792,29.862393],[-95.428177,29.863595],[-95.42959,29.864788],[-95.429558,29.865687],[-95.429555,29.865748],[-95.429572,29.866756],[-95.429595,29.867983],[-95.429604,29.868207],[-95.429636,29.868995],[-95.429674,29.870679],[-95.429674,29.870881],[-95.424336,29.870897],[-95.414886,29.870937],[-95.414814,29.868422],[-95.414068,29.868686],[-95.412596,29.869246],[-95.412045,29.869438],[-95.411259,29.869685],[-95.410478,29.869846],[-95.409033,29.869877],[-95.407809,29.869886],[-95.407188,29.868667],[-95.405957,29.866291],[-95.404979,29.864384],[-95.404454,29.863346],[-95.40337,29.861211],[-95.40255,29.859559],[-95.402008,29.858599],[-95.401392,29.857665],[-95.400487,29.856389],[-95.399381,29.854816],[-95.397664,29.852377],[-95.396716,29.851048],[-95.396088,29.850162],[-95.397344,29.850146],[-95.402493,29.850128],[-95.402492,29.850558],[-95.403015,29.850557],[-95.403017,29.85087],[-95.408332,29.850855]]]},"properties":{"Campus__Number":254,"Campus_Short_Name":"Wesley ES","Street_Address":"800 Dillard St"}},{"type":"Feature","geometry":{"type":"Polygon","coordinates":[[[-95.606252,29.761889],[-95.606213,29.76103],[-95.606202,29.760259],[-95.60621,29.759318],[-95.606177,29.757409],[-95.606134,29.755356],[-95.606114,29.753926],[-95.606105,29.753464],[-95.60609,29.752635],[-95.60608,29.751917],[-95.606069,29.75017],[-95.606044,29.748794],[-95.605998,29.747659],[-95.606041,29.746821],[-95.606015,29.744921],[-95.605957,29.741521],[-95.605944,29.740447],[-95.605896,29.738038],[-95.605849,29.736162],[-95.622272,29.735909],[-95.62228,29.735909],[-95.625127,29.735865],[-95.625156,29.735864],[-95.628215,29.735817],[-95.631389,29.735767],[-95.631389,29.735767],[-95.631398,29.735767],[-95.643469,29.735579],[-95.644104,29.735569],[-95.644104,29.735569],[-95.644104,29.735569],[-95.644104,29.73557],[-95.644132,29.739274],[-95.644171,29.740907],[-95.644526,29.744325],[-95.644527,29.746636],[-95.6398,29.746656],[-95.639777,29.745253],[-95.635298,29.7452],[-95.635259,29.741199],[-95.62982,29.741182],[-95.62986,29.74169],[-95.62823,29.741701],[-95.628212,29.743143],[-95.628243,29.744805],[-95.628258,29.746381],[-95.626844,29.746385],[-95.626283,29.746387],[-95.625756,29.746424],[-95.625549,29.746507],[-95.625759,29.746751],[-95.627075,29.746752],[-95.628272,29.746787],[-95.628289,29.749241],[-95.628308,29.751113],[-95.628311,29.75163],[-95.628417,29.753709],[-95.626532,29.753771],[-95.626557,29.755402],[-95.627114,29.755594],[-95.627562,29.75574],[-95.627891,29.755811],[-95.628397,29.755889],[-95.628382,29.75839],[-95.628131,29.758353],[-95.627836,29.758309],[-95.627654,29.758282],[-95.626449,29.758281],[-95.626451,29.760054],[-95.626443,29.761374],[-95.625354,29.761388],[-95.625383,29.763691],[-95.625413,29.767099],[-95.625429,29.770069],[-95.62545,29.772678],[-95.625484,29.773695],[-95.625451,29.773686],[-95.625451,29.773686],[-95.625227,29.773626],[-95.62493,29.773492],[-95.622866,29.772249],[-95.621472,29.771416],[-95.621471,29.771416],[-95.621219,29.771265],[-95.620349,29.770745],[-95.62003,29.77055],[-95.618826,29.769822],[-95.618784,29.769781],[-95.618744,29.769738],[-95.618707,29.769693],[-95.618673,29.769647],[-95.618641,29.7696],[-95.618612,29.769551],[-95.618585,29.769501],[-95.618562,29.76945],[-95.618542,29.769398],[-95.618525,29.769345],[-95.61851,29.769292],[-95.618499,29.769237],[-95.618491,29.769183],[-95.618486,29.769128],[-95.618485,29.769073],[-95.618486,29.769018],[-95.618491,29.768963],[-95.618499,29.768909],[-95.61851,29.768855],[-95.618524,29.768801],[-95.618552,29.768717],[-95.619103,29.766019],[-95.619116,29.765965],[-95.619129,29.765911],[-95.61914,29.765857],[-95.619151,29.765803],[-95.619161,29.765749],[-95.619171,29.765695],[-95.61918,29.76564],[-95.619188,29.765586],[-95.619195,29.765531],[-95.619202,29.765476],[-95.619208,29.765422],[-95.619213,29.765367],[-95.619218,29.765312],[-95.619222,29.765257],[-95.619225,29.765202],[-95.619228,29.765143],[-95.619226,29.765088],[-95.619223,29.765033],[-95.619219,29.764978],[-95.619212,29.764923],[-95.619204,29.764869],[-95.619195,29.764814],[-95.619183,29.76476],[-95.61917,29.764707],[-95.619155,29.764653],[-95.619139,29.7646],[-95.619121,29.764547],[-95.619101,29.764495],[-95.61908,29.764443],[-95.619057,29.764392],[-95.619032,29.764341],[-95.619006,29.764291],[-95.618979,29.764242],[-95.61895,29.764193],[-95.618919,29.764145],[-95.618887,29.764098],[-95.618853,29.764051],[-95.618818,29.764005],[-95.618782,29.76396],[-95.618759,29.763934],[-95.618755,29.763929],[-95.618744,29.763916],[-95.618705,29.763873],[-95.618665,29.763831],[-95.618623,29.76379],[-95.61858,29.76375],[-95.618536,29.76371],[-95.61849,29.763672],[-95.618444,29.763635],[-95.618396,29.763599],[-95.618347,29.763565],[-95.618297,29.763531],[-95.618246,29.763499],[-95.618178,29.763458],[-95.616616,29.762714],[-95.613397,29.761106],[-95.612724,29.760768],[-95.612406,29.760651],[-95.611999,29.760571],[-95.611636,29.760555],[-95.61163,29.760555],[-95.610655,29.76094],[-95.608907,29.761477],[-95.60748,29.761817],[-95.607128,29.761874],[-95.606535,29.761885],[-95.606382,29.761887],[-95.606252,29.761889]]]},"properties":{"Campus__Number":396,"Campus_Short_Name":"Daily ES","Street_Address":"12909 Briar Forest"}},{"type":"Feature","geometry":{"type":"Polygon","coordinates":[[[-95.407806,29.86988],[-95.407092,29.869869],[-95.406859,29.869875],[-95.406828,29.871928],[-95.405455,29.871987],[-95.405473,29.872656],[-95.402635,29.872711],[-95.40266,29.874336],[-95.401974,29.874341],[-95.401986,29.87519],[-95.401492,29.8752],[-95.401496,29.875463],[-95.398824,29.875491],[-95.39887,29.882729],[-95.399028,29.882731],[-95.39901,29.883199],[-95.398352,29.883205],[-95.398345,29.882643],[-95.396746,29.88266],[-95.396703,29.885214],[-95.396684,29.885798],[-95.39662,29.885799],[-95.395352,29.885807],[-95.392852,29.885813],[-95.392851,29.885813],[-95.392833,29.885813],[-95.392833,29.885813],[-95.392833,29.885813],[-95.392832,29.885813],[-95.392832,29.885813],[-95.392832,29.885813],[-95.392539,29.885806],[-95.392539,29.885806],[-95.392539,29.885806],[-95.392538,29.885806],[-95.392537,29.885806],[-95.392537,29.885806],[-95.392521,29.885806],[-95.392521,29.885806],[-95.392521,29.885806],[-95.39252,29.885806],[-95.39252,29.885806],[-95.39252,29.885806],[-95.388474,29.885847],[-95.388474,29.885847],[-95.388474,29.885847],[-95.385299,29.88587],[-95.385299,29.88587],[-95.385299,29.88587],[-95.385296,29.88587],[-95.385296,29.88587],[-95.385296,29.88587],[-95.385295,29.88587],[-95.385294,29.88587],[-95.385294,29.88587],[-95.385288,29.88587],[-95.385288,29.88587],[-95.385288,29.88587],[-95.385286,29.88587],[-95.385282,29.88587],[-95.385282,29.88587],[-95.385282,29.88587],[-95.385281,29.88587],[-95.385281,29.88587],[-95.385281,29.88587],[-95.385279,29.885869],[-95.385279,29.885869],[-95.385279,29.885869],[-95.385279,29.885869],[-95.385204,29.885867],[-95.385123,29.885865],[-95.385121,29.885865],[-95.385116,29.885865],[-95.385116,29.885865],[-95.385116,29.885865],[-95.385114,29.885865],[-95.385114,29.885865],[-95.385114,29.885865],[-95.385107,29.885865],[-95.3851,29.885865],[-95.3851,29.885865],[-95.3851,29.885865],[-95.385097,29.885865],[-95.385097,29.885865],[-95.385097,29.885865],[-95.38441,29.885873],[-95.384238,29.885875],[-95.384238,29.885875],[-95.384238,29.885875],[-95.384156,29.885876],[-95.384156,29.885876],[-95.384156,29.885876],[-95.383175,29.885877],[-95.383175,29.885877],[-95.383175,29.885877],[-95.383016,29.885878],[-95.383016,29.885878],[-95.383016,29.885878],[-95.382153,29.885882],[-95.382153,29.885882],[-95.382153,29.885882],[-95.381478,29.885894],[-95.381478,29.885894],[-95.381478,29.885894],[-95.381478,29.885894],[-95.381478,29.885894],[-95.381478,29.885894],[-95.381478,29.885894],[-95.381478,29.885894],[-95.381134,29.8859],[-95.381127,29.883199],[-95.381045,29.8832],[-95.381076,29.880699],[-95.375265,29.880764],[-95.375276,29.879303],[-95.374553,29.879305],[-95.374557,29.878215],[-95.373438,29.87823],[-95.372959,29.87825],[-95.37299,29.875665],[-95.380876,29.875597],[-95.381729,29.875598],[-95.381718,29.874964],[-95.3817,29.873862],[-95.381695,29.873588],[-95.381715,29.873357],[-95.381754,29.873228],[-95.381779,29.873056],[-95.381777,29.872935],[-95.381774,29.872804],[-95.381211,29.872806],[-95.381194,29.871897],[-95.380306,29.871914],[-95.380322,29.872158],[-95.379976,29.872166],[-95.379958,29.871516],[-95.380629,29.871508],[-95.380619,29.87108],[-95.380624,29.870102],[-95.384864,29.870055],[-95.386414,29.870023],[-95.386398,29.869178],[-95.38767,29.869183],[-95.387663,29.867206],[-95.389023,29.867175],[-95.389049,29.868924],[-95.391211,29.868906],[-95.39121,29.868734],[-95.39184,29.868722],[-95.391836,29.868512],[-95.394029,29.868504],[-95.394042,29.86968],[-95.394557,29.869674],[-95.395095,29.86966],[-95.395085,29.869326],[-95.395592,29.869321],[-95.395571,29.868038],[-95.39672,29.868023],[-95.396724,29.868844],[-95.397283,29.868859],[-95.397308,29.869385],[-95.397829,29.869392],[-95.397812,29.868462],[-95.400739,29.868427],[-95.400738,29.869391],[-95.401203,29.869376],[-95.4012,29.869204],[-95.401644,29.869186],[-95.40161,29.867065],[-95.40468,29.867032],[-95.404697,29.868103],[-95.405398,29.868112],[-95.4054,29.86836],[-95.406101,29.86837],[-95.406102,29.869287],[-95.406804,29.869277],[-95.40682,29.867956],[-95.407188,29.868667],[-95.407806,29.86988]]]},"properties":{"Campus__Number":359,"Campus_Short_Name":"Moreno ES","Street_Address":"620 E Canino"}},{"type":"Feature","geometry":{"type":"Polygon","coordinates":[[[-95.448417,29.746658],[-95.448384,29.741623],[-95.446018,29.741698],[-95.44167,29.741734],[-95.441653,29.740908],[-95.441615,29.738863],[-95.441569,29.736825],[-95.441474,29.732234],[-95.441392,29.727756],[-95.447457,29.727269],[-95.452836,29.726838],[-95.459359,29.726286],[-95.460409,29.726217],[-95.460409,29.726217],[-95.46505,29.72585],[-95.468182,29.725608],[-95.473509,29.72517],[-95.476493,29.724929],[-95.480697,29.724576],[-95.484285,29.724293],[-95.484308,29.724291],[-95.48424,29.7246],[-95.484191,29.724927],[-95.484182,29.725676],[-95.48419,29.727501],[-95.48419,29.728336],[-95.484165,29.728799],[-95.48422,29.730698],[-95.484212,29.731514],[-95.484244,29.73306],[-95.484239,29.735419],[-95.484273,29.736879],[-95.484297,29.737833],[-95.484295,29.737833],[-95.482487,29.737837],[-95.479404,29.737879],[-95.476582,29.737925],[-95.475967,29.737921],[-95.474921,29.737949],[-95.474444,29.737981],[-95.474214,29.738013],[-95.473733,29.738147],[-95.472533,29.738552],[-95.470658,29.73921],[-95.468612,29.739905],[-95.46715,29.740402],[-95.466956,29.740467],[-95.466551,29.740508],[-95.465965,29.740568],[-95.464195,29.740685],[-95.460907,29.740846],[-95.459236,29.740969],[-95.458253,29.741011],[-95.457823,29.742929],[-95.457246,29.745245],[-95.456161,29.749601],[-95.455892,29.750661],[-95.45572,29.751665],[-95.45564,29.753056],[-95.455679,29.755315],[-95.45571,29.757068],[-95.455728,29.759657],[-95.455742,29.759957],[-95.455454,29.759885],[-95.455161,29.759801],[-95.454825,29.759706],[-95.454511,29.759603],[-95.453974,29.759311],[-95.453522,29.75908],[-95.453102,29.758887],[-95.452834,29.758698],[-95.452625,29.758416],[-95.452632,29.758235],[-95.452672,29.758025],[-95.452735,29.757788],[-95.452689,29.757529],[-95.452423,29.757312],[-95.45213,29.757237],[-95.451727,29.757169],[-95.451403,29.757046],[-95.451199,29.756926],[-95.450922,29.756699],[-95.450721,29.756512],[-95.450355,29.756331],[-95.449919,29.756262],[-95.448979,29.756218],[-95.44862,29.756151],[-95.448479,29.756119],[-95.448417,29.746658]]]},"properties":{"Campus__Number":353,"Campus_Short_Name":"School at St. George ES","Street_Address":"5430 Hidalgo St"}},{"type":"Feature","geometry":{"type":"Polygon","coordinates":[[[-95.484308,29.724291],[-95.485276,29.724196],[-95.491259,29.72375],[-95.492916,29.722287],[-95.494862,29.720555],[-95.496041,29.71951],[-95.497398,29.720278],[-95.497979,29.720278],[-95.497989,29.721158],[-95.497927,29.721236],[-95.497725,29.721243],[-95.497607,29.721247],[-95.49751,29.72125],[-95.497336,29.721256],[-95.497341,29.721836],[-95.497358,29.723203],[-95.4981,29.723144],[-95.49827,29.724528],[-95.497383,29.724548],[-95.497372,29.725802],[-95.497833,29.7258],[-95.497857,29.728146],[-95.49791,29.730529],[-95.497943,29.731729],[-95.497967,29.732884],[-95.497974,29.733304],[-95.498016,29.733484],[-95.498183,29.73374],[-95.498456,29.733927],[-95.498784,29.734051],[-95.499269,29.734237],[-95.500704,29.734782],[-95.501075,29.734902],[-95.500987,29.735486],[-95.500954,29.735791],[-95.500904,29.736473],[-95.500887,29.737063],[-95.500913,29.737599],[-95.498332,29.73765],[-95.496362,29.73767],[-95.495114,29.7377],[-95.492864,29.737684],[-95.489859,29.73774],[-95.487218,29.737794],[-95.484297,29.737833],[-95.484273,29.736879],[-95.484239,29.735419],[-95.484244,29.73306],[-95.484212,29.731514],[-95.48422,29.730698],[-95.484165,29.728799],[-95.48419,29.728336],[-95.48419,29.727501],[-95.484182,29.725676],[-95.484191,29.724927],[-95.48424,29.7246],[-95.484308,29.724291]]]},"properties":{"Campus__Number":218,"Campus_Short_Name":"Pilgrim  Acad","Street_Address":"6302 Skyline"}},{"type":"Feature","geometry":{"type":"Polygon","coordinates":[[[-95.352614,29.677514],[-95.34726,29.675875],[-95.34722,29.676023],[-95.345335,29.67544],[-95.34526,29.675773],[-95.345096,29.676199],[-95.344889,29.676738],[-95.339212,29.675025],[-95.339358,29.674651],[-95.339486,29.674325],[-95.339477,29.673845],[-95.339326,29.673464],[-95.339767,29.673481],[-95.340358,29.673716],[-95.340708,29.673878],[-95.341366,29.674066],[-95.341584,29.674086],[-95.341885,29.674115],[-95.342277,29.674217],[-95.342473,29.673711],[-95.343041,29.672257],[-95.342418,29.67213],[-95.341807,29.672055],[-95.341482,29.671929],[-95.3409,29.671663],[-95.340464,29.671522],[-95.339955,29.671358],[-95.340505,29.669893],[-95.341823,29.666254],[-95.343586,29.666218],[-95.344469,29.666209],[-95.345021,29.666208],[-95.345348,29.666207],[-95.345877,29.66629],[-95.346038,29.666316],[-95.346834,29.666566],[-95.347607,29.66678],[-95.347941,29.666822],[-95.348139,29.666847],[-95.348485,29.666891],[-95.348531,29.666742],[-95.348829,29.66548],[-95.348933,29.665038],[-95.348991,29.664611],[-95.348993,29.66421],[-95.348985,29.663867],[-95.348973,29.663391],[-95.348965,29.662893],[-95.35555,29.662844],[-95.355503,29.660587],[-95.355455,29.658428],[-95.358603,29.658376],[-95.361827,29.658349],[-95.366697,29.658285],[-95.36804,29.658258],[-95.368031,29.659046],[-95.368092,29.661713],[-95.368227,29.667668],[-95.368251,29.668679],[-95.368113,29.669436],[-95.366581,29.669458],[-95.36113,29.669534],[-95.357481,29.669568],[-95.35695,29.669483],[-95.356261,29.669275],[-95.355677,29.669069],[-95.355678,29.6691],[-95.355751,29.672021],[-95.355796,29.674096],[-95.355829,29.676723],[-95.355883,29.679305],[-95.355879,29.680813],[-95.354589,29.681107],[-95.353794,29.681315],[-95.352974,29.681598],[-95.352759,29.681677],[-95.352625,29.681179],[-95.352546,29.680729],[-95.352402,29.680378],[-95.352109,29.679516],[-95.352063,29.679364],[-95.352071,29.678995],[-95.352128,29.678822],[-95.352209,29.678576],[-95.352614,29.677514]]]},"properties":{"Campus__Number":108,"Campus_Short_Name":"Bastian ES","Street_Address":"5051 Bellfort"}},{"type":"Feature","geometry":{"type":"Polygon","coordinates":[[[-95.335788,29.773329],[-95.335784,29.773269],[-95.335566,29.773271],[-95.334628,29.773289],[-95.334584,29.773274],[-95.334557,29.773246],[-95.334551,29.773096],[-95.334529,29.772581],[-95.333771,29.772595],[-95.333755,29.772212],[-95.333741,29.77171],[-95.332949,29.771729],[-95.332901,29.770775],[-95.332896,29.770353],[-95.330678,29.771223],[-95.328634,29.771945],[-95.328641,29.765434],[-95.327515,29.765444],[-95.327499,29.764896],[-95.327453,29.763795],[-95.327442,29.762857],[-95.32745,29.762505],[-95.327593,29.761885],[-95.327828,29.761265],[-95.32807,29.760821],[-95.328475,29.760284],[-95.328811,29.759907],[-95.32911,29.75991],[-95.329404,29.759932],[-95.329683,29.75994],[-95.329999,29.759848],[-95.330364,29.759729],[-95.330684,29.759523],[-95.33114,29.759177],[-95.331427,29.758942],[-95.331615,29.75876],[-95.331849,29.758623],[-95.332149,29.758517],[-95.332363,29.758494],[-95.332691,29.758503],[-95.333,29.758583],[-95.333193,29.758718],[-95.33335,29.758922],[-95.333424,29.759139],[-95.333481,29.75937],[-95.333473,29.759599],[-95.333465,29.759828],[-95.33344,29.760057],[-95.333391,29.760509],[-95.33334,29.760782],[-95.333362,29.76095],[-95.333421,29.761158],[-95.333687,29.76138],[-95.334198,29.761633],[-95.334936,29.761653],[-95.335866,29.761679],[-95.33657,29.761889],[-95.337305,29.762005],[-95.338095,29.762122],[-95.338646,29.762017],[-95.339063,29.761838],[-95.339867,29.761549],[-95.340202,29.761367],[-95.340723,29.761357],[-95.341211,29.76149],[-95.341805,29.761721],[-95.342563,29.761957],[-95.342914,29.762086],[-95.343304,29.762147],[-95.3436,29.761569],[-95.34387,29.761149],[-95.344194,29.760742],[-95.344758,29.760033],[-95.345106,29.759645],[-95.345376,29.75945],[-95.346166,29.759183],[-95.346716,29.758906],[-95.347443,29.758472],[-95.348267,29.758121],[-95.348781,29.757907],[-95.349384,29.757657],[-95.350478,29.758276],[-95.35126,29.758751],[-95.350328,29.760236],[-95.349858,29.761682],[-95.34965,29.763621],[-95.349309,29.764399],[-95.348797,29.765093],[-95.347429,29.766367],[-95.347477,29.766398],[-95.348008,29.766412],[-95.348957,29.765859],[-95.350163,29.765544],[-95.350702,29.765327],[-95.352547,29.765725],[-95.353082,29.765624],[-95.353629,29.765175],[-95.353803,29.764022],[-95.353716,29.762745],[-95.354001,29.762174],[-95.355846,29.762571],[-95.357276,29.763421],[-95.357914,29.764133],[-95.35896,29.764947],[-95.35907,29.764982],[-95.359459,29.765127],[-95.359678,29.765133],[-95.360118,29.765068],[-95.360711,29.765027],[-95.361123,29.765039],[-95.360942,29.765457],[-95.360789,29.76592],[-95.360735,29.766247],[-95.360795,29.76652],[-95.360917,29.76729],[-95.360376,29.767141],[-95.359695,29.767051],[-95.359143,29.767156],[-95.358591,29.767284],[-95.357509,29.767684],[-95.355931,29.768191],[-95.354682,29.768658],[-95.353704,29.769229],[-95.352702,29.769679],[-95.351816,29.769966],[-95.35088,29.770107],[-95.349948,29.770154],[-95.348839,29.770142],[-95.347072,29.769941],[-95.345371,29.769656],[-95.343121,29.769415],[-95.341347,29.769227],[-95.341085,29.769574],[-95.340844,29.769882],[-95.340677,29.77026],[-95.340506,29.770737],[-95.340412,29.77124],[-95.340348,29.771612],[-95.339168,29.771607],[-95.33763,29.771631],[-95.337643,29.772507],[-95.336664,29.772516],[-95.33668,29.773378],[-95.335788,29.773329]]]},"properties":{"Campus__Number":121,"Campus_Short_Name":"Bruce ES","Street_Address":"510 Jensen Dr"}},{"type":"Feature","geometry":{"type":"Polygon","coordinates":[[[-95.344682,29.621025],[-95.348604,29.62102],[-95.348658,29.622498],[-95.348639,29.622959],[-95.348609,29.623199],[-95.348626,29.625003],[-95.349014,29.625005],[-95.348985,29.625936],[-95.348985,29.627036],[-95.348947,29.6282],[-95.348935,29.635575],[-95.34884,29.641897],[-95.348772,29.642574],[-95.348711,29.642754],[-95.348606,29.642942],[-95.348411,29.643194],[-95.348164,29.643379],[-95.347384,29.643778],[-95.346422,29.644392],[-95.345589,29.645038],[-95.344763,29.645808],[-95.344196,29.646385],[-95.343978,29.64636],[-95.343793,29.646317],[-95.343511,29.646261],[-95.343086,29.646211],[-95.342618,29.64617],[-95.342269,29.646141],[-95.341922,29.646046],[-95.341549,29.645922],[-95.341013,29.645621],[-95.340557,29.64537],[-95.34005,29.645021],[-95.339569,29.644722],[-95.339081,29.644589],[-95.338594,29.644456],[-95.338212,29.644446],[-95.337879,29.644556],[-95.337491,29.644713],[-95.337318,29.644971],[-95.33703,29.64528],[-95.337017,29.645285],[-95.336904,29.644145],[-95.336935,29.643616],[-95.336994,29.643038],[-95.3372,29.642301],[-95.337616,29.641443],[-95.338302,29.640441],[-95.338759,29.639752],[-95.338965,29.639267],[-95.339121,29.6389],[-95.33925,29.638473],[-95.339353,29.63798],[-95.339397,29.637349],[-95.339374,29.635182],[-95.339367,29.633123],[-95.339362,29.631565],[-95.339337,29.629527],[-95.340556,29.629495],[-95.34179,29.62938],[-95.342354,29.629268],[-95.343064,29.629127],[-95.343598,29.629017],[-95.344116,29.628911],[-95.344077,29.627608],[-95.344074,29.627407],[-95.343647,29.627397],[-95.343662,29.626981],[-95.344067,29.626982],[-95.344504,29.626994],[-95.344505,29.625909],[-95.344063,29.625914],[-95.344074,29.62536],[-95.344257,29.625365],[-95.344258,29.624989],[-95.344479,29.624988],[-95.344467,29.622563],[-95.344382,29.622561],[-95.34437,29.6222],[-95.344431,29.6222],[-95.344448,29.621024],[-95.344682,29.621025]]]},"properties":{"Campus__Number":123,"Campus_Short_Name":"Codwell ES","Street_Address":"5225 Tavenor Ln"}},{"type":"Feature","geometry":{"type":"Polygon","coordinates":[[[-95.402098,29.657567],[-95.400818,29.657542],[-95.394707,29.65756],[-95.389171,29.657677],[-95.385423,29.657819],[-95.378729,29.658067],[-95.368697,29.658245],[-95.368618,29.65562],[-95.368556,29.653064],[-95.368517,29.649937],[-95.370601,29.649905],[-95.371838,29.649903],[-95.372373,29.649885],[-95.372212,29.641925],[-95.372512,29.641804],[-95.373119,29.641348],[-95.373619,29.640659],[-95.373879,29.640251],[-95.374106,29.639884],[-95.374474,29.639665],[-95.374794,29.639444],[-95.375031,29.639221],[-95.375255,29.638941],[-95.375363,29.638657],[-95.375372,29.638399],[-95.375382,29.638113],[-95.375565,29.637602],[-95.375758,29.637235],[-95.376222,29.636646],[-95.376612,29.636274],[-95.377,29.635956],[-95.37739,29.635549],[-95.377678,29.635139],[-95.377762,29.634693],[-95.377953,29.634131],[-95.378155,29.633241],[-95.378445,29.632771],[-95.378696,29.63245],[-95.379147,29.632253],[-95.379567,29.631966],[-95.379848,29.631764],[-95.380029,29.631471],[-95.380186,29.630908],[-95.380267,29.630551],[-95.380557,29.630082],[-95.380978,29.629765],[-95.381395,29.629567],[-95.382085,29.629377],[-95.383179,29.629376],[-95.383959,29.629547],[-95.384529,29.629861],[-95.385116,29.630653],[-95.385478,29.631051],[-95.385879,29.6313],[-95.386213,29.631518],[-95.387053,29.631929],[-95.387033,29.627644],[-95.388049,29.627647],[-95.389163,29.627613],[-95.389958,29.627727],[-95.390353,29.627784],[-95.390966,29.62784],[-95.391534,29.627868],[-95.39364,29.62784],[-95.394869,29.627818],[-95.396731,29.62778],[-95.397961,29.627755],[-95.399197,29.62773],[-95.400643,29.6277],[-95.401246,29.627688],[-95.401863,29.627675],[-95.40226,29.627598],[-95.402791,29.627495],[-95.403793,29.627344],[-95.404389,29.627288],[-95.404924,29.627238],[-95.405515,29.627262],[-95.406299,29.627295],[-95.407413,29.627502],[-95.408149,29.627661],[-95.408559,29.627754],[-95.409239,29.627829],[-95.409758,29.627821],[-95.410995,29.6278],[-95.412394,29.627778],[-95.413101,29.627766],[-95.413953,29.627767],[-95.413598,29.628656],[-95.412393,29.631695],[-95.410179,29.637246],[-95.409368,29.639269],[-95.408069,29.642581],[-95.406408,29.646744],[-95.405185,29.649824],[-95.404274,29.652138],[-95.403548,29.653923],[-95.402665,29.656095],[-95.402098,29.657567]]]},"properties":{"Campus__Number":225,"Campus_Short_Name":"Reynolds ES","Street_Address":"9601 Rosehaven Dr"}},{"type":"Feature","geometry":{"type":"Polygon","coordinates":[[[-95.32485,29.773422],[-95.327385,29.772387],[-95.330678,29.771223],[-95.332896,29.770353],[-95.332901,29.770775],[-95.332949,29.771729],[-95.333741,29.77171],[-95.333755,29.772212],[-95.333771,29.772595],[-95.334529,29.772581],[-95.334551,29.773096],[-95.334557,29.773246],[-95.334584,29.773274],[-95.334628,29.773289],[-95.335566,29.773271],[-95.335784,29.773269],[-95.335788,29.773329],[-95.33668,29.773378],[-95.336664,29.772516],[-95.337643,29.772507],[-95.33763,29.771631],[-95.339168,29.771607],[-95.340348,29.771612],[-95.340329,29.771725],[-95.340253,29.772621],[-95.340162,29.775762],[-95.34009,29.777261],[-95.322953,29.784619],[-95.315937,29.787593],[-95.312532,29.78904],[-95.312557,29.784295],[-95.312569,29.774272],[-95.320208,29.774302],[-95.321235,29.77427],[-95.322163,29.774176],[-95.322879,29.774058],[-95.323264,29.773997],[-95.323844,29.773812],[-95.32485,29.773422]]]},"properties":{"Campus__Number":106,"Campus_Short_Name":"Atherton ES","Street_Address":"2011 Solo St"}},{"type":"Feature","geometry":{"type":"Polygon","coordinates":[[[-95.33947,29.714718],[-95.338938,29.714058],[-95.338755,29.714579],[-95.338583,29.714789],[-95.338306,29.714901],[-95.338031,29.714917],[-95.337572,29.714761],[-95.336552,29.714208],[-95.335882,29.713832],[-95.335049,29.713403],[-95.334698,29.713274],[-95.334371,29.713217],[-95.334041,29.71328],[-95.333651,29.713484],[-95.333369,29.713691],[-95.333165,29.714044],[-95.33308,29.714137],[-95.332932,29.714408],[-95.332529,29.714494],[-95.332155,29.714424],[-95.331789,29.714145],[-95.331626,29.713932],[-95.331563,29.713781],[-95.331468,29.713569],[-95.331413,29.71318],[-95.331323,29.712849],[-95.331157,29.712695],[-95.330786,29.712565],[-95.330478,29.712557],[-95.329937,29.712393],[-95.329327,29.712227],[-95.328925,29.712007],[-95.328589,29.711819],[-95.328013,29.711683],[-95.327637,29.711673],[-95.326535,29.711882],[-95.325875,29.712162],[-95.325181,29.712442],[-95.324393,29.71248],[-95.323849,29.712405],[-95.323339,29.712302],[-95.32269,29.712284],[-95.322313,29.712303],[-95.322001,29.712444],[-95.321657,29.712494],[-95.32125,29.712393],[-95.321017,29.712208],[-95.320524,29.711657],[-95.319737,29.71071],[-95.319237,29.710368],[-95.318731,29.710175],[-95.318287,29.710162],[-95.317876,29.710181],[-95.317403,29.710019],[-95.316968,29.709738],[-95.316933,29.709722],[-95.317042,29.709525],[-95.317204,29.709219],[-95.317362,29.708996],[-95.317465,29.708796],[-95.31771,29.708456],[-95.317826,29.708268],[-95.318016,29.707939],[-95.318242,29.707742],[-95.318576,29.707596],[-95.318856,29.707401],[-95.319141,29.707086],[-95.319301,29.70684],[-95.319576,29.706418],[-95.319829,29.706234],[-95.320105,29.706169],[-95.320559,29.706075],[-95.320889,29.706048],[-95.321196,29.705877],[-95.321428,29.705895],[-95.321673,29.705914],[-95.321905,29.705932],[-95.322096,29.705938],[-95.322412,29.70591],[-95.322639,29.70569],[-95.322874,29.705613],[-95.323189,29.705227],[-95.323254,29.704954],[-95.323511,29.704639],[-95.32386,29.704446],[-95.324214,29.704238],[-95.324399,29.704016],[-95.324684,29.703713],[-95.324765,29.703369],[-95.324751,29.702987],[-95.324746,29.702736],[-95.324748,29.702306],[-95.324855,29.701998],[-95.325018,29.701657],[-95.32519,29.701434],[-95.325258,29.701066],[-95.325367,29.700699],[-95.32561,29.700395],[-95.325761,29.700017],[-95.326078,29.699572],[-95.326429,29.698925],[-95.326842,29.69847],[-95.326985,29.697937],[-95.327409,29.697503],[-95.326761,29.695516],[-95.327521,29.69503],[-95.32788,29.69512],[-95.330217,29.695755],[-95.331046,29.696017],[-95.33404,29.696989],[-95.336773,29.697897],[-95.336278,29.699103],[-95.336762,29.699188],[-95.337209,29.699248],[-95.337721,29.6993],[-95.338218,29.699486],[-95.338652,29.699619],[-95.338009,29.701257],[-95.338493,29.701421],[-95.338868,29.701604],[-95.33916,29.700852],[-95.339222,29.700722],[-95.339434,29.700469],[-95.339626,29.700351],[-95.339799,29.70029],[-95.339977,29.700252],[-95.340225,29.700252],[-95.340383,29.700267],[-95.340536,29.70031],[-95.340943,29.700439],[-95.341852,29.700728],[-95.344445,29.694197],[-95.344884,29.694288],[-95.345269,29.694406],[-95.346323,29.694739],[-95.347688,29.69137],[-95.349167,29.691852],[-95.349854,29.690206],[-95.352847,29.691131],[-95.353286,29.691248],[-95.353701,29.6913],[-95.354087,29.691315],[-95.354532,29.691424],[-95.356905,29.692165],[-95.356338,29.693613],[-95.358352,29.694235],[-95.357994,29.695085],[-95.360728,29.695921],[-95.359935,29.697896],[-95.359323,29.69951],[-95.359259,29.699936],[-95.359276,29.700295],[-95.359438,29.700916],[-95.359549,29.70139],[-95.359551,29.701749],[-95.359449,29.702301],[-95.359147,29.703091],[-95.358197,29.705506],[-95.35781,29.706518],[-95.356562,29.709685],[-95.355635,29.709498],[-95.354625,29.709423],[-95.353721,29.709446],[-95.352677,29.709585],[-95.351933,29.709732],[-95.350906,29.710134],[-95.350238,29.71045],[-95.349686,29.710578],[-95.348665,29.710837],[-95.348169,29.710919],[-95.347506,29.711116],[-95.346955,29.71122],[-95.346453,29.711493],[-95.345808,29.711929],[-95.345272,29.712369],[-95.344909,29.712574],[-95.344578,29.712636],[-95.344196,29.712626],[-95.343818,29.712472],[-95.343518,29.713169],[-95.343202,29.713954],[-95.342506,29.715716],[-95.342188,29.716511],[-95.340636,29.715988],[-95.340008,29.715762],[-95.339729,29.715107],[-95.33947,29.714718]]]},"properties":{"Campus__Number":217,"Campus_Short_Name":"Peck ES","Street_Address":"5001 Martin Luther King Jr Blvd"}},{"type":"Feature","geometry":{"type":"Polygon","coordinates":[[[-95.343293,29.78801],[-95.343288,29.787533],[-95.341967,29.787504],[-95.34108,29.787458],[-95.339868,29.78744],[-95.339849,29.782943],[-95.339899,29.781263],[-95.340162,29.775762],[-95.340253,29.772621],[-95.340329,29.771725],[-95.340412,29.77124],[-95.340506,29.770737],[-95.340677,29.77026],[-95.340844,29.769882],[-95.341085,29.769574],[-95.341347,29.769227],[-95.343121,29.769415],[-95.345371,29.769656],[-95.347072,29.769941],[-95.348839,29.770142],[-95.349948,29.770154],[-95.35088,29.770107],[-95.351816,29.769966],[-95.352702,29.769679],[-95.353704,29.769229],[-95.354682,29.768658],[-95.355931,29.768191],[-95.357509,29.767684],[-95.358282,29.767398],[-95.358196,29.767892],[-95.358123,29.768328],[-95.358183,29.768754],[-95.358365,29.769291],[-95.358684,29.770216],[-95.358868,29.77082],[-95.359038,29.771314],[-95.359718,29.772629],[-95.360254,29.773376],[-95.359514,29.77364],[-95.359958,29.774569],[-95.360395,29.775488],[-95.358089,29.776326],[-95.356261,29.776984],[-95.357269,29.779069],[-95.357833,29.780234],[-95.357082,29.780514],[-95.356101,29.780428],[-95.35612,29.78237],[-95.356108,29.783346],[-95.354699,29.783344],[-95.352238,29.783358],[-95.350607,29.78338],[-95.349793,29.783396],[-95.348987,29.783431],[-95.349048,29.785353],[-95.349028,29.785901],[-95.348957,29.786377],[-95.348798,29.786994],[-95.348404,29.78799],[-95.344042,29.787997],[-95.343293,29.78801]]]},"properties":{"Campus__Number":240,"Campus_Short_Name":"Sherman ES","Street_Address":"1909 Mckee St"}},{"type":"Feature","geometry":{"type":"Polygon","coordinates":[[[-95.368284,29.775822],[-95.368006,29.775244],[-95.366947,29.773097],[-95.365633,29.770907],[-95.365174,29.770144],[-95.364403,29.769209],[-95.363767,29.768669],[-95.363255,29.768346],[-95.362572,29.768082],[-95.361596,29.767648],[-95.361231,29.767409],[-95.360917,29.76729],[-95.360795,29.76652],[-95.360735,29.766247],[-95.360789,29.76592],[-95.360942,29.765457],[-95.361123,29.765039],[-95.360711,29.765027],[-95.360118,29.765068],[-95.359678,29.765133],[-95.359459,29.765127],[-95.35907,29.764982],[-95.35896,29.764947],[-95.35914,29.76438],[-95.359225,29.764195],[-95.359539,29.763757],[-95.360734,29.762274],[-95.364332,29.757684],[-95.365222,29.758231],[-95.365808,29.757477],[-95.367517,29.758526],[-95.36838,29.759061],[-95.369225,29.759563],[-95.370423,29.758034],[-95.371276,29.758579],[-95.371977,29.759054],[-95.372699,29.759543],[-95.373358,29.759901],[-95.374109,29.760133],[-95.374009,29.760379],[-95.373511,29.761247],[-95.373989,29.761354],[-95.374421,29.761414],[-95.374829,29.761401],[-95.375292,29.761366],[-95.375703,29.761282],[-95.376007,29.761125],[-95.376282,29.761014],[-95.376581,29.761022],[-95.376906,29.761054],[-95.377199,29.761204],[-95.377381,29.761422],[-95.377537,29.76164],[-95.377719,29.761858],[-95.378145,29.762107],[-95.378464,29.762281],[-95.378815,29.762362],[-95.37914,29.76237],[-95.37955,29.76231],[-95.379935,29.762179],[-95.38054,29.761958],[-95.380816,29.761847],[-95.381031,29.7619],[-95.38119,29.762023],[-95.38153,29.762388],[-95.381764,29.762678],[-95.382022,29.763064],[-95.382225,29.763449],[-95.382539,29.763789],[-95.382751,29.763937],[-95.382995,29.763967],[-95.383187,29.763902],[-95.383576,29.763651],[-95.383914,29.763305],[-95.384226,29.762934],[-95.38443,29.762561],[-95.384608,29.762115],[-95.38489,29.761839],[-95.385303,29.761684],[-95.385808,29.761628],[-95.386296,29.761642],[-95.386971,29.761578],[-95.387572,29.761529],[-95.388258,29.761694],[-95.389036,29.761895],[-95.389757,29.762127],[-95.390459,29.762374],[-95.390904,29.762484],[-95.391631,29.762569],[-95.391986,29.762578],[-95.392641,29.762563],[-95.393183,29.762578],[-95.393776,29.762741],[-95.394554,29.762941],[-95.395207,29.762991],[-95.395752,29.762908],[-95.396131,29.762771],[-95.396423,29.762665],[-95.396993,29.762419],[-95.39758,29.762223],[-95.398222,29.762044],[-95.398496,29.761989],[-95.398977,29.763171],[-95.399023,29.763534],[-95.398952,29.763947],[-95.398835,29.764248],[-95.398629,29.764613],[-95.398315,29.765143],[-95.397723,29.76598],[-95.397373,29.766571],[-95.397306,29.766772],[-95.39719,29.767119],[-95.397119,29.767331],[-95.39712,29.767623],[-95.397122,29.768026],[-95.397119,29.768369],[-95.397117,29.768555],[-95.397162,29.768858],[-95.397216,29.76919],[-95.397279,29.769561],[-95.397306,29.770061],[-95.397325,29.770412],[-95.397378,29.774272],[-95.397442,29.776575],[-95.394625,29.776619],[-95.391752,29.776664],[-95.389735,29.776696],[-95.388623,29.77672],[-95.387498,29.776765],[-95.385619,29.77684],[-95.3853,29.776852],[-95.384795,29.776948],[-95.383469,29.7772],[-95.381831,29.777569],[-95.380383,29.77807],[-95.379216,29.778523],[-95.378369,29.778815],[-95.377569,29.779024],[-95.376687,29.77909],[-95.376277,29.779121],[-95.375625,29.779027],[-95.375146,29.778958],[-95.374537,29.778794],[-95.372969,29.77837],[-95.37142,29.77784],[-95.370143,29.777333],[-95.369233,29.776881],[-95.368998,29.776619],[-95.368654,29.776235],[-95.368284,29.775822]]]},"properties":{"Campus__Number":135,"Campus_Short_Name":"Crockett ES","Street_Address":"2112 Crockett St"}},{"type":"Feature","geometry":{"type":"Polygon","coordinates":[[[-95.324107,29.650794],[-95.324022,29.644974],[-95.323026,29.645334],[-95.322347,29.645504],[-95.321666,29.64553],[-95.320402,29.645552],[-95.314239,29.64565],[-95.312897,29.645705],[-95.312219,29.645862],[-95.311916,29.645994],[-95.311787,29.645558],[-95.307835,29.632647],[-95.306689,29.627584],[-95.304671,29.620863],[-95.302017,29.611996],[-95.311274,29.612027],[-95.317805,29.612071],[-95.317847,29.601518],[-95.317905,29.59789],[-95.317937,29.597888],[-95.317942,29.597888],[-95.317953,29.597889],[-95.317968,29.59789],[-95.317982,29.597892],[-95.317996,29.597893],[-95.318011,29.597895],[-95.318025,29.597898],[-95.318039,29.5979],[-95.318053,29.597903],[-95.318067,29.597905],[-95.318081,29.597909],[-95.318095,29.597912],[-95.318109,29.597915],[-95.318123,29.597919],[-95.318137,29.597923],[-95.318151,29.597927],[-95.318164,29.597931],[-95.318178,29.597936],[-95.318191,29.597941],[-95.318206,29.597945],[-95.318212,29.597947],[-95.31823,29.597952],[-95.318247,29.597958],[-95.318265,29.597963],[-95.318282,29.59797],[-95.318299,29.597976],[-95.318316,29.597983],[-95.318333,29.59799],[-95.318349,29.597997],[-95.318366,29.598004],[-95.318382,29.598012],[-95.318399,29.59802],[-95.318415,29.598028],[-95.318431,29.598037],[-95.318446,29.598045],[-95.318462,29.598054],[-95.318477,29.598063],[-95.318493,29.598073],[-95.318508,29.598082],[-95.318523,29.598092],[-95.318537,29.598102],[-95.318552,29.598112],[-95.318566,29.598123],[-95.31858,29.598134],[-95.318594,29.598144],[-95.318607,29.598156],[-95.318642,29.598174],[-95.318677,29.598191],[-95.318712,29.598208],[-95.318747,29.598225],[-95.318772,29.598236],[-95.318783,29.59824],[-95.318819,29.598256],[-95.318855,29.598271],[-95.318866,29.598275],[-95.318893,29.598285],[-95.318896,29.598286],[-95.318905,29.598291],[-95.318906,29.598292],[-95.318914,29.598295],[-95.318917,29.598297],[-95.318921,29.598299],[-95.318923,29.5983],[-95.318933,29.598304],[-95.318933,29.598304],[-95.318942,29.598308],[-95.318945,29.598309],[-95.318948,29.598311],[-95.318952,29.598312],[-95.318959,29.598315],[-95.318961,29.598316],[-95.318961,29.598316],[-95.318971,29.598319],[-95.318974,29.59832],[-95.318975,29.598321],[-95.318981,29.598323],[-95.318987,29.598325],[-95.318989,29.598326],[-95.31899,29.598326],[-95.319,29.59833],[-95.319002,29.59833],[-95.319005,29.598331],[-95.31901,29.598333],[-95.319016,29.598334],[-95.319017,29.598335],[-95.31902,29.598336],[-95.31903,29.598338],[-95.319031,29.598339],[-95.319032,29.598339],[-95.31904,29.598341],[-95.319044,29.598342],[-95.319049,29.598343],[-95.319051,29.598343],[-95.319061,29.598346],[-95.319061,29.598346],[-95.319071,29.598348],[-95.319074,29.598348],[-95.319078,29.598349],[-95.319081,29.59835],[-95.31909,29.598351],[-95.319091,29.598351],[-95.319092,29.598352],[-95.319102,29.598353],[-95.319105,29.598354],[-95.319108,29.598354],[-95.319112,29.598355],[-95.31912,29.598356],[-95.319121,29.598356],[-95.319123,29.598356],[-95.319133,29.598357],[-95.319135,29.598357],[-95.319139,29.598358],[-95.319144,29.598358],[-95.319149,29.598359],[-95.319151,29.598359],[-95.319154,29.598359],[-95.319165,29.59836],[-95.319167,29.59836],[-95.319175,29.59836],[-95.31918,29.598361],[-95.319183,29.598361],[-95.319186,29.598361],[-95.31919,29.598361],[-95.319196,29.598361],[-95.319197,29.598361],[-95.319198,29.598361],[-95.319207,29.598361],[-95.31921,29.598361],[-95.319214,29.598361],[-95.319217,29.598361],[-95.319227,29.598361],[-95.319228,29.598361],[-95.319238,29.59836],[-95.319241,29.59836],[-95.319244,29.59836],[-95.319249,29.59836],[-95.319258,29.598359],[-95.319258,29.598359],[-95.319259,29.598359],[-95.31927,29.598358],[-95.319271,29.598358],[-95.319275,29.598358],[-95.31928,29.598357],[-95.319286,29.598356],[-95.319289,29.598356],[-95.319291,29.598356],[-95.319301,29.598354],[-95.319303,29.598354],[-95.319304,29.598354],[-95.319311,29.598353],[-95.319316,29.598352],[-95.319319,29.598352],[-95.319322,29.598351],[-95.319332,29.598349],[-95.319333,29.598349],[-95.319334,29.598349],[-95.319342,29.598347],[-95.319345,29.598347],[-95.319349,29.598346],[-95.319352,29.598345],[-95.319362,29.598343],[-95.319363,29.598343],[-95.319373,29.598341],[-95.319375,29.59834],[-95.319379,29.598339],[-95.319383,29.598338],[-95.319391,29.598336],[-95.319393,29.598335],[-95.319403,29.598332],[-95.319404,29.598332],[-95.319408,29.598331],[-95.319413,29.598329],[-95.31942,29.598327],[-95.319421,29.598326],[-95.319422,29.598326],[-95.319432,29.598323],[-95.319434,29.598322],[-95.319436,29.598321],[-95.319442,29.598319],[-95.319446,29.598317],[-95.319449,29.598316],[-95.319451,29.598315],[-95.319461,29.598312],[-95.319462,29.598311],[-95.319465,29.59831],[-95.319473,29.598307],[-95.319489,29.598299],[-95.319491,29.598299],[-95.319507,29.598292],[-95.319521,29.598287],[-95.319523,29.598286],[-95.319526,29.598285],[-95.319537,29.598281],[-95.31954,29.59828],[-95.319542,29.598279],[-95.319556,29.598274],[-95.319573,29.598268],[-95.319574,29.598268],[-95.319588,29.598263],[-95.31959,29.598263],[-95.319605,29.598258],[-95.319607,29.598258],[-95.319611,29.598257],[-95.319622,29.598253],[-95.319624,29.598253],[-95.319627,29.598252],[-95.319638,29.598249],[-95.319641,29.598248],[-95.319643,29.598248],[-95.319654,29.598245],[-95.319658,29.598244],[-95.31966,29.598243],[-95.319676,29.59824],[-95.319691,29.598234],[-95.319706,29.598229],[-95.319721,29.598223],[-95.319736,29.598217],[-95.319751,29.59821],[-95.319765,29.598204],[-95.31978,29.598197],[-95.319794,29.59819],[-95.319808,29.598183],[-95.319822,29.598175],[-95.319836,29.598167],[-95.31985,29.59816],[-95.319864,29.598151],[-95.319877,29.598143],[-95.31989,29.598135],[-95.319904,29.598126],[-95.319916,29.598117],[-95.319929,29.598108],[-95.319942,29.598099],[-95.319954,29.598089],[-95.319965,29.59808],[-95.319966,29.598079],[-95.319968,29.598078],[-95.319988,29.598061],[-95.320789,29.597507],[-95.321034,29.597364],[-95.321036,29.597363],[-95.321281,29.597224],[-95.321283,29.597223],[-95.321307,29.59721],[-95.321309,29.597209],[-95.321333,29.597196],[-95.321334,29.597195],[-95.321334,29.597195],[-95.321334,29.597195],[-95.321334,29.597195],[-95.321637,29.597015],[-95.321728,29.596961],[-95.32212,29.596731],[-95.32212,29.596731],[-95.322123,29.596731],[-95.322146,29.596729],[-95.322148,29.596729],[-95.322151,29.596729],[-95.322158,29.596729],[-95.322163,29.596729],[-95.322166,29.596728],[-95.322172,29.596728],[-95.322177,29.596728],[-95.322181,29.596728],[-95.322188,29.596728],[-95.322192,29.596728],[-95.322195,29.596728],[-95.322202,29.596728],[-95.322207,29.596728],[-95.322211,29.596728],[-95.322216,29.596728],[-95.322221,29.596728],[-95.322226,29.596728],[-95.322235,29.596729],[-95.322236,29.596729],[-95.32225,29.596729],[-95.32225,29.596729],[-95.32225,29.596729],[-95.322265,29.59673],[-95.322265,29.59673],[-95.322279,29.596731],[-95.32228,29.596732],[-95.322294,29.596733],[-95.322295,29.596733],[-95.322308,29.596734],[-95.322309,29.596735],[-95.322322,29.596736],[-95.322331,29.596737],[-95.322337,29.596738],[-95.322339,29.596739],[-95.322347,29.59674],[-95.322351,29.59674],[-95.322353,29.596741],[-95.322361,29.596742],[-95.322365,29.596743],[-95.322368,29.596743],[-95.322375,29.596745],[-95.32238,29.596746],[-95.322383,29.596746],[-95.322391,29.596748],[-95.322394,29.596749],[-95.322396,29.596749],[-95.322418,29.596754],[-95.322419,29.596754],[-95.322422,29.596755],[-95.322443,29.59676],[-95.322464,29.596765],[-95.322467,29.596766],[-95.32247,29.596767],[-95.322489,29.596772],[-95.322491,29.596772],[-95.322512,29.596778],[-95.322514,29.596779],[-95.322516,29.596779],[-95.322535,29.596785],[-95.322538,29.596786],[-95.322558,29.596792],[-95.322561,29.596793],[-95.322563,29.596794],[-95.322584,29.596801],[-95.322607,29.596809],[-95.322609,29.59681],[-95.322628,29.596817],[-95.32263,29.596818],[-95.322632,29.596818],[-95.322652,29.596826],[-95.322653,29.596826],[-95.322675,29.596836],[-95.322697,29.596845],[-95.32272,29.596855],[-95.322803,29.596892],[-95.322804,29.596892],[-95.322849,29.596913],[-95.322894,29.596935],[-95.322938,29.596958],[-95.322942,29.596958],[-95.322944,29.596958],[-95.322946,29.596959],[-95.322948,29.596959],[-95.32295,29.596959],[-95.322952,29.596959],[-95.322952,29.596959],[-95.322952,29.596959],[-95.322954,29.59696],[-95.322956,29.59696],[-95.322958,29.596961],[-95.32296,29.596961],[-95.322962,29.596962],[-95.322964,29.596962],[-95.322965,29.596963],[-95.322966,29.596963],[-95.322966,29.596963],[-95.322967,29.596963],[-95.322969,29.596964],[-95.322971,29.596964],[-95.322973,29.596965],[-95.322975,29.596966],[-95.322977,29.596966],[-95.322979,29.596967],[-95.322979,29.596967],[-95.322979,29.596967],[-95.32298,29.596968],[-95.322982,29.596969],[-95.322984,29.59697],[-95.322986,29.59697],[-95.322988,29.596971],[-95.322989,29.596972],[-95.322991,29.596973],[-95.322993,29.596974],[-95.322994,29.596975],[-95.322996,29.596976],[-95.322998,29.596977],[-95.322999,29.596978],[-95.323001,29.596979],[-95.323003,29.59698],[-95.323004,29.596982],[-95.323006,29.596983],[-95.323007,29.596984],[-95.323009,29.596985],[-95.32301,29.596986],[-95.323012,29.596988],[-95.323013,29.596989],[-95.323014,29.59699],[-95.323016,29.596991],[-95.323017,29.596993],[-95.323018,29.596994],[-95.32302,29.596995],[-95.323021,29.596997],[-95.323022,29.596998],[-95.323042,29.597008],[-95.323054,29.597014],[-95.323066,29.597021],[-95.323078,29.597027],[-95.323088,29.597033],[-95.323089,29.597034],[-95.323153,29.59707],[-95.323187,29.59709],[-95.323218,29.59711],[-95.323219,29.597111],[-95.323252,29.597132],[-95.323268,29.597149],[-95.323279,29.597161],[-95.32329,29.597172],[-95.32329,29.597173],[-95.3233,29.597184],[-95.323301,29.597186],[-95.323304,29.597189],[-95.32331,29.597196],[-95.323311,29.597198],[-95.323314,29.597201],[-95.323319,29.597208],[-95.323322,29.597211],[-95.323323,29.597213],[-95.323332,29.597224],[-95.323341,29.597236],[-95.323341,29.597237],[-95.323341,29.597237],[-95.323341,29.597237],[-95.323351,29.59725],[-95.323359,29.597262],[-95.32336,29.597263],[-95.323362,29.597266],[-95.323367,29.597274],[-95.323369,29.597277],[-95.32337,29.597279],[-95.323375,29.597287],[-95.323377,29.59729],[-95.323378,29.597292],[-95.323384,29.597301],[-95.323386,29.597304],[-95.323386,29.597305],[-95.323393,29.597317],[-95.323394,29.597318],[-95.323401,29.59733],[-95.323402,29.597332],[-95.323403,29.597335],[-95.323408,29.597344],[-95.323409,29.597346],[-95.32341,29.597348],[-95.323415,29.597358],[-95.323416,29.59736],[-95.323423,29.597374],[-95.32343,29.597389],[-95.32343,29.597389],[-95.32343,29.597389],[-95.323436,29.597403],[-95.323439,29.597408],[-95.323442,29.597413],[-95.323444,29.597418],[-95.323447,29.597423],[-95.32345,29.597428],[-95.323453,29.597433],[-95.323456,29.597437],[-95.32346,29.597442],[-95.323463,29.597447],[-95.323466,29.597451],[-95.32347,29.597456],[-95.323473,29.59746],[-95.323477,29.597465],[-95.323481,29.597469],[-95.323485,29.597473],[-95.323489,29.597477],[-95.323493,29.597482],[-95.323497,29.597486],[-95.323501,29.59749],[-95.323505,29.597494],[-95.32351,29.597498],[-95.323514,29.597501],[-95.323519,29.597505],[-95.323523,29.597509],[-95.323528,29.597513],[-95.323533,29.597516],[-95.323537,29.59752],[-95.323542,29.597523],[-95.323547,29.597526],[-95.323552,29.59753],[-95.323557,29.597533],[-95.323562,29.597536],[-95.323568,29.597539],[-95.323573,29.597542],[-95.323578,29.597545],[-95.323584,29.597548],[-95.323589,29.59755],[-95.323595,29.597553],[-95.3236,29.597556],[-95.323606,29.597558],[-95.323611,29.59756],[-95.323617,29.597563],[-95.323623,29.597565],[-95.323628,29.597567],[-95.323634,29.597569],[-95.32364,29.597571],[-95.323646,29.597573],[-95.323652,29.597575],[-95.323658,29.597576],[-95.323664,29.597578],[-95.32367,29.597579],[-95.323676,29.597581],[-95.323682,29.597582],[-95.323688,29.597583],[-95.323694,29.597584],[-95.3237,29.597585],[-95.323706,29.597586],[-95.323718,29.597588],[-95.323779,29.597591],[-95.323822,29.597594],[-95.323864,29.597598],[-95.323907,29.597602],[-95.323948,29.597607],[-95.32395,29.597607],[-95.323991,29.597613],[-95.323992,29.597613],[-95.323993,29.597613],[-95.324035,29.597619],[-95.324077,29.597626],[-95.324119,29.597633],[-95.324161,29.597642],[-95.324202,29.59765],[-95.324203,29.597651],[-95.324244,29.59766],[-95.324286,29.59767],[-95.324327,29.597681],[-95.324368,29.597692],[-95.324409,29.597704],[-95.324449,29.597717],[-95.324997,29.597911],[-95.325253,29.598002],[-95.325336,29.59804],[-95.325416,29.598066],[-95.325548,29.598085],[-95.325552,29.598085],[-95.325636,29.598081],[-95.32593,29.598029],[-95.325972,29.598022],[-95.326013,29.598016],[-95.326097,29.598005],[-95.326098,29.598005],[-95.326158,29.597998],[-95.326159,29.597998],[-95.32622,29.597991],[-95.32622,29.597991],[-95.326281,29.597986],[-95.326282,29.597986],[-95.326283,29.597986],[-95.326342,29.597982],[-95.326344,29.597982],[-95.326344,29.597982],[-95.326344,29.597982],[-95.326406,29.597978],[-95.326467,29.597976],[-95.326529,29.597974],[-95.326591,29.597974],[-95.326653,29.597974],[-95.326715,29.597975],[-95.326718,29.597975],[-95.326718,29.597975],[-95.326718,29.597975],[-95.326762,29.597977],[-95.326777,29.597977],[-95.326988,29.598006],[-95.328142,29.598118],[-95.328184,29.598121],[-95.328214,29.598124],[-95.328244,29.598126],[-95.328274,29.59813],[-95.328294,29.598132],[-95.328303,29.598134],[-95.328307,29.598134],[-95.328333,29.598138],[-95.328362,29.598143],[-95.328391,29.598148],[-95.32842,29.598154],[-95.328449,29.59816],[-95.328478,29.598166],[-95.328507,29.598173],[-95.328536,29.59818],[-95.328564,29.598188],[-95.328585,29.598194],[-95.328593,29.598197],[-95.328799,29.598285],[-95.329008,29.598372],[-95.329011,29.598373],[-95.329145,29.598452],[-95.329233,29.598506],[-95.329321,29.598562],[-95.329404,29.59861],[-95.329452,29.59864],[-95.3295,29.59867],[-95.329546,29.5987],[-95.329593,29.598732],[-95.329638,29.598764],[-95.329683,29.598796],[-95.329725,29.598828],[-95.329727,29.59883],[-95.329733,29.598837],[-95.329734,29.598839],[-95.329738,29.598844],[-95.329741,29.598848],[-95.329743,29.59885],[-95.329744,29.598851],[-95.32975,29.598858],[-95.329751,29.598859],[-95.329752,29.59886],[-95.329757,29.598865],[-95.32976,29.598869],[-95.329762,29.598871],[-95.329763,29.598872],[-95.329769,29.598879],[-95.329772,29.598881],[-95.329776,29.598885],[-95.329779,29.598888],[-95.329781,29.59889],[-95.329783,29.598892],[-95.32979,29.598898],[-95.32979,29.598899],[-95.329791,29.598899],[-95.329797,29.598905],[-95.3298,29.598908],[-95.329802,29.598909],[-95.329804,29.598911],[-95.329811,29.598917],[-95.329812,29.598918],[-95.329819,29.598923],[-95.329821,29.598925],[-95.329825,29.598927],[-95.329826,29.598929],[-95.329834,29.598934],[-95.329835,29.598935],[-95.329841,29.59894],[-95.329845,29.598942],[-95.329846,29.598943],[-95.329849,29.598945],[-95.329857,29.598951],[-95.329858,29.598951],[-95.329858,29.598951],[-95.329858,29.598951],[-95.329865,29.598956],[-95.329869,29.598958],[-95.329872,29.59896],[-95.329873,29.598961],[-95.329882,29.598966],[-95.329883,29.598967],[-95.32989,29.598971],[-95.329894,29.598973],[-95.329896,29.598974],[-95.329899,29.598976],[-95.329907,29.59898],[-95.329908,29.598981],[-95.329916,29.598985],[-95.329919,29.598986],[-95.329922,29.598988],[-95.329925,29.598989],[-95.329934,29.598993],[-95.329934,29.598993],[-95.329943,29.598997],[-95.329946,29.598999],[-95.329949,29.599],[-95.329952,29.599001],[-95.329961,29.599005],[-95.329961,29.599005],[-95.32997,29.599009],[-95.329973,29.59901],[-95.329975,29.599011],[-95.329979,29.599012],[-95.329988,29.599015],[-95.329989,29.599016],[-95.329998,29.599019],[-95.330001,29.59902],[-95.330004,29.599021],[-95.330007,29.599022],[-95.330017,29.599025],[-95.330017,29.599025],[-95.330017,29.599025],[-95.330026,29.599027],[-95.33003,29.599028],[-95.330033,29.599029],[-95.330036,29.59903],[-95.330046,29.599033],[-95.330056,29.599035],[-95.330058,29.599035],[-95.330072,29.599039],[-95.330096,29.599045],[-95.330098,29.599045],[-95.3301,29.599046],[-95.330122,29.599051],[-95.330124,29.599052],[-95.330126,29.599052],[-95.33015,29.599058],[-95.330177,29.599063],[-95.330203,29.599069],[-95.330203,29.599069],[-95.330203,29.599069],[-95.330203,29.599069],[-95.330203,29.599069],[-95.33023,29.599074],[-95.330256,29.599078],[-95.330283,29.599082],[-95.330308,29.599085],[-95.33031,29.599086],[-95.330312,29.599086],[-95.330312,29.599086],[-95.330312,29.599086],[-95.330337,29.599089],[-95.330363,29.599091],[-95.330364,29.599092],[-95.330392,29.599094],[-95.330399,29.599094],[-95.330399,29.599094],[-95.330399,29.599094],[-95.330602,29.5991],[-95.330715,29.599105],[-95.330828,29.599112],[-95.33094,29.599121],[-95.330943,29.599121],[-95.331153,29.599113],[-95.331434,29.599098],[-95.331584,29.599101],[-95.331589,29.599101],[-95.331589,29.599101],[-95.331589,29.599101],[-95.331589,29.599101],[-95.331591,29.599101],[-95.331623,29.599102],[-95.331623,29.599102],[-95.331623,29.599102],[-95.331623,29.599102],[-95.331628,29.599102],[-95.331628,29.599102],[-95.331628,29.599102],[-95.33163,29.599102],[-95.33163,29.599102],[-95.33163,29.599102],[-95.33163,29.599102],[-95.33163,29.599102],[-95.33163,29.599102],[-95.331635,29.599102],[-95.331669,29.599103],[-95.331724,29.599105],[-95.331731,29.599105],[-95.331731,29.599105],[-95.331794,29.599088],[-95.331909,29.599069],[-95.331922,29.599068],[-95.331934,29.599066],[-95.331947,29.599064],[-95.331959,29.599062],[-95.331971,29.59906],[-95.331983,29.599057],[-95.331996,29.599055],[-95.332008,29.599052],[-95.33202,29.599049],[-95.332032,29.599045],[-95.332044,29.599042],[-95.332056,29.599038],[-95.332068,29.599035],[-95.332079,29.599031],[-95.332091,29.599027],[-95.332103,29.599022],[-95.332114,29.599018],[-95.332126,29.599013],[-95.332137,29.599009],[-95.332148,29.599004],[-95.332159,29.598999],[-95.33217,29.598993],[-95.332181,29.598988],[-95.332192,29.598982],[-95.332203,29.598977],[-95.332213,29.598971],[-95.332224,29.598965],[-95.332234,29.598958],[-95.332245,29.598952],[-95.332255,29.598945],[-95.332265,29.598939],[-95.332275,29.598932],[-95.332284,29.598925],[-95.332294,29.598918],[-95.332303,29.598911],[-95.332313,29.598903],[-95.332322,29.598896],[-95.332331,29.598888],[-95.33234,29.59888],[-95.332348,29.598873],[-95.332357,29.598865],[-95.332365,29.598856],[-95.332373,29.598848],[-95.332382,29.59884],[-95.332393,29.598827],[-95.332467,29.598742],[-95.332527,29.598676],[-95.332588,29.598611],[-95.332651,29.598546],[-95.332715,29.598482],[-95.332781,29.59842],[-95.332792,29.598409],[-95.3328,29.598402],[-95.332808,29.598395],[-95.332816,29.598388],[-95.332825,29.598382],[-95.332833,29.598375],[-95.332842,29.598368],[-95.33285,29.598362],[-95.332859,29.598356],[-95.332868,29.59835],[-95.332877,29.598344],[-95.332886,29.598338],[-95.332895,29.598332],[-95.332904,29.598326],[-95.332913,29.598321],[-95.332923,29.598315],[-95.332932,29.59831],[-95.332942,29.598305],[-95.332952,29.5983],[-95.332961,29.598295],[-95.332971,29.598291],[-95.332981,29.598286],[-95.332991,29.598282],[-95.333001,29.598278],[-95.333011,29.598274],[-95.333021,29.59827],[-95.333032,29.598266],[-95.333042,29.598263],[-95.333053,29.598259],[-95.333063,29.598256],[-95.333074,29.598253],[-95.333085,29.59825],[-95.333095,29.598247],[-95.333106,29.598244],[-95.333117,29.598242],[-95.333128,29.59824],[-95.33328,29.598201],[-95.33343,29.598162],[-95.333438,29.598162],[-95.333445,29.598161],[-95.333453,29.59816],[-95.33346,29.598159],[-95.333468,29.598158],[-95.333475,29.598157],[-95.333482,29.598156],[-95.33349,29.598154],[-95.333497,29.598153],[-95.333505,29.598151],[-95.333512,29.59815],[-95.333519,29.598148],[-95.333526,29.598146],[-95.333534,29.598144],[-95.333541,29.598142],[-95.333548,29.598139],[-95.333555,29.598137],[-95.333562,29.598135],[-95.333569,29.598132],[-95.333576,29.598129],[-95.333583,29.598127],[-95.33359,29.598124],[-95.333596,29.598121],[-95.333603,29.598118],[-95.33361,29.598115],[-95.333616,29.598111],[-95.333623,29.598108],[-95.333629,29.598105],[-95.333636,29.598101],[-95.333642,29.598097],[-95.333648,29.598094],[-95.333655,29.59809],[-95.333666,29.598082],[-95.333676,29.598077],[-95.333685,29.598072],[-95.333695,29.598067],[-95.333704,29.598061],[-95.333714,29.598056],[-95.333723,29.59805],[-95.333732,29.598044],[-95.333741,29.598038],[-95.33375,29.598032],[-95.333759,29.598026],[-95.333768,29.598019],[-95.333776,29.598013],[-95.333785,29.598006],[-95.333793,29.597999],[-95.333801,29.597992],[-95.333809,29.597985],[-95.333817,29.597978],[-95.333824,29.597971],[-95.333832,29.597964],[-95.333839,29.597956],[-95.333847,29.597949],[-95.333854,29.597941],[-95.333861,29.597933],[-95.333868,29.597925],[-95.333874,29.597917],[-95.333881,29.597909],[-95.333887,29.597901],[-95.333895,29.597891],[-95.333902,29.597883],[-95.33391,29.597875],[-95.333917,29.597867],[-95.333925,29.597859],[-95.333932,29.597851],[-95.333939,29.597843],[-95.333946,29.597834],[-95.333952,29.597826],[-95.333959,29.597817],[-95.333965,29.597809],[-95.333971,29.5978],[-95.333977,29.597791],[-95.333983,29.597782],[-95.333989,29.597773],[-95.334003,29.597748],[-95.334014,29.597728],[-95.334027,29.597708],[-95.33404,29.597688],[-95.3341,29.597601],[-95.334225,29.597499],[-95.334311,29.59743],[-95.334437,29.597228],[-95.334629,29.597001],[-95.334792,29.596785],[-95.334868,29.596659],[-95.33491,29.596555],[-95.334953,29.596452],[-95.334967,29.596433],[-95.33498,29.596415],[-95.334994,29.596397],[-95.335008,29.59638],[-95.335022,29.596362],[-95.335037,29.596345],[-95.335052,29.596329],[-95.335068,29.596312],[-95.335083,29.596296],[-95.3351,29.59628],[-95.335116,29.596264],[-95.335136,29.596248],[-95.335153,29.596235],[-95.33517,29.596223],[-95.335187,29.59621],[-95.335205,29.596198],[-95.335223,29.596187],[-95.335241,29.596175],[-95.33526,29.596164],[-95.335279,29.596153],[-95.335298,29.596142],[-95.335317,29.596132],[-95.335336,29.596122],[-95.335356,29.596112],[-95.335375,29.596102],[-95.335395,29.596093],[-95.335415,29.596084],[-95.335436,29.596075],[-95.335456,29.596067],[-95.335477,29.596059],[-95.335498,29.596051],[-95.335735,29.595959],[-95.335787,29.595942],[-95.335802,29.595937],[-95.33616,29.595818],[-95.336201,29.595801],[-95.336238,29.59578],[-95.336272,29.595754],[-95.336323,29.595713],[-95.336378,29.595677],[-95.336438,29.595645],[-95.336659,29.59554],[-95.336781,29.595478],[-95.336899,29.59541],[-95.337012,29.595336],[-95.33712,29.595257],[-95.337223,29.595173],[-95.337261,29.595137],[-95.337295,29.595098],[-95.337324,29.595056],[-95.33735,29.595013],[-95.33736,29.594989],[-95.337366,29.594967],[-95.337368,29.594945],[-95.337368,29.594933],[-95.337365,29.594886],[-95.337355,29.594808],[-95.33734,29.594732],[-95.337319,29.594656],[-95.337273,29.594508],[-95.337257,29.59445],[-95.337247,29.594392],[-95.337241,29.594332],[-95.337241,29.594273],[-95.337247,29.594204],[-95.33726,29.594135],[-95.337279,29.594068],[-95.337305,29.594003],[-95.337327,29.593963],[-95.337356,29.593926],[-95.33739,29.593893],[-95.337428,29.593865],[-95.33744,29.593858],[-95.33745,29.593851],[-95.337699,29.593693],[-95.33792,29.593563],[-95.337984,29.593529],[-95.338051,29.593501],[-95.338121,29.59348],[-95.338193,29.593465],[-95.338267,29.593456],[-95.338341,29.593454],[-95.338342,29.593454],[-95.338342,29.593454],[-95.338342,29.593454],[-95.338342,29.593454],[-95.338354,29.593455],[-95.338725,29.593467],[-95.339033,29.593496],[-95.339293,29.593513],[-95.339328,29.593516],[-95.339362,29.593519],[-95.339396,29.593522],[-95.339431,29.593524],[-95.339465,29.593525],[-95.339472,29.593525],[-95.339472,29.593525],[-95.339499,29.593526],[-95.339534,29.593527],[-95.339582,29.593526],[-95.339585,29.593526],[-95.339724,29.593538],[-95.339795,29.593544],[-95.340186,29.594234],[-95.340524,29.595104],[-95.340617,29.595706],[-95.340723,29.596399],[-95.340758,29.597187],[-95.340815,29.599028],[-95.340883,29.602189],[-95.340936,29.605231],[-95.340968,29.607758],[-95.340955,29.612147],[-95.340937,29.616579],[-95.344696,29.61659],[-95.344678,29.618828],[-95.344682,29.621025],[-95.344448,29.621024],[-95.344431,29.6222],[-95.34437,29.6222],[-95.344382,29.622561],[-95.344467,29.622563],[-95.344479,29.624988],[-95.344258,29.624989],[-95.344257,29.625365],[-95.344074,29.62536],[-95.344063,29.625914],[-95.344505,29.625909],[-95.344504,29.626994],[-95.344067,29.626982],[-95.343662,29.626981],[-95.343647,29.627397],[-95.344074,29.627407],[-95.344077,29.627608],[-95.344116,29.628911],[-95.343598,29.629017],[-95.343064,29.629127],[-95.342354,29.629268],[-95.34179,29.62938],[-95.340556,29.629495],[-95.339337,29.629527],[-95.339362,29.631565],[-95.339367,29.633123],[-95.339374,29.635182],[-95.339397,29.637349],[-95.339353,29.63798],[-95.33925,29.638473],[-95.339121,29.6389],[-95.338965,29.639267],[-95.338759,29.639752],[-95.338302,29.640441],[-95.337616,29.641443],[-95.3372,29.642301],[-95.336994,29.643038],[-95.336935,29.643616],[-95.336904,29.644145],[-95.337017,29.645285],[-95.336812,29.645363],[-95.33648,29.645449],[-95.336235,29.645419],[-95.335962,29.645411],[-95.335691,29.645356],[-95.335284,29.645273],[-95.33494,29.645312],[-95.334713,29.645544],[-95.334264,29.645866],[-95.333983,29.646097],[-95.33365,29.646232],[-95.333373,29.64632],[-95.332936,29.646308],[-95.332444,29.646294],[-95.332035,29.646283],[-95.331761,29.646275],[-95.331341,29.646574],[-95.329225,29.649144],[-95.328886,29.649445],[-95.32855,29.649651],[-95.328218,29.649761],[-95.327973,29.649754],[-95.327456,29.649668],[-95.326768,29.649793],[-95.326325,29.649948],[-95.325822,29.650244],[-95.325512,29.650499],[-95.324738,29.65074],[-95.324107,29.650794]]]},"properties":{"Campus__Number":156,"Campus_Short_Name":"Frost ES","Street_Address":"5002 Almeda-Genoa Rd"}},{"type":"Feature","geometry":{"type":"Polygon","coordinates":[[[-95.492212,29.616686],[-95.494467,29.613204],[-95.495095,29.613491],[-95.495107,29.613496],[-95.496543,29.61417],[-95.496792,29.614286],[-95.49713,29.614443],[-95.497299,29.614522],[-95.497469,29.614601],[-95.497639,29.61468],[-95.49781,29.614759],[-95.497981,29.614838],[-95.498152,29.614918],[-95.498183,29.614932],[-95.498324,29.614998],[-95.498496,29.615078],[-95.500847,29.61617],[-95.500855,29.616174],[-95.500949,29.616217],[-95.502146,29.616765],[-95.505491,29.618297],[-95.505496,29.618299],[-95.50562,29.618356],[-95.507724,29.61932],[-95.507729,29.619322],[-95.508479,29.619664],[-95.508528,29.619687],[-95.508759,29.619792],[-95.508855,29.619837],[-95.508857,29.619838],[-95.50989,29.620317],[-95.509892,29.620318],[-95.509892,29.620318],[-95.509892,29.620318],[-95.50997,29.620354],[-95.510097,29.620413],[-95.510389,29.620549],[-95.510406,29.620556],[-95.510506,29.620603],[-95.510521,29.62061],[-95.51101,29.620837],[-95.511011,29.620837],[-95.51102,29.620841],[-95.51199,29.621291],[-95.512015,29.621303],[-95.512019,29.621305],[-95.512026,29.621308],[-95.512028,29.621309],[-95.513245,29.621874],[-95.513253,29.621877],[-95.513929,29.622191],[-95.513947,29.6222],[-95.514292,29.62236],[-95.514292,29.62236],[-95.514295,29.622361],[-95.515629,29.62298],[-95.51563,29.62298],[-95.515821,29.623068],[-95.518058,29.6241],[-95.518889,29.624483],[-95.519243,29.624647],[-95.520072,29.625029],[-95.520252,29.625112],[-95.520624,29.625284],[-95.520629,29.625286],[-95.520905,29.625415],[-95.521378,29.625636],[-95.494893,29.63578],[-95.49305,29.636496],[-95.479936,29.641588],[-95.480774,29.64096],[-95.481363,29.64051],[-95.481665,29.640088],[-95.481927,29.639629],[-95.482074,29.638916],[-95.481922,29.629061],[-95.481986,29.628382],[-95.48213,29.627776],[-95.48244,29.627104],[-95.482739,29.626754],[-95.483129,29.626303],[-95.483607,29.625909],[-95.48411,29.625612],[-95.484721,29.625318],[-95.485832,29.624798],[-95.487222,29.624141],[-95.487808,29.623799],[-95.488228,29.623499],[-95.488683,29.622986],[-95.489357,29.621666],[-95.492212,29.616686]]]},"properties":{"Campus__Number":153,"Campus_Short_Name":"Fondren ES","Street_Address":"12405 Carlsbad St"}},{"type":"Feature","geometry":{"type":"Polygon","coordinates":[[[-95.465062,29.619813],[-95.466047,29.620527],[-95.466505,29.62073],[-95.467127,29.620914],[-95.467509,29.620948],[-95.468138,29.62094],[-95.468656,29.620978],[-95.46912,29.62099],[-95.46966,29.621172],[-95.470063,29.621373],[-95.470452,29.621685],[-95.470833,29.622038],[-95.471072,29.622236],[-95.471691,29.622539],[-95.472096,29.622669],[-95.472993,29.622812],[-95.47332,29.622844],[-95.473931,29.622936],[-95.474485,29.623138],[-95.47507,29.623631],[-95.475835,29.624439],[-95.476392,29.624931],[-95.476848,29.625182],[-95.478302,29.625818],[-95.478975,29.626122],[-95.479437,29.626206],[-95.480666,29.626238],[-95.483129,29.626303],[-95.482739,29.626754],[-95.48244,29.627104],[-95.48213,29.627776],[-95.481986,29.628382],[-95.481922,29.629061],[-95.482074,29.638916],[-95.481927,29.639629],[-95.481665,29.640088],[-95.481363,29.64051],[-95.480774,29.64096],[-95.479936,29.641588],[-95.463803,29.647849],[-95.463648,29.642262],[-95.463537,29.635084],[-95.46355,29.632882],[-95.46356,29.632044],[-95.463735,29.631264],[-95.464125,29.630379],[-95.464382,29.629979],[-95.464643,29.629453],[-95.465003,29.628662],[-95.46508,29.628388],[-95.465132,29.627877],[-95.465192,29.627284],[-95.465129,29.623635],[-95.46507,29.621005],[-95.465062,29.619813]]]},"properties":{"Campus__Number":395,"Campus_Short_Name":"Hines-Caldwell ES","Street_Address":"5515 W Orem"}},{"type":"Feature","geometry":{"type":"Polygon","coordinates":[[[-95.463121,29.612258],[-95.464965,29.612238],[-95.464978,29.616377],[-95.465062,29.619813],[-95.46507,29.621005],[-95.465129,29.623635],[-95.465192,29.627284],[-95.465132,29.627877],[-95.46508,29.628388],[-95.465003,29.628662],[-95.464643,29.629453],[-95.464382,29.629979],[-95.464125,29.630379],[-95.463735,29.631264],[-95.46356,29.632044],[-95.46355,29.632882],[-95.463537,29.635084],[-95.463627,29.640882],[-95.463648,29.642262],[-95.463803,29.647849],[-95.46313,29.64811],[-95.446608,29.654597],[-95.446555,29.653721],[-95.446655,29.652434],[-95.446381,29.641121],[-95.446184,29.627759],[-95.445969,29.61892],[-95.445948,29.61611],[-95.445897,29.613335],[-95.450345,29.613296],[-95.452145,29.613273],[-95.453101,29.61323],[-95.453598,29.613197],[-95.454486,29.612964],[-95.455619,29.612647],[-95.456627,29.612424],[-95.457275,29.612322],[-95.457833,29.612316],[-95.458522,29.612309],[-95.460293,29.612289],[-95.463121,29.612258]]]},"properties":{"Campus__Number":262,"Campus_Short_Name":"Grissom ES","Street_Address":"4900 Simsbrook Dr"}},{"type":"Feature","geometry":{"type":"Polygon","coordinates":[[[-95.44376,29.627811],[-95.446184,29.627759],[-95.446381,29.641121],[-95.446655,29.652434],[-95.446555,29.653721],[-95.446608,29.654597],[-95.442059,29.656383],[-95.43277,29.659815],[-95.430833,29.66048],[-95.416396,29.664865],[-95.397041,29.670634],[-95.397674,29.669003],[-95.398061,29.667904],[-95.399325,29.664549],[-95.400632,29.661262],[-95.401239,29.659728],[-95.401995,29.657833],[-95.402665,29.656095],[-95.403548,29.653923],[-95.404274,29.652138],[-95.405185,29.649824],[-95.406408,29.646744],[-95.408065,29.642592],[-95.421892,29.642464],[-95.421967,29.642418],[-95.421688,29.628315],[-95.430899,29.628051],[-95.430898,29.628035],[-95.437047,29.627978],[-95.438728,29.627937],[-95.439667,29.627895],[-95.44376,29.627811]]]},"properties":{"Campus__Number":175,"Campus_Short_Name":"Hobby ES","Street_Address":"4021 Woodmont Dr"}},{"type":"Feature","geometry":{"type":"Polygon","coordinates":[[[-95.430443,29.601091],[-95.430311,29.597028],[-95.426451,29.597085],[-95.426704,29.596444],[-95.427297,29.594957],[-95.42754,29.594303],[-95.427645,29.594022],[-95.42776,29.593583],[-95.427977,29.592749],[-95.428294,29.591771],[-95.428968,29.590099],[-95.429478,29.588831],[-95.429927,29.587711],[-95.430938,29.584893],[-95.431004,29.584503],[-95.430998,29.584147],[-95.43102,29.58383],[-95.431261,29.58395],[-95.437253,29.586906],[-95.437261,29.58691],[-95.438784,29.587662],[-95.439757,29.588142],[-95.44004,29.588281],[-95.440243,29.588381],[-95.441396,29.58895],[-95.44151,29.589006],[-95.442017,29.589256],[-95.44227,29.589381],[-95.44303,29.589756],[-95.443308,29.589893],[-95.446329,29.591383],[-95.446343,29.59139],[-95.446599,29.591517],[-95.446992,29.591711],[-95.447009,29.591719],[-95.447018,29.591723],[-95.446185,29.592856],[-95.445816,29.59404],[-95.445617,29.595038],[-95.445619,29.596567],[-95.44565,29.598813],[-95.445959,29.606106],[-95.446019,29.608722],[-95.446054,29.610615],[-95.446041,29.611177],[-95.446055,29.611783],[-95.44602,29.61226],[-95.445975,29.612649],[-95.445951,29.612859],[-95.445919,29.613143],[-95.445897,29.613335],[-95.445897,29.613342],[-95.445948,29.61611],[-95.445969,29.61892],[-95.446184,29.627759],[-95.44376,29.627811],[-95.439667,29.627895],[-95.438728,29.627937],[-95.437047,29.627978],[-95.430898,29.628035],[-95.430757,29.619272],[-95.430729,29.617441],[-95.430716,29.615127],[-95.430701,29.61358],[-95.430443,29.601091]]]},"properties":{"Campus__Number":207,"Campus_Short_Name":"Montgomery ES","Street_Address":"4000 Simsbrook Dr"}},{"type":"Feature","geometry":{"type":"Polygon","coordinates":[[[-95.389958,29.627727],[-95.389163,29.627613],[-95.388049,29.627647],[-95.387033,29.627644],[-95.38701,29.622494],[-95.38672,29.605588],[-95.386527,29.597563],[-95.386304,29.585632],[-95.386311,29.585632],[-95.386327,29.585631],[-95.386343,29.585631],[-95.386358,29.585632],[-95.386362,29.585632],[-95.386362,29.585632],[-95.386362,29.585632],[-95.386374,29.585632],[-95.38639,29.585633],[-95.386406,29.585633],[-95.386407,29.585633],[-95.386421,29.585634],[-95.386437,29.585634],[-95.386453,29.585634],[-95.386469,29.585633],[-95.386485,29.585633],[-95.3865,29.585633],[-95.386516,29.585634],[-95.386517,29.585634],[-95.386532,29.585635],[-95.386547,29.585636],[-95.386563,29.585638],[-95.386578,29.58564],[-95.386593,29.585644],[-95.386608,29.585649],[-95.386623,29.585654],[-95.386638,29.585659],[-95.386652,29.585664],[-95.386667,29.585668],[-95.386682,29.585672],[-95.386698,29.585676],[-95.386707,29.585678],[-95.386713,29.58568],[-95.386728,29.585683],[-95.386743,29.585688],[-95.386757,29.585693],[-95.386771,29.5857],[-95.386785,29.585707],[-95.386799,29.585712],[-95.386814,29.585714],[-95.38683,29.585715],[-95.386832,29.585715],[-95.386846,29.585715],[-95.386862,29.585715],[-95.386878,29.585715],[-95.386893,29.585715],[-95.386909,29.585715],[-95.386925,29.585716],[-95.386941,29.585716],[-95.386956,29.585716],[-95.386959,29.585715],[-95.386962,29.585714],[-95.386965,29.585713],[-95.386968,29.585712],[-95.386971,29.585711],[-95.386973,29.58571],[-95.386976,29.585709],[-95.386979,29.585707],[-95.386981,29.585706],[-95.386984,29.585705],[-95.386986,29.585703],[-95.386989,29.585702],[-95.386993,29.585699],[-95.387,29.585698],[-95.387004,29.585697],[-95.387009,29.585696],[-95.387014,29.585695],[-95.387017,29.585694],[-95.387018,29.585694],[-95.387023,29.585693],[-95.387028,29.585692],[-95.387033,29.585692],[-95.387037,29.585691],[-95.387042,29.585691],[-95.387047,29.58569],[-95.387052,29.58569],[-95.387057,29.58569],[-95.387062,29.58569],[-95.387067,29.58569],[-95.387071,29.58569],[-95.387076,29.58569],[-95.387081,29.58569],[-95.387082,29.58569],[-95.387086,29.58569],[-95.387091,29.58569],[-95.387096,29.585691],[-95.387147,29.585695],[-95.387453,29.585735],[-95.387756,29.585778],[-95.387777,29.58578],[-95.387799,29.585781],[-95.38782,29.585782],[-95.387842,29.585783],[-95.387843,29.585783],[-95.387864,29.585783],[-95.387885,29.585783],[-95.387907,29.585783],[-95.387928,29.585782],[-95.38795,29.585781],[-95.387971,29.58578],[-95.387992,29.585778],[-95.388014,29.585776],[-95.388035,29.585773],[-95.388056,29.585771],[-95.388077,29.585768],[-95.388098,29.585764],[-95.388119,29.58576],[-95.388139,29.585756],[-95.38816,29.585752],[-95.38818,29.585747],[-95.388201,29.585742],[-95.388221,29.585737],[-95.388247,29.585729],[-95.388374,29.585691],[-95.388608,29.585613],[-95.388735,29.585566],[-95.388748,29.58556],[-95.388761,29.585554],[-95.388773,29.585548],[-95.388785,29.585542],[-95.388798,29.585535],[-95.38881,29.585528],[-95.388822,29.585521],[-95.388834,29.585514],[-95.388845,29.585507],[-95.388857,29.585499],[-95.388868,29.585492],[-95.388879,29.585484],[-95.38889,29.585476],[-95.388901,29.585467],[-95.388911,29.585459],[-95.388922,29.58545],[-95.388932,29.585441],[-95.388942,29.585433],[-95.388952,29.585423],[-95.388962,29.585414],[-95.388971,29.585405],[-95.388981,29.585395],[-95.38899,29.585385],[-95.388999,29.585375],[-95.389007,29.585365],[-95.389016,29.585355],[-95.389024,29.585344],[-95.389032,29.585334],[-95.38904,29.585323],[-95.389048,29.585312],[-95.389055,29.585301],[-95.389062,29.58529],[-95.389145,29.58516],[-95.389148,29.585153],[-95.389151,29.585148],[-95.389153,29.585144],[-95.389155,29.58514],[-95.389158,29.585135],[-95.38916,29.585131],[-95.389163,29.585127],[-95.389166,29.585123],[-95.389169,29.585119],[-95.389172,29.585115],[-95.389175,29.585111],[-95.389178,29.585107],[-95.389181,29.585103],[-95.389184,29.585099],[-95.389188,29.585096],[-95.389191,29.585092],[-95.389195,29.585088],[-95.389198,29.585085],[-95.389202,29.585081],[-95.389205,29.585078],[-95.389209,29.585075],[-95.389213,29.585071],[-95.389217,29.585068],[-95.389221,29.585065],[-95.389225,29.585062],[-95.389229,29.585059],[-95.389233,29.585056],[-95.389238,29.585053],[-95.389242,29.58505],[-95.389246,29.585047],[-95.389251,29.585045],[-95.389256,29.585042],[-95.38926,29.585039],[-95.389274,29.58503],[-95.389389,29.584953],[-95.389463,29.584916],[-95.389627,29.584833],[-95.389673,29.58481],[-95.38979,29.584751],[-95.390016,29.584553],[-95.390026,29.584269],[-95.390082,29.58411],[-95.390145,29.584073],[-95.390269,29.584001],[-95.390487,29.583919],[-95.390511,29.58391],[-95.390851,29.583581],[-95.391065,29.583248],[-95.391315,29.583021],[-95.391356,29.582984],[-95.39165,29.582867],[-95.391769,29.58282],[-95.392237,29.582341],[-95.392466,29.582144],[-95.392823,29.581753],[-95.392873,29.581698],[-95.393158,29.581689],[-95.393669,29.581821],[-95.393891,29.581936],[-95.394026,29.582131],[-95.394208,29.582271],[-95.394216,29.582277],[-95.394232,29.582279],[-95.39499,29.582368],[-95.39532,29.582505],[-95.395593,29.582617],[-95.395674,29.582635],[-95.396079,29.582723],[-95.396243,29.582713],[-95.396346,29.582707],[-95.397509,29.582514],[-95.397508,29.582432],[-95.39769,29.582379],[-95.397772,29.58237],[-95.398488,29.582287],[-95.398549,29.582269],[-95.398609,29.582247],[-95.398666,29.582221],[-95.39872,29.582191],[-95.398752,29.582171],[-95.398754,29.582169],[-95.398756,29.582169],[-95.398756,29.582169],[-95.398756,29.582169],[-95.398756,29.582168],[-95.398756,29.582168],[-95.398757,29.582168],[-95.398759,29.582166],[-95.398787,29.582147],[-95.398788,29.582146],[-95.398789,29.582145],[-95.398789,29.582145],[-95.398789,29.582145],[-95.398789,29.582145],[-95.398791,29.582144],[-95.398791,29.582143],[-95.398792,29.582143],[-95.398792,29.582143],[-95.398793,29.582142],[-95.398793,29.582142],[-95.398793,29.582142],[-95.398794,29.582141],[-95.398795,29.58214],[-95.398796,29.58214],[-95.398796,29.58214],[-95.398796,29.58214],[-95.398796,29.58214],[-95.398796,29.58214],[-95.398797,29.582139],[-95.398797,29.582139],[-95.398798,29.582139],[-95.398799,29.582138],[-95.398799,29.582138],[-95.398799,29.582138],[-95.3988,29.582137],[-95.3988,29.582137],[-95.3988,29.582136],[-95.3988,29.582136],[-95.398801,29.582136],[-95.398801,29.582136],[-95.398801,29.582135],[-95.398802,29.582135],[-95.398804,29.582134],[-95.398804,29.582134],[-95.398804,29.582133],[-95.398804,29.582133],[-95.398805,29.582133],[-95.398806,29.582132],[-95.398806,29.582132],[-95.398806,29.582132],[-95.398807,29.582131],[-95.398808,29.58213],[-95.398809,29.58213],[-95.398809,29.58213],[-95.39881,29.582129],[-95.39881,29.582129],[-95.398811,29.582128],[-95.398812,29.582127],[-95.398812,29.582127],[-95.398812,29.582127],[-95.398813,29.582126],[-95.398813,29.582126],[-95.398813,29.582126],[-95.398813,29.582126],[-95.398813,29.582126],[-95.398813,29.582126],[-95.398813,29.582126],[-95.398814,29.582126],[-95.398814,29.582126],[-95.398814,29.582125],[-95.398815,29.582125],[-95.398815,29.582125],[-95.398815,29.582125],[-95.398815,29.582124],[-95.398818,29.582123],[-95.398818,29.582122],[-95.398818,29.582122],[-95.398818,29.582122],[-95.398819,29.582122],[-95.398819,29.582122],[-95.398819,29.582122],[-95.398819,29.582121],[-95.398819,29.582121],[-95.398819,29.582121],[-95.398833,29.58211],[-95.398833,29.58211],[-95.398848,29.582099],[-95.398861,29.582089],[-95.398863,29.582088],[-95.398875,29.58208],[-95.398888,29.582071],[-95.398902,29.582063],[-95.398916,29.582054],[-95.398931,29.582046],[-95.398945,29.582038],[-95.39896,29.58203],[-95.398974,29.582022],[-95.398989,29.582015],[-95.399348,29.582057],[-95.399511,29.582081],[-95.39953,29.582083],[-95.399548,29.582083],[-95.399567,29.582084],[-95.399571,29.582084],[-95.399585,29.582085],[-95.399604,29.582085],[-95.399622,29.582085],[-95.399641,29.582084],[-95.399659,29.582083],[-95.399677,29.582082],[-95.399696,29.582081],[-95.399714,29.58208],[-95.399732,29.582078],[-95.399751,29.582076],[-95.399769,29.582073],[-95.399787,29.582071],[-95.399805,29.582068],[-95.399823,29.582064],[-95.399841,29.582061],[-95.399859,29.582057],[-95.399888,29.58205],[-95.400003,29.582024],[-95.400118,29.581998],[-95.400137,29.581994],[-95.400149,29.581992],[-95.400161,29.581991],[-95.400173,29.581989],[-95.400185,29.581988],[-95.400197,29.581986],[-95.400209,29.581985],[-95.400221,29.581984],[-95.400233,29.581984],[-95.400246,29.581983],[-95.400258,29.581983],[-95.40027,29.581983],[-95.400282,29.581983],[-95.400295,29.581983],[-95.400298,29.581983],[-95.400298,29.581983],[-95.400298,29.581983],[-95.400307,29.581983],[-95.400319,29.581984],[-95.400331,29.581985],[-95.400343,29.581986],[-95.400355,29.581987],[-95.400367,29.581988],[-95.400372,29.581988],[-95.400373,29.581988],[-95.400549,29.581989],[-95.400564,29.581988],[-95.400578,29.581988],[-95.401099,29.581984],[-95.401145,29.581984],[-95.401177,29.581984],[-95.40121,29.581984],[-95.401213,29.581985],[-95.401242,29.581986],[-95.401274,29.581987],[-95.401306,29.581989],[-95.401309,29.581989],[-95.401674,29.581983],[-95.401723,29.581983],[-95.401761,29.581983],[-95.401768,29.581983],[-95.401799,29.581984],[-95.401837,29.581986],[-95.401875,29.581988],[-95.401913,29.581991],[-95.401951,29.581994],[-95.401959,29.581994],[-95.401961,29.581994],[-95.401968,29.581994],[-95.401976,29.581994],[-95.401984,29.581994],[-95.401993,29.581994],[-95.402001,29.581994],[-95.40201,29.581993],[-95.402018,29.581992],[-95.402027,29.581992],[-95.402035,29.581991],[-95.402043,29.58199],[-95.402052,29.581988],[-95.40206,29.581987],[-95.402068,29.581986],[-95.402077,29.581984],[-95.402085,29.581983],[-95.402093,29.581981],[-95.402101,29.581979],[-95.402116,29.581975],[-95.402129,29.581972],[-95.402139,29.58197],[-95.402149,29.581968],[-95.402159,29.581966],[-95.402169,29.581965],[-95.402179,29.581963],[-95.402189,29.581962],[-95.402199,29.581961],[-95.402209,29.58196],[-95.40222,29.581959],[-95.40223,29.581958],[-95.40224,29.581958],[-95.40225,29.581957],[-95.40226,29.581957],[-95.40227,29.581957],[-95.40228,29.581957],[-95.402291,29.581957],[-95.402292,29.581957],[-95.402301,29.581958],[-95.402311,29.581958],[-95.402321,29.581959],[-95.402331,29.58196],[-95.402341,29.581961],[-95.402351,29.581962],[-95.402361,29.581963],[-95.402371,29.581965],[-95.402381,29.581966],[-95.402391,29.581968],[-95.402401,29.58197],[-95.402522,29.581987],[-95.402534,29.581989],[-95.402546,29.58199],[-95.402556,29.581991],[-95.40256,29.581991],[-95.402563,29.581991],[-95.402572,29.581992],[-95.402584,29.581992],[-95.402596,29.581993],[-95.402598,29.581993],[-95.402609,29.581993],[-95.402621,29.581993],[-95.402633,29.581993],[-95.402645,29.581992],[-95.402657,29.581992],[-95.40267,29.581991],[-95.402682,29.58199],[-95.402694,29.581989],[-95.402718,29.581986],[-95.402724,29.581986],[-95.40273,29.581985],[-95.402736,29.581984],[-95.402742,29.581983],[-95.402749,29.581982],[-95.402755,29.581981],[-95.402761,29.58198],[-95.402767,29.581979],[-95.402773,29.581978],[-95.402779,29.581976],[-95.402785,29.581975],[-95.402791,29.581973],[-95.402797,29.581971],[-95.402803,29.581969],[-95.402809,29.581968],[-95.402814,29.581966],[-95.40282,29.581963],[-95.402826,29.581961],[-95.402832,29.581959],[-95.402837,29.581957],[-95.402843,29.581954],[-95.402848,29.581952],[-95.402854,29.581949],[-95.402859,29.581947],[-95.402865,29.581944],[-95.402871,29.58194],[-95.40294,29.581919],[-95.402945,29.581917],[-95.402948,29.581916],[-95.402952,29.581914],[-95.402956,29.581913],[-95.40296,29.581912],[-95.402964,29.581911],[-95.402967,29.58191],[-95.402971,29.581909],[-95.402975,29.581908],[-95.402979,29.581907],[-95.402983,29.581906],[-95.402987,29.581905],[-95.402991,29.581904],[-95.402995,29.581904],[-95.402999,29.581903],[-95.403003,29.581903],[-95.403007,29.581902],[-95.403011,29.581902],[-95.403015,29.581901],[-95.403019,29.581901],[-95.403023,29.581901],[-95.403027,29.581901],[-95.403031,29.581901],[-95.403035,29.5819],[-95.403039,29.5819],[-95.403043,29.581901],[-95.403047,29.581901],[-95.403047,29.581901],[-95.403051,29.581901],[-95.403055,29.581901],[-95.403059,29.581901],[-95.403063,29.581902],[-95.403067,29.581902],[-95.403071,29.581903],[-95.403075,29.581903],[-95.403081,29.581903],[-95.403184,29.581903],[-95.403187,29.581903],[-95.403191,29.581903],[-95.403194,29.581903],[-95.403198,29.581903],[-95.403201,29.581902],[-95.403205,29.581902],[-95.403209,29.581902],[-95.403212,29.581901],[-95.403216,29.581901],[-95.403219,29.5819],[-95.403223,29.5819],[-95.403226,29.581899],[-95.40323,29.581898],[-95.403233,29.581898],[-95.403236,29.581897],[-95.40324,29.581896],[-95.403243,29.581895],[-95.403247,29.581894],[-95.40325,29.581893],[-95.403253,29.581892],[-95.403257,29.581891],[-95.40326,29.58189],[-95.403263,29.581889],[-95.403266,29.581887],[-95.40327,29.581886],[-95.403273,29.581885],[-95.403276,29.581883],[-95.403279,29.581882],[-95.403282,29.58188],[-95.403285,29.581879],[-95.403288,29.581877],[-95.403291,29.581876],[-95.403294,29.581874],[-95.403297,29.581872],[-95.4033,29.58187],[-95.403303,29.581869],[-95.403306,29.581867],[-95.403309,29.581865],[-95.403312,29.581863],[-95.403314,29.581861],[-95.403317,29.581859],[-95.40332,29.581857],[-95.403323,29.581854],[-95.403347,29.581846],[-95.403359,29.581842],[-95.403371,29.581839],[-95.403383,29.581836],[-95.403396,29.581833],[-95.403408,29.58183],[-95.40342,29.581827],[-95.403433,29.581824],[-95.403445,29.581822],[-95.403458,29.58182],[-95.40347,29.581818],[-95.403483,29.581816],[-95.403495,29.581815],[-95.403508,29.581813],[-95.403521,29.581812],[-95.403533,29.581811],[-95.403546,29.58181],[-95.403559,29.58181],[-95.403572,29.581809],[-95.403584,29.581809],[-95.403597,29.581809],[-95.40361,29.581809],[-95.403616,29.581809],[-95.403616,29.581809],[-95.403616,29.581809],[-95.403616,29.581809],[-95.403616,29.581809],[-95.403616,29.581809],[-95.403616,29.581809],[-95.403623,29.58181],[-95.403635,29.58181],[-95.403648,29.581811],[-95.403661,29.581812],[-95.403673,29.581813],[-95.403686,29.581814],[-95.403699,29.581816],[-95.403711,29.581818],[-95.403716,29.581819],[-95.403721,29.581821],[-95.403725,29.581823],[-95.40373,29.581824],[-95.403735,29.581825],[-95.40374,29.581827],[-95.403745,29.581828],[-95.403749,29.581829],[-95.403754,29.58183],[-95.403759,29.581831],[-95.403764,29.581832],[-95.403769,29.581833],[-95.403774,29.581834],[-95.403779,29.581835],[-95.403784,29.581835],[-95.403789,29.581836],[-95.403794,29.581837],[-95.403799,29.581837],[-95.403804,29.581837],[-95.403813,29.581838],[-95.403938,29.581844],[-95.403965,29.581845],[-95.40399,29.581846],[-95.404016,29.581848],[-95.404041,29.58185],[-95.404066,29.581852],[-95.404091,29.581855],[-95.404116,29.581858],[-95.404142,29.581862],[-95.404276,29.58187],[-95.404465,29.581897],[-95.404491,29.581901],[-95.404536,29.581907],[-95.40474,29.581964],[-95.404747,29.581966],[-95.404751,29.581967],[-95.404754,29.581968],[-95.404758,29.581969],[-95.404762,29.58197],[-95.404765,29.581971],[-95.404769,29.581972],[-95.404772,29.581974],[-95.404776,29.581975],[-95.404779,29.581976],[-95.404782,29.581978],[-95.404786,29.581979],[-95.404789,29.581981],[-95.404792,29.581982],[-95.404796,29.581984],[-95.404799,29.581986],[-95.404802,29.581987],[-95.404805,29.581989],[-95.404808,29.581991],[-95.404812,29.581993],[-95.404815,29.581995],[-95.404818,29.581997],[-95.404821,29.581999],[-95.404824,29.582001],[-95.404829,29.582005],[-95.404832,29.582008],[-95.404835,29.582011],[-95.404838,29.582013],[-95.404841,29.582016],[-95.404844,29.582019],[-95.404847,29.582022],[-95.40485,29.582024],[-95.404852,29.582027],[-95.404855,29.58203],[-95.404857,29.582033],[-95.40486,29.582036],[-95.404862,29.582039],[-95.404865,29.582043],[-95.404867,29.582046],[-95.404869,29.582049],[-95.404872,29.582052],[-95.404874,29.582055],[-95.404876,29.582059],[-95.404878,29.582062],[-95.40488,29.582065],[-95.404882,29.582069],[-95.404883,29.582072],[-95.40489,29.582078],[-95.404896,29.582085],[-95.404903,29.582091],[-95.40491,29.582097],[-95.404917,29.582103],[-95.404924,29.582109],[-95.404931,29.582115],[-95.404938,29.58212],[-95.404946,29.582126],[-95.404953,29.582131],[-95.404961,29.582136],[-95.404969,29.582142],[-95.404977,29.582147],[-95.404985,29.582152],[-95.404996,29.582158],[-95.405057,29.5822],[-95.405068,29.582207],[-95.40508,29.582214],[-95.405092,29.582221],[-95.405104,29.582228],[-95.405116,29.582235],[-95.405128,29.582241],[-95.40514,29.582247],[-95.405152,29.582253],[-95.405165,29.582259],[-95.405178,29.582265],[-95.40519,29.58227],[-95.405203,29.582276],[-95.405216,29.582281],[-95.405238,29.582289],[-95.405384,29.582326],[-95.405539,29.582363],[-95.405554,29.582366],[-95.405568,29.582369],[-95.405583,29.582372],[-95.405598,29.582374],[-95.405612,29.582377],[-95.405627,29.582379],[-95.405642,29.582381],[-95.405657,29.582382],[-95.405672,29.582384],[-95.405687,29.582385],[-95.405702,29.582386],[-95.405717,29.582386],[-95.405732,29.582387],[-95.405733,29.582387],[-95.405747,29.582387],[-95.405762,29.582387],[-95.405777,29.582387],[-95.405792,29.582386],[-95.405807,29.582385],[-95.405822,29.582385],[-95.405837,29.582383],[-95.405852,29.582382],[-95.405866,29.58238],[-95.405881,29.582379],[-95.405907,29.582375],[-95.40607,29.582348],[-95.40611,29.58234],[-95.406131,29.582337],[-95.406152,29.582333],[-95.406173,29.582331],[-95.406195,29.582328],[-95.406216,29.582326],[-95.406238,29.582324],[-95.406259,29.582323],[-95.406281,29.582322],[-95.406303,29.582321],[-95.406324,29.582321],[-95.406346,29.582321],[-95.406367,29.582321],[-95.406389,29.582321],[-95.40639,29.582321],[-95.406411,29.582322],[-95.406411,29.582322],[-95.40642,29.582321],[-95.406426,29.58232],[-95.406433,29.582319],[-95.40644,29.582318],[-95.406446,29.582317],[-95.406453,29.582317],[-95.40646,29.582316],[-95.406467,29.582316],[-95.406474,29.582316],[-95.40648,29.582316],[-95.406487,29.582315],[-95.406494,29.582315],[-95.406501,29.582316],[-95.406503,29.582316],[-95.406507,29.582316],[-95.406514,29.582316],[-95.406521,29.582317],[-95.406528,29.582317],[-95.406535,29.582318],[-95.406541,29.582319],[-95.406548,29.58232],[-95.406555,29.582321],[-95.406561,29.582322],[-95.406568,29.582323],[-95.406575,29.582324],[-95.406581,29.582325],[-95.406588,29.582327],[-95.406594,29.582328],[-95.406601,29.58233],[-95.406607,29.582332],[-95.406659,29.582343],[-95.406711,29.582354],[-95.407703,29.582588],[-95.408697,29.582883],[-95.408702,29.582883],[-95.408882,29.582878],[-95.408886,29.582878],[-95.408939,29.582882],[-95.408994,29.582887],[-95.409002,29.582888],[-95.409009,29.582888],[-95.409017,29.582889],[-95.409024,29.582889],[-95.409032,29.58289],[-95.409037,29.58289],[-95.40904,29.58289],[-95.409047,29.58289],[-95.409055,29.58289],[-95.409062,29.58289],[-95.40907,29.582889],[-95.409077,29.582889],[-95.409085,29.582888],[-95.409092,29.582888],[-95.4091,29.582887],[-95.409107,29.582886],[-95.409115,29.582885],[-95.409122,29.582884],[-95.40913,29.582883],[-95.409137,29.582881],[-95.409145,29.58288],[-95.409152,29.582878],[-95.409159,29.582877],[-95.40917,29.582874],[-95.40918,29.582872],[-95.409189,29.58287],[-95.409198,29.582868],[-95.409207,29.582865],[-95.409217,29.582863],[-95.409226,29.58286],[-95.409235,29.582858],[-95.409244,29.582855],[-95.409253,29.582852],[-95.409262,29.582849],[-95.409271,29.582845],[-95.40928,29.582842],[-95.409288,29.582838],[-95.409297,29.582835],[-95.409306,29.582831],[-95.409314,29.582827],[-95.409322,29.582823],[-95.409331,29.582819],[-95.409339,29.582814],[-95.409347,29.58281],[-95.409355,29.582805],[-95.409363,29.5828],[-95.409371,29.582796],[-95.409379,29.582791],[-95.409387,29.582786],[-95.409399,29.582777],[-95.409406,29.582773],[-95.409413,29.582769],[-95.409419,29.582765],[-95.409426,29.582761],[-95.409433,29.582757],[-95.40944,29.582753],[-95.409447,29.582749],[-95.409454,29.582746],[-95.409461,29.582742],[-95.409469,29.582739],[-95.409476,29.582736],[-95.409483,29.582733],[-95.409491,29.58273],[-95.409498,29.582727],[-95.409506,29.582724],[-95.409513,29.582722],[-95.409521,29.582719],[-95.409528,29.582717],[-95.409536,29.582714],[-95.409544,29.582712],[-95.409552,29.58271],[-95.40956,29.582708],[-95.409572,29.582706],[-95.409581,29.582704],[-95.40959,29.582703],[-95.409599,29.582702],[-95.409608,29.582701],[-95.409617,29.5827],[-95.409626,29.582699],[-95.409635,29.582698],[-95.409644,29.582698],[-95.409652,29.582698],[-95.409661,29.582697],[-95.40967,29.582697],[-95.409679,29.582697],[-95.409688,29.582698],[-95.409691,29.582698],[-95.409691,29.582698],[-95.409691,29.582698],[-95.409691,29.582698],[-95.409697,29.582698],[-95.409706,29.582698],[-95.409715,29.582699],[-95.409724,29.5827],[-95.409733,29.582701],[-95.409742,29.582702],[-95.40975,29.582703],[-95.409759,29.582704],[-95.409768,29.582705],[-95.409777,29.582707],[-95.409785,29.582709],[-95.409794,29.58271],[-95.409803,29.582712],[-95.409811,29.582714],[-95.40982,29.582717],[-95.409828,29.582719],[-95.410419,29.582858],[-95.410605,29.58291],[-95.410709,29.582942],[-95.410776,29.58296],[-95.410853,29.582979],[-95.410921,29.582994],[-95.411035,29.583017],[-95.4112,29.583038],[-95.411335,29.583058],[-95.411609,29.583102],[-95.411773,29.583131],[-95.411821,29.58314],[-95.411869,29.583149],[-95.411917,29.583156],[-95.411966,29.583163],[-95.412015,29.58317],[-95.412064,29.583175],[-95.412113,29.58318],[-95.412207,29.583187],[-95.412278,29.583191],[-95.412715,29.583255],[-95.412736,29.583257],[-95.412757,29.583258],[-95.412778,29.583259],[-95.412799,29.58326],[-95.412804,29.58326],[-95.41282,29.583261],[-95.412841,29.583261],[-95.412856,29.583261],[-95.412863,29.583261],[-95.412914,29.583262],[-95.413028,29.583264],[-95.413028,29.583367],[-95.413652,29.583378],[-95.413652,29.583378],[-95.413652,29.583378],[-95.413652,29.583378],[-95.413652,29.583378],[-95.413652,29.583378],[-95.413652,29.583378],[-95.413652,29.583378],[-95.413653,29.583378],[-95.413951,29.583383],[-95.414612,29.582949],[-95.414989,29.582878],[-95.415599,29.582902],[-95.416311,29.583054],[-95.416779,29.583272],[-95.417333,29.583174],[-95.424215,29.580683],[-95.430657,29.583652],[-95.430704,29.583675],[-95.43102,29.58383],[-95.430998,29.584147],[-95.431004,29.584503],[-95.430938,29.584893],[-95.429927,29.587711],[-95.429478,29.588831],[-95.428968,29.590099],[-95.428294,29.591771],[-95.427977,29.592749],[-95.42776,29.593583],[-95.427645,29.594022],[-95.42754,29.594303],[-95.427297,29.594957],[-95.426704,29.596444],[-95.42579,29.598758],[-95.425207,29.600117],[-95.424782,29.601074],[-95.423932,29.602688],[-95.423317,29.604273],[-95.422493,29.606349],[-95.421017,29.609991],[-95.419579,29.613641],[-95.413953,29.627767],[-95.413101,29.627766],[-95.412394,29.627778],[-95.410995,29.6278],[-95.409758,29.627821],[-95.409239,29.627829],[-95.408559,29.627754],[-95.408149,29.627661],[-95.407413,29.627502],[-95.407158,29.627455],[-95.406299,29.627295],[-95.405515,29.627262],[-95.404924,29.627238],[-95.404389,29.627288],[-95.403793,29.627344],[-95.402791,29.627495],[-95.40226,29.627598],[-95.401863,29.627675],[-95.401246,29.627688],[-95.400643,29.6277],[-95.399197,29.62773],[-95.397961,29.627755],[-95.396731,29.62778],[-95.394869,29.627818],[-95.39364,29.62784],[-95.391534,29.627868],[-95.390966,29.62784],[-95.390353,29.627784],[-95.389958,29.627727]]]},"properties":{"Campus__Number":104,"Campus_Short_Name":"Almeda ES","Street_Address":"14226 Almeda School Rd"}},{"type":"Feature","geometry":{"type":"Polygon","coordinates":[[[-95.340968,29.607758],[-95.340936,29.605231],[-95.340883,29.602189],[-95.340815,29.599028],[-95.340758,29.597187],[-95.340723,29.596399],[-95.340617,29.595706],[-95.340524,29.595104],[-95.340186,29.594234],[-95.339795,29.593544],[-95.33986,29.59355],[-95.340095,29.593564],[-95.340102,29.593567],[-95.340109,29.593569],[-95.340116,29.593571],[-95.340123,29.593572],[-95.34013,29.593574],[-95.340137,29.593576],[-95.340144,29.593577],[-95.340151,29.593579],[-95.340158,29.59358],[-95.340165,29.593581],[-95.340172,29.593582],[-95.340179,29.593583],[-95.340186,29.593584],[-95.340193,29.593585],[-95.3402,29.593585],[-95.340208,29.593586],[-95.340215,29.593586],[-95.340222,29.593586],[-95.340225,29.593586],[-95.340229,29.593586],[-95.340236,29.593586],[-95.340244,29.593586],[-95.340251,29.593586],[-95.340258,29.593586],[-95.340265,29.593585],[-95.340272,29.593585],[-95.340279,29.593584],[-95.340286,29.593583],[-95.340294,29.593582],[-95.340301,29.593581],[-95.340308,29.59358],[-95.340315,29.593579],[-95.340326,29.593577],[-95.340438,29.593558],[-95.340439,29.593558],[-95.340441,29.593558],[-95.340443,29.593558],[-95.340445,29.593557],[-95.340446,29.593557],[-95.340448,29.593557],[-95.34045,29.593557],[-95.340452,29.593557],[-95.340453,29.593556],[-95.340455,29.593556],[-95.340457,29.593556],[-95.340459,29.593555],[-95.34046,29.593555],[-95.340462,29.593555],[-95.340464,29.593554],[-95.340466,29.593554],[-95.340467,29.593553],[-95.340469,29.593553],[-95.340471,29.593552],[-95.340472,29.593552],[-95.340474,29.593551],[-95.340476,29.593551],[-95.340477,29.59355],[-95.340479,29.593549],[-95.34048,29.593549],[-95.340482,29.593548],[-95.340484,29.593547],[-95.340485,29.593546],[-95.340487,29.593546],[-95.340488,29.593545],[-95.34049,29.593544],[-95.340491,29.593543],[-95.340493,29.593542],[-95.340494,29.593541],[-95.340496,29.59354],[-95.340497,29.593539],[-95.340499,29.593538],[-95.3405,29.593537],[-95.340501,29.593536],[-95.340503,29.593535],[-95.340504,29.593534],[-95.340505,29.593533],[-95.340507,29.593532],[-95.340508,29.593531],[-95.340509,29.59353],[-95.34051,29.593529],[-95.340512,29.593527],[-95.340513,29.593526],[-95.340514,29.593525],[-95.340515,29.593524],[-95.340516,29.593523],[-95.340517,29.593521],[-95.340518,29.59352],[-95.340519,29.593519],[-95.340521,29.593517],[-95.340522,29.593516],[-95.340522,29.593515],[-95.340523,29.593513],[-95.340524,29.593512],[-95.340526,29.59351],[-95.340527,29.593507],[-95.340529,29.593505],[-95.34053,29.593503],[-95.340531,29.593501],[-95.340533,29.593498],[-95.340534,29.593496],[-95.340536,29.593494],[-95.340537,29.593493],[-95.340539,29.593491],[-95.34054,29.593489],[-95.340542,29.593487],[-95.340544,29.593485],[-95.340545,29.593483],[-95.340547,29.593481],[-95.340549,29.59348],[-95.34055,29.593478],[-95.340552,29.593476],[-95.340554,29.593474],[-95.340556,29.593473],[-95.340558,29.593471],[-95.34056,29.593469],[-95.340562,29.593468],[-95.340564,29.593466],[-95.340566,29.593465],[-95.340568,29.593463],[-95.34057,29.593462],[-95.340572,29.593461],[-95.340574,29.593459],[-95.340577,29.593458],[-95.340579,29.593457],[-95.340581,29.593455],[-95.340583,29.593454],[-95.340585,29.593453],[-95.340588,29.593452],[-95.34059,29.593451],[-95.340611,29.593445],[-95.340787,29.59243],[-95.340828,29.592428],[-95.341063,29.592422],[-95.341678,29.592125],[-95.341872,29.591933],[-95.342213,29.5913],[-95.342243,29.591237],[-95.342322,29.591078],[-95.342569,29.590896],[-95.342853,29.590639],[-95.343248,29.590382],[-95.343273,29.590366],[-95.343297,29.59035],[-95.343321,29.590334],[-95.343345,29.590317],[-95.343369,29.590299],[-95.343392,29.590282],[-95.343414,29.590264],[-95.343437,29.590245],[-95.343459,29.590227],[-95.343481,29.590208],[-95.343502,29.590188],[-95.343523,29.590169],[-95.343544,29.590149],[-95.343564,29.590128],[-95.343584,29.590108],[-95.343603,29.590087],[-95.343622,29.590065],[-95.343641,29.590044],[-95.343659,29.590022],[-95.343677,29.59],[-95.343704,29.589965],[-95.343987,29.589654],[-95.343995,29.58964],[-95.343996,29.589638],[-95.343999,29.589633],[-95.344002,29.589629],[-95.344006,29.589623],[-95.344007,29.589621],[-95.344013,29.589613],[-95.344013,29.589613],[-95.344018,29.589606],[-95.34402,29.589603],[-95.344024,29.589598],[-95.344027,29.589593],[-95.34403,29.58959],[-95.344035,29.589584],[-95.344036,29.589582],[-95.344043,29.589575],[-95.344043,29.589574],[-95.344049,29.589567],[-95.344051,29.589565],[-95.344056,29.58956],[-95.344059,29.589556],[-95.344062,29.589553],[-95.344068,29.589547],[-95.344069,29.589546],[-95.344076,29.589539],[-95.344076,29.589539],[-95.344076,29.589539],[-95.344083,29.589532],[-95.344085,29.58953],[-95.34409,29.589525],[-95.344093,29.589523],[-95.344094,29.589522],[-95.344096,29.58952],[-95.344098,29.589518],[-95.344102,29.589515],[-95.344103,29.589513],[-95.344104,29.589513],[-95.344105,29.589512],[-95.344113,29.589505],[-95.344262,29.589301],[-95.344289,29.589268],[-95.344315,29.589234],[-95.344341,29.589201],[-95.344366,29.589166],[-95.344393,29.589127],[-95.344397,29.589122],[-95.3444,29.589118],[-95.344403,29.589113],[-95.344406,29.589108],[-95.344409,29.589103],[-95.344412,29.589098],[-95.344415,29.589093],[-95.344418,29.589088],[-95.344421,29.589081],[-95.344424,29.589076],[-95.344426,29.589071],[-95.344428,29.589066],[-95.34443,29.589061],[-95.344433,29.589055],[-95.344434,29.58905],[-95.344436,29.589045],[-95.344438,29.589039],[-95.34444,29.589034],[-95.344441,29.589029],[-95.344443,29.589023],[-95.344444,29.589018],[-95.344446,29.589012],[-95.344447,29.589007],[-95.344448,29.589001],[-95.344449,29.588996],[-95.34445,29.58899],[-95.34445,29.588985],[-95.344451,29.588979],[-95.344452,29.588973],[-95.344452,29.588968],[-95.344452,29.58896],[-95.344452,29.588958],[-95.344452,29.58895],[-95.344452,29.588946],[-95.344452,29.588942],[-95.344452,29.588941],[-95.344452,29.588939],[-95.344451,29.588933],[-95.344451,29.58893],[-95.344451,29.588929],[-95.344451,29.588926],[-95.344451,29.58892],[-95.344451,29.588919],[-95.344451,29.588918],[-95.344451,29.588917],[-95.344451,29.588913],[-95.344452,29.588907],[-95.344452,29.588906],[-95.344452,29.588906],[-95.344452,29.588906],[-95.344452,29.588905],[-95.344452,29.588901],[-95.344453,29.588894],[-95.344453,29.588894],[-95.344453,29.588894],[-95.344453,29.588888],[-95.344454,29.588882],[-95.344454,29.588881],[-95.344455,29.588875],[-95.344456,29.58887],[-95.344456,29.588869],[-95.344457,29.588862],[-95.344458,29.588859],[-95.344458,29.588856],[-95.34446,29.58885],[-95.34446,29.588847],[-95.344461,29.588843],[-95.344463,29.588837],[-95.344464,29.588835],[-95.344465,29.588831],[-95.344467,29.588825],[-95.344467,29.588824],[-95.344469,29.588818],[-95.344493,29.588762],[-95.344505,29.588735],[-95.344508,29.588732],[-95.344511,29.588728],[-95.344513,29.588725],[-95.344513,29.588725],[-95.344516,29.588721],[-95.344519,29.588718],[-95.34452,29.588715],[-95.34452,29.588715],[-95.34452,29.588715],[-95.34452,29.588715],[-95.344521,29.588714],[-95.344524,29.588711],[-95.344526,29.588707],[-95.344527,29.588705],[-95.344527,29.588705],[-95.344528,29.588703],[-95.34453,29.5887],[-95.344533,29.588696],[-95.344533,29.588695],[-95.344534,29.588694],[-95.344534,29.588694],[-95.344534,29.588694],[-95.344535,29.588692],[-95.344537,29.588688],[-95.344539,29.588684],[-95.344539,29.588684],[-95.344539,29.588684],[-95.344539,29.588684],[-95.34454,29.588681],[-95.344542,29.588677],[-95.344544,29.588673],[-95.344544,29.588673],[-95.344544,29.588673],[-95.344544,29.588673],[-95.344545,29.588669],[-95.344547,29.588665],[-95.344548,29.588662],[-95.344548,29.588661],[-95.344548,29.588661],[-95.344548,29.588661],[-95.34455,29.588657],[-95.344552,29.588651],[-95.344552,29.588648],[-95.344553,29.588606],[-95.344553,29.58856],[-95.344553,29.588515],[-95.344551,29.588469],[-95.344549,29.588424],[-95.344545,29.588378],[-95.344541,29.588333],[-95.344536,29.588288],[-95.344528,29.588228],[-95.3445,29.58811],[-95.344496,29.588097],[-95.344496,29.588096],[-95.344496,29.588096],[-95.344496,29.588096],[-95.344491,29.588084],[-95.344491,29.588083],[-95.344487,29.588071],[-95.344486,29.58807],[-95.344482,29.588058],[-95.344481,29.588057],[-95.344476,29.588045],[-95.344476,29.588044],[-95.344471,29.588032],[-95.34447,29.588031],[-95.344465,29.58802],[-95.344464,29.588018],[-95.344459,29.588007],[-95.344458,29.588006],[-95.344453,29.587995],[-95.344452,29.587993],[-95.344446,29.587983],[-95.344445,29.587981],[-95.344442,29.587976],[-95.344439,29.58797],[-95.344438,29.587968],[-95.344432,29.587958],[-95.344431,29.587957],[-95.344428,29.587951],[-95.344425,29.587946],[-95.344424,29.587945],[-95.34442,29.587939],[-95.344417,29.587934],[-95.344416,29.587933],[-95.344413,29.587927],[-95.34441,29.587923],[-95.344409,29.587921],[-95.344405,29.587915],[-95.344402,29.587911],[-95.344401,29.58791],[-95.344396,29.587904],[-95.344393,29.587899],[-95.344392,29.587898],[-95.344388,29.587891],[-95.344385,29.587888],[-95.344384,29.587887],[-95.344379,29.58788],[-95.344376,29.587877],[-95.344375,29.587876],[-95.344364,29.587861],[-95.344362,29.58786],[-95.344353,29.58785],[-95.344352,29.587848],[-95.34435,29.587845],[-95.344346,29.587842],[-95.344346,29.587841],[-95.344346,29.587841],[-95.344345,29.58784],[-95.344341,29.587835],[-95.344339,29.587833],[-95.344338,29.587832],[-95.344337,29.587831],[-95.344331,29.587823],[-95.344331,29.587823],[-95.34433,29.587823],[-95.34433,29.587823],[-95.34433,29.587822],[-95.34433,29.587822],[-95.344324,29.587814],[-95.344323,29.587813],[-95.344322,29.587812],[-95.344321,29.58781],[-95.344321,29.58781],[-95.344321,29.58781],[-95.344321,29.58781],[-95.34432,29.58781],[-95.34432,29.58781],[-95.34432,29.58781],[-95.344317,29.587806],[-95.344316,29.587803],[-95.344313,29.5878],[-95.344311,29.587797],[-95.344308,29.587793],[-95.344306,29.58779],[-95.344306,29.58779],[-95.344306,29.58779],[-95.344305,29.587788],[-95.344299,29.58778],[-95.344299,29.587779],[-95.344293,29.58777],[-95.344292,29.587769],[-95.34429,29.587766],[-95.344287,29.587761],[-95.344286,29.587759],[-95.344284,29.587756],[-95.344282,29.587752],[-95.34428,29.587749],[-95.344278,29.587745],[-95.344276,29.587742],[-95.344274,29.587738],[-95.344272,29.587734],[-95.344271,29.587733],[-95.344266,29.587724],[-95.344266,29.587723],[-95.344261,29.587714],[-95.344261,29.587712],[-95.34426,29.587711],[-95.344257,29.587704],[-95.344256,29.587702],[-95.344254,29.587699],[-95.344254,29.587698],[-95.344252,29.587695],[-95.344251,29.587691],[-95.344249,29.587687],[-95.344248,29.587685],[-95.344245,29.587677],[-95.344245,29.587676],[-95.344244,29.587675],[-95.34424,29.587665],[-95.344234,29.587636],[-95.344234,29.587635],[-95.344233,29.587633],[-95.344229,29.587612],[-95.344226,29.587591],[-95.344225,29.587589],[-95.344225,29.587587],[-95.344222,29.587568],[-95.344222,29.587566],[-95.344222,29.587564],[-95.344219,29.587543],[-95.344216,29.58752],[-95.344214,29.587497],[-95.344212,29.587474],[-95.344211,29.587452],[-95.344211,29.58745],[-95.344212,29.587441],[-95.344212,29.58744],[-95.344212,29.587434],[-95.344213,29.587429],[-95.344213,29.587428],[-95.344213,29.587427],[-95.344214,29.58742],[-95.344214,29.587418],[-95.344214,29.587415],[-95.344214,29.587414],[-95.344215,29.587407],[-95.344216,29.587404],[-95.344216,29.587403],[-95.344217,29.5874],[-95.344218,29.587394],[-95.344218,29.587392],[-95.344219,29.587387],[-95.344221,29.58738],[-95.344221,29.58738],[-95.344221,29.58738],[-95.344223,29.587374],[-95.344224,29.587368],[-95.344224,29.587368],[-95.344224,29.587368],[-95.344224,29.587368],[-95.344225,29.587367],[-95.344227,29.587361],[-95.344228,29.587357],[-95.344229,29.587354],[-95.344231,29.587348],[-95.344232,29.587345],[-95.344233,29.587342],[-95.344236,29.587335],[-95.344236,29.587333],[-95.344238,29.587329],[-95.344241,29.587323],[-95.344241,29.587322],[-95.344244,29.587316],[-95.344247,29.587311],[-95.344247,29.58731],[-95.34425,29.587304],[-95.344252,29.5873],[-95.344253,29.587298],[-95.344257,29.587292],[-95.344259,29.587289],[-95.34426,29.587286],[-95.344264,29.58728],[-95.344343,29.587182],[-95.344347,29.587177],[-95.34435,29.587173],[-95.344353,29.587171],[-95.344353,29.587171],[-95.344353,29.587171],[-95.344353,29.58717],[-95.344356,29.587167],[-95.344359,29.587164],[-95.344363,29.587161],[-95.344363,29.587161],[-95.344363,29.58716],[-95.344366,29.587157],[-95.344369,29.587154],[-95.344373,29.587151],[-95.344373,29.587151],[-95.344376,29.587148],[-95.34438,29.587145],[-95.344383,29.587143],[-95.344385,29.587141],[-95.344385,29.587141],[-95.344387,29.58714],[-95.34439,29.587137],[-95.344394,29.587134],[-95.344397,29.587133],[-95.344397,29.587132],[-95.344397,29.587132],[-95.344397,29.587132],[-95.344398,29.587132],[-95.344402,29.587129],[-95.344405,29.587127],[-95.344409,29.587125],[-95.344409,29.587124],[-95.344413,29.587122],[-95.344417,29.58712],[-95.344421,29.587117],[-95.344422,29.587117],[-95.344426,29.587115],[-95.34443,29.587113],[-95.344434,29.587111],[-95.344435,29.58711],[-95.344435,29.58711],[-95.344436,29.58711],[-95.344438,29.587109],[-95.344442,29.587107],[-95.344447,29.587105],[-95.344449,29.587104],[-95.344451,29.587103],[-95.344455,29.587102],[-95.34446,29.5871],[-95.344464,29.587099],[-95.344464,29.587098],[-95.344469,29.587097],[-95.344473,29.587095],[-95.344478,29.587094],[-95.344478,29.587094],[-95.344478,29.587094],[-95.344478,29.587094],[-95.344478,29.587094],[-95.344482,29.587093],[-95.344487,29.587091],[-95.344762,29.586998],[-95.344767,29.586996],[-95.344771,29.586994],[-95.344774,29.586993],[-95.344774,29.586993],[-95.344776,29.586992],[-95.344781,29.58699],[-95.344785,29.586987],[-95.344785,29.586987],[-95.344785,29.586987],[-95.344785,29.586987],[-95.34479,29.586985],[-95.344794,29.586983],[-95.344796,29.586982],[-95.344797,29.586981],[-95.344799,29.58698],[-95.344803,29.586978],[-95.344807,29.586975],[-95.344807,29.586975],[-95.344812,29.586972],[-95.344816,29.58697],[-95.344817,29.586969],[-95.344818,29.586968],[-95.34482,29.586967],[-95.344824,29.586964],[-95.344827,29.586961],[-95.344828,29.586961],[-95.344828,29.586961],[-95.344828,29.586961],[-95.344832,29.586958],[-95.344836,29.586955],[-95.344837,29.586954],[-95.344837,29.586954],[-95.344837,29.586954],[-95.344837,29.586954],[-95.34484,29.586952],[-95.344847,29.586946],[-95.344988,29.586787],[-95.344988,29.586787],[-95.344993,29.586782],[-95.344997,29.586778],[-95.344997,29.586777],[-95.345002,29.586772],[-95.345005,29.586769],[-95.345006,29.586768],[-95.345006,29.586767],[-95.345011,29.586762],[-95.345013,29.586759],[-95.345014,29.586759],[-95.345014,29.586759],[-95.345014,29.586758],[-95.345015,29.586757],[-95.345019,29.586752],[-95.345021,29.58675],[-95.345022,29.586749],[-95.345023,29.586747],[-95.345027,29.586741],[-95.345028,29.58674],[-95.345029,29.586739],[-95.345029,29.586739],[-95.345029,29.586739],[-95.345029,29.586739],[-95.345029,29.586739],[-95.345031,29.586736],[-95.345035,29.58673],[-95.345035,29.58673],[-95.345036,29.586729],[-95.345036,29.586729],[-95.345036,29.586729],[-95.345036,29.586729],[-95.345036,29.586729],[-95.345036,29.586729],[-95.345038,29.586725],[-95.345042,29.586719],[-95.345045,29.586714],[-95.345048,29.586709],[-95.345049,29.586708],[-95.345052,29.586702],[-95.345054,29.586698],[-95.345054,29.586697],[-95.345055,29.586696],[-95.345058,29.586691],[-95.345059,29.586688],[-95.34506,29.586686],[-95.345061,29.586685],[-95.345063,29.586679],[-95.345064,29.586678],[-95.345068,29.586668],[-95.34507,29.586665],[-95.345071,29.586663],[-95.345073,29.58666],[-95.345077,29.586654],[-95.345077,29.586653],[-95.345082,29.586646],[-95.345083,29.586644],[-95.345085,29.586642],[-95.345086,29.58664],[-95.345091,29.586633],[-95.345091,29.586633],[-95.345096,29.586627],[-95.345099,29.586622],[-95.345101,29.58662],[-95.345106,29.586614],[-95.345107,29.586613],[-95.345109,29.586611],[-95.345111,29.586608],[-95.345116,29.586602],[-95.345117,29.586601],[-95.345122,29.586595],[-95.345124,29.586594],[-95.345126,29.586592],[-95.345128,29.586589],[-95.345134,29.586583],[-95.345134,29.586583],[-95.345134,29.586583],[-95.345134,29.586583],[-95.34514,29.586577],[-95.345143,29.586574],[-95.345146,29.586572],[-95.345152,29.586566],[-95.345153,29.586565],[-95.345153,29.586565],[-95.345154,29.586564],[-95.345158,29.58656],[-95.345163,29.586556],[-95.345164,29.586555],[-95.345171,29.58655],[-95.345173,29.586548],[-95.345173,29.586547],[-95.345175,29.586547],[-95.345177,29.586544],[-95.345184,29.586539],[-95.345189,29.586535],[-95.345192,29.586533],[-95.345195,29.586531],[-95.345195,29.586531],[-95.345195,29.586531],[-95.345195,29.586531],[-95.345198,29.586529],[-95.3452,29.586527],[-95.345203,29.586525],[-95.345206,29.586524],[-95.345206,29.586524],[-95.345206,29.586523],[-95.345206,29.586523],[-95.345209,29.586522],[-95.345212,29.58652],[-95.345215,29.586518],[-95.345218,29.586517],[-95.345218,29.586517],[-95.345218,29.586517],[-95.345219,29.586517],[-95.345222,29.586515],[-95.345225,29.586514],[-95.345228,29.586512],[-95.345231,29.586511],[-95.345231,29.586511],[-95.345231,29.586511],[-95.345234,29.586509],[-95.345238,29.586508],[-95.345241,29.586507],[-95.345244,29.586505],[-95.345244,29.586505],[-95.345244,29.586505],[-95.345248,29.586504],[-95.345251,29.586503],[-95.345254,29.586502],[-95.345258,29.586501],[-95.345259,29.586501],[-95.345261,29.5865],[-95.345265,29.586499],[-95.345268,29.586498],[-95.345272,29.586497],[-95.345272,29.586497],[-95.345272,29.586497],[-95.345275,29.586497],[-95.345279,29.586496],[-95.345282,29.586495],[-95.345286,29.586495],[-95.345286,29.586495],[-95.345286,29.586495],[-95.345286,29.586494],[-95.345289,29.586494],[-95.345293,29.586493],[-95.345296,29.586493],[-95.3453,29.586493],[-95.345303,29.586492],[-95.345307,29.586492],[-95.345311,29.586492],[-95.345314,29.586492],[-95.345314,29.586492],[-95.345315,29.586491],[-95.345616,29.58645],[-95.345623,29.586449],[-95.34563,29.586448],[-95.34563,29.586448],[-95.34563,29.586448],[-95.345636,29.586447],[-95.345643,29.586446],[-95.345644,29.586446],[-95.34565,29.586445],[-95.345657,29.586444],[-95.345657,29.586444],[-95.345657,29.586444],[-95.345657,29.586444],[-95.345663,29.586443],[-95.34567,29.586441],[-95.345671,29.586441],[-95.345677,29.58644],[-95.345683,29.586438],[-95.345684,29.586438],[-95.34569,29.586436],[-95.345696,29.586435],[-95.345697,29.586434],[-95.345698,29.586434],[-95.345698,29.586434],[-95.345703,29.586433],[-95.345709,29.586431],[-95.345711,29.58643],[-95.345716,29.586429],[-95.345722,29.586426],[-95.345724,29.586426],[-95.345728,29.586424],[-95.345735,29.586422],[-95.345736,29.586421],[-95.345741,29.586419],[-95.345747,29.586417],[-95.345749,29.586416],[-95.345753,29.586414],[-95.345759,29.586411],[-95.345761,29.58641],[-95.345762,29.58641],[-95.345762,29.58641],[-95.345762,29.58641],[-95.345762,29.58641],[-95.345765,29.586408],[-95.345771,29.586405],[-95.345773,29.586404],[-95.345773,29.586404],[-95.345773,29.586404],[-95.345773,29.586404],[-95.345774,29.586404],[-95.345774,29.586404],[-95.345774,29.586404],[-95.345777,29.586402],[-95.345783,29.586399],[-95.345785,29.586398],[-95.345786,29.586397],[-95.345786,29.586397],[-95.345786,29.586397],[-95.345789,29.586396],[-95.345795,29.586392],[-95.345797,29.586391],[-95.345797,29.586391],[-95.3458,29.586389],[-95.345806,29.586385],[-95.345808,29.586384],[-95.345809,29.586384],[-95.345809,29.586384],[-95.345809,29.586384],[-95.345811,29.586382],[-95.345817,29.586378],[-95.345819,29.586377],[-95.34582,29.586376],[-95.345822,29.586374],[-95.34583,29.586369],[-95.345834,29.586366],[-95.345839,29.586364],[-95.345842,29.586362],[-95.345842,29.586362],[-95.345843,29.586361],[-95.345843,29.586361],[-95.345843,29.586361],[-95.345848,29.586358],[-95.345852,29.586355],[-95.345854,29.586354],[-95.345854,29.586354],[-95.345856,29.586353],[-95.345861,29.58635],[-95.345865,29.586347],[-95.345866,29.586346],[-95.345866,29.586346],[-95.345866,29.586346],[-95.345869,29.586344],[-95.345873,29.58634],[-95.345877,29.586338],[-95.345877,29.586337],[-95.345881,29.586334],[-95.345885,29.586331],[-95.345887,29.586329],[-95.345888,29.586329],[-95.345888,29.586328],[-95.345888,29.586328],[-95.345889,29.586327],[-95.345893,29.586324],[-95.345896,29.586321],[-95.345898,29.586319],[-95.345898,29.586319],[-95.3459,29.586317],[-95.345903,29.586313],[-95.345907,29.58631],[-95.345907,29.586309],[-95.345907,29.586309],[-95.345907,29.586309],[-95.345907,29.586309],[-95.34591,29.586306],[-95.345914,29.586302],[-95.345916,29.586299],[-95.345916,29.586299],[-95.345916,29.586299],[-95.345916,29.586299],[-95.345917,29.586299],[-95.34592,29.586295],[-95.345923,29.586291],[-95.345925,29.586289],[-95.345925,29.586288],[-95.345926,29.586287],[-95.345929,29.586283],[-95.345932,29.586279],[-95.345933,29.586278],[-95.345933,29.586278],[-95.345933,29.586278],[-95.345933,29.586278],[-95.345935,29.586275],[-95.345937,29.586271],[-95.34594,29.586266],[-95.345942,29.586262],[-95.345945,29.586258],[-95.345947,29.586255],[-95.345947,29.586255],[-95.345947,29.586255],[-95.345947,29.586255],[-95.345947,29.586255],[-95.345947,29.586254],[-95.345949,29.586249],[-95.345952,29.586245],[-95.345953,29.586243],[-95.345954,29.586241],[-95.345956,29.586236],[-95.346056,29.586093],[-95.34606,29.586086],[-95.346061,29.586085],[-95.346063,29.586082],[-95.346065,29.586079],[-95.346068,29.586073],[-95.346069,29.586072],[-95.346073,29.586065],[-95.346074,29.586063],[-95.346075,29.586061],[-95.346075,29.586061],[-95.346075,29.586061],[-95.346075,29.586061],[-95.346077,29.586058],[-95.34608,29.586053],[-95.34608,29.586052],[-95.346081,29.586051],[-95.346084,29.586044],[-95.346085,29.586042],[-95.346086,29.586041],[-95.346086,29.586041],[-95.346086,29.586041],[-95.346086,29.58604],[-95.346088,29.586036],[-95.346089,29.586033],[-95.346091,29.58603],[-95.346091,29.586029],[-95.346095,29.586021],[-95.346095,29.586021],[-95.346096,29.586019],[-95.346096,29.586019],[-95.346096,29.586019],[-95.346096,29.586019],[-95.346098,29.586014],[-95.346099,29.586012],[-95.346099,29.58601],[-95.3461,29.586009],[-95.346101,29.586006],[-95.346103,29.585999],[-95.346104,29.585999],[-95.346107,29.585989],[-95.346107,29.585988],[-95.346107,29.585988],[-95.346108,29.585987],[-95.346109,29.585982],[-95.346109,29.585978],[-95.346109,29.585977],[-95.34611,29.585975],[-95.346111,29.585972],[-95.346111,29.585969],[-95.346112,29.585966],[-95.346112,29.585966],[-95.346113,29.585963],[-95.346114,29.58596],[-95.346115,29.585956],[-95.346116,29.585956],[-95.346116,29.585953],[-95.346117,29.58595],[-95.346119,29.585947],[-95.34612,29.585945],[-95.34612,29.585945],[-95.34612,29.585945],[-95.34612,29.585945],[-95.34612,29.585944],[-95.346121,29.585941],[-95.346123,29.585938],[-95.346124,29.585935],[-95.346124,29.585935],[-95.346126,29.585932],[-95.346127,29.585929],[-95.346129,29.585927],[-95.34613,29.585925],[-95.346131,29.585924],[-95.346132,29.585921],[-95.346134,29.585918],[-95.346136,29.585915],[-95.346136,29.585915],[-95.346138,29.585913],[-95.34614,29.58591],[-95.346142,29.585907],[-95.346143,29.585906],[-95.346144,29.585906],[-95.346145,29.585905],[-95.346146,29.585904],[-95.346147,29.585903],[-95.346148,29.585902],[-95.346148,29.585902],[-95.346149,29.585901],[-95.34615,29.5859],[-95.346151,29.585899],[-95.346152,29.585898],[-95.346153,29.585897],[-95.346153,29.585897],[-95.346153,29.585897],[-95.346153,29.585896],[-95.346154,29.585895],[-95.346155,29.585894],[-95.346156,29.585893],[-95.346156,29.585892],[-95.346157,29.585892],[-95.346158,29.585891],[-95.346158,29.58589],[-95.346159,29.585889],[-95.34616,29.585888],[-95.34616,29.585888],[-95.34616,29.585888],[-95.34616,29.585888],[-95.34616,29.585888],[-95.34616,29.585887],[-95.346161,29.585885],[-95.346161,29.585884],[-95.346162,29.585883],[-95.346163,29.585882],[-95.346163,29.585881],[-95.346163,29.58588],[-95.346164,29.585879],[-95.346164,29.585878],[-95.346165,29.585877],[-95.346165,29.585877],[-95.346165,29.585877],[-95.346165,29.585877],[-95.346165,29.585876],[-95.346166,29.585875],[-95.346166,29.585874],[-95.346166,29.585873],[-95.346166,29.585871],[-95.346167,29.58587],[-95.346167,29.585869],[-95.346167,29.585868],[-95.346167,29.585867],[-95.346168,29.585866],[-95.346168,29.585866],[-95.346168,29.585866],[-95.346168,29.585866],[-95.346168,29.585865],[-95.346168,29.585864],[-95.346168,29.585863],[-95.346168,29.585861],[-95.346168,29.58586],[-95.346168,29.585859],[-95.346168,29.585858],[-95.346168,29.585857],[-95.346168,29.585856],[-95.346168,29.585855],[-95.346168,29.585855],[-95.346168,29.585853],[-95.346171,29.585843],[-95.346179,29.585818],[-95.34618,29.585814],[-95.34619,29.58578],[-95.346192,29.585775],[-95.346193,29.585773],[-95.346195,29.585772],[-95.346196,29.58577],[-95.346197,29.585769],[-95.346199,29.585767],[-95.3462,29.585765],[-95.346202,29.585764],[-95.346203,29.585762],[-95.346204,29.585761],[-95.346204,29.585761],[-95.346204,29.58576],[-95.346205,29.585759],[-95.346207,29.585757],[-95.346208,29.585755],[-95.346209,29.585754],[-95.34621,29.585752],[-95.346211,29.58575],[-95.346211,29.58575],[-95.346211,29.58575],[-95.346212,29.585748],[-95.346213,29.585747],[-95.346214,29.585745],[-95.346215,29.585743],[-95.346216,29.585741],[-95.346217,29.58574],[-95.346217,29.585739],[-95.346217,29.585739],[-95.346217,29.585737],[-95.346218,29.585736],[-95.346219,29.585734],[-95.34622,29.585732],[-95.34622,29.58573],[-95.346221,29.585728],[-95.346221,29.585728],[-95.346221,29.585728],[-95.346221,29.585728],[-95.346222,29.585726],[-95.346222,29.585724],[-95.346223,29.585722],[-95.346223,29.58572],[-95.346223,29.585718],[-95.346224,29.585717],[-95.346224,29.585717],[-95.346224,29.585717],[-95.346224,29.585717],[-95.346224,29.585716],[-95.346224,29.585715],[-95.346224,29.585713],[-95.346225,29.585711],[-95.346225,29.585709],[-95.346225,29.585707],[-95.346225,29.585705],[-95.346225,29.585705],[-95.346225,29.585703],[-95.346225,29.585701],[-95.346226,29.585699],[-95.346225,29.585697],[-95.346225,29.585695],[-95.346225,29.585693],[-95.346225,29.585693],[-95.346225,29.585693],[-95.346225,29.585693],[-95.346225,29.585691],[-95.346225,29.585689],[-95.346225,29.585687],[-95.346225,29.585685],[-95.346224,29.585682],[-95.346225,29.585677],[-95.346225,29.585675],[-95.346225,29.585672],[-95.346226,29.58567],[-95.346226,29.58567],[-95.346226,29.58567],[-95.346226,29.58567],[-95.346226,29.585668],[-95.346227,29.585665],[-95.346227,29.585663],[-95.346228,29.58566],[-95.346229,29.585658],[-95.346229,29.585658],[-95.346229,29.585658],[-95.346229,29.585658],[-95.34623,29.585656],[-95.34623,29.585654],[-95.346231,29.585651],[-95.346232,29.585649],[-95.346233,29.585647],[-95.346233,29.585647],[-95.346233,29.585647],[-95.346234,29.585644],[-95.346235,29.585642],[-95.346236,29.58564],[-95.346237,29.585638],[-95.346238,29.585636],[-95.346238,29.585636],[-95.346238,29.585636],[-95.34624,29.585633],[-95.346241,29.585631],[-95.346242,29.585629],[-95.346243,29.585627],[-95.346245,29.585625],[-95.346245,29.585625],[-95.346245,29.585625],[-95.346246,29.585623],[-95.346248,29.585621],[-95.346249,29.585619],[-95.346251,29.585617],[-95.346252,29.585615],[-95.346252,29.585615],[-95.346252,29.585615],[-95.346254,29.585613],[-95.346256,29.585611],[-95.346257,29.585609],[-95.346259,29.585607],[-95.346261,29.585605],[-95.346261,29.585605],[-95.346261,29.585605],[-95.346263,29.585604],[-95.346264,29.585602],[-95.346266,29.5856],[-95.346268,29.585598],[-95.34627,29.585596],[-95.34627,29.585596],[-95.34627,29.585596],[-95.346272,29.585595],[-95.346274,29.585593],[-95.346276,29.585591],[-95.346278,29.58559],[-95.34628,29.585588],[-95.34628,29.585588],[-95.34628,29.585588],[-95.346283,29.585587],[-95.346285,29.585585],[-95.346287,29.585584],[-95.346289,29.585582],[-95.346291,29.585581],[-95.346291,29.585581],[-95.346292,29.585581],[-95.346294,29.58558],[-95.346296,29.585578],[-95.346298,29.585577],[-95.346301,29.585576],[-95.346303,29.585574],[-95.346306,29.585573],[-95.346308,29.585572],[-95.346311,29.585571],[-95.346313,29.58557],[-95.346316,29.585569],[-95.346318,29.585568],[-95.346321,29.585567],[-95.346323,29.585566],[-95.346326,29.585565],[-95.346328,29.585564],[-95.346331,29.585563],[-95.346334,29.585563],[-95.346336,29.585562],[-95.346339,29.585561],[-95.346342,29.585561],[-95.346344,29.58556],[-95.346352,29.585558],[-95.346355,29.585558],[-95.346357,29.585557],[-95.346362,29.585556],[-95.346367,29.585555],[-95.346369,29.585555],[-95.346371,29.585555],[-95.346376,29.585554],[-95.346381,29.585553],[-95.346382,29.585553],[-95.346386,29.585553],[-95.346391,29.585552],[-95.346396,29.585552],[-95.346396,29.585552],[-95.346401,29.585551],[-95.346406,29.585551],[-95.34641,29.585551],[-95.34641,29.585551],[-95.34641,29.585551],[-95.34641,29.585551],[-95.34641,29.585551],[-95.34641,29.585551],[-95.34641,29.585551],[-95.346415,29.585551],[-95.34642,29.585551],[-95.346424,29.585551],[-95.346425,29.585551],[-95.34643,29.585551],[-95.346435,29.585551],[-95.34644,29.585551],[-95.346441,29.585551],[-95.346445,29.585551],[-95.34645,29.585552],[-95.346454,29.585552],[-95.346459,29.585553],[-95.346464,29.585553],[-95.346468,29.585554],[-95.346469,29.585554],[-95.346474,29.585555],[-95.346479,29.585555],[-95.346482,29.585556],[-95.346483,29.585556],[-95.346508,29.585562],[-95.346638,29.585592],[-95.346638,29.585592],[-95.346638,29.585592],[-95.346638,29.585592],[-95.346777,29.585621],[-95.347023,29.585671],[-95.347196,29.585691],[-95.347196,29.585691],[-95.347196,29.585691],[-95.347196,29.585691],[-95.347343,29.58571],[-95.347489,29.585732],[-95.347505,29.585734],[-95.347507,29.585735],[-95.34751,29.585735],[-95.34751,29.585735],[-95.34751,29.585735],[-95.34751,29.585735],[-95.34751,29.585735],[-95.34751,29.585735],[-95.347511,29.585735],[-95.347523,29.585737],[-95.347526,29.585737],[-95.347528,29.585738],[-95.347528,29.585738],[-95.347528,29.585738],[-95.347544,29.58574],[-95.347562,29.585742],[-95.347563,29.585742],[-95.347579,29.585744],[-95.347581,29.585744],[-95.347586,29.585744],[-95.347586,29.585744],[-95.347586,29.585744],[-95.347586,29.585744],[-95.347597,29.585745],[-95.3476,29.585745],[-95.347603,29.585746],[-95.347614,29.585746],[-95.347619,29.585747],[-95.34762,29.585747],[-95.34762,29.585747],[-95.34762,29.585747],[-95.347622,29.585747],[-95.347636,29.585748],[-95.347638,29.585748],[-95.347654,29.585748],[-95.347656,29.585748],[-95.34766,29.585748],[-95.347661,29.585748],[-95.347671,29.585749],[-95.347675,29.585749],[-95.347678,29.585749],[-95.347694,29.585749],[-95.347696,29.585749],[-95.347711,29.585749],[-95.347713,29.585749],[-95.347729,29.585748],[-95.347729,29.585748],[-95.347729,29.585748],[-95.347732,29.585748],[-95.347735,29.585748],[-95.347747,29.585748],[-95.347747,29.585748],[-95.347747,29.585748],[-95.347747,29.585748],[-95.347747,29.585748],[-95.347747,29.585748],[-95.347747,29.585748],[-95.34775,29.585748],[-95.347752,29.585747],[-95.347786,29.585745],[-95.347787,29.585745],[-95.347792,29.585745],[-95.347803,29.585744],[-95.347805,29.585744],[-95.347808,29.585743],[-95.34782,29.585742],[-95.347824,29.585741],[-95.347827,29.585741],[-95.347843,29.585738],[-95.347845,29.585738],[-95.34786,29.585735],[-95.347861,29.585735],[-95.347891,29.585729],[-95.347892,29.585729],[-95.347904,29.585726],[-95.347904,29.585726],[-95.347911,29.585725],[-95.347918,29.585723],[-95.34792,29.585723],[-95.347925,29.585722],[-95.347932,29.585721],[-95.347934,29.585721],[-95.347935,29.585721],[-95.347937,29.58572],[-95.347939,29.58572],[-95.347947,29.585719],[-95.34795,29.585719],[-95.347952,29.585718],[-95.347954,29.585718],[-95.347961,29.585718],[-95.347966,29.585717],[-95.347968,29.585717],[-95.347976,29.585716],[-95.347982,29.585716],[-95.347982,29.585716],[-95.347982,29.585716],[-95.347983,29.585716],[-95.34799,29.585716],[-95.347997,29.585716],[-95.347998,29.585716],[-95.347998,29.585716],[-95.347998,29.585716],[-95.347998,29.585716],[-95.348004,29.585716],[-95.348012,29.585717],[-95.348013,29.585717],[-95.348013,29.585717],[-95.348013,29.585717],[-95.348013,29.585717],[-95.348019,29.585717],[-95.348026,29.585718],[-95.348028,29.585718],[-95.34803,29.585718],[-95.348033,29.585719],[-95.34804,29.58572],[-95.348043,29.58572],[-95.348045,29.58572],[-95.348047,29.585721],[-95.348054,29.585722],[-95.348059,29.585723],[-95.348061,29.585723],[-95.348068,29.585725],[-95.348074,29.585726],[-95.348075,29.585727],[-95.348082,29.585728],[-95.348089,29.58573],[-95.348089,29.58573],[-95.348089,29.58573],[-95.348096,29.585732],[-95.348103,29.585735],[-95.348104,29.585735],[-95.348104,29.585735],[-95.348104,29.585735],[-95.348104,29.585735],[-95.34811,29.585737],[-95.348118,29.585739],[-95.348118,29.585739],[-95.348118,29.585739],[-95.348118,29.585739],[-95.348122,29.58574],[-95.34813,29.585742],[-95.348132,29.585743],[-95.348138,29.585744],[-95.348145,29.585746],[-95.348146,29.585747],[-95.348154,29.585749],[-95.348158,29.58575],[-95.348159,29.58575],[-95.348162,29.585751],[-95.348169,29.585754],[-95.348172,29.585755],[-95.348177,29.585756],[-95.348184,29.585759],[-95.348186,29.58576],[-95.348192,29.585762],[-95.348199,29.585765],[-95.348199,29.585765],[-95.348207,29.585768],[-95.348212,29.58577],[-95.348214,29.585771],[-95.348222,29.585775],[-95.348224,29.585776],[-95.348229,29.585778],[-95.348236,29.585782],[-95.348237,29.585782],[-95.348243,29.585785],[-95.348249,29.585789],[-95.34825,29.585789],[-95.348257,29.585793],[-95.348261,29.585796],[-95.348264,29.585797],[-95.34827,29.585801],[-95.348272,29.585802],[-95.348274,29.585804],[-95.348277,29.585806],[-95.348284,29.58581],[-95.348284,29.58581],[-95.34829,29.585814],[-95.348295,29.585818],[-95.348297,29.585819],[-95.348303,29.585824],[-95.348306,29.585826],[-95.348309,29.585828],[-95.348315,29.585833],[-95.348317,29.585835],[-95.348321,29.585838],[-95.348327,29.585843],[-95.348327,29.585843],[-95.348327,29.585843],[-95.348327,29.585843],[-95.348327,29.585843],[-95.348333,29.585848],[-95.348337,29.585852],[-95.348337,29.585852],[-95.348339,29.585854],[-95.348344,29.585859],[-95.348346,29.585861],[-95.348347,29.585862],[-95.348348,29.585863],[-95.34835,29.585864],[-95.348355,29.58587],[-95.348356,29.585871],[-95.348357,29.585871],[-95.348358,29.585872],[-95.348361,29.585875],[-95.348366,29.585881],[-95.348511,29.586047],[-95.34852,29.586057],[-95.348672,29.586232],[-95.348839,29.586382],[-95.348841,29.586383],[-95.348843,29.586384],[-95.348847,29.586387],[-95.348851,29.586389],[-95.348853,29.58639],[-95.348853,29.58639],[-95.348853,29.58639],[-95.348855,29.586391],[-95.34886,29.586393],[-95.348864,29.586395],[-95.348866,29.586396],[-95.348866,29.586396],[-95.348866,29.586396],[-95.348866,29.586396],[-95.348866,29.586396],[-95.348868,29.586397],[-95.348873,29.586399],[-95.348877,29.586401],[-95.348879,29.586401],[-95.348879,29.586401],[-95.348879,29.586402],[-95.348881,29.586403],[-95.348886,29.586404],[-95.34889,29.586406],[-95.348891,29.586406],[-95.348892,29.586406],[-95.348892,29.586406],[-95.348892,29.586406],[-95.348895,29.586408],[-95.348899,29.586409],[-95.348904,29.58641],[-95.348905,29.586411],[-95.348905,29.586411],[-95.348905,29.586411],[-95.348905,29.586411],[-95.348909,29.586412],[-95.348913,29.586413],[-95.348918,29.586414],[-95.348919,29.586414],[-95.348923,29.586415],[-95.348927,29.586416],[-95.348932,29.586417],[-95.348932,29.586417],[-95.348932,29.586417],[-95.348932,29.586417],[-95.348932,29.586417],[-95.348933,29.586417],[-95.348937,29.586418],[-95.348942,29.586419],[-95.348947,29.58642],[-95.348951,29.586421],[-95.348956,29.586421],[-95.348961,29.586422],[-95.348961,29.586422],[-95.348961,29.586422],[-95.348961,29.586422],[-95.348961,29.586422],[-95.348966,29.586422],[-95.348971,29.586422],[-95.348975,29.586423],[-95.348976,29.586423],[-95.34898,29.586423],[-95.348985,29.586423],[-95.348989,29.586423],[-95.348989,29.586423],[-95.348989,29.586423],[-95.348989,29.586423],[-95.348989,29.586423],[-95.34899,29.586423],[-95.348995,29.586423],[-95.349,29.586423],[-95.349004,29.586423],[-95.349004,29.586423],[-95.349004,29.586423],[-95.349004,29.586423],[-95.349005,29.586423],[-95.34901,29.586423],[-95.349015,29.586422],[-95.349018,29.586422],[-95.349018,29.586422],[-95.34902,29.586422],[-95.349024,29.586421],[-95.349029,29.586421],[-95.349032,29.586421],[-95.349032,29.586421],[-95.349032,29.586421],[-95.349034,29.58642],[-95.349041,29.586419],[-95.349045,29.586418],[-95.349047,29.586418],[-95.349053,29.586417],[-95.349058,29.586416],[-95.349058,29.586416],[-95.349064,29.586415],[-95.34907,29.586414],[-95.34907,29.586414],[-95.34907,29.586414],[-95.34907,29.586414],[-95.34907,29.586414],[-95.349076,29.586413],[-95.349081,29.586412],[-95.349083,29.586412],[-95.349087,29.586411],[-95.349093,29.586411],[-95.349095,29.586411],[-95.349099,29.58641],[-95.349105,29.58641],[-95.349108,29.58641],[-95.34911,29.58641],[-95.349116,29.58641],[-95.349121,29.586409],[-95.349121,29.586409],[-95.349121,29.586409],[-95.349121,29.586409],[-95.349121,29.586409],[-95.349122,29.586409],[-95.349128,29.586409],[-95.349134,29.586409],[-95.349139,29.58641],[-95.349147,29.58641],[-95.349151,29.586411],[-95.349152,29.586411],[-95.349155,29.586411],[-95.349163,29.586412],[-95.349164,29.586412],[-95.349165,29.586412],[-95.34917,29.586412],[-95.349177,29.586412],[-95.349177,29.586412],[-95.349178,29.586412],[-95.349186,29.586413],[-95.34919,29.586413],[-95.349191,29.586413],[-95.349194,29.586413],[-95.349201,29.586413],[-95.349203,29.586413],[-95.349203,29.586412],[-95.349209,29.586412],[-95.349215,29.586412],[-95.349215,29.586412],[-95.349215,29.586412],[-95.349217,29.586412],[-95.349225,29.586412],[-95.349228,29.586411],[-95.349229,29.586411],[-95.349233,29.586411],[-95.34924,29.58641],[-95.34924,29.58641],[-95.34924,29.58641],[-95.349248,29.58641],[-95.349253,29.586409],[-95.349254,29.586409],[-95.349256,29.586409],[-95.349264,29.586408],[-95.349266,29.586407],[-95.349271,29.586406],[-95.349278,29.586405],[-95.349279,29.586405],[-95.349287,29.586404],[-95.349291,29.586403],[-95.349294,29.586402],[-95.349302,29.586401],[-95.349303,29.5864],[-95.349309,29.586399],[-95.349315,29.586397],[-95.349317,29.586397],[-95.349324,29.586395],[-95.349327,29.586394],[-95.349337,29.586392],[-95.349916,29.586279],[-95.349922,29.586277],[-95.349926,29.586275],[-95.349929,29.586274],[-95.34993,29.586274],[-95.349931,29.586273],[-95.349935,29.586272],[-95.349939,29.58627],[-95.349943,29.586269],[-95.349944,29.586269],[-95.349948,29.586268],[-95.349953,29.586267],[-95.349957,29.586266],[-95.349962,29.586264],[-95.349966,29.586263],[-95.349971,29.586263],[-95.349971,29.586262],[-95.349975,29.586262],[-95.34998,29.586261],[-95.349984,29.58626],[-95.349986,29.58626],[-95.349989,29.58626],[-95.349994,29.586259],[-95.349998,29.586258],[-95.35,29.586258],[-95.350003,29.586258],[-95.350008,29.586258],[-95.350012,29.586257],[-95.350014,29.586257],[-95.350017,29.586257],[-95.350021,29.586257],[-95.350026,29.586257],[-95.350029,29.586257],[-95.350031,29.586257],[-95.350035,29.586257],[-95.35004,29.586257],[-95.350043,29.586257],[-95.350045,29.586258],[-95.350049,29.586258],[-95.350054,29.586258],[-95.350058,29.586259],[-95.350058,29.586259],[-95.350063,29.586259],[-95.350068,29.58626],[-95.350072,29.58626],[-95.350087,29.58626],[-95.350089,29.58626],[-95.350095,29.586259],[-95.350102,29.586259],[-95.350104,29.586259],[-95.350111,29.586258],[-95.350117,29.586258],[-95.350118,29.586258],[-95.350126,29.586257],[-95.350132,29.586256],[-95.350134,29.586256],[-95.35014,29.586255],[-95.350146,29.586255],[-95.350149,29.586254],[-95.350155,29.586254],[-95.350161,29.586253],[-95.350163,29.586252],[-95.35017,29.586251],[-95.350176,29.586251],[-95.350178,29.58625],[-95.350184,29.586249],[-95.350191,29.586248],[-95.350193,29.586248],[-95.350199,29.586247],[-95.350205,29.586246],[-95.350208,29.586245],[-95.350214,29.586244],[-95.35022,29.586243],[-95.350222,29.586243],[-95.35023,29.586241],[-95.350234,29.58624],[-95.350237,29.586239],[-95.350244,29.586238],[-95.350249,29.586237],[-95.350251,29.586236],[-95.350259,29.586235],[-95.350263,29.586233],[-95.350266,29.586233],[-95.350273,29.586231],[-95.350278,29.58623],[-95.35028,29.586229],[-95.350288,29.586227],[-95.350292,29.586226],[-95.350295,29.586225],[-95.350302,29.586223],[-95.350306,29.586222],[-95.350309,29.586221],[-95.350317,29.586218],[-95.350321,29.586217],[-95.350323,29.586216],[-95.350331,29.586214],[-95.350335,29.586213],[-95.350338,29.586212],[-95.350345,29.586209],[-95.350349,29.586208],[-95.350352,29.586207],[-95.350359,29.586204],[-95.350363,29.586203],[-95.350366,29.586202],[-95.350373,29.586199],[-95.350377,29.586198],[-95.350379,29.586197],[-95.350387,29.586194],[-95.35039,29.586192],[-95.350392,29.586191],[-95.350411,29.586184],[-95.350492,29.586146],[-95.350493,29.586146],[-95.350573,29.586108],[-95.350575,29.586106],[-95.350761,29.586029],[-95.350765,29.586028],[-95.350769,29.586027],[-95.350773,29.586025],[-95.350775,29.586025],[-95.350775,29.586025],[-95.350775,29.586025],[-95.350775,29.586025],[-95.350777,29.586024],[-95.35078,29.586023],[-95.350784,29.586022],[-95.350788,29.58602],[-95.350792,29.586019],[-95.350796,29.586017],[-95.350799,29.586016],[-95.350801,29.586015],[-95.350801,29.586015],[-95.350801,29.586015],[-95.350801,29.586015],[-95.350803,29.586014],[-95.350807,29.586012],[-95.35081,29.586011],[-95.350814,29.586009],[-95.350818,29.586007],[-95.350821,29.586005],[-95.350825,29.586003],[-95.350826,29.586002],[-95.350826,29.586002],[-95.350827,29.586002],[-95.350827,29.586002],[-95.350828,29.586001],[-95.350832,29.585999],[-95.350835,29.585997],[-95.350838,29.585995],[-95.350838,29.585995],[-95.350838,29.585995],[-95.350842,29.585993],[-95.350845,29.58599],[-95.350848,29.585988],[-95.35085,29.585987],[-95.35085,29.585987],[-95.35085,29.585987],[-95.35085,29.585987],[-95.350851,29.585986],[-95.350855,29.585983],[-95.350858,29.585981],[-95.350861,29.585978],[-95.350861,29.585978],[-95.350861,29.585978],[-95.350861,29.585978],[-95.350864,29.585976],[-95.350867,29.585973],[-95.35087,29.58597],[-95.350871,29.585969],[-95.350871,29.585969],[-95.350873,29.585968],[-95.350875,29.585965],[-95.350878,29.585962],[-95.350881,29.585959],[-95.350881,29.585959],[-95.350881,29.585959],[-95.350883,29.585956],[-95.350886,29.585953],[-95.350889,29.585951],[-95.35089,29.585949],[-95.35089,29.585949],[-95.35089,29.585949],[-95.350891,29.585948],[-95.350893,29.585945],[-95.350896,29.585941],[-95.350898,29.585939],[-95.350898,29.585938],[-95.350898,29.585938],[-95.350898,29.585938],[-95.3509,29.585935],[-95.350903,29.585932],[-95.350905,29.585929],[-95.350905,29.585928],[-95.350908,29.585923],[-95.350914,29.585918],[-95.350915,29.585917],[-95.350916,29.585916],[-95.35092,29.585912],[-95.350924,29.585909],[-95.350925,29.585907],[-95.35093,29.585903],[-95.350933,29.585901],[-95.350934,29.5859],[-95.350935,29.585899],[-95.35094,29.585895],[-95.350943,29.585893],[-95.350944,29.585892],[-95.350944,29.585892],[-95.350945,29.585891],[-95.35095,29.585887],[-95.350954,29.585884],[-95.350955,29.585884],[-95.350955,29.585883],[-95.350961,29.58588],[-95.350965,29.585877],[-95.350965,29.585877],[-95.350965,29.585877],[-95.350965,29.585877],[-95.350965,29.585877],[-95.350965,29.585877],[-95.350966,29.585876],[-95.350972,29.585873],[-95.350976,29.58587],[-95.350977,29.585869],[-95.350983,29.585866],[-95.350988,29.585863],[-95.350988,29.585863],[-95.350994,29.585859],[-95.350999,29.585856],[-95.351,29.585856],[-95.351006,29.585853],[-95.351011,29.58585],[-95.351011,29.58585],[-95.351011,29.58585],[-95.351011,29.58585],[-95.351012,29.58585],[-95.351017,29.585847],[-95.351023,29.585845],[-95.351132,29.585727],[-95.351173,29.585694],[-95.351204,29.585668],[-95.351235,29.585641],[-95.351267,29.585615],[-95.351298,29.58559],[-95.3513,29.585589],[-95.351331,29.585566],[-95.351363,29.585542],[-95.351363,29.585542],[-95.351396,29.585519],[-95.351427,29.585498],[-95.351429,29.585496],[-95.351437,29.585492],[-95.351439,29.585492],[-95.35144,29.585491],[-95.351445,29.585489],[-95.351452,29.585485],[-95.351452,29.585485],[-95.351454,29.585485],[-95.351462,29.585481],[-95.351464,29.585479],[-95.351466,29.585478],[-95.351469,29.585476],[-95.351477,29.585472],[-95.351477,29.585472],[-95.351478,29.585472],[-95.351478,29.585472],[-95.351485,29.585468],[-95.351489,29.585465],[-95.351491,29.585464],[-95.351493,29.585463],[-95.351765,29.585493],[-95.351788,29.585486],[-95.351789,29.585486],[-95.351798,29.585484],[-95.351913,29.585451],[-95.351915,29.585451],[-95.352177,29.585377],[-95.352186,29.585377],[-95.352332,29.585366],[-95.352337,29.585367],[-95.35257,29.585385],[-95.353363,29.585386],[-95.353847,29.585704],[-95.354546,29.586083],[-95.354977,29.586315],[-95.356181,29.586671],[-95.356416,29.58665],[-95.356804,29.586478],[-95.357338,29.586058],[-95.357991,29.585702],[-95.358552,29.585207],[-95.35914,29.584993],[-95.359502,29.584929],[-95.359872,29.584687],[-95.360599,29.58456],[-95.361291,29.584743],[-95.361886,29.58496],[-95.362286,29.585134],[-95.362749,29.585241],[-95.362761,29.585568],[-95.362769,29.585779],[-95.362771,29.58578],[-95.363189,29.585941],[-95.363296,29.585971],[-95.363618,29.5861],[-95.364098,29.586167],[-95.364668,29.586101],[-95.365467,29.585757],[-95.366105,29.585529],[-95.366513,29.585423],[-95.36743,29.585137],[-95.36796,29.585056],[-95.36825,29.585061],[-95.369324,29.585786],[-95.370492,29.586213],[-95.370685,29.586268],[-95.370683,29.586109],[-95.370681,29.585944],[-95.370679,29.585742],[-95.371036,29.585993],[-95.371963,29.586651],[-95.372289,29.586709],[-95.372621,29.586838],[-95.373511,29.58734],[-95.3741,29.58767],[-95.374298,29.587717],[-95.3748,29.58802],[-95.375095,29.588145],[-95.375849,29.588291],[-95.376118,29.588328],[-95.376297,29.58823],[-95.376496,29.587993],[-95.376749,29.587857],[-95.376979,29.587785],[-95.377429,29.587852],[-95.377742,29.587949],[-95.378104,29.587956],[-95.378921,29.587746],[-95.379609,29.587505],[-95.379745,29.587457],[-95.37978,29.587454],[-95.380545,29.587181],[-95.381066,29.58703],[-95.38137,29.586928],[-95.381747,29.5869],[-95.382682,29.586778],[-95.383365,29.586774],[-95.383709,29.586816],[-95.38379,29.586834],[-95.383885,29.586855],[-95.38395,29.586873],[-95.384018,29.586885],[-95.384087,29.586891],[-95.384156,29.58689],[-95.384224,29.586883],[-95.384291,29.586869],[-95.384356,29.58685],[-95.384419,29.586824],[-95.384419,29.586824],[-95.38442,29.586824],[-95.384443,29.586808],[-95.384458,29.586799],[-95.384474,29.58679],[-95.384489,29.586781],[-95.384504,29.586772],[-95.38452,29.586764],[-95.384535,29.586756],[-95.384551,29.586749],[-95.384567,29.586741],[-95.384577,29.586734],[-95.384588,29.586727],[-95.384598,29.586719],[-95.384607,29.586712],[-95.384617,29.586704],[-95.384627,29.586696],[-95.384636,29.586687],[-95.384646,29.586679],[-95.384655,29.586671],[-95.384664,29.586662],[-95.384673,29.586653],[-95.384682,29.586644],[-95.38469,29.586635],[-95.384699,29.586625],[-95.384714,29.586607],[-95.384904,29.586391],[-95.384944,29.586336],[-95.385008,29.586244],[-95.385128,29.586057],[-95.385138,29.58604],[-95.385145,29.586029],[-95.385152,29.586018],[-95.38516,29.586007],[-95.385167,29.585996],[-95.385175,29.585985],[-95.385183,29.585975],[-95.385191,29.585965],[-95.385199,29.585954],[-95.385208,29.585944],[-95.385217,29.585934],[-95.385226,29.585924],[-95.385235,29.585914],[-95.385245,29.585905],[-95.385254,29.585895],[-95.385264,29.585886],[-95.385327,29.585841],[-95.385352,29.585819],[-95.385376,29.585796],[-95.385399,29.585772],[-95.385422,29.585749],[-95.385444,29.585725],[-95.385467,29.5857],[-95.385495,29.585669],[-95.385499,29.585667],[-95.385504,29.585664],[-95.385508,29.585661],[-95.385513,29.585659],[-95.385517,29.585656],[-95.385522,29.585654],[-95.385527,29.585652],[-95.385533,29.585649],[-95.385539,29.585648],[-95.385545,29.585646],[-95.385552,29.585644],[-95.385558,29.585642],[-95.385564,29.585641],[-95.385571,29.585639],[-95.385578,29.585638],[-95.385584,29.585636],[-95.385591,29.585635],[-95.385598,29.585634],[-95.385604,29.585632],[-95.385611,29.585631],[-95.385618,29.58563],[-95.385625,29.58563],[-95.385632,29.585629],[-95.385639,29.585628],[-95.385646,29.585627],[-95.385653,29.585627],[-95.38566,29.585626],[-95.385667,29.585626],[-95.385674,29.585626],[-95.385681,29.585625],[-95.385688,29.585625],[-95.385708,29.585621],[-95.385723,29.585618],[-95.385739,29.585618],[-95.385743,29.585618],[-95.385754,29.585619],[-95.38577,29.585621],[-95.385786,29.585623],[-95.385801,29.585626],[-95.385816,29.585629],[-95.38583,29.585633],[-95.385832,29.585633],[-95.385847,29.585636],[-95.385862,29.58564],[-95.385877,29.585643],[-95.385893,29.585646],[-95.385908,29.58565],[-95.385923,29.585653],[-95.385938,29.585657],[-95.385954,29.58566],[-95.385969,29.585663],[-95.385984,29.585666],[-95.386,29.585668],[-95.386006,29.585668],[-95.386016,29.585668],[-95.386022,29.585668],[-95.386031,29.585667],[-95.386047,29.585667],[-95.386063,29.585666],[-95.386078,29.585665],[-95.386094,29.585663],[-95.38611,29.585662],[-95.386125,29.58566],[-95.386141,29.585658],[-95.386156,29.585656],[-95.386172,29.585653],[-95.386182,29.585651],[-95.386187,29.58565],[-95.386203,29.585647],[-95.386218,29.585644],[-95.386233,29.585641],[-95.386249,29.585638],[-95.386264,29.585635],[-95.38628,29.585634],[-95.386295,29.585632],[-95.386304,29.585632],[-95.386527,29.597563],[-95.38672,29.605588],[-95.38701,29.622494],[-95.387053,29.631929],[-95.386213,29.631518],[-95.385879,29.6313],[-95.385478,29.631051],[-95.385116,29.630653],[-95.384529,29.629861],[-95.383959,29.629547],[-95.383179,29.629376],[-95.382085,29.629377],[-95.381395,29.629567],[-95.380978,29.629765],[-95.380557,29.630082],[-95.380267,29.630551],[-95.380186,29.630908],[-95.380029,29.631471],[-95.379848,29.631764],[-95.379567,29.631966],[-95.379147,29.632253],[-95.378696,29.63245],[-95.378445,29.632771],[-95.378155,29.633241],[-95.377953,29.634131],[-95.377762,29.634693],[-95.377678,29.635139],[-95.37739,29.635549],[-95.377,29.635956],[-95.376612,29.636274],[-95.376222,29.636646],[-95.376184,29.635398],[-95.372064,29.635472],[-95.372071,29.636203],[-95.36825,29.636244],[-95.367023,29.63619],[-95.364525,29.636242],[-95.36364,29.636151],[-95.363224,29.636162],[-95.358978,29.636121],[-95.355818,29.636113],[-95.355818,29.636105],[-95.355717,29.632281],[-95.355613,29.62892],[-95.355586,29.628202],[-95.348947,29.6282],[-95.348985,29.627036],[-95.348985,29.625936],[-95.349014,29.625005],[-95.348626,29.625003],[-95.348609,29.623199],[-95.348639,29.622959],[-95.348658,29.622498],[-95.348604,29.62102],[-95.344682,29.621025],[-95.344678,29.618828],[-95.344696,29.61659],[-95.340937,29.616579],[-95.340955,29.612147],[-95.340968,29.607758]]]},"properties":{"Campus__Number":263,"Campus_Short_Name":"Law ES","Street_Address":"12401 S Coast Dr"}},{"type":"Feature","geometry":{"type":"Polygon","coordinates":[[[-95.266561,29.611823],[-95.266539,29.609228],[-95.266539,29.609228],[-95.266539,29.609228],[-95.266539,29.609228],[-95.266508,29.606736],[-95.266508,29.606736],[-95.266508,29.606736],[-95.266508,29.606736],[-95.266463,29.604122],[-95.266463,29.604122],[-95.266463,29.604122],[-95.266463,29.604122],[-95.266463,29.604099],[-95.266463,29.604094],[-95.266463,29.604094],[-95.266463,29.604094],[-95.266463,29.604094],[-95.266463,29.604091],[-95.266463,29.60409],[-95.266463,29.60409],[-95.266463,29.60409],[-95.266463,29.60409],[-95.266458,29.603806],[-95.266458,29.603806],[-95.266458,29.603806],[-95.266458,29.603806],[-95.266426,29.601828],[-95.266426,29.601828],[-95.266426,29.601828],[-95.266426,29.601828],[-95.266425,29.601751],[-95.266425,29.601751],[-95.266425,29.601751],[-95.266425,29.601751],[-95.266424,29.60172],[-95.266424,29.601712],[-95.266424,29.601709],[-95.266424,29.601709],[-95.266424,29.601709],[-95.266424,29.601709],[-95.266424,29.601707],[-95.266424,29.601707],[-95.266424,29.601707],[-95.266424,29.601707],[-95.266423,29.601546],[-95.266422,29.601505],[-95.266413,29.601144],[-95.26642,29.599798],[-95.26642,29.599798],[-95.26642,29.599776],[-95.26642,29.599776],[-95.26642,29.599776],[-95.26642,29.599776],[-95.266412,29.599385],[-95.266412,29.599385],[-95.266412,29.599377],[-95.266412,29.599377],[-95.266412,29.599377],[-95.266412,29.599377],[-95.266374,29.596505],[-95.266374,29.596505],[-95.266374,29.596505],[-95.266374,29.596505],[-95.26637,29.596358],[-95.26637,29.596356],[-95.26637,29.596356],[-95.26637,29.596334],[-95.26637,29.596334],[-95.26637,29.596334],[-95.26637,29.596334],[-95.266497,29.59526],[-95.266805,29.595225],[-95.267168,29.595126],[-95.267719,29.594699],[-95.267779,29.594476],[-95.267915,29.594389],[-95.268425,29.59438],[-95.268573,29.594429],[-95.269057,29.594851],[-95.26922,29.594965],[-95.269649,29.595097],[-95.269826,29.595131],[-95.270276,29.595183],[-95.270562,29.595139],[-95.271257,29.594849],[-95.271352,29.594805],[-95.271634,29.594743],[-95.271684,29.594735],[-95.272093,29.595442],[-95.272094,29.595444],[-95.272081,29.594362],[-95.272281,29.594568],[-95.272582,29.59503],[-95.272861,29.595085],[-95.272863,29.595084],[-95.273184,29.594964],[-95.273207,29.594936],[-95.273244,29.594892],[-95.273345,29.594698],[-95.273451,29.594495],[-95.273556,29.594417],[-95.273661,29.594393],[-95.273666,29.594393],[-95.273999,29.594523],[-95.274375,29.594997],[-95.274667,29.595132],[-95.274749,29.595157],[-95.274927,29.59521],[-95.27493,29.595209],[-95.27494,29.595206],[-95.275067,29.595166],[-95.275219,29.595118],[-95.27549,29.594937],[-95.275804,29.594864],[-95.27642,29.594852],[-95.27642,29.594853],[-95.276423,29.595407],[-95.276435,29.595424],[-95.276435,29.595424],[-95.276435,29.595425],[-95.276435,29.595425],[-95.276474,29.595484],[-95.276532,29.595636],[-95.276554,29.595895],[-95.276857,29.596445],[-95.277332,29.596614],[-95.277552,29.596692],[-95.277866,29.596581],[-95.278159,29.596478],[-95.278159,29.59647],[-95.278155,29.596134],[-95.2782,29.596114],[-95.27828,29.596078],[-95.278436,29.595952],[-95.278662,29.595805],[-95.278887,29.595738],[-95.279308,29.59568],[-95.27956,29.595692],[-95.279804,29.595685],[-95.280222,29.595941],[-95.28038,29.596172],[-95.28042,29.59623],[-95.280749,29.596553],[-95.281071,29.596761],[-95.281323,29.597026],[-95.281452,29.597317],[-95.281799,29.597559],[-95.282033,29.597683],[-95.282259,29.597818],[-95.282549,29.597946],[-95.282701,29.598035],[-95.283767,29.597971],[-95.284015,29.597816],[-95.28413,29.59783],[-95.284341,29.597963],[-95.284672,29.598188],[-95.285368,29.598167],[-95.285535,29.598138],[-95.285663,29.597999],[-95.285817,29.597854],[-95.285938,29.597804],[-95.286167,29.597835],[-95.286174,29.597836],[-95.286179,29.597836],[-95.286784,29.59794],[-95.286851,29.597989],[-95.287663,29.598305],[-95.288035,29.598335],[-95.288753,29.598023],[-95.289007,29.597953],[-95.289605,29.597955],[-95.289888,29.597856],[-95.2899,29.597851],[-95.289917,29.597831],[-95.290043,29.597677],[-95.290112,29.59766],[-95.290178,29.597643],[-95.290362,29.597601],[-95.290513,29.597561],[-95.290679,29.597538],[-95.290842,29.597524],[-95.291014,29.597536],[-95.291185,29.597572],[-95.291432,29.597659],[-95.291611,29.597702],[-95.291808,29.597725],[-95.292061,29.597755],[-95.292304,29.597797],[-95.292463,29.59793],[-95.292522,29.59793],[-95.292581,29.597923],[-95.292638,29.59791],[-95.292692,29.597892],[-95.292744,29.597867],[-95.292786,29.597841],[-95.292825,29.597811],[-95.29286,29.597778],[-95.29289,29.597742],[-95.29296,29.597549],[-95.293005,29.597423],[-95.293018,29.597396],[-95.293022,29.597386],[-95.293026,29.597378],[-95.293035,29.597362],[-95.293045,29.597345],[-95.293054,29.597328],[-95.293064,29.597311],[-95.293075,29.597295],[-95.293085,29.597279],[-95.293096,29.597263],[-95.293107,29.597247],[-95.293119,29.597231],[-95.293125,29.597226],[-95.293131,29.597221],[-95.293137,29.597216],[-95.293143,29.597211],[-95.293148,29.597206],[-95.293154,29.597201],[-95.29316,29.597195],[-95.293165,29.59719],[-95.29317,29.597184],[-95.293175,29.597179],[-95.29318,29.597173],[-95.293185,29.597167],[-95.29319,29.597161],[-95.293195,29.597155],[-95.293199,29.59715],[-95.293204,29.597143],[-95.293208,29.597137],[-95.293212,29.597131],[-95.293217,29.597123],[-95.293223,29.597114],[-95.293259,29.597048],[-95.293287,29.596999],[-95.293317,29.596951],[-95.293347,29.596904],[-95.293378,29.596856],[-95.293411,29.59681],[-95.293414,29.596806],[-95.293444,29.596763],[-95.293447,29.596757],[-95.293449,29.596752],[-95.293451,29.596746],[-95.293454,29.596741],[-95.293454,29.596741],[-95.293454,29.596741],[-95.293454,29.596741],[-95.293456,29.596735],[-95.293459,29.59673],[-95.293462,29.596725],[-95.293465,29.59672],[-95.293468,29.596715],[-95.293471,29.596709],[-95.293474,29.596704],[-95.293478,29.596699],[-95.293481,29.596694],[-95.293485,29.59669],[-95.293488,29.596685],[-95.293492,29.59668],[-95.293496,29.596675],[-95.293497,29.596673],[-95.2935,29.59667],[-95.293504,29.596666],[-95.293508,29.596661],[-95.293512,29.596657],[-95.293517,29.596652],[-95.293521,29.596648],[-95.293526,29.596644],[-95.29353,29.596639],[-95.293535,29.596635],[-95.29354,29.596631],[-95.293545,29.596627],[-95.29355,29.596623],[-95.293555,29.596619],[-95.29356,29.596615],[-95.293565,29.596612],[-95.29357,29.596608],[-95.293575,29.596604],[-95.293581,29.596601],[-95.293586,29.596597],[-95.293592,29.596594],[-95.293597,29.596591],[-95.293603,29.596588],[-95.293609,29.596584],[-95.293614,29.596581],[-95.29362,29.596579],[-95.293626,29.596576],[-95.293632,29.596573],[-95.293638,29.59657],[-95.293644,29.596568],[-95.29365,29.596565],[-95.293656,29.596563],[-95.293662,29.596561],[-95.293669,29.596558],[-95.293675,29.596556],[-95.293681,29.596554],[-95.293688,29.596552],[-95.293694,29.59655],[-95.2937,29.596549],[-95.293707,29.596547],[-95.293713,29.596545],[-95.29372,29.596544],[-95.293726,29.596543],[-95.293733,29.596541],[-95.29374,29.59654],[-95.293746,29.596539],[-95.293753,29.596538],[-95.29376,29.596537],[-95.293766,29.596537],[-95.293773,29.596536],[-95.29378,29.596535],[-95.293786,29.596535],[-95.293793,29.596535],[-95.2938,29.596534],[-95.293807,29.596534],[-95.293813,29.596534],[-95.29382,29.596534],[-95.293827,29.596534],[-95.293833,29.596535],[-95.29384,29.596535],[-95.293847,29.596535],[-95.293853,29.596536],[-95.29386,29.596537],[-95.293867,29.596537],[-95.293873,29.596538],[-95.29388,29.596539],[-95.293887,29.59654],[-95.293893,29.596541],[-95.2939,29.596543],[-95.293906,29.596544],[-95.293913,29.596545],[-95.293919,29.596547],[-95.293926,29.596549],[-95.293932,29.59655],[-95.293938,29.596552],[-95.293945,29.596554],[-95.293951,29.596556],[-95.293957,29.596558],[-95.293963,29.59656],[-95.29397,29.596563],[-95.293976,29.596565],[-95.293982,29.596567],[-95.293988,29.59657],[-95.293994,29.596573],[-95.294,29.596575],[-95.294005,29.596578],[-95.294011,29.596581],[-95.294017,29.596584],[-95.294023,29.596587],[-95.294028,29.59659],[-95.294107,29.596616],[-95.294187,29.596636],[-95.294269,29.59665],[-95.294353,29.596657],[-95.294437,29.596659],[-95.29452,29.596654],[-95.294603,29.596643],[-95.294603,29.596643],[-95.294603,29.596643],[-95.294603,29.596643],[-95.294603,29.596643],[-95.294603,29.596643],[-95.294603,29.596643],[-95.294604,29.596643],[-95.294606,29.596643],[-95.294606,29.596643],[-95.294606,29.596643],[-95.294606,29.596643],[-95.294608,29.596642],[-95.294609,29.596642],[-95.29461,29.596642],[-95.294612,29.596642],[-95.294614,29.596641],[-95.294615,29.596641],[-95.294616,29.596641],[-95.294617,29.596641],[-95.294619,29.59664],[-95.29462,29.59664],[-95.29462,29.59664],[-95.29462,29.59664],[-95.294621,29.59664],[-95.294669,29.596622],[-95.294717,29.596603],[-95.294745,29.596592],[-95.294764,29.596584],[-95.294811,29.596564],[-95.294858,29.596543],[-95.294929,29.596509],[-95.294942,29.596503],[-95.29497,29.596497],[-95.295087,29.596468],[-95.295095,29.596466],[-95.295232,29.596432],[-95.295234,29.596432],[-95.295351,29.596396],[-95.295482,29.596355],[-95.295872,29.596204],[-95.296073,29.596177],[-95.296076,29.596178],[-95.29621,29.596206],[-95.296464,29.596391],[-95.296733,29.596567],[-95.296875,29.59664],[-95.296879,29.596639],[-95.297007,29.596594],[-95.297009,29.596581],[-95.297076,29.596568],[-95.297133,29.596557],[-95.29719,29.596548],[-95.297247,29.596539],[-95.297305,29.596531],[-95.297553,29.596521],[-95.297554,29.596522],[-95.298602,29.597042],[-95.298606,29.597041],[-95.299198,29.596861],[-95.299726,29.59612],[-95.299819,29.596121],[-95.300331,29.596126],[-95.301322,29.595806],[-95.302068,29.595509],[-95.303955,29.595176],[-95.303962,29.595177],[-95.305754,29.595243],[-95.305754,29.595243],[-95.308655,29.59492],[-95.308659,29.59492],[-95.309756,29.595041],[-95.311243,29.595856],[-95.312197,29.596377],[-95.314702,29.598012],[-95.314793,29.598025],[-95.31632,29.598247],[-95.316322,29.598246],[-95.317205,29.598036],[-95.317445,29.597979],[-95.317519,29.597961],[-95.317787,29.597897],[-95.317905,29.59789],[-95.317847,29.601518],[-95.317805,29.612071],[-95.311274,29.612027],[-95.302017,29.611996],[-95.30467,29.620861],[-95.296162,29.620822],[-95.289797,29.620806],[-95.286525,29.620788],[-95.285348,29.62079],[-95.285293,29.618489],[-95.285271,29.616545],[-95.285426,29.614152],[-95.285557,29.612402],[-95.285624,29.611653],[-95.282658,29.611689],[-95.279884,29.611705],[-95.276363,29.611721],[-95.272873,29.61175],[-95.269266,29.611793],[-95.266561,29.611823]]]},"properties":{"Campus__Number":264,"Campus_Short_Name":"Mitchell ES","Street_Address":"8050 Springtime Ln"}},{"type":"Feature","geometry":{"type":"Polygon","coordinates":[[[-95.266641,29.620329],[-95.266637,29.619823],[-95.266637,29.619823],[-95.266637,29.619823],[-95.266637,29.619823],[-95.266637,29.619819],[-95.266637,29.619819],[-95.266637,29.619819],[-95.266637,29.619819],[-95.266637,29.619681],[-95.266637,29.619681],[-95.266637,29.619681],[-95.266637,29.619681],[-95.266592,29.615205],[-95.266592,29.615204],[-95.266592,29.615204],[-95.266592,29.615204],[-95.266588,29.614994],[-95.266588,29.614994],[-95.266588,29.614994],[-95.266588,29.614994],[-95.266561,29.611823],[-95.269266,29.611793],[-95.272873,29.61175],[-95.276363,29.611721],[-95.279884,29.611705],[-95.282658,29.611689],[-95.285624,29.611653],[-95.285557,29.612402],[-95.285426,29.614152],[-95.285271,29.616545],[-95.285293,29.618489],[-95.285348,29.62079],[-95.286525,29.620788],[-95.289797,29.620806],[-95.296162,29.620822],[-95.30467,29.620861],[-95.304671,29.620863],[-95.306689,29.627584],[-95.307835,29.632647],[-95.311787,29.645558],[-95.311921,29.646009],[-95.310991,29.646469],[-95.31023,29.646833],[-95.3095,29.647067],[-95.308793,29.64724],[-95.307276,29.647358],[-95.306858,29.647386],[-95.306039,29.647508],[-95.305445,29.647659],[-95.304406,29.648104],[-95.302998,29.648781],[-95.300402,29.650079],[-95.29436,29.653065],[-95.288858,29.65582],[-95.288104,29.656179],[-95.287584,29.656427],[-95.286949,29.656729],[-95.286332,29.657023],[-95.285383,29.657434],[-95.284669,29.657615],[-95.283925,29.657711],[-95.28328,29.657764],[-95.281999,29.657776],[-95.279785,29.657832],[-95.278116,29.657869],[-95.272317,29.657985],[-95.269608,29.65806],[-95.26896,29.658045],[-95.268154,29.657973],[-95.267633,29.657869],[-95.267383,29.657765],[-95.267377,29.65742],[-95.267377,29.657419],[-95.267377,29.657419],[-95.267377,29.657419],[-95.267377,29.657405],[-95.267352,29.656327],[-95.267287,29.653581],[-95.267287,29.653581],[-95.267287,29.653581],[-95.267287,29.653581],[-95.267255,29.652046],[-95.266853,29.633099],[-95.266709,29.626282],[-95.266673,29.62461],[-95.266673,29.624609],[-95.266673,29.624609],[-95.266673,29.624609],[-95.266673,29.624501],[-95.266673,29.624501],[-95.266673,29.624501],[-95.266673,29.624501],[-95.266641,29.62033],[-95.266641,29.62033],[-95.266641,29.620329],[-95.266641,29.620329],[-95.266641,29.620329]]]},"properties":{"Campus__Number":383,"Campus_Short_Name":"DeAnda ES","Street_Address":"7980 Almeda Genoa Rd"}},{"type":"Feature","geometry":{"type":"Polygon","coordinates":[[[-95.555358,29.657804],[-95.553484,29.656165],[-95.549165,29.656232],[-95.54351,29.656245],[-95.542417,29.6563],[-95.538862,29.656332],[-95.53737,29.656338],[-95.536253,29.656337],[-95.536253,29.654849],[-95.536042,29.644351],[-95.536023,29.64324],[-95.536163,29.642903],[-95.536823,29.642373],[-95.518396,29.626779],[-95.521378,29.625636],[-95.521628,29.625753],[-95.526803,29.628174],[-95.526807,29.628176],[-95.528426,29.628933],[-95.528434,29.628937],[-95.531354,29.630302],[-95.532226,29.630703],[-95.532257,29.630717],[-95.532489,29.630824],[-95.532496,29.630827],[-95.532553,29.630853],[-95.534637,29.631808],[-95.53489,29.631925],[-95.535165,29.632051],[-95.535223,29.632077],[-95.535227,29.632079],[-95.535513,29.632209],[-95.535785,29.632333],[-95.53596,29.632413],[-95.536114,29.632483],[-95.536219,29.63253],[-95.536259,29.632549],[-95.536402,29.632617],[-95.536534,29.63268],[-95.536545,29.632685],[-95.536654,29.632737],[-95.536656,29.632738],[-95.536688,29.632753],[-95.536726,29.632771],[-95.536784,29.632799],[-95.537119,29.632958],[-95.537125,29.632961],[-95.537186,29.63299],[-95.539274,29.634731],[-95.539389,29.634826],[-95.539393,29.634829],[-95.539742,29.635117],[-95.542261,29.637198],[-95.542264,29.637195],[-95.542327,29.637138],[-95.543645,29.635947],[-95.54365,29.635949],[-95.543742,29.635991],[-95.543744,29.635992],[-95.543907,29.636067],[-95.543997,29.636107],[-95.54403,29.636122],[-95.546292,29.637154],[-95.546293,29.637155],[-95.546299,29.637157],[-95.546303,29.637481],[-95.546303,29.637532],[-95.546305,29.637678],[-95.546306,29.637873],[-95.546308,29.638069],[-95.546309,29.638263],[-95.54631,29.638459],[-95.546311,29.638511],[-95.546311,29.638529],[-95.546312,29.638667],[-95.546313,29.638831],[-95.546315,29.639046],[-95.546316,29.639246],[-95.546317,29.639447],[-95.546319,29.639648],[-95.54632,29.639847],[-95.546322,29.640049],[-95.546322,29.640104],[-95.546323,29.640269],[-95.54633,29.64083],[-95.54633,29.640835],[-95.546331,29.640846],[-95.546337,29.640846],[-95.546391,29.640843],[-95.546401,29.640842],[-95.546454,29.64084],[-95.546656,29.640838],[-95.546857,29.640836],[-95.546967,29.640835],[-95.546977,29.640835],[-95.547037,29.640835],[-95.547059,29.640835],[-95.547208,29.640834],[-95.547263,29.640834],[-95.547421,29.640833],[-95.547466,29.640833],[-95.547643,29.640832],[-95.547646,29.640832],[-95.547671,29.640832],[-95.54785,29.640831],[-95.547875,29.64083],[-95.548102,29.640828],[-95.548167,29.640824],[-95.548248,29.64082],[-95.548294,29.640817],[-95.548359,29.640815],[-95.548507,29.64081],[-95.548508,29.64081],[-95.548517,29.640812],[-95.54852,29.640813],[-95.548523,29.640814],[-95.548529,29.640814],[-95.548712,29.640812],[-95.548745,29.640812],[-95.548918,29.64081],[-95.548938,29.640808],[-95.548968,29.640806],[-95.548999,29.640806],[-95.549037,29.640806],[-95.549126,29.640807],[-95.549204,29.640806],[-95.549324,29.640805],[-95.549514,29.640802],[-95.549537,29.640802],[-95.549743,29.6408],[-95.549829,29.640799],[-95.54983,29.640799],[-95.549834,29.640799],[-95.549834,29.640793],[-95.549834,29.640792],[-95.549832,29.640646],[-95.54983,29.640545],[-95.54983,29.640545],[-95.54983,29.640545],[-95.54983,29.640543],[-95.549826,29.64027],[-95.549823,29.640063],[-95.54982,29.639868],[-95.549817,29.639674],[-95.549813,29.639465],[-95.54981,29.6393],[-95.549808,29.639091],[-95.549805,29.638896],[-95.549803,29.638782],[-95.549809,29.638785],[-95.550929,29.639303],[-95.552805,29.640172],[-95.554324,29.640875],[-95.554919,29.641151],[-95.555695,29.64151],[-95.555785,29.641552],[-95.555785,29.641552],[-95.555785,29.641552],[-95.556071,29.641683],[-95.556118,29.641705],[-95.557255,29.64223],[-95.557284,29.642243],[-95.557944,29.642549],[-95.557946,29.642549],[-95.558058,29.642598],[-95.558621,29.642843],[-95.558695,29.642875],[-95.558721,29.642886],[-95.559341,29.643173],[-95.559694,29.643337],[-95.559907,29.643436],[-95.560023,29.643489],[-95.56027,29.643603],[-95.560271,29.643604],[-95.560535,29.643726],[-95.560796,29.643847],[-95.561281,29.644071],[-95.561281,29.644071],[-95.561281,29.644072],[-95.561602,29.64422],[-95.561658,29.644246],[-95.561916,29.644365],[-95.562234,29.644513],[-95.562552,29.64466],[-95.563188,29.644954],[-95.563592,29.645141],[-95.563826,29.645249],[-95.563827,29.645249],[-95.564145,29.645397],[-95.564146,29.645397],[-95.564464,29.645544],[-95.564465,29.645545],[-95.564888,29.645741],[-95.564908,29.64575],[-95.565286,29.645925],[-95.565295,29.645929],[-95.565296,29.645929],[-95.565321,29.645941],[-95.565466,29.646007],[-95.565615,29.647933],[-95.565579,29.648024],[-95.565574,29.648036],[-95.565542,29.648119],[-95.56552,29.648174],[-95.564922,29.649686],[-95.564922,29.649687],[-95.563566,29.653117],[-95.56253,29.655706],[-95.562464,29.655868],[-95.562377,29.656084],[-95.561764,29.657594],[-95.561764,29.657594],[-95.561286,29.658772],[-95.561231,29.658914],[-95.561229,29.658919],[-95.561015,29.659469],[-95.560078,29.661876],[-95.559652,29.662926],[-95.559652,29.662928],[-95.559418,29.662859],[-95.559414,29.662858],[-95.558878,29.6627],[-95.558697,29.662188],[-95.55815,29.661159],[-95.557335,29.660004],[-95.556383,29.658845],[-95.555358,29.657804]]]},"properties":{"Campus__Number":151,"Campus_Short_Name":"Bell ES","Street_Address":"12323 Shaftsbury Dr"}},{"type":"Feature","geometry":{"type":"Polygon","coordinates":[[[-95.528031,29.655689],[-95.527981,29.652471],[-95.527966,29.651029],[-95.519364,29.651095],[-95.519204,29.648583],[-95.514939,29.64858],[-95.514885,29.645335],[-95.514287,29.645548],[-95.513519,29.643873],[-95.51317,29.643976],[-95.512867,29.644042],[-95.512527,29.644093],[-95.512149,29.644153],[-95.511683,29.644211],[-95.511215,29.644212],[-95.508317,29.644255],[-95.508309,29.643426],[-95.508204,29.636549],[-95.508173,29.633677],[-95.508136,29.632964],[-95.50804,29.632318],[-95.507955,29.631961],[-95.507663,29.631088],[-95.507634,29.630901],[-95.518396,29.626779],[-95.536823,29.642373],[-95.536163,29.642903],[-95.536023,29.64324],[-95.536042,29.644351],[-95.536253,29.654849],[-95.536253,29.656337],[-95.533911,29.656336],[-95.533083,29.656337],[-95.53248,29.656328],[-95.531937,29.656271],[-95.531274,29.656147],[-95.530602,29.655993],[-95.529971,29.655849],[-95.529402,29.655718],[-95.528729,29.655699],[-95.528031,29.655689],[-95.528031,29.655689]]]},"properties":{"Campus__Number":369,"Campus_Short_Name":"Gross ES","Street_Address":"12583 S Gessner Dr"}},{"type":"Feature","geometry":{"type":"Polygon","coordinates":[[[-95.481851,29.651421],[-95.481967,29.651006],[-95.480119,29.651006],[-95.477301,29.651151],[-95.476906,29.651038],[-95.471131,29.651168],[-95.467522,29.651221],[-95.463846,29.651284],[-95.4638,29.64785],[-95.484708,29.639735],[-95.493044,29.636498],[-95.493073,29.638786],[-95.493235,29.644483],[-95.500376,29.644377],[-95.504051,29.644335],[-95.505421,29.644294],[-95.505494,29.651127],[-95.500535,29.651153],[-95.500522,29.650237],[-95.498213,29.650254],[-95.49831,29.656636],[-95.497517,29.656639],[-95.497528,29.657133],[-95.494891,29.65713],[-95.492064,29.657195],[-95.492062,29.657195],[-95.487844,29.657258],[-95.485952,29.657253],[-95.485102,29.657274],[-95.484079,29.6573],[-95.483006,29.657326],[-95.482186,29.657455],[-95.481355,29.657569],[-95.481328,29.65663],[-95.481295,29.655317],[-95.481293,29.654789],[-95.48116,29.654378],[-95.480978,29.654107],[-95.48083,29.653974],[-95.480591,29.653758],[-95.480276,29.653469],[-95.480878,29.652858],[-95.481269,29.65242],[-95.48163,29.651863],[-95.481851,29.651421]]]},"properties":{"Campus__Number":105,"Campus_Short_Name":"Anderson ES","Street_Address":"5727 Ludington Dr"}},{"type":"Feature","geometry":{"type":"Polygon","coordinates":[[[-95.482762,29.675801],[-95.482696,29.673666],[-95.479868,29.673697],[-95.47983,29.670402],[-95.476548,29.670442],[-95.476545,29.670321],[-95.476523,29.668803],[-95.476525,29.668293],[-95.476599,29.667571],[-95.47661,29.666544],[-95.473679,29.66658],[-95.473247,29.666583],[-95.473222,29.66489],[-95.472636,29.664885],[-95.472488,29.664884],[-95.472288,29.664858],[-95.472165,29.664805],[-95.472074,29.664765],[-95.47189,29.664621],[-95.472656,29.66391],[-95.471858,29.663269],[-95.47102,29.662588],[-95.47041,29.662077],[-95.469839,29.6618],[-95.46937,29.661683],[-95.468996,29.661651],[-95.468441,29.661664],[-95.468429,29.660842],[-95.469079,29.660825],[-95.469084,29.660004],[-95.468711,29.659995],[-95.468564,29.659957],[-95.46832,29.659866],[-95.468035,29.659679],[-95.467793,29.659521],[-95.467313,29.659071],[-95.467665,29.658698],[-95.467858,29.658503],[-95.468038,29.658355],[-95.468294,29.658237],[-95.467398,29.656877],[-95.467609,29.656746],[-95.467599,29.65514],[-95.466353,29.655126],[-95.465743,29.655683],[-95.46393,29.655733],[-95.463846,29.651284],[-95.467522,29.651221],[-95.471131,29.651168],[-95.476906,29.651038],[-95.477301,29.651151],[-95.480119,29.651006],[-95.481967,29.651006],[-95.481851,29.651421],[-95.48163,29.651863],[-95.481269,29.65242],[-95.480878,29.652858],[-95.480276,29.653469],[-95.480591,29.653758],[-95.48083,29.653974],[-95.480978,29.654107],[-95.48116,29.654378],[-95.481293,29.654789],[-95.481295,29.655317],[-95.481328,29.65663],[-95.481355,29.657569],[-95.482186,29.657455],[-95.483006,29.657326],[-95.484079,29.6573],[-95.485102,29.657274],[-95.485952,29.657253],[-95.487844,29.657258],[-95.492062,29.657195],[-95.494891,29.65713],[-95.494914,29.658095],[-95.496595,29.658078],[-95.496792,29.658117],[-95.496877,29.65823],[-95.496891,29.658701],[-95.49691,29.659728],[-95.496943,29.661372],[-95.496945,29.662194],[-95.493656,29.662245],[-95.493265,29.662255],[-95.493276,29.663067],[-95.492178,29.663073],[-95.492228,29.666359],[-95.492253,29.670236],[-95.492259,29.67066],[-95.492283,29.6712],[-95.492342,29.671649],[-95.492572,29.672495],[-95.492919,29.673215],[-95.493203,29.673753],[-95.493498,29.674585],[-95.493655,29.675183],[-95.493679,29.676007],[-95.493227,29.676],[-95.492528,29.675982],[-95.492316,29.675977],[-95.492037,29.675894],[-95.491454,29.675594],[-95.490148,29.674881],[-95.489288,29.674401],[-95.488526,29.675835],[-95.488272,29.675707],[-95.487362,29.675454],[-95.48656,29.675242],[-95.485665,29.67518],[-95.484635,29.675229],[-95.482762,29.675801]]]},"properties":{"Campus__Number":215,"Campus_Short_Name":"Parker ES","Street_Address":"10626 Atwell Dr"}},{"type":"Feature","geometry":{"type":"Polygon","coordinates":[[[-95.447002,29.6874],[-95.4467,29.673231],[-95.4466,29.668542],[-95.446201,29.667641],[-95.445931,29.667132],[-95.445424,29.666402],[-95.444631,29.665593],[-95.440089,29.661826],[-95.438651,29.660633],[-95.437888,29.660183],[-95.436955,29.659872],[-95.435975,29.659738],[-95.435115,29.659715],[-95.434129,29.659761],[-95.431468,29.660262],[-95.43277,29.659815],[-95.442059,29.656383],[-95.449016,29.653652],[-95.46313,29.64811],[-95.4638,29.64785],[-95.463846,29.651284],[-95.463961,29.657423],[-95.464011,29.659271],[-95.464069,29.662641],[-95.464063,29.663429],[-95.464005,29.664311],[-95.463951,29.66451],[-95.463881,29.664774],[-95.463729,29.665412],[-95.463572,29.665857],[-95.463305,29.666592],[-95.462998,29.667419],[-95.461813,29.670759],[-95.459607,29.676181],[-95.459118,29.677649],[-95.458895,29.679363],[-95.458935,29.68137],[-95.458935,29.681467],[-95.457769,29.681222],[-95.457157,29.681146],[-95.456609,29.681161],[-95.456025,29.681235],[-95.455367,29.681487],[-95.451879,29.683484],[-95.451036,29.684118],[-95.450503,29.684701],[-95.449858,29.68555],[-95.449386,29.686343],[-95.448962,29.68675],[-95.448508,29.687007],[-95.447849,29.687288],[-95.447504,29.687368],[-95.447002,29.6874]]]},"properties":{"Campus__Number":224,"Campus_Short_Name":"Red ES","Street_Address":"4520 Tonawanda Dr"}},{"type":"Feature","geometry":{"type":"Polygon","coordinates":[[[-95.399905,29.67957],[-95.399706,29.669839],[-95.416396,29.664865],[-95.430833,29.66048],[-95.431468,29.660262],[-95.434129,29.659761],[-95.435115,29.659715],[-95.435975,29.659738],[-95.436955,29.659872],[-95.437888,29.660183],[-95.438651,29.660633],[-95.440089,29.661826],[-95.444631,29.665593],[-95.445424,29.666402],[-95.445931,29.667132],[-95.446201,29.667641],[-95.4466,29.668542],[-95.4467,29.673231],[-95.44683,29.67933],[-95.439964,29.679423],[-95.438278,29.679455],[-95.437075,29.679442],[-95.436094,29.67932],[-95.43507,29.679217],[-95.434007,29.678959],[-95.43201,29.678486],[-95.4291,29.677873],[-95.427577,29.677622],[-95.425721,29.677515],[-95.424311,29.677459],[-95.417233,29.677785],[-95.41617,29.677826],[-95.411054,29.678021],[-95.408008,29.678149],[-95.406471,29.678318],[-95.40438,29.678663],[-95.401538,29.679218],[-95.399905,29.67957]]]},"properties":{"Campus__Number":239,"Campus_Short_Name":"Shearn ES","Street_Address":"9802 Stella Link Rd"}},{"type":"Feature","geometry":{"type":"Polygon","coordinates":[[[-95.459607,29.676181],[-95.461813,29.670759],[-95.462998,29.667419],[-95.463305,29.666592],[-95.463572,29.665857],[-95.463729,29.665412],[-95.463881,29.664774],[-95.463951,29.66451],[-95.464005,29.664311],[-95.464063,29.663429],[-95.464069,29.662641],[-95.464011,29.659271],[-95.463961,29.657423],[-95.46393,29.655733],[-95.465743,29.655683],[-95.466353,29.655126],[-95.467599,29.65514],[-95.467609,29.656746],[-95.467398,29.656877],[-95.468294,29.658237],[-95.468038,29.658355],[-95.467858,29.658503],[-95.467665,29.658698],[-95.467313,29.659071],[-95.467793,29.659521],[-95.468035,29.659679],[-95.46832,29.659866],[-95.468564,29.659957],[-95.468711,29.659995],[-95.469084,29.660004],[-95.469079,29.660825],[-95.468429,29.660842],[-95.468441,29.661664],[-95.468996,29.661651],[-95.46937,29.661683],[-95.469839,29.6618],[-95.47041,29.662077],[-95.47102,29.662588],[-95.471858,29.663269],[-95.472656,29.66391],[-95.47189,29.664621],[-95.472074,29.664765],[-95.472165,29.664805],[-95.472288,29.664858],[-95.472488,29.664884],[-95.472636,29.664885],[-95.473222,29.66489],[-95.473247,29.666583],[-95.473679,29.66658],[-95.47661,29.666544],[-95.476599,29.667571],[-95.476525,29.668293],[-95.476523,29.668803],[-95.476545,29.670321],[-95.476548,29.670442],[-95.47983,29.670402],[-95.479868,29.673697],[-95.482696,29.673666],[-95.482762,29.675801],[-95.482733,29.67581],[-95.476593,29.677502],[-95.468149,29.67866],[-95.464843,29.679349],[-95.463018,29.679719],[-95.462362,29.67991],[-95.46191,29.680137],[-95.461346,29.6806],[-95.460783,29.681063],[-95.460296,29.681318],[-95.459743,29.681483],[-95.459229,29.681529],[-95.458935,29.681467],[-95.458935,29.68137],[-95.458895,29.679363],[-95.459118,29.677649],[-95.459607,29.676181]]]},"properties":{"Campus__Number":189,"Campus_Short_Name":"Kolter ES","Street_Address":"9710 Runnymeade Dr"}},{"type":"Feature","geometry":{"type":"Polygon","coordinates":[[[-95.48038,29.699289],[-95.480333,29.696484],[-95.476159,29.696553],[-95.476155,29.695939],[-95.476119,29.693549],[-95.467755,29.693611],[-95.467765,29.69301],[-95.463005,29.693058],[-95.459029,29.693104],[-95.458971,29.689217],[-95.458964,29.689217],[-95.458935,29.681467],[-95.459229,29.681529],[-95.459743,29.681483],[-95.460296,29.681318],[-95.460783,29.681063],[-95.461346,29.6806],[-95.46191,29.680137],[-95.462362,29.67991],[-95.463018,29.679719],[-95.464843,29.679349],[-95.468149,29.67866],[-95.476593,29.677502],[-95.479237,29.676773],[-95.479342,29.677291],[-95.479395,29.677598],[-95.479424,29.678131],[-95.479416,29.679002],[-95.479341,29.679445],[-95.479253,29.679972],[-95.479296,29.682366],[-95.479342,29.686656],[-95.479376,29.689109],[-95.482201,29.68907],[-95.484416,29.68904],[-95.484579,29.699199],[-95.480417,29.70125],[-95.480388,29.70025],[-95.48038,29.699289]]]},"properties":{"Campus__Number":199,"Campus_Short_Name":"Lovett ES","Street_Address":"8814 S Rice Ave"}},{"type":"Feature","geometry":{"type":"Polygon","coordinates":[[[-95.489567,29.68938],[-95.489411,29.688827],[-95.488737,29.688932],[-95.48826,29.689006],[-95.48649,29.689033],[-95.484423,29.68904],[-95.482201,29.68907],[-95.479376,29.689109],[-95.479342,29.686656],[-95.479296,29.682366],[-95.479253,29.679972],[-95.479341,29.679445],[-95.479416,29.679002],[-95.479424,29.678131],[-95.479395,29.677598],[-95.479342,29.677291],[-95.479237,29.676773],[-95.482733,29.67581],[-95.484635,29.675229],[-95.485665,29.67518],[-95.48656,29.675242],[-95.487362,29.675454],[-95.488272,29.675707],[-95.488526,29.675835],[-95.489288,29.674401],[-95.490148,29.674881],[-95.491454,29.675594],[-95.492037,29.675894],[-95.492316,29.675977],[-95.492528,29.675982],[-95.493227,29.676],[-95.493679,29.676007],[-95.493693,29.676474],[-95.493439,29.677543],[-95.493197,29.678162],[-95.4932,29.678163],[-95.493522,29.67829],[-95.494313,29.678521],[-95.495428,29.67855],[-95.496129,29.678511],[-95.497071,29.678352],[-95.497482,29.679304],[-95.497596,29.679724],[-95.497642,29.680182],[-95.497645,29.681025],[-95.497655,29.682127],[-95.4977,29.683919],[-95.497725,29.68533],[-95.497719,29.686266],[-95.497662,29.686563],[-95.497576,29.686758],[-95.497403,29.687002],[-95.497278,29.687138],[-95.497022,29.687485],[-95.496927,29.687674],[-95.496872,29.688036],[-95.49687,29.68823],[-95.496888,29.689588],[-95.49495,29.689617],[-95.493582,29.689634],[-95.492665,29.689778],[-95.492287,29.689869],[-95.49197,29.689908],[-95.489597,29.689917],[-95.489574,29.689509],[-95.489567,29.68938]]]},"properties":{"Campus__Number":173,"Campus_Short_Name":"Herod ES","Street_Address":"5627 Jason St"}},{"type":"Feature","geometry":{"type":"Polygon","coordinates":[[[-95.49309,29.707271],[-95.49306,29.705458],[-95.493057,29.705458],[-95.493027,29.703635],[-95.493046,29.701825],[-95.492996,29.699428],[-95.49298,29.695965],[-95.493028,29.694554],[-95.493006,29.693368],[-95.49296,29.691604],[-95.492931,29.691168],[-95.492899,29.690693],[-95.492845,29.690481],[-95.492738,29.690064],[-95.492665,29.689778],[-95.493582,29.689634],[-95.49495,29.689617],[-95.496888,29.689588],[-95.496904,29.690846],[-95.499393,29.690821],[-95.499464,29.69119],[-95.49962,29.691488],[-95.502904,29.689794],[-95.503153,29.690052],[-95.503997,29.690657],[-95.504732,29.691094],[-95.505504,29.69145],[-95.506148,29.691711],[-95.506926,29.691897],[-95.507524,29.69201],[-95.508712,29.692095],[-95.509969,29.692017],[-95.51029,29.692704],[-95.510588,29.693341],[-95.511166,29.694233],[-95.511434,29.694578],[-95.511736,29.694949],[-95.512711,29.695964],[-95.515341,29.698201],[-95.517825,29.700288],[-95.513151,29.704368],[-95.511481,29.705844],[-95.509305,29.707769],[-95.503642,29.712775],[-95.499177,29.716731],[-95.49916,29.716745],[-95.497135,29.714944],[-95.496687,29.714562],[-95.495086,29.713191],[-95.494612,29.712776],[-95.494078,29.712234],[-95.493585,29.71152],[-95.493376,29.711093],[-95.493287,29.710837],[-95.493232,29.710579],[-95.493188,29.71037],[-95.493137,29.70953],[-95.493128,29.709062],[-95.49309,29.707271]]]},"properties":{"Campus__Number":248,"Campus_Short_Name":"Sutton ES","Street_Address":"7402 Albacore Dr"}},{"type":"Feature","geometry":{"type":"Polygon","coordinates":[[[-95.488908,29.712752],[-95.493083,29.712703],[-95.493054,29.711678],[-95.49306,29.711138],[-95.493192,29.710935],[-95.493287,29.710837],[-95.493376,29.711093],[-95.493585,29.71152],[-95.494078,29.712234],[-95.494612,29.712776],[-95.495086,29.713191],[-95.496687,29.714562],[-95.497135,29.714944],[-95.49916,29.716745],[-95.496041,29.71951],[-95.494862,29.720555],[-95.492916,29.722287],[-95.491259,29.72375],[-95.489051,29.723915],[-95.489038,29.721674],[-95.48901,29.720008],[-95.488969,29.716386],[-95.488908,29.712752]]]},"properties":{"Campus__Number":295,"Campus_Short_Name":"Benavidez ES","Street_Address":"6262 Gulfton St"}},{"type":"Feature","geometry":{"type":"Polygon","coordinates":[[[-95.488908,29.712752],[-95.488969,29.716386],[-95.48901,29.720008],[-95.489038,29.721674],[-95.489051,29.723915],[-95.485276,29.724196],[-95.484285,29.724293],[-95.480697,29.724576],[-95.476493,29.724929],[-95.476504,29.722986],[-95.476451,29.720147],[-95.476421,29.716532],[-95.476421,29.716528],[-95.480613,29.716491],[-95.484807,29.716429],[-95.484786,29.714147],[-95.484768,29.712802],[-95.4889,29.712752],[-95.488908,29.712752]]]},"properties":{"Campus__Number":372,"Campus_Short_Name":"Rodriguez ES","Street_Address":"5858 Chimney Rock"}},{"type":"Feature","geometry":{"type":"Polygon","coordinates":[[[-95.482603,29.709198],[-95.482548,29.705569],[-95.484637,29.705536],[-95.486726,29.705536],[-95.486728,29.705536],[-95.486753,29.707344],[-95.486776,29.709143],[-95.493128,29.709062],[-95.493137,29.70953],[-95.493188,29.71037],[-95.493232,29.710579],[-95.493287,29.710837],[-95.493192,29.710935],[-95.49306,29.711138],[-95.493054,29.711678],[-95.493083,29.712703],[-95.4889,29.712752],[-95.484768,29.712802],[-95.484786,29.714147],[-95.484807,29.716429],[-95.480613,29.716491],[-95.476421,29.716528],[-95.476421,29.716532],[-95.476451,29.720147],[-95.476504,29.722986],[-95.476493,29.724929],[-95.473509,29.72517],[-95.468182,29.725608],[-95.46505,29.72585],[-95.46405,29.725929],[-95.464024,29.724774],[-95.464036,29.723878],[-95.463972,29.721136],[-95.463964,29.720261],[-95.468104,29.720218],[-95.467997,29.712983],[-95.472601,29.71291],[-95.472561,29.70929],[-95.47635,29.709265],[-95.476349,29.709257],[-95.482603,29.709198]]]},"properties":{"Campus__Number":136,"Campus_Short_Name":"Cunningham ES","Street_Address":"5100 Gulfton St"}},{"type":"Feature","geometry":{"type":"Polygon","coordinates":[[[-95.410736,29.742587],[-95.410718,29.740693],[-95.409414,29.740721],[-95.409416,29.740012],[-95.409392,29.738581],[-95.407055,29.738601],[-95.401993,29.738658],[-95.401959,29.736062],[-95.399276,29.736095],[-95.399304,29.737787],[-95.397502,29.737805],[-95.3975,29.738721],[-95.395722,29.738725],[-95.393749,29.738759],[-95.391185,29.738782],[-95.391138,29.735317],[-95.391105,29.731853],[-95.391062,29.729352],[-95.39103,29.726962],[-95.391022,29.726138],[-95.390707,29.726124],[-95.390479,29.726118],[-95.39026,29.726084],[-95.389902,29.72596],[-95.389614,29.725796],[-95.387011,29.724251],[-95.38445,29.7227],[-95.38411,29.723122],[-95.382846,29.724711],[-95.382286,29.725428],[-95.38104,29.724669],[-95.378631,29.72321],[-95.376935,29.722189],[-95.37723,29.72124],[-95.37858,29.716948],[-95.378804,29.715728],[-95.378868,29.714855],[-95.37883,29.714081],[-95.378757,29.713348],[-95.37851,29.712438],[-95.378142,29.711253],[-95.377706,29.71036],[-95.376802,29.708544],[-95.380944,29.709767],[-95.380618,29.710647],[-95.382688,29.71128],[-95.383211,29.709721],[-95.383592,29.708554],[-95.397141,29.714443],[-95.398142,29.714997],[-95.397429,29.715897],[-95.394982,29.718965],[-95.393662,29.720643],[-95.395555,29.721774],[-95.396549,29.722366],[-95.397121,29.722699],[-95.397342,29.722707],[-95.397852,29.722724],[-95.398208,29.722704],[-95.398814,29.722491],[-95.40114,29.721582],[-95.40317,29.72077],[-95.405658,29.719816],[-95.408973,29.718546],[-95.410409,29.717995],[-95.411654,29.717613],[-95.412722,29.71749],[-95.414217,29.717476],[-95.418452,29.717437],[-95.418468,29.718254],[-95.418536,29.722095],[-95.418585,29.725393],[-95.418609,29.726856],[-95.418634,29.728915],[-95.41866,29.730585],[-95.42099,29.730571],[-95.422772,29.73056],[-95.423574,29.730528],[-95.424387,29.730471],[-95.425524,29.730329],[-95.426722,29.73013],[-95.429346,29.729703],[-95.431042,29.729438],[-95.43189,29.729316],[-95.43248,29.729268],[-95.433495,29.729222],[-95.433473,29.728046],[-95.433893,29.728161],[-95.434016,29.728195],[-95.434331,29.728256],[-95.434494,29.72826],[-95.435037,29.728244],[-95.436685,29.728122],[-95.441385,29.727756],[-95.441392,29.727756],[-95.441474,29.732234],[-95.441569,29.736825],[-95.441615,29.738863],[-95.441653,29.740908],[-95.44167,29.741734],[-95.439865,29.741684],[-95.438191,29.741626],[-95.436657,29.741566],[-95.435282,29.741522],[-95.434583,29.741545],[-95.434031,29.741626],[-95.433624,29.74171],[-95.433099,29.741821],[-95.43217,29.741997],[-95.431444,29.742063],[-95.430322,29.742071],[-95.427525,29.742111],[-95.424181,29.742146],[-95.422826,29.742156],[-95.421151,29.742187],[-95.419918,29.742263],[-95.418785,29.742324],[-95.417583,29.742385],[-95.416397,29.742401],[-95.415264,29.742452],[-95.413602,29.742542],[-95.411937,29.742581],[-95.410736,29.742587]]]},"properties":{"Campus__Number":221,"Campus_Short_Name":"Poe ES","Street_Address":"5100 Hazard St"}},{"type":"Feature","geometry":{"type":"Polygon","coordinates":[[[-95.383592,29.708554],[-95.384449,29.70607],[-95.384602,29.705628],[-95.385099,29.70585],[-95.386823,29.706475],[-95.387207,29.706582],[-95.387691,29.706647],[-95.388692,29.706573],[-95.389254,29.706396],[-95.390233,29.705909],[-95.391367,29.702754],[-95.392622,29.699865],[-95.393075,29.698739],[-95.393109,29.698203],[-95.393038,29.697615],[-95.400835,29.695748],[-95.400712,29.695225],[-95.400495,29.693781],[-95.400828,29.693172],[-95.401306,29.692638],[-95.401704,29.692305],[-95.40241,29.691747],[-95.402874,29.69123],[-95.403068,29.69091],[-95.403154,29.690674],[-95.403326,29.689912],[-95.403465,29.69035],[-95.403684,29.6908],[-95.404013,29.691222],[-95.404386,29.691642],[-95.40463,29.692092],[-95.404806,29.692661],[-95.404815,29.693022],[-95.404796,29.693813],[-95.404772,29.694789],[-95.406848,29.69429],[-95.408005,29.694011],[-95.41307,29.692784],[-95.413331,29.693169],[-95.413322,29.69365],[-95.413732,29.69376],[-95.413913,29.694001],[-95.414402,29.694423],[-95.414394,29.694432],[-95.41468,29.694646],[-95.415193,29.694963],[-95.416342,29.695679],[-95.416831,29.696007],[-95.41733,29.696365],[-95.417763,29.696878],[-95.417913,29.697121],[-95.418006,29.697363],[-95.417983,29.697377],[-95.418093,29.697588],[-95.418228,29.698155],[-95.418228,29.69892],[-95.418236,29.701409],[-95.418291,29.704984],[-95.418296,29.707495],[-95.418365,29.711123],[-95.418406,29.71506],[-95.418452,29.717437],[-95.414217,29.717476],[-95.412722,29.71749],[-95.411654,29.717613],[-95.410409,29.717995],[-95.408973,29.718546],[-95.405658,29.719816],[-95.40317,29.72077],[-95.40114,29.721582],[-95.398814,29.722491],[-95.398208,29.722704],[-95.397852,29.722724],[-95.397342,29.722707],[-95.397121,29.722699],[-95.396549,29.722366],[-95.395555,29.721774],[-95.393662,29.720643],[-95.394982,29.718965],[-95.397429,29.715897],[-95.398142,29.714997],[-95.397141,29.714443],[-95.383592,29.708554]]]},"properties":{"Campus__Number":229,"Campus_Short_Name":"Roberts ES","Street_Address":"6000 Greenbriar St"}},{"type":"Feature","geometry":{"type":"Polygon","coordinates":[[[-95.486753,29.707344],[-95.486728,29.705536],[-95.486726,29.705536],[-95.484637,29.705536],[-95.482548,29.705569],[-95.482522,29.703746],[-95.480453,29.703773],[-95.480417,29.70125],[-95.484579,29.699199],[-95.484416,29.68904],[-95.484423,29.68904],[-95.48649,29.689033],[-95.48826,29.689006],[-95.488737,29.688932],[-95.489411,29.688827],[-95.489567,29.68938],[-95.489574,29.689509],[-95.489597,29.689917],[-95.49197,29.689908],[-95.492287,29.689869],[-95.492665,29.689778],[-95.492738,29.690064],[-95.492845,29.690481],[-95.492899,29.690693],[-95.492931,29.691168],[-95.49296,29.691604],[-95.493006,29.693368],[-95.493028,29.694554],[-95.49298,29.695965],[-95.492996,29.699428],[-95.493046,29.701825],[-95.493027,29.703635],[-95.493057,29.705458],[-95.49306,29.705458],[-95.49309,29.707271],[-95.493128,29.709062],[-95.486776,29.709143],[-95.486753,29.707344]]]},"properties":{"Campus__Number":114,"Campus_Short_Name":"Braeburn ES","Street_Address":"5550 Pine St"}},{"type":"Feature","geometry":{"type":"Polygon","coordinates":[[[-95.445959,29.606106],[-95.44565,29.598813],[-95.445619,29.596567],[-95.445617,29.595038],[-95.445816,29.59404],[-95.446185,29.592856],[-95.447018,29.591723],[-95.448315,29.592273],[-95.448369,29.592297],[-95.448523,29.592366],[-95.44864,29.592418],[-95.448756,29.59247],[-95.448869,29.592521],[-95.448872,29.592522],[-95.449141,29.592643],[-95.449193,29.592666],[-95.449775,29.592926],[-95.449834,29.592952],[-95.449845,29.592957],[-95.450025,29.593038],[-95.450028,29.593039],[-95.4502,29.593116],[-95.450201,29.593117],[-95.450429,29.593218],[-95.450531,29.593264],[-95.450538,29.593268],[-95.450758,29.593366],[-95.450776,29.593374],[-95.450938,29.593446],[-95.450948,29.593451],[-95.451268,29.593594],[-95.45129,29.593604],[-95.451369,29.593639],[-95.451383,29.593646],[-95.451479,29.593688],[-95.451488,29.593692],[-95.451581,29.593734],[-95.451592,29.593739],[-95.451772,29.59382],[-95.451783,29.593824],[-95.451963,29.593905],[-95.451974,29.59391],[-95.452127,29.593978],[-95.452136,29.593982],[-95.452482,29.594137],[-95.452489,29.59414],[-95.4526,29.59419],[-95.452609,29.594194],[-95.452791,29.594275],[-95.4528,29.594279],[-95.452983,29.594361],[-95.452991,29.594365],[-95.453128,29.594426],[-95.453136,29.59443],[-95.453237,29.594475],[-95.453247,29.594479],[-95.453397,29.594546],[-95.453406,29.59455],[-95.453556,29.594617],[-95.453565,29.594622],[-95.453715,29.594689],[-95.453724,29.594693],[-95.453746,29.594702],[-95.453754,29.594706],[-95.454098,29.59486],[-95.454107,29.594864],[-95.454243,29.594925],[-95.454245,29.594926],[-95.454404,29.594997],[-95.454406,29.594998],[-95.454565,29.595069],[-95.454567,29.59507],[-95.454716,29.595136],[-95.454725,29.59514],[-95.454727,29.595141],[-95.454771,29.595161],[-95.454772,29.595162],[-95.454933,29.595233],[-95.454934,29.595234],[-95.455095,29.595306],[-95.455096,29.595307],[-95.455257,29.595378],[-95.455258,29.595379],[-95.455333,29.595412],[-95.455343,29.595417],[-95.455604,29.595533],[-95.455686,29.59557],[-95.455697,29.595575],[-95.455782,29.595613],[-95.455788,29.595616],[-95.456014,29.595717],[-95.45602,29.595719],[-95.456255,29.595825],[-95.456261,29.595827],[-95.457702,29.596473],[-95.457816,29.596524],[-95.458043,29.596626],[-95.458218,29.596704],[-95.458469,29.596816],[-95.458637,29.596892],[-95.458641,29.596893],[-95.45866,29.596902],[-95.458852,29.596988],[-95.459043,29.597073],[-95.45925,29.597166],[-95.459301,29.597189],[-95.459311,29.597193],[-95.459557,29.597304],[-95.459793,29.597409],[-95.46,29.597502],[-95.460168,29.597577],[-95.46035,29.597659],[-95.460518,29.597734],[-95.460686,29.597809],[-95.460854,29.597885],[-95.461022,29.59796],[-95.46119,29.598035],[-95.461358,29.59811],[-95.461526,29.598186],[-95.461558,29.5982],[-95.461558,29.5982],[-95.461558,29.5982],[-95.461694,29.598261],[-95.461862,29.598336],[-95.46203,29.598411],[-95.462039,29.598415],[-95.462039,29.598415],[-95.462039,29.598415],[-95.462226,29.598499],[-95.462229,29.5985],[-95.462428,29.59859],[-95.462619,29.598675],[-95.462684,29.598704],[-95.463852,29.599228],[-95.464055,29.599319],[-95.464311,29.599433],[-95.464541,29.599536],[-95.464618,29.59957],[-95.464618,29.59957],[-95.464618,29.599571],[-95.464618,29.599571],[-95.464618,29.599571],[-95.464618,29.599571],[-95.464618,29.599571],[-95.464663,29.599591],[-95.464797,29.599651],[-95.464941,29.599717],[-95.464972,29.599731],[-95.464662,29.600508],[-95.464505,29.601056],[-95.464457,29.601464],[-95.464472,29.602168],[-95.464479,29.602811],[-95.464517,29.603421],[-95.464584,29.603964],[-95.464636,29.604297],[-95.464715,29.604795],[-95.464719,29.605225],[-95.464725,29.605798],[-95.464775,29.606476],[-95.464887,29.607271],[-95.464895,29.607645],[-95.464907,29.608212],[-95.464965,29.612238],[-95.463121,29.612258],[-95.460293,29.612289],[-95.458522,29.612309],[-95.457833,29.612316],[-95.457275,29.612322],[-95.456627,29.612424],[-95.455619,29.612647],[-95.454486,29.612964],[-95.453598,29.613197],[-95.453101,29.61323],[-95.452145,29.613273],[-95.450345,29.613296],[-95.445897,29.613335],[-95.445919,29.613143],[-95.445951,29.612859],[-95.445975,29.612649],[-95.44602,29.61226],[-95.446055,29.611783],[-95.446041,29.611177],[-95.446054,29.610615],[-95.446019,29.608722],[-95.445959,29.606106]]]},"properties":{"Campus__Number":382,"Campus_Short_Name":"Reagan Ed Ctr K-8","Street_Address":"4842 Anderson Rd"}},{"type":"Feature","geometry":{"type":"Polygon","coordinates":[[[-95.530594,29.687949],[-95.531194,29.68715],[-95.532407,29.685653],[-95.534867,29.682672],[-95.536106,29.68142],[-95.536755,29.68076],[-95.536757,29.681335],[-95.536757,29.681352],[-95.536797,29.684334],[-95.536798,29.684451],[-95.536803,29.685025],[-95.536808,29.685195],[-95.536809,29.685237],[-95.536823,29.685655],[-95.536823,29.685678],[-95.536861,29.686852],[-95.536868,29.686852],[-95.537097,29.686854],[-95.5371,29.686854],[-95.537109,29.686853],[-95.537161,29.686852],[-95.537418,29.686848],[-95.53752,29.686846],[-95.537726,29.686841],[-95.538099,29.686837],[-95.538101,29.686837],[-95.538491,29.686834],[-95.538675,29.686832],[-95.538892,29.686831],[-95.539088,29.68683],[-95.539286,29.686829],[-95.539483,29.686828],[-95.539681,29.686827],[-95.539877,29.686826],[-95.540072,29.686826],[-95.540243,29.686825],[-95.540243,29.686825],[-95.540243,29.686825],[-95.540268,29.686825],[-95.540462,29.686823],[-95.540657,29.686822],[-95.54085,29.68682],[-95.541045,29.686818],[-95.541238,29.686816],[-95.541433,29.686815],[-95.541627,29.686813],[-95.541821,29.686811],[-95.542036,29.686809],[-95.542037,29.686809],[-95.542218,29.686805],[-95.542219,29.686805],[-95.542423,29.686803],[-95.542629,29.686801],[-95.542834,29.686799],[-95.543036,29.686796],[-95.543236,29.686794],[-95.543438,29.686792],[-95.543639,29.686789],[-95.543841,29.686787],[-95.543917,29.686786],[-95.543918,29.686786],[-95.544041,29.686785],[-95.54407,29.686784],[-95.544157,29.686784],[-95.544159,29.686784],[-95.544244,29.686783],[-95.544446,29.686781],[-95.544646,29.686779],[-95.544846,29.686776],[-95.545052,29.686774],[-95.545257,29.686772],[-95.5453,29.686771],[-95.545467,29.686768],[-95.545467,29.686768],[-95.545468,29.686768],[-95.545656,29.686766],[-95.545656,29.686766],[-95.545656,29.686767],[-95.545656,29.686767],[-95.545656,29.686768],[-95.545663,29.686768],[-95.546049,29.686764],[-95.546246,29.686762],[-95.546246,29.686762],[-95.54626,29.688083],[-95.546263,29.688228],[-95.546263,29.688229],[-95.546263,29.688229],[-95.546267,29.688408],[-95.54627,29.688738],[-95.546269,29.688891],[-95.546269,29.688906],[-95.546269,29.688925],[-95.546305,29.690426],[-95.546305,29.690711],[-95.546305,29.69144],[-95.546307,29.693719],[-95.546363,29.693722],[-95.546366,29.693722],[-95.546886,29.693716],[-95.547248,29.693712],[-95.547467,29.69371],[-95.547686,29.693707],[-95.547871,29.693704],[-95.548112,29.693699],[-95.548306,29.693697],[-95.548307,29.693696],[-95.548317,29.693693],[-95.548331,29.693688],[-95.548467,29.693692],[-95.54855,29.693693],[-95.548553,29.693693],[-95.548617,29.693692],[-95.548646,29.693692],[-95.548647,29.693692],[-95.548773,29.693689],[-95.548947,29.693686],[-95.548994,29.693685],[-95.549214,29.693681],[-95.549301,29.69368],[-95.549303,29.69368],[-95.549433,29.693677],[-95.549651,29.693674],[-95.549868,29.69367],[-95.550035,29.69367],[-95.550098,29.693669],[-95.550103,29.693669],[-95.550103,29.69367],[-95.550104,29.6937],[-95.550106,29.693869],[-95.550108,29.694026],[-95.550113,29.694177],[-95.550113,29.694199],[-95.550113,29.6942],[-95.550118,29.694389],[-95.550119,29.69447],[-95.550122,29.694591],[-95.550126,29.694792],[-95.550127,29.694812],[-95.550131,29.694994],[-95.550135,29.695153],[-95.550136,29.695195],[-95.550141,29.695393],[-95.550144,29.695504],[-95.550146,29.695591],[-95.550151,29.69579],[-95.550152,29.695841],[-95.550156,29.695988],[-95.550161,29.696181],[-95.550167,29.696385],[-95.550171,29.69653],[-95.550172,29.696584],[-95.550172,29.696599],[-95.550177,29.696783],[-95.550179,29.696853],[-95.550182,29.696981],[-95.550184,29.697047],[-95.550188,29.697209],[-95.550187,29.697378],[-95.55019,29.697542],[-95.550191,29.697596],[-95.550193,29.69775],[-95.550193,29.697796],[-95.550199,29.697999],[-95.550197,29.698069],[-95.550199,29.698195],[-95.550202,29.698401],[-95.550202,29.698413],[-95.550205,29.698597],[-95.550208,29.698758],[-95.550211,29.698907],[-95.550214,29.699112],[-95.550216,29.699178],[-95.550221,29.699465],[-95.550222,29.699556],[-95.550226,29.699811],[-95.550227,29.699884],[-95.55023,29.700081],[-95.550231,29.700152],[-95.550232,29.700207],[-95.550233,29.70028],[-95.550233,29.700293],[-95.550237,29.700519],[-95.550237,29.700521],[-95.550239,29.700556],[-95.550248,29.700681],[-95.550248,29.700685],[-95.550251,29.700891],[-95.550253,29.701081],[-95.550256,29.701272],[-95.550258,29.701462],[-95.550261,29.701652],[-95.550261,29.701662],[-95.550263,29.701789],[-95.550263,29.701842],[-95.550266,29.702029],[-95.550269,29.702216],[-95.550272,29.702405],[-95.550274,29.70249],[-95.550275,29.702593],[-95.550278,29.702785],[-95.550281,29.702993],[-95.550283,29.703149],[-95.550288,29.703363],[-95.550293,29.703556],[-95.550296,29.703685],[-95.550301,29.703851],[-95.550314,29.704315],[-95.550322,29.704657],[-95.550323,29.704668],[-95.550351,29.705071],[-95.550362,29.705475],[-95.550373,29.705915],[-95.550376,29.706029],[-95.550376,29.706047],[-95.549408,29.706057],[-95.548683,29.706068],[-95.548636,29.706068],[-95.548589,29.706069],[-95.548581,29.706069],[-95.548573,29.706069],[-95.548559,29.706069],[-95.548495,29.706069],[-95.548432,29.706069],[-95.548366,29.70607],[-95.548338,29.70607],[-95.547459,29.706074],[-95.546309,29.706086],[-95.545443,29.706096],[-95.54537,29.706099],[-95.54537,29.706099],[-95.54537,29.706099],[-95.5452,29.706104],[-95.543367,29.706124],[-95.543079,29.706124],[-95.543076,29.706124],[-95.543071,29.706124],[-95.542594,29.706124],[-95.542593,29.706124],[-95.541731,29.706123],[-95.541728,29.706123],[-95.541476,29.706124],[-95.541386,29.706124],[-95.539954,29.706135],[-95.538736,29.706143],[-95.538744,29.706318],[-95.538744,29.706319],[-95.538771,29.706998],[-95.538787,29.707425],[-95.538793,29.707606],[-95.538795,29.707646],[-95.538817,29.708678],[-95.538735,29.708189],[-95.538658,29.7078],[-95.538526,29.70742],[-95.538287,29.706789],[-95.538092,29.706193],[-95.538004,29.705356],[-95.537982,29.704457],[-95.537956,29.702012],[-95.537938,29.701012],[-95.537915,29.69939],[-95.537877,29.698377],[-95.537817,29.697328],[-95.537772,29.696531],[-95.537657,29.69588],[-95.537542,29.695228],[-95.537133,29.694045],[-95.536785,29.693354],[-95.53627,29.692538],[-95.53561,29.691636],[-95.534907,29.690877],[-95.534156,29.690209],[-95.533254,29.689574],[-95.532492,29.689074],[-95.531598,29.688546],[-95.530594,29.687949]]]},"properties":{"Campus__Number":267,"Campus_Short_Name":"White E ES","Street_Address":"9001 Triola Ln"}},{"type":"Feature","geometry":{"type":"Polygon","coordinates":[[[-95.347429,29.766367],[-95.348797,29.765093],[-95.349309,29.764399],[-95.34965,29.763621],[-95.349858,29.761682],[-95.350328,29.760236],[-95.35126,29.758751],[-95.353385,29.755995],[-95.357418,29.750923],[-95.357795,29.750462],[-95.36269,29.744465],[-95.37085,29.734135],[-95.372785,29.733146],[-95.376254,29.732898],[-95.378031,29.733968],[-95.379779,29.735012],[-95.378838,29.736158],[-95.378276,29.736881],[-95.379546,29.737684],[-95.380843,29.738474],[-95.381429,29.738765],[-95.381991,29.738893],[-95.382177,29.738908],[-95.381914,29.739306],[-95.381828,29.739735],[-95.381748,29.740216],[-95.3817,29.740639],[-95.381132,29.741334],[-95.380204,29.742492],[-95.379646,29.743213],[-95.381128,29.744109],[-95.381702,29.744451],[-95.382019,29.744573],[-95.382343,29.744622],[-95.38302,29.744659],[-95.383034,29.746014],[-95.383038,29.746868],[-95.383113,29.747016],[-95.383487,29.747237],[-95.383936,29.747542],[-95.38376,29.747589],[-95.383285,29.748168],[-95.383981,29.748647],[-95.383983,29.748313],[-95.3842,29.748256],[-95.384418,29.748251],[-95.384838,29.748243],[-95.385692,29.748236],[-95.386503,29.748208],[-95.387289,29.748192],[-95.387299,29.748865],[-95.386507,29.748878],[-95.386507,29.74955],[-95.38571,29.749583],[-95.385724,29.750937],[-95.385739,29.752003],[-95.385721,29.753455],[-95.385695,29.754858],[-95.385705,29.755656],[-95.385709,29.756237],[-95.385718,29.757625],[-95.385761,29.757919],[-95.385806,29.758115],[-95.385816,29.758315],[-95.385785,29.758706],[-95.38576,29.759008],[-95.385765,29.759697],[-95.385781,29.760379],[-95.385805,29.761217],[-95.385808,29.761628],[-95.385303,29.761684],[-95.38489,29.761839],[-95.384608,29.762115],[-95.38443,29.762561],[-95.384226,29.762934],[-95.383914,29.763305],[-95.383576,29.763651],[-95.383187,29.763902],[-95.382995,29.763967],[-95.382751,29.763937],[-95.382539,29.763789],[-95.382225,29.763449],[-95.382022,29.763064],[-95.381764,29.762678],[-95.38153,29.762388],[-95.38119,29.762023],[-95.381031,29.7619],[-95.380816,29.761847],[-95.38054,29.761958],[-95.379935,29.762179],[-95.37955,29.76231],[-95.37914,29.76237],[-95.378815,29.762362],[-95.378464,29.762281],[-95.378145,29.762107],[-95.377719,29.761858],[-95.377537,29.76164],[-95.377381,29.761422],[-95.377199,29.761204],[-95.376906,29.761054],[-95.376581,29.761022],[-95.376282,29.761014],[-95.376007,29.761125],[-95.375703,29.761282],[-95.375292,29.761366],[-95.374829,29.761401],[-95.374421,29.761414],[-95.373989,29.761354],[-95.373511,29.761247],[-95.374009,29.760379],[-95.374109,29.760133],[-95.373358,29.759901],[-95.372699,29.759543],[-95.371977,29.759054],[-95.371276,29.758579],[-95.370423,29.758034],[-95.369225,29.759563],[-95.36838,29.759061],[-95.367517,29.758526],[-95.365808,29.757477],[-95.365222,29.758231],[-95.364332,29.757684],[-95.360734,29.762274],[-95.359539,29.763757],[-95.359225,29.764195],[-95.35914,29.76438],[-95.35896,29.764947],[-95.357914,29.764133],[-95.357276,29.763421],[-95.355846,29.762571],[-95.354001,29.762174],[-95.353716,29.762745],[-95.353803,29.764022],[-95.353629,29.765175],[-95.353082,29.765624],[-95.352547,29.765725],[-95.350702,29.765327],[-95.350163,29.765544],[-95.348957,29.765859],[-95.348008,29.766412],[-95.347477,29.766398],[-95.347429,29.766367]]]},"properties":{"Campus__Number":58,"Campus_Short_Name":"Gregory-Lincoln PK-8","Street_Address":"1101 Taft"}},{"type":"Feature","geometry":{"type":"Polygon","coordinates":[[[-95.345877,29.66629],[-95.345348,29.666207],[-95.345021,29.666208],[-95.344469,29.666209],[-95.343586,29.666218],[-95.341823,29.666254],[-95.341306,29.666268],[-95.341252,29.660695],[-95.339806,29.660708],[-95.339778,29.658602],[-95.340277,29.658597],[-95.340284,29.658201],[-95.340271,29.657681],[-95.34023,29.657263],[-95.338895,29.657274],[-95.338852,29.653289],[-95.338759,29.651655],[-95.342291,29.651371],[-95.341818,29.646826],[-95.341825,29.646626],[-95.341854,29.646407],[-95.341922,29.646046],[-95.342269,29.646141],[-95.342618,29.64617],[-95.343086,29.646211],[-95.343511,29.646261],[-95.343793,29.646317],[-95.343978,29.64636],[-95.344196,29.646385],[-95.344763,29.645808],[-95.345589,29.645038],[-95.346422,29.644392],[-95.347384,29.643778],[-95.348164,29.643379],[-95.348411,29.643194],[-95.348606,29.642942],[-95.348711,29.642754],[-95.348772,29.642574],[-95.34884,29.641897],[-95.348935,29.635575],[-95.348947,29.6282],[-95.355586,29.628202],[-95.355613,29.62892],[-95.355717,29.632281],[-95.355818,29.636105],[-95.355818,29.636113],[-95.358978,29.636121],[-95.363224,29.636162],[-95.36364,29.636151],[-95.364525,29.636242],[-95.367023,29.63619],[-95.36825,29.636244],[-95.372071,29.636203],[-95.372064,29.635472],[-95.376184,29.635398],[-95.376222,29.636646],[-95.375758,29.637235],[-95.375565,29.637602],[-95.375382,29.638113],[-95.375372,29.638399],[-95.375363,29.638657],[-95.375255,29.638941],[-95.375031,29.639221],[-95.374794,29.639444],[-95.374474,29.639665],[-95.374106,29.639884],[-95.373879,29.640251],[-95.373619,29.640659],[-95.373119,29.641348],[-95.372512,29.641804],[-95.372212,29.641925],[-95.372373,29.649885],[-95.371838,29.649903],[-95.370601,29.649905],[-95.368517,29.649937],[-95.368556,29.653064],[-95.368618,29.65562],[-95.368697,29.658245],[-95.366697,29.658285],[-95.361827,29.658349],[-95.358603,29.658376],[-95.355455,29.658428],[-95.355503,29.660587],[-95.35555,29.662844],[-95.348965,29.662893],[-95.348973,29.663391],[-95.348985,29.663867],[-95.348993,29.66421],[-95.348991,29.664611],[-95.348933,29.665038],[-95.348829,29.66548],[-95.348531,29.666742],[-95.348485,29.666891],[-95.348139,29.666847],[-95.347941,29.666822],[-95.347607,29.66678],[-95.346834,29.666566],[-95.346038,29.666316],[-95.345877,29.66629]]]},"properties":{"Campus__Number":127,"Campus_Short_Name":"Woodson","Street_Address":"10720 Southview St"}},{"type":"Feature","geometry":{"type":"Polygon","coordinates":[[[-95.38302,29.744659],[-95.385951,29.744576],[-95.387238,29.744542],[-95.388851,29.744515],[-95.389084,29.744516],[-95.38939,29.74454],[-95.389665,29.744625],[-95.389924,29.744673],[-95.390528,29.744678],[-95.391261,29.744678],[-95.393122,29.74466],[-95.393602,29.745494],[-95.395897,29.749193],[-95.397027,29.751013],[-95.397841,29.752206],[-95.397936,29.752415],[-95.398046,29.752664],[-95.398039,29.75395],[-95.398084,29.755339],[-95.39894,29.755321],[-95.400239,29.755295],[-95.402309,29.755255],[-95.402394,29.759182],[-95.402401,29.761518],[-95.402087,29.761691],[-95.401764,29.761846],[-95.401384,29.761999],[-95.40084,29.762066],[-95.400298,29.762035],[-95.399908,29.761975],[-95.39933,29.761911],[-95.398862,29.761915],[-95.398222,29.762044],[-95.39758,29.762223],[-95.396993,29.762419],[-95.396423,29.762665],[-95.396131,29.762771],[-95.395752,29.762908],[-95.395207,29.762991],[-95.394554,29.762941],[-95.393776,29.762741],[-95.393183,29.762578],[-95.392641,29.762563],[-95.391986,29.762578],[-95.391631,29.762569],[-95.390904,29.762484],[-95.390459,29.762374],[-95.389757,29.762127],[-95.389036,29.761895],[-95.388258,29.761694],[-95.387572,29.761529],[-95.386971,29.761578],[-95.386296,29.761642],[-95.385808,29.761628],[-95.385805,29.761217],[-95.385781,29.760379],[-95.385765,29.759697],[-95.38576,29.759008],[-95.385785,29.758706],[-95.385816,29.758315],[-95.385806,29.758115],[-95.385761,29.757919],[-95.385718,29.757625],[-95.385709,29.756237],[-95.385705,29.755656],[-95.385695,29.754858],[-95.385721,29.753455],[-95.385739,29.752003],[-95.385724,29.750937],[-95.38571,29.749583],[-95.386507,29.74955],[-95.386507,29.748878],[-95.387299,29.748865],[-95.387289,29.748192],[-95.386503,29.748208],[-95.385692,29.748236],[-95.384838,29.748243],[-95.384418,29.748251],[-95.3842,29.748256],[-95.383983,29.748313],[-95.383981,29.748647],[-95.383285,29.748168],[-95.38376,29.747589],[-95.383936,29.747542],[-95.383487,29.747237],[-95.383113,29.747016],[-95.383038,29.746868],[-95.383034,29.746014],[-95.38302,29.744659]]]},"properties":{"Campus__Number":256,"Campus_Short_Name":"Wharton K-8","Street_Address":"900 W Gray St"}},{"type":"Feature","geometry":{"type":"Polygon","coordinates":[[[-95.402401,29.761518],[-95.402394,29.759182],[-95.402309,29.755255],[-95.400239,29.755295],[-95.39894,29.755321],[-95.398084,29.755339],[-95.398039,29.75395],[-95.398046,29.752664],[-95.397936,29.752415],[-95.397841,29.752206],[-95.397027,29.751013],[-95.395897,29.749193],[-95.393602,29.745494],[-95.393122,29.74466],[-95.391261,29.744678],[-95.390528,29.744678],[-95.389924,29.744673],[-95.389665,29.744625],[-95.38939,29.74454],[-95.389084,29.744516],[-95.388851,29.744515],[-95.387238,29.744542],[-95.385951,29.744576],[-95.385937,29.743497],[-95.385941,29.742427],[-95.386536,29.74242],[-95.386526,29.741399],[-95.386513,29.740552],[-95.386488,29.738868],[-95.386966,29.738855],[-95.388892,29.7388],[-95.389874,29.738798],[-95.391185,29.738782],[-95.391185,29.738782],[-95.393749,29.738759],[-95.395722,29.738725],[-95.3975,29.738721],[-95.397502,29.737805],[-95.399304,29.737787],[-95.399276,29.736095],[-95.401959,29.736062],[-95.401993,29.738658],[-95.407055,29.738601],[-95.409392,29.738581],[-95.409416,29.740012],[-95.409414,29.740721],[-95.410718,29.740693],[-95.410736,29.742587],[-95.410751,29.743368],[-95.410759,29.74379],[-95.410763,29.744031],[-95.410629,29.74433],[-95.410651,29.744861],[-95.410659,29.745964],[-95.410679,29.747802],[-95.410685,29.749644],[-95.41071,29.752226],[-95.410718,29.753256],[-95.410729,29.75411],[-95.410734,29.754561],[-95.410592,29.754871],[-95.410421,29.75502],[-95.410094,29.755167],[-95.409682,29.755341],[-95.408832,29.755748],[-95.408678,29.755876],[-95.408519,29.756126],[-95.40841,29.756413],[-95.408418,29.756776],[-95.408427,29.757142],[-95.408499,29.759361],[-95.40854,29.759915],[-95.408573,29.760101],[-95.408645,29.760452],[-95.408633,29.760448],[-95.408418,29.760392],[-95.40821,29.760436],[-95.407815,29.760507],[-95.407152,29.76075],[-95.406511,29.76088],[-95.405723,29.760956],[-95.404977,29.760887],[-95.404193,29.76085],[-95.403683,29.761],[-95.403116,29.761164],[-95.402622,29.761395],[-95.402401,29.761518]]]},"properties":{"Campus__Number":259,"Campus_Short_Name":"Baker Montessori","Street_Address":"2100 Yupon St"}},{"type":"Feature","geometry":{"type":"Polygon","coordinates":[[[-95.281461,29.859091],[-95.292224,29.848599],[-95.302056,29.839019],[-95.302046,29.841641],[-95.302116,29.845031],[-95.305844,29.844992],[-95.309923,29.844935],[-95.314772,29.844871],[-95.319057,29.844809],[-95.321599,29.844776],[-95.322445,29.84476],[-95.323455,29.84474],[-95.324032,29.844778],[-95.324747,29.844912],[-95.325279,29.845027],[-95.324781,29.846256],[-95.324419,29.84715],[-95.324086,29.84799],[-95.322922,29.850852],[-95.322638,29.851553],[-95.318178,29.86257],[-95.316559,29.866591],[-95.316527,29.866672],[-95.316525,29.866676],[-95.316525,29.866677],[-95.316494,29.866753],[-95.316266,29.86732],[-95.316265,29.867322],[-95.313473,29.874233],[-95.312636,29.876389],[-95.312326,29.87716],[-95.309968,29.882879],[-95.30995,29.882922],[-95.296332,29.883082],[-95.296354,29.87523],[-95.296374,29.871462],[-95.284917,29.871654],[-95.281456,29.871725],[-95.281547,29.871285],[-95.281605,29.871008],[-95.281624,29.870747],[-95.281646,29.869988],[-95.281629,29.869172],[-95.28161,29.868269],[-95.281579,29.866778],[-95.281461,29.859091]]]},"properties":{"Campus__Number":479,"Campus_Short_Name":"Shadydale ES","Street_Address":"5905 Tidwell Rd"}},{"type":"Feature","geometry":{"type":"Polygon","coordinates":[[[-95.231134,29.858313],[-95.231914,29.857719],[-95.247759,29.857575],[-95.247826,29.861105],[-95.262461,29.861212],[-95.274707,29.861081],[-95.279479,29.86097],[-95.281461,29.859091],[-95.281579,29.866778],[-95.28161,29.868269],[-95.281629,29.869172],[-95.281646,29.869988],[-95.281624,29.870747],[-95.281605,29.871008],[-95.281547,29.871285],[-95.281456,29.871725],[-95.284917,29.871654],[-95.296374,29.871462],[-95.296354,29.87523],[-95.296332,29.883082],[-95.30995,29.882922],[-95.309946,29.882932],[-95.308741,29.885931],[-95.306779,29.89077],[-95.306756,29.890826],[-95.306756,29.890827],[-95.306691,29.890987],[-95.306632,29.891133],[-95.306632,29.891134],[-95.306631,29.891134],[-95.303999,29.897626],[-95.303375,29.899167],[-95.303292,29.899373],[-95.302781,29.900635],[-95.302766,29.900673],[-95.299871,29.907828],[-95.299869,29.907834],[-95.299848,29.907885],[-95.295594,29.918361],[-95.295584,29.918387],[-95.295584,29.918387],[-95.295583,29.918385],[-95.295576,29.918361],[-95.295538,29.918243],[-95.295505,29.918141],[-95.295425,29.917867],[-95.29515,29.917471],[-95.294775,29.917073],[-95.294336,29.916565],[-95.293777,29.916006],[-95.29329,29.915604],[-95.293087,29.915435],[-95.292976,29.915343],[-95.292451,29.915086],[-95.292058,29.914862],[-95.291661,29.914751],[-95.291347,29.914661],[-95.291203,29.914641],[-95.291109,29.914613],[-95.290224,29.914415],[-95.289899,29.914352],[-95.289891,29.91435],[-95.28988,29.914351],[-95.289753,29.914364],[-95.289299,29.914387],[-95.28904,29.914425],[-95.289033,29.914426],[-95.289022,29.914424],[-95.288626,29.914373],[-95.288394,29.914133],[-95.28828,29.913831],[-95.28801,29.913676],[-95.287696,29.913614],[-95.287505,29.913588],[-95.287499,29.913587],[-95.287486,29.913588],[-95.287411,29.91359],[-95.287393,29.91359],[-95.287392,29.913589],[-95.287246,29.913375],[-95.287243,29.913371],[-95.287242,29.913369],[-95.287224,29.91337],[-95.28713,29.913376],[-95.286962,29.9134],[-95.286714,29.913481],[-95.286532,29.913592],[-95.286289,29.913828],[-95.285934,29.9141],[-95.285568,29.914342],[-95.284915,29.914528],[-95.282957,29.915056],[-95.282371,29.915225],[-95.282146,29.915296],[-95.281838,29.915472],[-95.281599,29.915621],[-95.281465,29.915783],[-95.281462,29.915786],[-95.281449,29.9158],[-95.281437,29.915812],[-95.281425,29.915824],[-95.281412,29.915836],[-95.2814,29.915848],[-95.281387,29.915859],[-95.281374,29.915871],[-95.281356,29.915886],[-95.281343,29.915897],[-95.281329,29.915907],[-95.281316,29.915917],[-95.281302,29.915926],[-95.281296,29.91593],[-95.281292,29.915933],[-95.281288,29.915936],[-95.281286,29.915937],[-95.281274,29.915945],[-95.281272,29.915947],[-95.281267,29.91595],[-95.28126,29.915955],[-95.281253,29.915959],[-95.281246,29.915964],[-95.281239,29.915968],[-95.281232,29.915973],[-95.281224,29.915977],[-95.281217,29.915981],[-95.281209,29.915985],[-95.281202,29.915989],[-95.281194,29.915993],[-95.281186,29.915997],[-95.281178,29.916],[-95.28117,29.916004],[-95.281162,29.916007],[-95.281154,29.91601],[-95.281146,29.916013],[-95.281138,29.916016],[-95.28113,29.916019],[-95.281121,29.916021],[-95.281113,29.916024],[-95.281105,29.916026],[-95.281096,29.916029],[-95.281082,29.916033],[-95.281075,29.916035],[-95.281068,29.916037],[-95.28106,29.916039],[-95.281053,29.916041],[-95.281045,29.916043],[-95.281038,29.916044],[-95.28103,29.916046],[-95.281022,29.916047],[-95.281015,29.916048],[-95.281007,29.916049],[-95.280999,29.91605],[-95.280991,29.916051],[-95.280984,29.916052],[-95.280976,29.916053],[-95.280963,29.916053],[-95.280955,29.916054],[-95.280947,29.916054],[-95.28094,29.916054],[-95.280932,29.916054],[-95.280924,29.916054],[-95.280916,29.916055],[-95.280911,29.916055],[-95.280907,29.916055],[-95.280904,29.916055],[-95.280896,29.916056],[-95.280895,29.916056],[-95.280895,29.916056],[-95.280895,29.916056],[-95.280894,29.916056],[-95.280888,29.916057],[-95.280881,29.916058],[-95.280879,29.916058],[-95.280871,29.916059],[-95.280869,29.916059],[-95.280863,29.91606],[-95.280856,29.916061],[-95.280855,29.916061],[-95.280847,29.916063],[-95.280843,29.916064],[-95.280839,29.916064],[-95.280831,29.916066],[-95.28083,29.916066],[-95.280816,29.91607],[-95.28081,29.916071],[-95.280807,29.916072],[-95.280805,29.916072],[-95.280805,29.916072],[-95.280804,29.916072],[-95.280804,29.916072],[-95.280804,29.916072],[-95.280802,29.916072],[-95.280799,29.916073],[-95.280796,29.916073],[-95.280785,29.916074],[-95.280781,29.916075],[-95.280779,29.916075],[-95.280771,29.916075],[-95.280765,29.916076],[-95.280764,29.916076],[-95.280763,29.916076],[-95.280749,29.916077],[-95.280749,29.916077],[-95.280735,29.916078],[-95.280733,29.916078],[-95.280719,29.916079],[-95.280717,29.916079],[-95.280713,29.916079],[-95.280704,29.916079],[-95.280701,29.916079],[-95.280698,29.916079],[-95.280685,29.916079],[-95.280669,29.916079],[-95.280667,29.916079],[-95.280667,29.916079],[-95.280667,29.916079],[-95.280653,29.916079],[-95.280649,29.916079],[-95.280649,29.916079],[-95.280649,29.916079],[-95.280637,29.916079],[-95.280621,29.916078],[-95.280605,29.916077],[-95.280602,29.916077],[-95.2806,29.916077],[-95.280597,29.916076],[-95.280585,29.916076],[-95.280584,29.916076],[-95.280582,29.916075],[-95.280579,29.916075],[-95.280574,29.916075],[-95.280573,29.916074],[-95.280572,29.916074],[-95.280566,29.916074],[-95.280555,29.916074],[-95.280525,29.916075],[-95.280499,29.916076],[-95.280498,29.916076],[-95.280498,29.916076],[-95.280498,29.916076],[-95.280472,29.916076],[-95.280446,29.916076],[-95.280445,29.916076],[-95.280428,29.916076],[-95.28042,29.916075],[-95.280418,29.916075],[-95.280416,29.916075],[-95.28038,29.916074],[-95.28038,29.916074],[-95.280353,29.916072],[-95.280334,29.916071],[-95.280327,29.91607],[-95.280322,29.916069],[-95.28032,29.916069],[-95.280314,29.916068],[-95.28031,29.916067],[-95.280308,29.916067],[-95.280301,29.916066],[-95.280297,29.916065],[-95.280296,29.916065],[-95.280295,29.916065],[-95.280289,29.916064],[-95.280284,29.916063],[-95.280284,29.916063],[-95.280283,29.916063],[-95.280283,29.916063],[-95.280282,29.916063],[-95.280276,29.916063],[-95.28027,29.916062],[-95.280269,29.916062],[-95.280263,29.916062],[-95.280258,29.916061],[-95.280257,29.916061],[-95.280257,29.916061],[-95.28025,29.916061],[-95.280244,29.916061],[-95.280239,29.916061],[-95.280238,29.916061],[-95.280237,29.916061],[-95.280237,29.916061],[-95.280237,29.916061],[-95.280227,29.916061],[-95.280224,29.916061],[-95.280221,29.916061],[-95.280214,29.916062],[-95.280211,29.916062],[-95.280208,29.916062],[-95.280201,29.916063],[-95.280198,29.916063],[-95.280195,29.916063],[-95.280189,29.916064],[-95.280185,29.916064],[-95.280182,29.916065],[-95.280175,29.916066],[-95.280134,29.916067],[-95.280093,29.916069],[-95.280042,29.916072],[-95.280001,29.916075],[-95.279961,29.916079],[-95.279921,29.916083],[-95.279851,29.916092],[-95.279849,29.916092],[-95.279764,29.916099],[-95.279667,29.916107],[-95.27957,29.916115],[-95.279566,29.916115],[-95.279535,29.916115],[-95.279522,29.916115],[-95.27952,29.916115],[-95.279504,29.916116],[-95.279489,29.916116],[-95.279475,29.916116],[-95.279473,29.916116],[-95.279398,29.916118],[-95.279396,29.916118],[-95.279323,29.91612],[-95.27932,29.91612],[-95.279318,29.91612],[-95.279303,29.91612],[-95.279287,29.916121],[-95.279274,29.916121],[-95.279272,29.916121],[-95.279256,29.916122],[-95.279241,29.916122],[-95.279234,29.916122],[-95.279229,29.916123],[-95.279216,29.916122],[-95.279135,29.916118],[-95.27906,29.916115],[-95.279045,29.916115],[-95.27904,29.916114],[-95.27903,29.916114],[-95.278954,29.916111],[-95.278951,29.916111],[-95.278864,29.916107],[-95.278861,29.916107],[-95.278854,29.916106],[-95.278625,29.916092],[-95.278584,29.91609],[-95.278567,29.91609],[-95.278565,29.91609],[-95.278562,29.91609],[-95.278491,29.916091],[-95.278419,29.916094],[-95.278409,29.916094],[-95.278406,29.916095],[-95.278392,29.916098],[-95.278391,29.916098],[-95.278387,29.916099],[-95.278375,29.916102],[-95.278373,29.916103],[-95.27837,29.916103],[-95.278358,29.916106],[-95.278355,29.916107],[-95.278353,29.916107],[-95.278337,29.916112],[-95.278337,29.916112],[-95.278337,29.916112],[-95.278337,29.916112],[-95.278321,29.916116],[-95.278319,29.916117],[-95.278316,29.916118],[-95.278304,29.916121],[-95.278301,29.916122],[-95.2783,29.916123],[-95.278286,29.916127],[-95.278284,29.916128],[-95.278283,29.916128],[-95.278268,29.916133],[-95.278266,29.916133],[-95.278263,29.916135],[-95.278252,29.916139],[-95.278249,29.91614],[-95.278247,29.91614],[-95.278232,29.916146],[-95.27823,29.916147],[-95.278215,29.916153],[-95.278201,29.916158],[-95.278198,29.916159],[-95.278195,29.916161],[-95.278181,29.916167],[-95.278165,29.916174],[-95.278165,29.916174],[-95.27815,29.916181],[-95.278148,29.916182],[-95.278145,29.916183],[-95.278135,29.916188],[-95.278132,29.91619],[-95.278131,29.91619],[-95.278104,29.916204],[-95.278049,29.916214],[-95.278033,29.916218],[-95.278018,29.916222],[-95.278003,29.916226],[-95.277987,29.916229],[-95.277972,29.916231],[-95.277956,29.916233],[-95.277941,29.916233],[-95.27794,29.916233],[-95.27794,29.916233],[-95.27794,29.916233],[-95.277925,29.916233],[-95.277921,29.916233],[-95.277921,29.916233],[-95.277921,29.916233],[-95.277917,29.916232],[-95.277909,29.916232],[-95.277894,29.916231],[-95.277878,29.91623],[-95.277862,29.916229],[-95.277847,29.916228],[-95.277831,29.916226],[-95.277815,29.916225],[-95.2778,29.916223],[-95.277784,29.916221],[-95.277768,29.91622],[-95.277752,29.916218],[-95.277737,29.916216],[-95.277721,29.916214],[-95.277705,29.916212],[-95.27769,29.916211],[-95.277674,29.916209],[-95.277658,29.916208],[-95.277642,29.916206],[-95.277627,29.916205],[-95.277611,29.916204],[-95.277595,29.916203],[-95.277579,29.916202],[-95.277564,29.916201],[-95.277548,29.9162],[-95.277532,29.916199],[-95.277516,29.916199],[-95.277501,29.916198],[-95.277485,29.916197],[-95.277469,29.916196],[-95.277453,29.916196],[-95.277438,29.916195],[-95.277422,29.916194],[-95.277406,29.916194],[-95.27739,29.916193],[-95.277374,29.916192],[-95.277359,29.916192],[-95.277343,29.916191],[-95.277327,29.91619],[-95.277311,29.91619],[-95.277295,29.916189],[-95.27728,29.916189],[-95.277264,29.916188],[-95.277248,29.916187],[-95.277232,29.916187],[-95.277217,29.916186],[-95.277201,29.916185],[-95.277185,29.916184],[-95.277169,29.916184],[-95.277154,29.916183],[-95.277138,29.916182],[-95.277122,29.916181],[-95.277106,29.91618],[-95.277091,29.916179],[-95.277075,29.916178],[-95.277059,29.916177],[-95.277043,29.916176],[-95.277028,29.916175],[-95.277012,29.916174],[-95.276996,29.916173],[-95.27698,29.916172],[-95.276965,29.916171],[-95.276949,29.916169],[-95.276933,29.916168],[-95.276918,29.916166],[-95.276902,29.916165],[-95.276886,29.916163],[-95.276871,29.916161],[-95.276855,29.91616],[-95.276839,29.916158],[-95.276824,29.916156],[-95.276808,29.916154],[-95.276793,29.916151],[-95.276777,29.916149],[-95.276761,29.916147],[-95.276746,29.916144],[-95.27673,29.916142],[-95.276715,29.916139],[-95.276699,29.916137],[-95.276683,29.916134],[-95.276668,29.916132],[-95.276652,29.916129],[-95.276637,29.916126],[-95.276621,29.916123],[-95.276606,29.916121],[-95.27659,29.916118],[-95.276574,29.916115],[-95.276559,29.916112],[-95.276543,29.91611],[-95.276528,29.916107],[-95.276512,29.916104],[-95.276497,29.916102],[-95.276481,29.916099],[-95.276465,29.916096],[-95.27645,29.916094],[-95.276434,29.916091],[-95.276419,29.916089],[-95.276403,29.916086],[-95.276388,29.916084],[-95.276372,29.916081],[-95.276356,29.916079],[-95.276341,29.916077],[-95.276325,29.916075],[-95.27631,29.916073],[-95.276294,29.916071],[-95.276279,29.916069],[-95.276263,29.916067],[-95.276247,29.916065],[-95.276232,29.916064],[-95.276216,29.916062],[-95.276201,29.916061],[-95.276185,29.91606],[-95.276169,29.916059],[-95.276154,29.916058],[-95.276138,29.916057],[-95.276122,29.916056],[-95.276108,29.916056],[-95.276107,29.916056],[-95.276091,29.916055],[-95.276089,29.916055],[-95.276075,29.916055],[-95.27606,29.916055],[-95.276044,29.916055],[-95.276028,29.916055],[-95.276013,29.916055],[-95.275997,29.916056],[-95.275981,29.916056],[-95.275965,29.916056],[-95.27595,29.916057],[-95.275934,29.916057],[-95.275918,29.916058],[-95.275912,29.916058],[-95.275903,29.916059],[-95.275887,29.916059],[-95.275871,29.91606],[-95.275855,29.916061],[-95.27584,29.916062],[-95.275824,29.916063],[-95.275808,29.916064],[-95.275792,29.916065],[-95.275777,29.916066],[-95.275761,29.916068],[-95.275745,29.916069],[-95.27573,29.91607],[-95.275714,29.916071],[-95.275698,29.916073],[-95.275682,29.916074],[-95.275667,29.916076],[-95.275651,29.916077],[-95.275635,29.916079],[-95.275619,29.91608],[-95.275604,29.916082],[-95.275588,29.916083],[-95.275572,29.916085],[-95.275556,29.916086],[-95.275541,29.916088],[-95.275525,29.91609],[-95.275509,29.916091],[-95.275493,29.916093],[-95.275478,29.916095],[-95.275462,29.916096],[-95.275446,29.916098],[-95.27543,29.9161],[-95.275414,29.916101],[-95.275399,29.916103],[-95.275383,29.916104],[-95.275367,29.916106],[-95.275351,29.916108],[-95.275336,29.916109],[-95.27532,29.916111],[-95.275304,29.916112],[-95.275288,29.916114],[-95.275273,29.916115],[-95.275257,29.916117],[-95.275241,29.916118],[-95.275225,29.916119],[-95.27521,29.916121],[-95.275194,29.916122],[-95.275178,29.916123],[-95.275162,29.916124],[-95.275147,29.916125],[-95.275131,29.916127],[-95.275115,29.916128],[-95.2751,29.916129],[-95.275084,29.916129],[-95.275068,29.91613],[-95.275052,29.916131],[-95.275037,29.916132],[-95.275021,29.916132],[-95.275005,29.916133],[-95.274989,29.916134],[-95.274974,29.916134],[-95.274958,29.916134],[-95.274942,29.916135],[-95.274927,29.916135],[-95.274911,29.916135],[-95.274911,29.916135],[-95.274911,29.916135],[-95.274895,29.916134],[-95.274892,29.916134],[-95.274892,29.916134],[-95.274892,29.916134],[-95.27488,29.916134],[-95.274864,29.916133],[-95.274848,29.916132],[-95.274832,29.916131],[-95.274817,29.916129],[-95.274801,29.916127],[-95.274785,29.916126],[-95.27477,29.916124],[-95.274754,29.916121],[-95.274738,29.916119],[-95.274723,29.916117],[-95.274707,29.916114],[-95.274692,29.916112],[-95.274676,29.916109],[-95.27466,29.916106],[-95.274645,29.916104],[-95.274629,29.916101],[-95.274613,29.916098],[-95.274598,29.916096],[-95.274582,29.916093],[-95.274567,29.916091],[-95.274551,29.916088],[-95.274535,29.916086],[-95.27452,29.916084],[-95.274504,29.916081],[-95.274488,29.916079],[-95.274473,29.916078],[-95.274457,29.916076],[-95.274442,29.916075],[-95.274426,29.916073],[-95.27441,29.916072],[-95.274395,29.916072],[-95.27439,29.916071],[-95.274387,29.916071],[-95.274379,29.916071],[-95.274371,29.916071],[-95.274363,29.916071],[-95.274348,29.916071],[-95.274332,29.916072],[-95.274316,29.916073],[-95.274301,29.916074],[-95.274285,29.916076],[-95.274269,29.916078],[-95.274253,29.91608],[-95.274238,29.916082],[-95.274222,29.916085],[-95.274207,29.916088],[-95.274191,29.916091],[-95.274175,29.916095],[-95.27416,29.916098],[-95.274145,29.916102],[-95.274129,29.916105],[-95.274114,29.916109],[-95.274099,29.916113],[-95.274084,29.916117],[-95.274069,29.916121],[-95.274054,29.916125],[-95.274039,29.916129],[-95.274024,29.916133],[-95.274008,29.916137],[-95.273993,29.916141],[-95.273978,29.916145],[-95.273963,29.916149],[-95.273948,29.916153],[-95.273933,29.916157],[-95.273918,29.916162],[-95.273903,29.916166],[-95.273888,29.91617],[-95.273873,29.916175],[-95.273858,29.916179],[-95.273843,29.916184],[-95.273828,29.916188],[-95.273813,29.916193],[-95.273798,29.916198],[-95.273783,29.916202],[-95.273768,29.916207],[-95.273754,29.916212],[-95.273739,29.916217],[-95.273724,29.916222],[-95.273709,29.916227],[-95.273695,29.916232],[-95.27368,29.916237],[-95.273665,29.916242],[-95.273651,29.916247],[-95.273636,29.916253],[-95.273622,29.916258],[-95.273607,29.916263],[-95.273593,29.916269],[-95.273579,29.916275],[-95.273564,29.91628],[-95.27355,29.916286],[-95.273536,29.916292],[-95.273522,29.916298],[-95.273508,29.916305],[-95.273495,29.916312],[-95.273481,29.916319],[-95.273468,29.916326],[-95.273454,29.916333],[-95.273441,29.91634],[-95.273428,29.916348],[-95.273414,29.916355],[-95.273401,29.916363],[-95.273388,29.916371],[-95.273375,29.916379],[-95.273362,29.916386],[-95.273349,29.916394],[-95.273336,29.916402],[-95.273322,29.91641],[-95.273309,29.916417],[-95.273296,29.916425],[-95.273283,29.916433],[-95.27327,29.91644],[-95.273256,29.916447],[-95.273243,29.916455],[-95.273229,29.916462],[-95.273216,29.916469],[-95.273202,29.916476],[-95.273188,29.916483],[-95.273175,29.91649],[-95.273161,29.916498],[-95.273148,29.916506],[-95.273134,29.916513],[-95.273121,29.916521],[-95.273107,29.916529],[-95.273093,29.916537],[-95.27308,29.916545],[-95.273066,29.916552],[-95.273053,29.91656],[-95.273039,29.916567],[-95.273025,29.916575],[-95.273011,29.916582],[-95.272998,29.916589],[-95.272984,29.916595],[-95.27297,29.916602],[-95.272956,29.916608],[-95.272941,29.916614],[-95.272927,29.916619],[-95.272913,29.916624],[-95.272898,29.916628],[-95.272884,29.916632],[-95.272869,29.916636],[-95.272854,29.916639],[-95.272839,29.916641],[-95.272824,29.916643],[-95.272809,29.916645],[-95.272793,29.916647],[-95.272778,29.916649],[-95.272763,29.91665],[-95.272747,29.916651],[-95.272744,29.916651],[-95.272732,29.916652],[-95.272716,29.916653],[-95.272701,29.916653],[-95.272685,29.916654],[-95.272669,29.916654],[-95.272653,29.916654],[-95.272637,29.916654],[-95.27263,29.916653],[-95.272622,29.916653],[-95.272611,29.916653],[-95.272606,29.916653],[-95.27259,29.916652],[-95.272574,29.916652],[-95.272558,29.916651],[-95.272542,29.91665],[-95.272526,29.916649],[-95.27251,29.916648],[-95.272494,29.916647],[-95.272478,29.916646],[-95.272462,29.916644],[-95.272446,29.916643],[-95.27243,29.916642],[-95.272414,29.91664],[-95.272398,29.916639],[-95.272382,29.916637],[-95.272366,29.916635],[-95.27235,29.916634],[-95.272334,29.916632],[-95.272318,29.916631],[-95.272302,29.916629],[-95.272286,29.916627],[-95.272271,29.916626],[-95.272255,29.916624],[-95.272239,29.916623],[-95.272224,29.916621],[-95.272208,29.91662],[-95.272192,29.916618],[-95.272177,29.916617],[-95.272161,29.916615],[-95.272145,29.916614],[-95.272129,29.916612],[-95.272114,29.91661],[-95.272098,29.916609],[-95.272082,29.916607],[-95.272067,29.916606],[-95.272051,29.916604],[-95.272035,29.916602],[-95.27202,29.916601],[-95.272004,29.916599],[-95.271988,29.916597],[-95.271973,29.916596],[-95.271957,29.916594],[-95.271941,29.916592],[-95.271926,29.916591],[-95.27191,29.916589],[-95.271894,29.916587],[-95.271879,29.916585],[-95.271863,29.916583],[-95.271847,29.916582],[-95.271832,29.91658],[-95.271816,29.916578],[-95.2718,29.916576],[-95.271785,29.916574],[-95.271769,29.916572],[-95.271753,29.91657],[-95.271738,29.916568],[-95.271722,29.916566],[-95.271706,29.916564],[-95.271691,29.916562],[-95.271675,29.91656],[-95.271659,29.916558],[-95.271644,29.916556],[-95.271628,29.916554],[-95.271613,29.916552],[-95.271597,29.91655],[-95.271581,29.916548],[-95.271566,29.916545],[-95.27155,29.916543],[-95.271535,29.916541],[-95.271519,29.916539],[-95.271503,29.916536],[-95.271488,29.916534],[-95.271472,29.916532],[-95.271457,29.916529],[-95.271441,29.916527],[-95.271426,29.916524],[-95.27141,29.916522],[-95.271395,29.916519],[-95.271379,29.916517],[-95.271364,29.916514],[-95.271348,29.916512],[-95.271333,29.916509],[-95.271317,29.916506],[-95.271302,29.916504],[-95.271286,29.916501],[-95.271271,29.916498],[-95.271255,29.916495],[-95.27124,29.916492],[-95.271225,29.916489],[-95.271209,29.916487],[-95.271194,29.916484],[-95.271178,29.916481],[-95.271163,29.916478],[-95.271148,29.916475],[-95.271132,29.916471],[-95.271117,29.916468],[-95.271101,29.916465],[-95.271086,29.916462],[-95.271071,29.916459],[-95.271055,29.916456],[-95.27104,29.916453],[-95.271025,29.91645],[-95.271009,29.916446],[-95.270994,29.916443],[-95.270979,29.91644],[-95.270963,29.916437],[-95.270948,29.916433],[-95.270933,29.91643],[-95.270917,29.916427],[-95.270902,29.916424],[-95.270887,29.91642],[-95.270872,29.916417],[-95.270856,29.916414],[-95.270841,29.91641],[-95.270826,29.916407],[-95.27081,29.916404],[-95.270795,29.9164],[-95.27078,29.916397],[-95.270764,29.916393],[-95.270749,29.91639],[-95.270734,29.916387],[-95.270719,29.916383],[-95.270703,29.91638],[-95.270688,29.916376],[-95.270673,29.916373],[-95.270658,29.916369],[-95.270642,29.916366],[-95.270627,29.916362],[-95.270612,29.916359],[-95.270597,29.916355],[-95.270581,29.916352],[-95.270566,29.916348],[-95.270551,29.916345],[-95.270535,29.916341],[-95.27052,29.916338],[-95.270505,29.916334],[-95.27049,29.916331],[-95.270474,29.916327],[-95.270459,29.916324],[-95.270444,29.91632],[-95.270429,29.916316],[-95.270414,29.916313],[-95.270398,29.916309],[-95.270383,29.916306],[-95.270368,29.916302],[-95.270353,29.916298],[-95.270337,29.916295],[-95.270322,29.916291],[-95.270307,29.916288],[-95.270292,29.916284],[-95.270276,29.91628],[-95.270261,29.916277],[-95.270246,29.916273],[-95.270231,29.916269],[-95.270216,29.916266],[-95.2702,29.916262],[-95.270185,29.916258],[-95.27017,29.916255],[-95.270155,29.916251],[-95.270139,29.916247],[-95.270124,29.916244],[-95.270109,29.91624],[-95.270094,29.916236],[-95.270079,29.916233],[-95.270063,29.916229],[-95.270048,29.916225],[-95.270033,29.916222],[-95.270018,29.916218],[-95.270002,29.916214],[-95.269987,29.916211],[-95.269972,29.916207],[-95.269957,29.916203],[-95.269942,29.916199],[-95.269926,29.916196],[-95.269911,29.916192],[-95.269896,29.916188],[-95.269881,29.916185],[-95.269866,29.916181],[-95.26985,29.916177],[-95.269835,29.916174],[-95.26982,29.91617],[-95.269805,29.916166],[-95.269789,29.916163],[-95.269774,29.916159],[-95.269759,29.916155],[-95.269744,29.916152],[-95.269729,29.916148],[-95.269713,29.916144],[-95.269698,29.916141],[-95.269683,29.916137],[-95.269668,29.916133],[-95.269652,29.91613],[-95.269637,29.916126],[-95.269622,29.916122],[-95.269607,29.916119],[-95.269592,29.916115],[-95.269576,29.916111],[-95.269561,29.916108],[-95.269546,29.916104],[-95.269531,29.9161],[-95.269515,29.916097],[-95.2695,29.916093],[-95.269485,29.91609],[-95.26947,29.916086],[-95.269454,29.916082],[-95.269439,29.916079],[-95.269424,29.916075],[-95.269409,29.916072],[-95.269393,29.916068],[-95.269378,29.916064],[-95.269363,29.916061],[-95.269348,29.916057],[-95.269332,29.916054],[-95.269317,29.91605],[-95.269302,29.916047],[-95.269287,29.916043],[-95.269271,29.91604],[-95.269256,29.916036],[-95.269241,29.916033],[-95.269226,29.916029],[-95.26921,29.916026],[-95.269195,29.916022],[-95.26918,29.916019],[-95.269165,29.916015],[-95.269149,29.916012],[-95.269134,29.916009],[-95.269119,29.916005],[-95.269103,29.916002],[-95.269088,29.915998],[-95.269073,29.915995],[-95.269057,29.915992],[-95.269042,29.915988],[-95.269027,29.915985],[-95.269012,29.915982],[-95.268996,29.915978],[-95.268981,29.915975],[-95.268966,29.915972],[-95.26895,29.915968],[-95.268935,29.915965],[-95.26892,29.915962],[-95.268904,29.915959],[-95.268889,29.915955],[-95.268874,29.915952],[-95.268858,29.915949],[-95.268843,29.915946],[-95.268827,29.915943],[-95.268812,29.91594],[-95.268797,29.915937],[-95.268781,29.915934],[-95.268766,29.915932],[-95.26875,29.915929],[-95.268735,29.915926],[-95.268719,29.915923],[-95.268704,29.91592],[-95.268688,29.915918],[-95.268673,29.915915],[-95.268657,29.915912],[-95.268642,29.91591],[-95.268626,29.915907],[-95.268611,29.915905],[-95.268595,29.915902],[-95.26858,29.915899],[-95.268564,29.915897],[-95.268549,29.915894],[-95.268533,29.915892],[-95.268518,29.915889],[-95.268502,29.915887],[-95.268487,29.915884],[-95.268471,29.915882],[-95.268456,29.915879],[-95.26844,29.915877],[-95.268425,29.915874],[-95.268409,29.915872],[-95.268394,29.91587],[-95.268378,29.915867],[-95.268362,29.915865],[-95.268347,29.915862],[-95.268331,29.91586],[-95.268316,29.915857],[-95.2683,29.915855],[-95.268285,29.915852],[-95.268269,29.91585],[-95.268254,29.915847],[-95.268238,29.915845],[-95.268223,29.915842],[-95.268207,29.91584],[-95.268192,29.915837],[-95.268176,29.915835],[-95.268161,29.915832],[-95.268145,29.915829],[-95.26813,29.915827],[-95.268114,29.915824],[-95.268099,29.915821],[-95.268083,29.915819],[-95.268068,29.915816],[-95.268052,29.915813],[-95.268037,29.91581],[-95.268021,29.915808],[-95.268006,29.915805],[-95.267991,29.915802],[-95.267975,29.915799],[-95.26796,29.915796],[-95.267944,29.915793],[-95.267929,29.91579],[-95.267914,29.915787],[-95.267898,29.915784],[-95.267883,29.91578],[-95.267868,29.915777],[-95.267852,29.915774],[-95.267837,29.915771],[-95.267822,29.915767],[-95.267806,29.915764],[-95.267791,29.915761],[-95.267776,29.915757],[-95.26776,29.915754],[-95.267745,29.91575],[-95.26773,29.915747],[-95.267715,29.915743],[-95.2677,29.915739],[-95.267684,29.915736],[-95.267669,29.915732],[-95.267654,29.915728],[-95.267639,29.915725],[-95.267624,29.915721],[-95.267608,29.915717],[-95.267593,29.915713],[-95.267578,29.915709],[-95.267563,29.915706],[-95.267548,29.915702],[-95.267532,29.915698],[-95.267517,29.915694],[-95.267502,29.91569],[-95.267487,29.915686],[-95.267472,29.915682],[-95.267457,29.915678],[-95.267442,29.915674],[-95.267426,29.91567],[-95.267411,29.915666],[-95.267396,29.915662],[-95.267381,29.915658],[-95.267366,29.915654],[-95.267351,29.91565],[-95.267336,29.915647],[-95.267321,29.915643],[-95.267305,29.915639],[-95.26729,29.915635],[-95.267275,29.915631],[-95.26726,29.915627],[-95.267245,29.915623],[-95.26723,29.915619],[-95.267215,29.915615],[-95.267199,29.915611],[-95.267184,29.915607],[-95.267169,29.915603],[-95.267154,29.915599],[-95.267139,29.915596],[-95.267124,29.915592],[-95.267109,29.915588],[-95.267093,29.915584],[-95.267078,29.91558],[-95.267063,29.915577],[-95.267048,29.915573],[-95.267033,29.915569],[-95.267017,29.915566],[-95.267002,29.915562],[-95.266987,29.915558],[-95.266972,29.915555],[-95.266956,29.915551],[-95.266941,29.915548],[-95.266926,29.915544],[-95.266911,29.915541],[-95.266895,29.915537],[-95.26688,29.915534],[-95.266865,29.915531],[-95.26685,29.915527],[-95.266834,29.915524],[-95.266819,29.915521],[-95.266804,29.915518],[-95.266788,29.915515],[-95.266773,29.915512],[-95.266757,29.915509],[-95.266742,29.915506],[-95.266727,29.915503],[-95.266711,29.9155],[-95.266696,29.915497],[-95.26668,29.915495],[-95.266665,29.915492],[-95.266649,29.915489],[-95.266634,29.915487],[-95.266618,29.915484],[-95.266603,29.915482],[-95.266587,29.915479],[-95.266572,29.915477],[-95.266556,29.915474],[-95.266541,29.915472],[-95.266525,29.915469],[-95.26651,29.915467],[-95.266494,29.915465],[-95.266478,29.915463],[-95.266463,29.91546],[-95.266447,29.915458],[-95.266432,29.915456],[-95.266416,29.915454],[-95.2664,29.915452],[-95.266385,29.91545],[-95.266369,29.915448],[-95.266353,29.915446],[-95.266338,29.915444],[-95.266322,29.915442],[-95.266306,29.91544],[-95.266291,29.915438],[-95.266275,29.915436],[-95.26626,29.915434],[-95.266244,29.915432],[-95.266228,29.91543],[-95.266213,29.915429],[-95.266197,29.915427],[-95.266181,29.915425],[-95.266166,29.915423],[-95.26615,29.915421],[-95.266134,29.91542],[-95.266119,29.915418],[-95.266103,29.915416],[-95.266087,29.915414],[-95.266072,29.915413],[-95.266056,29.915411],[-95.26604,29.915409],[-95.266025,29.915408],[-95.266009,29.915406],[-95.265993,29.915404],[-95.265978,29.915402],[-95.265962,29.915401],[-95.265946,29.915399],[-95.26593,29.915397],[-95.265915,29.915395],[-95.265899,29.915394],[-95.265883,29.915392],[-95.265867,29.915391],[-95.265851,29.915389],[-95.265836,29.915388],[-95.26582,29.915386],[-95.265804,29.915385],[-95.265788,29.915384],[-95.265772,29.915383],[-95.265756,29.915383],[-95.265741,29.915382],[-95.265736,29.915382],[-95.265725,29.915382],[-95.265717,29.915381],[-95.265709,29.915381],[-95.265693,29.915381],[-95.265678,29.915381],[-95.265662,29.915382],[-95.265646,29.915382],[-95.265631,29.915383],[-95.265615,29.915384],[-95.265599,29.915386],[-95.265584,29.915387],[-95.265568,29.915389],[-95.265552,29.91539],[-95.265537,29.915392],[-95.265521,29.915393],[-95.265505,29.915395],[-95.265489,29.915397],[-95.265473,29.915398],[-95.265457,29.9154],[-95.265441,29.915402],[-95.265425,29.915404],[-95.265409,29.915406],[-95.265393,29.915408],[-95.265378,29.91541],[-95.265362,29.915412],[-95.265346,29.915414],[-95.26533,29.915417],[-95.265314,29.915419],[-95.265298,29.915421],[-95.265282,29.915424],[-95.265266,29.915427],[-95.265251,29.915429],[-95.265235,29.915432],[-95.265219,29.915435],[-95.265204,29.915438],[-95.265188,29.915441],[-95.265173,29.915444],[-95.265157,29.915448],[-95.265142,29.915451],[-95.265127,29.915455],[-95.265112,29.915458],[-95.265097,29.915462],[-95.265082,29.915466],[-95.265067,29.91547],[-95.265052,29.915474],[-95.265037,29.915479],[-95.265023,29.915483],[-95.265009,29.915488],[-95.264994,29.915493],[-95.26498,29.915498],[-95.264966,29.915503],[-95.264953,29.915508],[-95.26494,29.915515],[-95.264928,29.915523],[-95.264916,29.915532],[-95.264905,29.915541],[-95.264895,29.915551],[-95.264885,29.915562],[-95.264875,29.915573],[-95.264865,29.915585],[-95.264856,29.915596],[-95.264847,29.915608],[-95.264837,29.91562],[-95.264828,29.915632],[-95.264818,29.915644],[-95.264808,29.915655],[-95.264798,29.915666],[-95.264787,29.915677],[-95.264776,29.915687],[-95.264764,29.915696],[-95.264752,29.915704],[-95.264739,29.915712],[-95.264727,29.91572],[-95.264714,29.915728],[-95.264701,29.915736],[-95.264688,29.915743],[-95.264675,29.915751],[-95.264662,29.915758],[-95.264648,29.915766],[-95.264635,29.915773],[-95.264621,29.91578],[-95.264608,29.915787],[-95.264594,29.915794],[-95.264581,29.915801],[-95.264567,29.915808],[-95.264553,29.915815],[-95.26454,29.915822],[-95.264526,29.915829],[-95.264512,29.915835],[-95.264498,29.915842],[-95.264484,29.915849],[-95.26447,29.915855],[-95.264457,29.915862],[-95.264443,29.915869],[-95.264429,29.915876],[-95.264415,29.915882],[-95.264401,29.915889],[-95.264387,29.915896],[-95.264373,29.915902],[-95.26436,29.915909],[-95.264346,29.915916],[-95.264332,29.915923],[-95.264318,29.91593],[-95.264305,29.915937],[-95.264291,29.915944],[-95.264278,29.915951],[-95.264264,29.915958],[-95.264251,29.915966],[-95.264237,29.915973],[-95.264224,29.91598],[-95.264211,29.915987],[-95.264197,29.915995],[-95.264184,29.916002],[-95.26417,29.916009],[-95.264157,29.916016],[-95.264144,29.916024],[-95.26413,29.916031],[-95.264117,29.916038],[-95.264104,29.916046],[-95.26409,29.916053],[-95.264077,29.91606],[-95.264064,29.916068],[-95.26405,29.916075],[-95.264037,29.916083],[-95.264024,29.91609],[-95.26401,29.916097],[-95.263997,29.916105],[-95.263984,29.916112],[-95.26397,29.91612],[-95.263957,29.916127],[-95.263944,29.916134],[-95.26393,29.916142],[-95.263917,29.916149],[-95.263904,29.916157],[-95.26389,29.916164],[-95.263877,29.916171],[-95.263864,29.916179],[-95.26385,29.916186],[-95.263837,29.916194],[-95.263824,29.916201],[-95.26381,29.916208],[-95.263797,29.916216],[-95.263784,29.916223],[-95.26377,29.91623],[-95.263757,29.916238],[-95.263744,29.916245],[-95.26373,29.916252],[-95.263717,29.91626],[-95.263704,29.916267],[-95.26369,29.916274],[-95.263677,29.916282],[-95.263663,29.916289],[-95.26365,29.916296],[-95.263636,29.916303],[-95.263623,29.91631],[-95.263609,29.916318],[-95.263596,29.916325],[-95.263583,29.916332],[-95.263569,29.916339],[-95.263555,29.916346],[-95.263542,29.916353],[-95.263528,29.91636],[-95.263515,29.916367],[-95.263501,29.916374],[-95.263488,29.916381],[-95.263474,29.916388],[-95.26346,29.916395],[-95.263447,29.916402],[-95.263433,29.916408],[-95.263419,29.916415],[-95.263406,29.916422],[-95.263392,29.916429],[-95.263378,29.916436],[-95.263364,29.916442],[-95.263351,29.916449],[-95.263337,29.916456],[-95.263323,29.916462],[-95.263309,29.916469],[-95.263295,29.916475],[-95.263281,29.916482],[-95.263268,29.916489],[-95.263254,29.916495],[-95.26324,29.916502],[-95.263226,29.916508],[-95.263212,29.916515],[-95.263198,29.916521],[-95.263184,29.916528],[-95.26317,29.916534],[-95.263155,29.91654],[-95.263141,29.916547],[-95.263127,29.916553],[-95.263113,29.916559],[-95.263099,29.916566],[-95.263085,29.916572],[-95.26307,29.916578],[-95.263056,29.916584],[-95.263042,29.91659],[-95.263028,29.916596],[-95.263013,29.916602],[-95.262999,29.916608],[-95.262985,29.916613],[-95.26297,29.916619],[-95.262956,29.916625],[-95.262941,29.91663],[-95.262927,29.916636],[-95.262912,29.916641],[-95.262898,29.916647],[-95.262883,29.916652],[-95.262869,29.916657],[-95.262854,29.916662],[-95.262839,29.916667],[-95.262825,29.916672],[-95.26281,29.916677],[-95.262795,29.916682],[-95.26278,29.916687],[-95.262766,29.916691],[-95.262751,29.916696],[-95.262736,29.9167],[-95.262721,29.916704],[-95.262706,29.916708],[-95.262691,29.916713],[-95.262676,29.916716],[-95.262661,29.91672],[-95.262646,29.916724],[-95.262631,29.916728],[-95.262616,29.916731],[-95.262601,29.916735],[-95.262585,29.916738],[-95.26257,29.916741],[-95.262555,29.916745],[-95.262539,29.916748],[-95.262524,29.916751],[-95.262509,29.916754],[-95.262493,29.916757],[-95.262478,29.91676],[-95.262462,29.916762],[-95.262447,29.916765],[-95.262431,29.916768],[-95.262416,29.91677],[-95.2624,29.916773],[-95.262385,29.916776],[-95.262369,29.916778],[-95.262354,29.916781],[-95.262338,29.916783],[-95.262322,29.916785],[-95.262307,29.916788],[-95.262291,29.91679],[-95.262276,29.916793],[-95.26226,29.916795],[-95.262244,29.916797],[-95.262229,29.9168],[-95.262213,29.916802],[-95.262197,29.916804],[-95.262182,29.916807],[-95.262166,29.916809],[-95.262151,29.916811],[-95.262135,29.916814],[-95.262119,29.916816],[-95.262104,29.916818],[-95.262088,29.916821],[-95.262073,29.916823],[-95.262057,29.916826],[-95.262041,29.916828],[-95.262026,29.916831],[-95.26201,29.916834],[-95.261995,29.916836],[-95.261979,29.916839],[-95.261964,29.916842],[-95.261949,29.916845],[-95.261933,29.916847],[-95.261918,29.91685],[-95.261902,29.916853],[-95.261887,29.916856],[-95.261871,29.916859],[-95.261856,29.916862],[-95.26184,29.916864],[-95.261825,29.916867],[-95.261809,29.91687],[-95.261794,29.916873],[-95.261779,29.916876],[-95.261763,29.916878],[-95.261748,29.916881],[-95.261732,29.916884],[-95.261717,29.916887],[-95.261701,29.91689],[-95.261686,29.916893],[-95.26167,29.916895],[-95.261655,29.916898],[-95.26164,29.916901],[-95.261624,29.916904],[-95.261609,29.916907],[-95.261593,29.916909],[-95.261578,29.916912],[-95.261562,29.916915],[-95.261547,29.916918],[-95.261531,29.916921],[-95.261516,29.916924],[-95.261501,29.916926],[-95.261485,29.916929],[-95.26147,29.916932],[-95.261454,29.916935],[-95.261439,29.916938],[-95.261423,29.91694],[-95.261408,29.916943],[-95.261392,29.916946],[-95.261377,29.916949],[-95.261361,29.916952],[-95.261346,29.916955],[-95.261331,29.916957],[-95.261315,29.91696],[-95.2613,29.916963],[-95.261284,29.916966],[-95.261269,29.916969],[-95.261253,29.916971],[-95.261238,29.916974],[-95.261222,29.916977],[-95.261207,29.91698],[-95.261192,29.916983],[-95.261176,29.916986],[-95.261161,29.916988],[-95.261145,29.916991],[-95.26113,29.916994],[-95.261114,29.916997],[-95.261099,29.917],[-95.261083,29.917002],[-95.261068,29.917005],[-95.261053,29.917008],[-95.261037,29.917011],[-95.261022,29.917014],[-95.261006,29.917017],[-95.260991,29.917019],[-95.260975,29.917022],[-95.26096,29.917025],[-95.260944,29.917028],[-95.260929,29.917031],[-95.260913,29.917033],[-95.260898,29.917036],[-95.260883,29.917039],[-95.260867,29.917042],[-95.260852,29.917045],[-95.260836,29.917048],[-95.260821,29.91705],[-95.260805,29.917053],[-95.26079,29.917056],[-95.260774,29.917059],[-95.260759,29.917062],[-95.260744,29.917064],[-95.260728,29.917067],[-95.260713,29.91707],[-95.260697,29.917073],[-95.260682,29.917075],[-95.260666,29.917078],[-95.260651,29.917081],[-95.260635,29.917083],[-95.26062,29.917086],[-95.260604,29.917088],[-95.260589,29.917091],[-95.260573,29.917094],[-95.260558,29.917096],[-95.260542,29.917099],[-95.260526,29.917101],[-95.260511,29.917104],[-95.260495,29.917106],[-95.26048,29.917109],[-95.260464,29.917112],[-95.260449,29.917114],[-95.260433,29.917117],[-95.260418,29.917119],[-95.260402,29.917122],[-95.260387,29.917125],[-95.260371,29.917127],[-95.260356,29.91713],[-95.26034,29.917133],[-95.260325,29.917135],[-95.260309,29.917138],[-95.260294,29.917141],[-95.260278,29.917143],[-95.260263,29.917146],[-95.260247,29.917149],[-95.260232,29.917152],[-95.260217,29.917155],[-95.260201,29.917158],[-95.260186,29.917161],[-95.26017,29.917164],[-95.260155,29.917167],[-95.26014,29.91717],[-95.260124,29.917173],[-95.260109,29.917176],[-95.260094,29.91718],[-95.260078,29.917183],[-95.260063,29.917186],[-95.260048,29.91719],[-95.260033,29.917193],[-95.260017,29.917197],[-95.260002,29.9172],[-95.259987,29.917204],[-95.259972,29.917208],[-95.259957,29.917213],[-95.259942,29.917217],[-95.259928,29.917222],[-95.259913,29.917226],[-95.259898,29.917231],[-95.259883,29.917236],[-95.259869,29.917241],[-95.259854,29.917246],[-95.259839,29.917252],[-95.259825,29.917257],[-95.25981,29.917262],[-95.259796,29.917268],[-95.259781,29.917273],[-95.259766,29.917279],[-95.259752,29.917284],[-95.259737,29.917289],[-95.259723,29.917295],[-95.259708,29.9173],[-95.259693,29.917306],[-95.259679,29.917311],[-95.259664,29.917316],[-95.25965,29.917321],[-95.259635,29.917326],[-95.25962,29.917331],[-95.259605,29.917336],[-95.25959,29.91734],[-95.259575,29.917345],[-95.25956,29.917349],[-95.259545,29.917354],[-95.25953,29.917358],[-95.259515,29.917363],[-95.2595,29.917367],[-95.259485,29.917372],[-95.25947,29.917377],[-95.259455,29.917381],[-95.25944,29.917386],[-95.259425,29.917391],[-95.259411,29.917396],[-95.259396,29.917401],[-95.259382,29.917406],[-95.259367,29.917412],[-95.259353,29.917417],[-95.259339,29.917423],[-95.259325,29.917429],[-95.259311,29.917436],[-95.259297,29.917442],[-95.259284,29.917449],[-95.25927,29.917456],[-95.259257,29.917463],[-95.259243,29.917471],[-95.25923,29.917478],[-95.259217,29.917485],[-95.259204,29.917493],[-95.259191,29.9175],[-95.259178,29.917508],[-95.259165,29.917516],[-95.259152,29.917524],[-95.259139,29.917531],[-95.259126,29.917539],[-95.259113,29.917547],[-95.2591,29.917555],[-95.259087,29.917564],[-95.259075,29.917572],[-95.259062,29.91758],[-95.259049,29.917588],[-95.259037,29.917597],[-95.259024,29.917605],[-95.259012,29.917613],[-95.258999,29.917622],[-95.258987,29.91763],[-95.258974,29.917639],[-95.258962,29.917647],[-95.258949,29.917656],[-95.258937,29.917665],[-95.258924,29.917673],[-95.258912,29.917682],[-95.2589,29.91769],[-95.258887,29.917699],[-95.258875,29.917708],[-95.258862,29.917716],[-95.25885,29.917725],[-95.258838,29.917733],[-95.258825,29.917742],[-95.258813,29.917751],[-95.258801,29.917759],[-95.258788,29.917768],[-95.258776,29.917776],[-95.258764,29.917785],[-95.258751,29.917793],[-95.258739,29.917802],[-95.258727,29.917811],[-95.258714,29.917819],[-95.258702,29.917828],[-95.25869,29.917836],[-95.258677,29.917845],[-95.258665,29.917854],[-95.258653,29.917862],[-95.25864,29.917871],[-95.258628,29.917879],[-95.258616,29.917888],[-95.258603,29.917896],[-95.258591,29.917905],[-95.258579,29.917914],[-95.258566,29.917922],[-95.258554,29.917931],[-95.258542,29.917939],[-95.25853,29.917948],[-95.258517,29.917957],[-95.258505,29.917965],[-95.258493,29.917974],[-95.25848,29.917983],[-95.258468,29.917991],[-95.258456,29.918],[-95.258443,29.918008],[-95.258431,29.918017],[-95.258419,29.918026],[-95.258407,29.918034],[-95.258394,29.918043],[-95.258382,29.918051],[-95.25837,29.91806],[-95.258357,29.918069],[-95.258345,29.918077],[-95.258333,29.918086],[-95.25832,29.918095],[-95.258308,29.918103],[-95.258296,29.918112],[-95.258284,29.91812],[-95.258271,29.918129],[-95.258259,29.918138],[-95.258247,29.918146],[-95.258234,29.918155],[-95.258222,29.918164],[-95.25821,29.918172],[-95.258198,29.918181],[-95.258185,29.91819],[-95.258173,29.918198],[-95.258161,29.918207],[-95.258149,29.918215],[-95.258136,29.918224],[-95.258124,29.918233],[-95.258112,29.918241],[-95.258099,29.91825],[-95.258087,29.918259],[-95.258075,29.918267],[-95.258063,29.918276],[-95.25805,29.918285],[-95.258038,29.918293],[-95.258026,29.918302],[-95.258014,29.918311],[-95.258001,29.918319],[-95.257989,29.918328],[-95.257977,29.918337],[-95.257965,29.918345],[-95.257952,29.918354],[-95.25794,29.918363],[-95.257928,29.918371],[-95.257915,29.91838],[-95.257903,29.918389],[-95.257891,29.918397],[-95.257879,29.918406],[-95.257866,29.918414],[-95.257854,29.918423],[-95.257842,29.918432],[-95.25783,29.91844],[-95.257817,29.918449],[-95.257805,29.918458],[-95.257793,29.918466],[-95.257781,29.918475],[-95.257768,29.918484],[-95.257756,29.918492],[-95.257744,29.918501],[-95.257732,29.91851],[-95.257719,29.918518],[-95.257707,29.918527],[-95.257695,29.918536],[-95.257683,29.918544],[-95.25767,29.918553],[-95.257658,29.918562],[-95.257646,29.918571],[-95.257634,29.918579],[-95.257621,29.918588],[-95.257609,29.918597],[-95.257597,29.918605],[-95.257585,29.918614],[-95.257572,29.918623],[-95.25756,29.918631],[-95.257548,29.91864],[-95.257536,29.918649],[-95.257523,29.918657],[-95.257511,29.918666],[-95.257499,29.918675],[-95.257487,29.918683],[-95.257474,29.918692],[-95.257462,29.918701],[-95.25745,29.918709],[-95.257438,29.918718],[-95.257425,29.918727],[-95.257413,29.918735],[-95.257409,29.918738],[-95.257401,29.918744],[-95.257389,29.918753],[-95.257376,29.918761],[-95.257364,29.91877],[-95.257352,29.918779],[-95.25734,29.918787],[-95.257327,29.918796],[-95.257315,29.918805],[-95.257303,29.918813],[-95.257291,29.918822],[-95.257278,29.918831],[-95.257266,29.918839],[-95.257254,29.918848],[-95.257242,29.918857],[-95.257229,29.918865],[-95.257217,29.918874],[-95.257205,29.918883],[-95.257193,29.918891],[-95.25718,29.9189],[-95.257168,29.918909],[-95.257156,29.918917],[-95.257144,29.918926],[-95.257131,29.918935],[-95.257119,29.918943],[-95.257107,29.918952],[-95.257095,29.918961],[-95.257082,29.918969],[-95.25707,29.918978],[-95.257058,29.918987],[-95.257046,29.918995],[-95.257033,29.919004],[-95.257021,29.919013],[-95.257009,29.919021],[-95.256997,29.91903],[-95.256984,29.919039],[-95.256972,29.919047],[-95.25696,29.919056],[-95.256948,29.919065],[-95.256935,29.919073],[-95.256923,29.919082],[-95.256911,29.919091],[-95.256899,29.919099],[-95.256886,29.919108],[-95.256874,29.919117],[-95.256862,29.919125],[-95.25685,29.919134],[-95.256837,29.919143],[-95.256825,29.919151],[-95.256813,29.91916],[-95.2568,29.919169],[-95.256788,29.919177],[-95.256776,29.919186],[-95.256764,29.919195],[-95.256751,29.919203],[-95.256739,29.919212],[-95.256727,29.919221],[-95.256715,29.919229],[-95.256702,29.919238],[-95.25669,29.919246],[-95.256678,29.919255],[-95.256665,29.919264],[-95.256653,29.919272],[-95.256641,29.919281],[-95.256629,29.91929],[-95.256616,29.919298],[-95.256604,29.919307],[-95.256592,29.919316],[-95.25658,29.919324],[-95.256567,29.919333],[-95.256555,29.919341],[-95.256543,29.91935],[-95.25653,29.919359],[-95.256518,29.919367],[-95.256506,29.919376],[-95.256494,29.919385],[-95.256481,29.919393],[-95.256469,29.919402],[-95.256457,29.919411],[-95.256444,29.919419],[-95.256432,29.919428],[-95.25642,29.919436],[-95.256407,29.919445],[-95.256395,29.919454],[-95.256383,29.919462],[-95.256371,29.919471],[-95.256358,29.919479],[-95.256346,29.919488],[-95.256334,29.919497],[-95.256321,29.919505],[-95.256309,29.919514],[-95.256297,29.919523],[-95.256284,29.919531],[-95.256272,29.91954],[-95.25626,29.919548],[-95.256248,29.919557],[-95.256235,29.919566],[-95.256223,29.919574],[-95.256211,29.919583],[-95.256198,29.919591],[-95.256186,29.9196],[-95.256174,29.919609],[-95.256161,29.919617],[-95.256149,29.919626],[-95.256137,29.919635],[-95.256125,29.919643],[-95.256112,29.919652],[-95.2561,29.91966],[-95.256088,29.919669],[-95.256075,29.919678],[-95.256063,29.919686],[-95.256051,29.919695],[-95.256039,29.919704],[-95.256026,29.919712],[-95.256014,29.919721],[-95.256002,29.919729],[-95.255989,29.919738],[-95.255977,29.919747],[-95.255965,29.919755],[-95.255952,29.919764],[-95.25594,29.919773],[-95.255928,29.919781],[-95.255916,29.91979],[-95.255903,29.919799],[-95.255891,29.919807],[-95.255879,29.919816],[-95.255867,29.919825],[-95.255854,29.919833],[-95.255842,29.919842],[-95.25583,29.91985],[-95.255817,29.919859],[-95.255805,29.919868],[-95.255793,29.919876],[-95.255781,29.919885],[-95.255768,29.919894],[-95.255756,29.919902],[-95.255744,29.919911],[-95.255731,29.91992],[-95.255719,29.919928],[-95.255707,29.919937],[-95.255695,29.919946],[-95.255682,29.919954],[-95.25567,29.919963],[-95.255658,29.919971],[-95.255645,29.91998],[-95.255633,29.919989],[-95.255621,29.919997],[-95.255609,29.920006],[-95.255596,29.920015],[-95.255584,29.920023],[-95.255572,29.920032],[-95.25556,29.920041],[-95.255547,29.920049],[-95.255535,29.920058],[-95.255523,29.920067],[-95.25551,29.920075],[-95.255498,29.920084],[-95.255486,29.920093],[-95.255474,29.920101],[-95.255461,29.92011],[-95.255449,29.920119],[-95.255437,29.920127],[-95.255425,29.920136],[-95.255412,29.920145],[-95.2554,29.920153],[-95.255388,29.920162],[-95.255375,29.92017],[-95.255363,29.920179],[-95.255351,29.920188],[-95.255339,29.920196],[-95.255326,29.920205],[-95.255314,29.920214],[-95.255302,29.920222],[-95.25529,29.920231],[-95.255277,29.92024],[-95.255265,29.920248],[-95.255253,29.920257],[-95.25524,29.920266],[-95.255228,29.920274],[-95.255216,29.920283],[-95.255204,29.920292],[-95.255191,29.9203],[-95.255179,29.920309],[-95.255167,29.920318],[-95.255155,29.920326],[-95.255142,29.920335],[-95.25513,29.920344],[-95.255118,29.920352],[-95.255106,29.920361],[-95.255093,29.92037],[-95.255081,29.920378],[-95.255069,29.920387],[-95.255056,29.920396],[-95.255044,29.920404],[-95.255032,29.920413],[-95.25502,29.920422],[-95.255007,29.92043],[-95.254995,29.920439],[-95.254983,29.920447],[-95.254971,29.920456],[-95.254958,29.920465],[-95.254946,29.920473],[-95.254934,29.920482],[-95.254921,29.920491],[-95.254909,29.920499],[-95.254897,29.920508],[-95.254885,29.920517],[-95.254872,29.920525],[-95.25486,29.920534],[-95.254848,29.920543],[-95.254836,29.920551],[-95.254823,29.92056],[-95.254811,29.920569],[-95.254799,29.920577],[-95.254786,29.920586],[-95.254774,29.920595],[-95.254762,29.920603],[-95.25475,29.920612],[-95.254737,29.920621],[-95.254725,29.920629],[-95.254713,29.920638],[-95.2547,29.920646],[-95.254688,29.920655],[-95.254676,29.920664],[-95.254664,29.920672],[-95.254651,29.920681],[-95.254639,29.92069],[-95.254627,29.920698],[-95.254615,29.920707],[-95.254602,29.920716],[-95.25459,29.920724],[-95.254578,29.920733],[-95.254565,29.920742],[-95.254553,29.92075],[-95.254541,29.920759],[-95.254529,29.920767],[-95.254516,29.920776],[-95.254504,29.920785],[-95.254492,29.920793],[-95.254479,29.920802],[-95.254467,29.920811],[-95.254455,29.920819],[-95.254443,29.920828],[-95.25443,29.920837],[-95.254418,29.920845],[-95.254406,29.920854],[-95.254393,29.920862],[-95.254381,29.920871],[-95.254369,29.92088],[-95.254356,29.920888],[-95.254344,29.920897],[-95.254332,29.920906],[-95.25432,29.920914],[-95.254307,29.920923],[-95.254295,29.920931],[-95.254283,29.92094],[-95.25427,29.920949],[-95.254258,29.920957],[-95.254246,29.920966],[-95.254234,29.920975],[-95.254221,29.920983],[-95.254209,29.920992],[-95.254197,29.921],[-95.254184,29.921009],[-95.254172,29.921018],[-95.25416,29.921026],[-95.254147,29.921035],[-95.254135,29.921044],[-95.254123,29.921052],[-95.254111,29.921061],[-95.254098,29.921069],[-95.254086,29.921078],[-95.254074,29.921087],[-95.254061,29.921095],[-95.254049,29.921104],[-95.254037,29.921112],[-95.254024,29.921121],[-95.254012,29.92113],[-95.254,29.921138],[-95.253987,29.921147],[-95.253975,29.921155],[-95.253963,29.921164],[-95.25395,29.921173],[-95.253938,29.921181],[-95.253926,29.92119],[-95.253914,29.921198],[-95.253901,29.921207],[-95.253889,29.921216],[-95.253877,29.921224],[-95.253864,29.921233],[-95.253852,29.921241],[-95.25384,29.92125],[-95.253827,29.921259],[-95.253815,29.921267],[-95.253803,29.921276],[-95.25379,29.921284],[-95.253778,29.921293],[-95.253766,29.921302],[-95.253753,29.92131],[-95.253741,29.921319],[-95.253729,29.921327],[-95.253716,29.921336],[-95.253704,29.921344],[-95.253692,29.921353],[-95.253679,29.921362],[-95.253667,29.92137],[-95.253655,29.921379],[-95.253642,29.921387],[-95.25363,29.921396],[-95.253618,29.921404],[-95.253605,29.921413],[-95.253593,29.921422],[-95.253581,29.92143],[-95.253568,29.921439],[-95.253556,29.921447],[-95.253543,29.921456],[-95.253531,29.921464],[-95.253519,29.921473],[-95.253506,29.921482],[-95.253494,29.92149],[-95.253482,29.921499],[-95.253469,29.921507],[-95.253457,29.921516],[-95.253445,29.921524],[-95.253432,29.921533],[-95.25342,29.921541],[-95.253408,29.92155],[-95.253395,29.921558],[-95.253383,29.921567],[-95.25337,29.921576],[-95.253358,29.921584],[-95.253346,29.921593],[-95.253333,29.921601],[-95.253321,29.92161],[-95.253309,29.921618],[-95.253296,29.921627],[-95.253284,29.921635],[-95.253271,29.921644],[-95.253259,29.921652],[-95.253247,29.921661],[-95.253234,29.921669],[-95.253222,29.921678],[-95.25321,29.921686],[-95.253197,29.921695],[-95.253185,29.921703],[-95.253172,29.921712],[-95.25316,29.92172],[-95.253148,29.921729],[-95.253135,29.921737],[-95.253123,29.921746],[-95.25311,29.921754],[-95.253098,29.921763],[-95.253086,29.921771],[-95.253073,29.92178],[-95.253061,29.921788],[-95.253048,29.921797],[-95.253036,29.921805],[-95.253024,29.921814],[-95.253011,29.921822],[-95.252999,29.921831],[-95.252986,29.921839],[-95.252974,29.921848],[-95.252962,29.921856],[-95.252949,29.921865],[-95.252937,29.921873],[-95.252924,29.921882],[-95.252912,29.92189],[-95.252899,29.921899],[-95.252887,29.921907],[-95.252875,29.921916],[-95.252862,29.921924],[-95.25285,29.921933],[-95.252837,29.921941],[-95.252825,29.921949],[-95.252812,29.921958],[-95.2528,29.921966],[-95.252788,29.921975],[-95.252775,29.921983],[-95.252763,29.921992],[-95.25275,29.922],[-95.252738,29.922009],[-95.252725,29.922017],[-95.252713,29.922026],[-95.2527,29.922034],[-95.252688,29.922042],[-95.252676,29.922051],[-95.252663,29.922059],[-95.252651,29.922068],[-95.252638,29.922076],[-95.252626,29.922085],[-95.252613,29.922093],[-95.252601,29.922101],[-95.252588,29.92211],[-95.252576,29.922118],[-95.252563,29.922127],[-95.252551,29.922135],[-95.252539,29.922143],[-95.252526,29.922152],[-95.252514,29.92216],[-95.252501,29.922169],[-95.252489,29.922177],[-95.252476,29.922185],[-95.252464,29.922194],[-95.252451,29.922202],[-95.252439,29.922211],[-95.252426,29.922219],[-95.252414,29.922227],[-95.252401,29.922236],[-95.252388,29.922244],[-95.252376,29.922252],[-95.252363,29.92226],[-95.25235,29.922268],[-95.252337,29.922276],[-95.252324,29.922283],[-95.252311,29.922291],[-95.252298,29.922299],[-95.252285,29.922307],[-95.252272,29.922314],[-95.252258,29.922322],[-95.252245,29.922329],[-95.252232,29.922337],[-95.252219,29.922344],[-95.252205,29.922351],[-95.252192,29.922359],[-95.252178,29.922366],[-95.252165,29.922373],[-95.252152,29.92238],[-95.252138,29.922387],[-95.252124,29.922394],[-95.252111,29.922402],[-95.252097,29.922409],[-95.252084,29.922416],[-95.25207,29.922423],[-95.252056,29.922429],[-95.252043,29.922436],[-95.252029,29.922443],[-95.252015,29.92245],[-95.252002,29.922457],[-95.251988,29.922464],[-95.251974,29.922471],[-95.25196,29.922477],[-95.251946,29.922484],[-95.251933,29.922491],[-95.251919,29.922498],[-95.251905,29.922505],[-95.251891,29.922511],[-95.251877,29.922518],[-95.251864,29.922525],[-95.25185,29.922531],[-95.251836,29.922538],[-95.251822,29.922545],[-95.251808,29.922552],[-95.251795,29.922558],[-95.251781,29.922565],[-95.251767,29.922572],[-95.251753,29.922579],[-95.25174,29.922585],[-95.251726,29.922592],[-95.251712,29.922599],[-95.251699,29.922606],[-95.251685,29.922612],[-95.251671,29.922619],[-95.251657,29.922626],[-95.251643,29.922632],[-95.251629,29.922639],[-95.251615,29.922645],[-95.251601,29.922651],[-95.251587,29.922658],[-95.251573,29.922664],[-95.251559,29.92267],[-95.251545,29.922676],[-95.251531,29.922682],[-95.251516,29.922688],[-95.251502,29.922694],[-95.251488,29.9227],[-95.251473,29.922706],[-95.251459,29.922712],[-95.251445,29.922717],[-95.25143,29.922723],[-95.251416,29.922729],[-95.251402,29.922734],[-95.251387,29.92274],[-95.251373,29.922745],[-95.251358,29.922751],[-95.251344,29.922756],[-95.251329,29.922761],[-95.251315,29.922767],[-95.2513,29.922772],[-95.251285,29.922778],[-95.251271,29.922783],[-95.251256,29.922788],[-95.251242,29.922794],[-95.251227,29.922799],[-95.251213,29.922805],[-95.251198,29.92281],[-95.251183,29.922816],[-95.251169,29.922821],[-95.251154,29.922827],[-95.251139,29.922832],[-95.251125,29.922837],[-95.25111,29.922843],[-95.251095,29.922848],[-95.251081,29.922853],[-95.251066,29.922858],[-95.251051,29.922864],[-95.251036,29.922869],[-95.251022,29.922874],[-95.251007,29.922878],[-95.250992,29.922883],[-95.250977,29.922888],[-95.250962,29.922893],[-95.250947,29.922897],[-95.250932,29.922901],[-95.250918,29.922906],[-95.250903,29.92291],[-95.250887,29.922914],[-95.250872,29.922918],[-95.250857,29.922922],[-95.250842,29.922925],[-95.250827,29.922929],[-95.250812,29.922932],[-95.250797,29.922935],[-95.250781,29.922938],[-95.250766,29.922941],[-95.250751,29.922944],[-95.250735,29.922946],[-95.25072,29.922949],[-95.250704,29.922951],[-95.250689,29.922953],[-95.250673,29.922955],[-95.250658,29.922957],[-95.250642,29.922959],[-95.250627,29.922961],[-95.250611,29.922963],[-95.250595,29.922964],[-95.250579,29.922966],[-95.250564,29.922967],[-95.250548,29.922968],[-95.250532,29.922969],[-95.250516,29.922971],[-95.2505,29.922972],[-95.250485,29.922972],[-95.250469,29.922973],[-95.250453,29.922974],[-95.250437,29.922975],[-95.250421,29.922975],[-95.250405,29.922976],[-95.250389,29.922977],[-95.250373,29.922977],[-95.250358,29.922977],[-95.250342,29.922978],[-95.250326,29.922978],[-95.25031,29.922978],[-95.250294,29.922979],[-95.250278,29.922979],[-95.250262,29.922979],[-95.250247,29.922979],[-95.250231,29.922979],[-95.250215,29.922979],[-95.250199,29.922979],[-95.250183,29.922979],[-95.250169,29.922979],[-95.250168,29.922979],[-95.250152,29.922979],[-95.25015,29.922979],[-95.250136,29.922978],[-95.250121,29.922978],[-95.250105,29.922976],[-95.250089,29.922975],[-95.250074,29.922974],[-95.250058,29.922972],[-95.250042,29.92297],[-95.250027,29.922968],[-95.250011,29.922966],[-95.249995,29.922964],[-95.24998,29.922962],[-95.249964,29.92296],[-95.249948,29.922957],[-95.249933,29.922955],[-95.249917,29.922953],[-95.249902,29.922951],[-95.249886,29.922949],[-95.24987,29.922947],[-95.249854,29.922945],[-95.249839,29.922943],[-95.249823,29.922942],[-95.249807,29.92294],[-95.249792,29.922939],[-95.249776,29.922938],[-95.24976,29.922937],[-95.249744,29.922936],[-95.249729,29.922935],[-95.249713,29.922934],[-95.249697,29.922933],[-95.249681,29.922932],[-95.249666,29.922932],[-95.24965,29.922931],[-95.249634,29.92293],[-95.249618,29.922929],[-95.249603,29.922929],[-95.249587,29.922928],[-95.249571,29.922927],[-95.249555,29.922927],[-95.249539,29.922926],[-95.249524,29.922925],[-95.249508,29.922925],[-95.249492,29.922924],[-95.249476,29.922924],[-95.24946,29.922923],[-95.249445,29.922922],[-95.249429,29.922922],[-95.249413,29.922921],[-95.249397,29.92292],[-95.249382,29.922919],[-95.249366,29.922919],[-95.24935,29.922918],[-95.249334,29.922917],[-95.249319,29.922916],[-95.249303,29.922915],[-95.249287,29.922914],[-95.249271,29.922913],[-95.249256,29.922912],[-95.24924,29.922911],[-95.249224,29.92291],[-95.249209,29.922909],[-95.249193,29.922907],[-95.249185,29.922907],[-95.249177,29.922906],[-95.249175,29.922906],[-95.249161,29.922904],[-95.249146,29.922903],[-95.24913,29.922901],[-95.249114,29.9229],[-95.249099,29.922898],[-95.249083,29.922896],[-95.249068,29.922894],[-95.249052,29.922892],[-95.249036,29.922891],[-95.249021,29.922889],[-95.249005,29.922887],[-95.24899,29.922884],[-95.248974,29.922882],[-95.248958,29.92288],[-95.248943,29.922878],[-95.248927,29.922876],[-95.248912,29.922873],[-95.248896,29.922871],[-95.248881,29.922869],[-95.248865,29.922866],[-95.248849,29.922864],[-95.248834,29.922861],[-95.248818,29.922859],[-95.248803,29.922856],[-95.248787,29.922854],[-95.248772,29.922851],[-95.248756,29.922849],[-95.248741,29.922846],[-95.248725,29.922843],[-95.24871,29.922841],[-95.248694,29.922838],[-95.248679,29.922836],[-95.248663,29.922833],[-95.248648,29.92283],[-95.248632,29.922827],[-95.248617,29.922825],[-95.248601,29.922822],[-95.248586,29.922819],[-95.24857,29.922817],[-95.248555,29.922814],[-95.248539,29.922811],[-95.248524,29.922809],[-95.248508,29.922806],[-95.248493,29.922803],[-95.248477,29.9228],[-95.248462,29.922798],[-95.248446,29.922795],[-95.248431,29.922792],[-95.248415,29.92279],[-95.2484,29.922787],[-95.248385,29.922784],[-95.248369,29.922782],[-95.248354,29.922779],[-95.248338,29.922776],[-95.248323,29.922773],[-95.248307,29.922771],[-95.248292,29.922768],[-95.248276,29.922765],[-95.248261,29.922762],[-95.248245,29.92276],[-95.24823,29.922757],[-95.248214,29.922754],[-95.248199,29.922751],[-95.248183,29.922749],[-95.248168,29.922746],[-95.248152,29.922743],[-95.248137,29.92274],[-95.248122,29.922737],[-95.248106,29.922735],[-95.248091,29.922732],[-95.248075,29.922729],[-95.24806,29.922726],[-95.248044,29.922723],[-95.248029,29.92272],[-95.248013,29.922718],[-95.247998,29.922715],[-95.247983,29.922712],[-95.247967,29.922709],[-95.247952,29.922706],[-95.247936,29.922703],[-95.247921,29.9227],[-95.247905,29.922697],[-95.24789,29.922694],[-95.247875,29.922691],[-95.247859,29.922688],[-95.247844,29.922685],[-95.247828,29.922682],[-95.247813,29.922679],[-95.247798,29.922676],[-95.247782,29.922673],[-95.247767,29.92267],[-95.247752,29.922666],[-95.247736,29.922663],[-95.247721,29.92266],[-95.247705,29.922657],[-95.24769,29.922654],[-95.247675,29.922651],[-95.247659,29.922647],[-95.247644,29.922644],[-95.247629,29.922641],[-95.247614,29.922637],[-95.247598,29.922634],[-95.247583,29.922631],[-95.247568,29.922627],[-95.247552,29.922624],[-95.247537,29.92262],[-95.247522,29.922617],[-95.247507,29.922613],[-95.247492,29.922609],[-95.247476,29.922605],[-95.247461,29.922602],[-95.247446,29.922598],[-95.247431,29.922594],[-95.247416,29.92259],[-95.247401,29.922586],[-95.247386,29.922582],[-95.24737,29.922578],[-95.247355,29.922574],[-95.24734,29.92257],[-95.247325,29.922566],[-95.24731,29.922562],[-95.247295,29.922558],[-95.24728,29.922554],[-95.247265,29.922549],[-95.24725,29.922545],[-95.247235,29.922541],[-95.24722,29.922537],[-95.247205,29.922533],[-95.247189,29.922529],[-95.247174,29.922525],[-95.247159,29.922521],[-95.24715,29.922518],[-95.247144,29.922517],[-95.247129,29.922513],[-95.247114,29.922509],[-95.247099,29.922505],[-95.247084,29.922501],[-95.247069,29.922497],[-95.247053,29.922493],[-95.247038,29.922489],[-95.247023,29.922485],[-95.247008,29.922482],[-95.246993,29.922478],[-95.246978,29.922474],[-95.246962,29.922471],[-95.246947,29.922467],[-95.246932,29.922464],[-95.246917,29.92246],[-95.246901,29.922457],[-95.246886,29.922454],[-95.246871,29.92245],[-95.246855,29.922447],[-95.24684,29.922444],[-95.246824,29.922442],[-95.246809,29.922439],[-95.246793,29.922436],[-95.246778,29.922433],[-95.246762,29.92243],[-95.246747,29.922428],[-95.246731,29.922425],[-95.246716,29.922423],[-95.2467,29.92242],[-95.246684,29.922418],[-95.246669,29.922415],[-95.246653,29.922413],[-95.246638,29.92241],[-95.246622,29.922408],[-95.246607,29.922405],[-95.246591,29.922403],[-95.246575,29.9224],[-95.24656,29.922397],[-95.246544,29.922395],[-95.246529,29.922392],[-95.246513,29.92239],[-95.246498,29.922387],[-95.246482,29.922384],[-95.246467,29.922381],[-95.246451,29.922378],[-95.246436,29.922375],[-95.246421,29.922372],[-95.246405,29.922369],[-95.24639,29.922366],[-95.246375,29.922363],[-95.24636,29.922359],[-95.246344,29.922356],[-95.246329,29.922352],[-95.246314,29.922348],[-95.246299,29.922345],[-95.246284,29.922341],[-95.246269,29.922336],[-95.246254,29.922332],[-95.246239,29.922328],[-95.246224,29.922324],[-95.246209,29.922319],[-95.246194,29.922315],[-95.246179,29.92231],[-95.246164,29.922306],[-95.246149,29.922301],[-95.246134,29.922296],[-95.246119,29.922291],[-95.246105,29.922286],[-95.24609,29.922281],[-95.246075,29.922276],[-95.24606,29.922271],[-95.246045,29.922266],[-95.246031,29.922261],[-95.246016,29.922256],[-95.246001,29.92225],[-95.245987,29.922245],[-95.245972,29.922239],[-95.245958,29.922233],[-95.245943,29.922228],[-95.245929,29.922222],[-95.245914,29.922216],[-95.2459,29.92221],[-95.245886,29.922204],[-95.245872,29.922197],[-95.245858,29.922191],[-95.245844,29.922185],[-95.24583,29.922178],[-95.245816,29.922172],[-95.245802,29.922165],[-95.245789,29.922158],[-95.245775,29.922151],[-95.245762,29.922144],[-95.245748,29.922137],[-95.245735,29.92213],[-95.245722,29.922123],[-95.245709,29.922115],[-95.245696,29.922107],[-95.245683,29.9221],[-95.24567,29.922092],[-95.245658,29.922083],[-95.245645,29.922075],[-95.245633,29.922066],[-95.245621,29.922058],[-95.245608,29.922049],[-95.245596,29.92204],[-95.245584,29.922031],[-95.245573,29.922021],[-95.245561,29.922012],[-95.245549,29.922002],[-95.245538,29.921993],[-95.245526,29.921983],[-95.245515,29.921973],[-95.245504,29.921963],[-95.245492,29.921953],[-95.245481,29.921943],[-95.245471,29.921933],[-95.24546,29.921923],[-95.245449,29.921913],[-95.245439,29.921902],[-95.245428,29.921892],[-95.245418,29.921881],[-95.245408,29.921871],[-95.245398,29.92186],[-95.245388,29.92185],[-95.245378,29.921839],[-95.245368,29.921829],[-95.245359,29.921818],[-95.24535,29.921807],[-95.245341,29.921795],[-95.245332,29.921784],[-95.245324,29.921772],[-95.245316,29.921761],[-95.245308,29.921749],[-95.2453,29.921737],[-95.245292,29.921725],[-95.245284,29.921713],[-95.245276,29.921701],[-95.245269,29.921689],[-95.245261,29.921677],[-95.245254,29.921664],[-95.245246,29.921652],[-95.245239,29.92164],[-95.245232,29.921628],[-95.245224,29.921615],[-95.245217,29.921603],[-95.245209,29.921591],[-95.245201,29.921579],[-95.245194,29.921567],[-95.245186,29.921555],[-95.245178,29.921543],[-95.24517,29.921531],[-95.24473,29.921001],[-95.244083,29.919655],[-95.243744,29.915574],[-95.242925,29.91333],[-95.242867,29.913246],[-95.241227,29.91181],[-95.241118,29.911714],[-95.241029,29.911632],[-95.241018,29.911622],[-95.241007,29.911612],[-95.240996,29.911602],[-95.240985,29.911592],[-95.240975,29.911581],[-95.240964,29.911571],[-95.240953,29.911561],[-95.240942,29.911551],[-95.240931,29.911541],[-95.24092,29.911531],[-95.240909,29.911522],[-95.240898,29.911512],[-95.240887,29.911502],[-95.240875,29.911493],[-95.240864,29.911483],[-95.240852,29.911474],[-95.240841,29.911465],[-95.240829,29.911456],[-95.240817,29.911447],[-95.240805,29.911438],[-95.240793,29.91143],[-95.24078,29.911422],[-95.240767,29.911414],[-95.240755,29.911406],[-95.240742,29.911398],[-95.240728,29.911391],[-95.240715,29.911384],[-95.240702,29.911377],[-95.240688,29.91137],[-95.240674,29.911363],[-95.24066,29.911357],[-95.240646,29.91135],[-95.240632,29.911344],[-95.240618,29.911338],[-95.240604,29.911331],[-95.24059,29.911325],[-95.240575,29.911319],[-95.240561,29.911313],[-95.240547,29.911307],[-95.240533,29.911301],[-95.240518,29.911294],[-95.240504,29.911288],[-95.24049,29.911282],[-95.240476,29.911275],[-95.240462,29.911269],[-95.240448,29.911262],[-95.240435,29.911255],[-95.240421,29.911248],[-95.240407,29.911241],[-95.240394,29.911235],[-95.24038,29.911228],[-95.240373,29.911225],[-95.240366,29.911221],[-95.240352,29.911214],[-95.240338,29.911207],[-95.240324,29.911201],[-95.240312,29.911195],[-95.24031,29.911194],[-95.240296,29.911187],[-95.240282,29.911181],[-95.240268,29.911174],[-95.240255,29.911167],[-95.240241,29.91116],[-95.240227,29.911153],[-95.240213,29.911147],[-95.240199,29.911139],[-95.240186,29.911132],[-95.240172,29.911125],[-95.240159,29.911118],[-95.240146,29.91111],[-95.240132,29.911103],[-95.240119,29.911095],[-95.240107,29.911087],[-95.240094,29.911079],[-95.240081,29.911071],[-95.240069,29.911063],[-95.240057,29.911054],[-95.240045,29.911046],[-95.240033,29.911037],[-95.240021,29.911028],[-95.24001,29.911018],[-95.239999,29.911009],[-95.239987,29.911],[-95.239976,29.91099],[-95.239965,29.91098],[-95.239954,29.910971],[-95.239943,29.910961],[-95.239932,29.910951],[-95.239921,29.910941],[-95.23991,29.910931],[-95.2399,29.91092],[-95.239889,29.91091],[-95.239879,29.9109],[-95.239868,29.910889],[-95.239858,29.910879],[-95.239848,29.910868],[-95.239837,29.910857],[-95.239827,29.910847],[-95.239817,29.910836],[-95.239808,29.910825],[-95.239798,29.910814],[-95.239788,29.910803],[-95.239778,29.910792],[-95.239769,29.910781],[-95.239759,29.91077],[-95.23975,29.910758],[-95.239741,29.910747],[-95.239732,29.910736],[-95.239723,29.910725],[-95.239714,29.910713],[-95.239705,29.910702],[-95.239696,29.910691],[-95.239687,29.910679],[-95.239684,29.910675],[-95.239678,29.910668],[-95.23967,29.910656],[-95.239661,29.910645],[-95.239653,29.910633],[-95.239652,29.910631],[-95.239645,29.910622],[-95.239637,29.91061],[-95.239629,29.910598],[-95.239621,29.910586],[-95.239613,29.910574],[-95.239605,29.910563],[-95.239597,29.910551],[-95.239589,29.910539],[-95.239582,29.910527],[-95.239574,29.910514],[-95.239567,29.910502],[-95.23956,29.91049],[-95.239552,29.910478],[-95.23955,29.910474],[-95.239545,29.910466],[-95.239538,29.910453],[-95.239531,29.910441],[-95.239523,29.910429],[-95.239516,29.910416],[-95.239509,29.910404],[-95.239502,29.910392],[-95.239495,29.910379],[-95.239489,29.910368],[-95.239489,29.910367],[-95.239482,29.910354],[-95.239475,29.910342],[-95.239468,29.91033],[-95.239461,29.910317],[-95.239454,29.910305],[-95.239448,29.910292],[-95.239441,29.91028],[-95.239434,29.910267],[-95.239428,29.910255],[-95.239421,29.910242],[-95.239414,29.91023],[-95.239407,29.910217],[-95.239401,29.910205],[-95.239394,29.910192],[-95.239387,29.91018],[-95.239381,29.910167],[-95.239374,29.910155],[-95.239367,29.910142],[-95.23936,29.91013],[-95.239354,29.910118],[-95.239347,29.910105],[-95.23934,29.910093],[-95.239334,29.91008],[-95.239327,29.910068],[-95.23932,29.910055],[-95.239314,29.910043],[-95.239307,29.91003],[-95.2393,29.910018],[-95.239293,29.910005],[-95.239287,29.909993],[-95.23928,29.90998],[-95.239273,29.909968],[-95.239267,29.909956],[-95.23926,29.909943],[-95.239254,29.909931],[-95.239247,29.909918],[-95.23924,29.909906],[-95.239234,29.909893],[-95.239227,29.909881],[-95.23922,29.909868],[-95.239214,29.909856],[-95.239207,29.909843],[-95.239201,29.90983],[-95.239194,29.909818],[-95.239188,29.909805],[-95.239181,29.909793],[-95.239175,29.90978],[-95.239168,29.909768],[-95.239162,29.909755],[-95.239155,29.909743],[-95.239149,29.90973],[-95.239142,29.909718],[-95.239136,29.909705],[-95.239129,29.909692],[-95.239123,29.90968],[-95.239116,29.909667],[-95.23911,29.909655],[-95.239104,29.909642],[-95.239097,29.90963],[-95.239091,29.909617],[-95.239085,29.909604],[-95.239078,29.909592],[-95.239072,29.909579],[-95.239066,29.909567],[-95.239059,29.909554],[-95.239053,29.909541],[-95.239047,29.909529],[-95.239041,29.909516],[-95.239035,29.909503],[-95.239028,29.909491],[-95.239022,29.909478],[-95.239016,29.909465],[-95.23901,29.909453],[-95.239004,29.90944],[-95.238998,29.909427],[-95.238992,29.909415],[-95.238986,29.909402],[-95.23898,29.909389],[-95.238974,29.909377],[-95.238968,29.909364],[-95.238962,29.909351],[-95.238956,29.909338],[-95.23895,29.909326],[-95.238944,29.909313],[-95.238939,29.9093],[-95.238933,29.909287],[-95.238928,29.909274],[-95.238924,29.909261],[-95.23892,29.909248],[-95.238917,29.909234],[-95.238914,29.909221],[-95.238911,29.909207],[-95.238909,29.909193],[-95.238906,29.909179],[-95.238904,29.909166],[-95.238902,29.909152],[-95.238899,29.909138],[-95.238896,29.909124],[-95.238893,29.909111],[-95.23889,29.909098],[-95.238886,29.909084],[-95.238881,29.909071],[-95.238876,29.909058],[-95.23887,29.909046],[-95.238864,29.909033],[-95.238857,29.909021],[-95.23885,29.909009],[-95.238843,29.908997],[-95.238836,29.908984],[-95.238829,29.908972],[-95.238822,29.90896],[-95.238815,29.908948],[-95.238808,29.908935],[-95.238801,29.908923],[-95.238794,29.908911],[-95.238786,29.908899],[-95.238779,29.908887],[-95.238772,29.908875],[-95.238764,29.908863],[-95.238757,29.90885],[-95.238749,29.908838],[-95.238742,29.908826],[-95.238734,29.908814],[-95.238726,29.908802],[-95.238719,29.90879],[-95.238711,29.908778],[-95.238703,29.908766],[-95.238695,29.908754],[-95.238688,29.908742],[-95.23868,29.90873],[-95.238672,29.908718],[-95.238664,29.908706],[-95.238656,29.908694],[-95.238648,29.908682],[-95.23864,29.90867],[-95.238632,29.908659],[-95.238624,29.908647],[-95.238616,29.908635],[-95.238608,29.908623],[-95.2386,29.908611],[-95.238592,29.908599],[-95.238584,29.908587],[-95.238576,29.908575],[-95.238568,29.908563],[-95.23856,29.908552],[-95.238552,29.90854],[-95.238544,29.908528],[-95.238536,29.908516],[-95.238528,29.908504],[-95.23852,29.908492],[-95.238512,29.90848],[-95.238503,29.908469],[-95.238495,29.908457],[-95.238487,29.908445],[-95.238479,29.908433],[-95.238471,29.908421],[-95.238463,29.908409],[-95.238455,29.908398],[-95.238447,29.908386],[-95.238439,29.908374],[-95.238431,29.908362],[-95.238423,29.90835],[-95.238415,29.908338],[-95.238407,29.908326],[-95.2384,29.908314],[-95.238392,29.908301],[-95.238384,29.908289],[-95.238377,29.908277],[-95.238369,29.908264],[-95.238361,29.908252],[-95.238353,29.90824],[-95.238345,29.908228],[-95.238337,29.908216],[-95.238329,29.908204],[-95.238321,29.908192],[-95.238312,29.90818],[-95.238303,29.908169],[-95.238295,29.908157],[-95.238286,29.908146],[-95.238276,29.908135],[-95.238267,29.908124],[-95.238257,29.908114],[-95.238247,29.908103],[-95.238237,29.908093],[-95.238226,29.908083],[-95.238215,29.908074],[-95.238204,29.908065],[-95.238193,29.908056],[-95.238181,29.908047],[-95.238169,29.908038],[-95.238157,29.90803],[-95.238144,29.908022],[-95.238131,29.908014],[-95.238118,29.908006],[-95.238105,29.907999],[-95.238092,29.907991],[-95.238085,29.907987],[-95.238079,29.907984],[-95.23807,29.907979],[-95.238065,29.907977],[-95.238051,29.90797],[-95.238038,29.907963],[-95.238024,29.907956],[-95.23801,29.907949],[-95.237996,29.907942],[-95.237982,29.907936],[-95.237967,29.907929],[-95.237953,29.907923],[-95.237939,29.907916],[-95.237925,29.90791],[-95.23791,29.907903],[-95.237896,29.907897],[-95.237882,29.90789],[-95.237868,29.907884],[-95.237854,29.907878],[-95.23784,29.907871],[-95.237826,29.907865],[-95.237812,29.907859],[-95.237798,29.907852],[-95.237784,29.907846],[-95.237769,29.90784],[-95.237755,29.907835],[-95.237741,29.907829],[-95.237726,29.907823],[-95.237712,29.907818],[-95.237697,29.907812],[-95.237683,29.907807],[-95.237668,29.907802],[-95.237654,29.907796],[-95.237639,29.907791],[-95.237624,29.907786],[-95.23761,29.907781],[-95.237595,29.907775],[-95.237581,29.90777],[-95.237566,29.907764],[-95.237551,29.907759],[-95.237537,29.907753],[-95.237523,29.907748],[-95.237508,29.907742],[-95.237494,29.907736],[-95.23748,29.90773],[-95.237466,29.907724],[-95.237452,29.907718],[-95.237438,29.907712],[-95.237424,29.907705],[-95.23741,29.907698],[-95.237396,29.907692],[-95.237383,29.907685],[-95.237369,29.907678],[-95.237355,29.907671],[-95.237341,29.907664],[-95.237328,29.907657],[-95.237314,29.90765],[-95.237301,29.907642],[-95.237287,29.907635],[-95.237274,29.907627],[-95.237261,29.907619],[-95.237248,29.907612],[-95.237235,29.907604],[-95.237222,29.907596],[-95.237209,29.907588],[-95.237197,29.907579],[-95.237184,29.907571],[-95.237172,29.907562],[-95.23716,29.907554],[-95.237148,29.907545],[-95.237137,29.907536],[-95.237125,29.907526],[-95.237114,29.907517],[-95.237103,29.907507],[-95.237092,29.907497],[-95.237082,29.907486],[-95.237071,29.907476],[-95.237061,29.907465],[-95.237051,29.907454],[-95.237041,29.907444],[-95.237031,29.907432],[-95.237022,29.907421],[-95.237013,29.90741],[-95.237004,29.907399],[-95.236995,29.907387],[-95.236986,29.907376],[-95.236977,29.907364],[-95.236969,29.907353],[-95.236961,29.907341],[-95.236953,29.907329],[-95.236946,29.907317],[-95.236939,29.907305],[-95.236931,29.907293],[-95.236924,29.90728],[-95.236917,29.907268],[-95.236911,29.907256],[-95.236904,29.907243],[-95.236897,29.90723],[-95.236891,29.907218],[-95.236884,29.907205],[-95.236878,29.907193],[-95.236871,29.90718],[-95.236864,29.907168],[-95.236857,29.907155],[-95.236851,29.907143],[-95.23683,29.907106],[-95.236824,29.907096],[-95.236812,29.907074],[-95.236812,29.907074],[-95.236812,29.907074],[-95.236812,29.907074],[-95.236812,29.907074],[-95.236812,29.907074],[-95.236812,29.907074],[-95.236835,29.906289],[-95.236835,29.906289],[-95.236835,29.906289],[-95.236835,29.906289],[-95.236835,29.906289],[-95.236835,29.906289],[-95.236858,29.905497],[-95.236858,29.905497],[-95.236858,29.905497],[-95.236858,29.905496],[-95.236835,29.902589],[-95.236835,29.902589],[-95.236835,29.902589],[-95.236835,29.902589],[-95.236828,29.902136],[-95.236828,29.902136],[-95.236828,29.902136],[-95.236828,29.902136],[-95.236828,29.902134],[-95.23682,29.901411],[-95.23682,29.901411],[-95.23682,29.901411],[-95.23682,29.901411],[-95.236815,29.90097],[-95.236815,29.90097],[-95.236815,29.90097],[-95.236815,29.90097],[-95.236808,29.899867],[-95.236808,29.899867],[-95.236808,29.899867],[-95.236808,29.899867],[-95.236808,29.899857],[-95.236774,29.896008],[-95.236774,29.896008],[-95.236774,29.896008],[-95.236774,29.896008],[-95.236773,29.895849],[-95.236773,29.895849],[-95.236773,29.895849],[-95.236773,29.895849],[-95.236743,29.892305],[-95.236614,29.891483],[-95.236614,29.891483],[-95.236614,29.891483],[-95.236614,29.891483],[-95.236614,29.891483],[-95.236614,29.891483],[-95.236563,29.889414],[-95.236563,29.889414],[-95.236563,29.889414],[-95.236563,29.889414],[-95.236563,29.889414],[-95.236563,29.889414],[-95.236556,29.889087],[-95.236549,29.888783],[-95.23654,29.888381],[-95.23654,29.888381],[-95.23654,29.888381],[-95.23654,29.888381],[-95.23654,29.888341],[-95.23654,29.888341],[-95.23654,29.888341],[-95.23654,29.888341],[-95.23654,29.888341],[-95.23654,29.888341],[-95.236536,29.887927],[-95.236536,29.887927],[-95.236536,29.887927],[-95.236536,29.887927],[-95.236536,29.887897],[-95.236536,29.887897],[-95.236536,29.887897],[-95.236536,29.887897],[-95.236538,29.887776],[-95.236535,29.887736],[-95.236535,29.887733],[-95.236535,29.887733],[-95.236535,29.887733],[-95.236535,29.887733],[-95.236535,29.887733],[-95.23654,29.88745],[-95.23654,29.88745],[-95.23654,29.887443],[-95.236541,29.887381],[-95.236541,29.887381],[-95.236541,29.887381],[-95.236541,29.887381],[-95.236541,29.88731],[-95.236541,29.88731],[-95.236541,29.887309],[-95.236541,29.887309],[-95.236541,29.887309],[-95.236541,29.887305],[-95.236537,29.886083],[-95.236537,29.886083],[-95.236537,29.886083],[-95.236537,29.886083],[-95.236537,29.886082],[-95.236535,29.885646],[-95.236535,29.885646],[-95.236535,29.885646],[-95.236535,29.885646],[-95.236535,29.885646],[-95.236535,29.885646],[-95.236533,29.88521],[-95.236533,29.88521],[-95.236533,29.88521],[-95.236533,29.88521],[-95.236531,29.884746],[-95.236531,29.884746],[-95.236531,29.884746],[-95.236531,29.884746],[-95.236527,29.884035],[-95.236527,29.884034],[-95.236527,29.884034],[-95.236527,29.884034],[-95.236527,29.883938],[-95.236527,29.883938],[-95.236527,29.883937],[-95.236527,29.883937],[-95.236527,29.883937],[-95.236527,29.883937],[-95.236526,29.883471],[-95.236525,29.883309],[-95.236525,29.883183],[-95.236525,29.883183],[-95.236525,29.883183],[-95.236525,29.883183],[-95.236525,29.883176],[-95.236525,29.883176],[-95.236525,29.883176],[-95.236525,29.883176],[-95.236506,29.882667],[-95.236506,29.882667],[-95.236506,29.882667],[-95.236506,29.882667],[-95.236511,29.881493],[-95.236511,29.881493],[-95.236511,29.881493],[-95.236511,29.881493],[-95.236519,29.879318],[-95.236521,29.878986],[-95.236535,29.8714],[-95.236503,29.869025],[-95.2365,29.869024],[-95.236499,29.869023],[-95.236485,29.869017],[-95.236471,29.86901],[-95.236457,29.869004],[-95.236443,29.868997],[-95.236429,29.868991],[-95.236415,29.868985],[-95.236401,29.868979],[-95.236387,29.868973],[-95.236373,29.868966],[-95.236359,29.86896],[-95.236345,29.868954],[-95.236331,29.868948],[-95.236316,29.868942],[-95.236302,29.868936],[-95.236288,29.868931],[-95.236274,29.868925],[-95.236259,29.868919],[-95.236245,29.868913],[-95.236231,29.868907],[-95.236216,29.868901],[-95.236202,29.868895],[-95.236188,29.868889],[-95.236173,29.868884],[-95.236159,29.868878],[-95.236145,29.868872],[-95.23613,29.868866],[-95.236116,29.86886],[-95.236102,29.868854],[-95.236087,29.868848],[-95.236073,29.868842],[-95.236059,29.868837],[-95.236045,29.868831],[-95.23603,29.868825],[-95.236016,29.868819],[-95.236002,29.868812],[-95.235988,29.868806],[-95.235974,29.8688],[-95.235959,29.868794],[-95.235945,29.868788],[-95.235931,29.868782],[-95.235917,29.868775],[-95.235903,29.868769],[-95.235889,29.868762],[-95.235875,29.868756],[-95.235862,29.868749],[-95.235848,29.868741],[-95.235835,29.868734],[-95.235822,29.868726],[-95.23581,29.868717],[-95.235798,29.868708],[-95.235786,29.868699],[-95.235774,29.86869],[-95.235763,29.86868],[-95.235751,29.868671],[-95.235739,29.868661],[-95.235728,29.868651],[-95.235717,29.868641],[-95.235706,29.868631],[-95.235696,29.86862],[-95.235686,29.868609],[-95.235677,29.868598],[-95.235669,29.868587],[-95.235661,29.868575],[-95.235654,29.868563],[-95.235648,29.868551],[-95.235642,29.868538],[-95.235637,29.868525],[-95.235633,29.868512],[-95.235629,29.868499],[-95.235625,29.868485],[-95.235622,29.868471],[-95.235619,29.868458],[-95.235616,29.868444],[-95.235613,29.86843],[-95.23561,29.868416],[-95.235607,29.868403],[-95.235604,29.868389],[-95.235601,29.868376],[-95.235598,29.868362],[-95.235595,29.868349],[-95.235592,29.868335],[-95.235589,29.868322],[-95.235586,29.868308],[-95.235584,29.868295],[-95.235581,29.868281],[-95.235579,29.868267],[-95.235577,29.868254],[-95.235575,29.86824],[-95.235573,29.868226],[-95.235572,29.868213],[-95.23557,29.868199],[-95.235569,29.868185],[-95.235568,29.868172],[-95.235568,29.868172],[-95.235568,29.868172],[-95.235568,29.868171],[-95.235568,29.868158],[-95.235568,29.868158],[-95.235568,29.868158],[-95.235568,29.868158],[-95.235568,29.868158],[-95.235568,29.868158],[-95.235568,29.868144],[-95.235568,29.868144],[-95.235568,29.868144],[-95.235568,29.868144],[-95.235569,29.868131],[-95.235569,29.868131],[-95.235569,29.86813],[-95.235569,29.86813],[-95.235569,29.86813],[-95.235569,29.86813],[-95.235569,29.868117],[-95.235569,29.868117],[-95.235569,29.868117],[-95.23557,29.868117],[-95.23557,29.868103],[-95.23557,29.868103],[-95.23557,29.868103],[-95.23557,29.868103],[-95.23557,29.868103],[-95.23557,29.868103],[-95.235571,29.868089],[-95.235571,29.868089],[-95.235571,29.868089],[-95.235571,29.868089],[-95.235571,29.868089],[-95.235571,29.868089],[-95.235572,29.868076],[-95.235572,29.868075],[-95.235572,29.868075],[-95.235572,29.868075],[-95.235572,29.868075],[-95.235572,29.868075],[-95.235573,29.868062],[-95.235573,29.868062],[-95.235573,29.868062],[-95.235573,29.868062],[-95.235573,29.868062],[-95.235573,29.868061],[-95.235574,29.868048],[-95.235574,29.868048],[-95.235574,29.868048],[-95.235574,29.868048],[-95.235575,29.868034],[-95.235575,29.868034],[-95.235575,29.868034],[-95.235575,29.868034],[-95.235576,29.86802],[-95.235576,29.86802],[-95.235576,29.86802],[-95.235576,29.86802],[-95.235576,29.868007],[-95.235576,29.868007],[-95.235576,29.868007],[-95.235576,29.868007],[-95.235576,29.868006],[-95.235576,29.868006],[-95.235576,29.867993],[-95.235576,29.867993],[-95.235576,29.867993],[-95.235576,29.867993],[-95.235576,29.867993],[-95.235576,29.867993],[-95.235577,29.867979],[-95.235577,29.867979],[-95.235577,29.867979],[-95.235577,29.867979],[-95.235577,29.867965],[-95.235577,29.867965],[-95.235577,29.867965],[-95.235577,29.867965],[-95.235577,29.867952],[-95.235577,29.867952],[-95.235577,29.867951],[-95.235577,29.867951],[-95.235578,29.867938],[-95.235578,29.867938],[-95.235578,29.867938],[-95.235578,29.867938],[-95.235578,29.867924],[-95.235578,29.867924],[-95.235578,29.867924],[-95.235578,29.867924],[-95.235578,29.86791],[-95.235578,29.86791],[-95.235578,29.86791],[-95.235578,29.86791],[-95.235578,29.867897],[-95.235578,29.867897],[-95.235578,29.867897],[-95.235578,29.867896],[-95.235578,29.867896],[-95.235578,29.867896],[-95.235578,29.867883],[-95.235578,29.867883],[-95.235578,29.867883],[-95.235578,29.867883],[-95.235578,29.867883],[-95.235578,29.867869],[-95.235578,29.867869],[-95.235578,29.867869],[-95.235578,29.867869],[-95.235577,29.867855],[-95.235577,29.867842],[-95.235576,29.867828],[-95.235574,29.867814],[-95.235573,29.867801],[-95.23557,29.867787],[-95.235568,29.867773],[-95.235565,29.86776],[-95.235562,29.867746],[-95.235558,29.867733],[-95.235555,29.86772],[-95.235551,29.867706],[-95.235546,29.867693],[-95.235541,29.867679],[-95.235536,29.867667],[-95.235529,29.867654],[-95.235521,29.867642],[-95.235513,29.867631],[-95.235504,29.867619],[-95.235496,29.867608],[-95.235487,29.867597],[-95.235478,29.867585],[-95.235469,29.867574],[-95.235459,29.867563],[-95.23545,29.867552],[-95.23544,29.867541],[-95.23543,29.86753],[-95.23542,29.867519],[-95.23541,29.867509],[-95.2354,29.867498],[-95.23539,29.867487],[-95.23538,29.867477],[-95.235369,29.867467],[-95.235359,29.867456],[-95.235349,29.867446],[-95.235338,29.867436],[-95.235328,29.867425],[-95.235317,29.867415],[-95.235306,29.867405],[-95.235295,29.867395],[-95.235284,29.867385],[-95.235273,29.867375],[-95.235262,29.867365],[-95.235251,29.867356],[-95.23524,29.867346],[-95.235228,29.867336],[-95.235217,29.867327],[-95.235205,29.867318],[-95.235193,29.867309],[-95.235182,29.8673],[-95.23517,29.867291],[-95.235157,29.867282],[-95.235145,29.867274],[-95.235133,29.867265],[-95.23512,29.867257],[-95.235107,29.867249],[-95.235094,29.867241],[-95.235082,29.867233],[-95.235068,29.867225],[-95.235055,29.867218],[-95.235042,29.86721],[-95.235029,29.867202],[-95.235015,29.867195],[-95.235002,29.867188],[-95.234988,29.867181],[-95.234975,29.867173],[-95.234961,29.867166],[-95.234948,29.867159],[-95.234934,29.867152],[-95.234921,29.867145],[-95.234907,29.867138],[-95.234893,29.867132],[-95.23488,29.867125],[-95.234866,29.867118],[-95.234852,29.867111],[-95.234838,29.867105],[-95.234824,29.867098],[-95.23481,29.867092],[-95.234796,29.867085],[-95.234782,29.867079],[-95.234768,29.867073],[-95.234754,29.867067],[-95.23474,29.867061],[-95.234726,29.867054],[-95.234711,29.867049],[-95.234697,29.867043],[-95.234683,29.867037],[-95.234669,29.867031],[-95.234654,29.867026],[-95.23464,29.86702],[-95.234625,29.867015],[-95.23461,29.86701],[-95.234596,29.867005],[-95.234581,29.867],[-95.234566,29.866995],[-95.234551,29.866991],[-95.234536,29.866986],[-95.234521,29.866982],[-95.234506,29.866977],[-95.234491,29.866972],[-95.234476,29.866968],[-95.234461,29.866963],[-95.234447,29.866959],[-95.234432,29.866954],[-95.234417,29.866949],[-95.234402,29.866944],[-95.234387,29.866939],[-95.234373,29.866934],[-95.234358,29.866929],[-95.234344,29.866924],[-95.23433,29.866918],[-95.234315,29.866912],[-95.234301,29.866906],[-95.234288,29.866899],[-95.234274,29.866893],[-95.23426,29.866886],[-95.234247,29.866879],[-95.234234,29.866871],[-95.234221,29.866864],[-95.234208,29.866856],[-95.234195,29.866848],[-95.234182,29.86684],[-95.234169,29.866832],[-95.234156,29.866823],[-95.234144,29.866815],[-95.234131,29.866807],[-95.234118,29.866798],[-95.234106,29.86679],[-95.234093,29.866782],[-95.23408,29.866774],[-95.234067,29.866765],[-95.234055,29.866757],[-95.234042,29.866749],[-95.234029,29.866741],[-95.234016,29.866733],[-95.234003,29.866725],[-95.233991,29.866717],[-95.233978,29.866708],[-95.233965,29.8667],[-95.233953,29.866691],[-95.23394,29.866683],[-95.233928,29.866674],[-95.233916,29.866665],[-95.233904,29.866656],[-95.233893,29.866647],[-95.233882,29.866637],[-95.233871,29.866628],[-95.23386,29.866618],[-95.233849,29.866608],[-95.233839,29.866598],[-95.233828,29.866587],[-95.233818,29.866577],[-95.233808,29.866566],[-95.233798,29.866556],[-95.233788,29.866545],[-95.233778,29.866534],[-95.233768,29.866523],[-95.233759,29.866512],[-95.233749,29.866501],[-95.23374,29.86649],[-95.23373,29.866479],[-95.233721,29.866468],[-95.233712,29.866456],[-95.233703,29.866445],[-95.233694,29.866433],[-95.233686,29.866422],[-95.233677,29.86641],[-95.233668,29.866399],[-95.23366,29.866387],[-95.233652,29.866376],[-95.233644,29.866364],[-95.233636,29.866352],[-95.233629,29.86634],[-95.233621,29.866328],[-95.233614,29.866315],[-95.233607,29.866303],[-95.233601,29.866291],[-95.233594,29.866278],[-95.233587,29.866266],[-95.233581,29.866253],[-95.233574,29.86624],[-95.233568,29.866228],[-95.233561,29.866215],[-95.233554,29.866203],[-95.233547,29.866191],[-95.23354,29.866178],[-95.233533,29.866166],[-95.233526,29.866154],[-95.233518,29.866142],[-95.23351,29.86613],[-95.233503,29.866118],[-95.233495,29.866106],[-95.233487,29.866094],[-95.233479,29.866082],[-95.23347,29.866071],[-95.233462,29.866059],[-95.233454,29.866047],[-95.233446,29.866035],[-95.233437,29.866024],[-95.233429,29.866012],[-95.23342,29.866001],[-95.233412,29.865989],[-95.233403,29.865977],[-95.233394,29.865966],[-95.233386,29.865954],[-95.233377,29.865943],[-95.233368,29.865931],[-95.23336,29.86592],[-95.233351,29.865908],[-95.233342,29.865897],[-95.233334,29.865885],[-95.233325,29.865874],[-95.233316,29.865863],[-95.233308,29.865851],[-95.233299,29.86584],[-95.23329,29.865828],[-95.233281,29.865817],[-95.233273,29.865805],[-95.233264,29.865794],[-95.233255,29.865782],[-95.233246,29.865771],[-95.233238,29.86576],[-95.233229,29.865748],[-95.23322,29.865737],[-95.233211,29.865725],[-95.233202,29.865714],[-95.233194,29.865702],[-95.233185,29.865691],[-95.233176,29.86568],[-95.233167,29.865668],[-95.233158,29.865657],[-95.23315,29.865645],[-95.233141,29.865634],[-95.233132,29.865623],[-95.233123,29.865611],[-95.233114,29.8656],[-95.233105,29.865588],[-95.233097,29.865577],[-95.233088,29.865566],[-95.233079,29.865554],[-95.23307,29.865543],[-95.233061,29.865531],[-95.233052,29.86552],[-95.233044,29.865508],[-95.233035,29.865497],[-95.233026,29.865486],[-95.233017,29.865474],[-95.233008,29.865463],[-95.233,29.865451],[-95.232991,29.86544],[-95.232982,29.865429],[-95.232973,29.865417],[-95.232964,29.865406],[-95.232955,29.865394],[-95.232947,29.865383],[-95.232938,29.865372],[-95.232929,29.86536],[-95.23292,29.865349],[-95.232912,29.865337],[-95.232903,29.865326],[-95.232894,29.865314],[-95.232885,29.865303],[-95.232877,29.865291],[-95.232868,29.86528],[-95.232859,29.865269],[-95.23285,29.865257],[-95.232842,29.865246],[-95.232833,29.865234],[-95.232824,29.865223],[-95.232816,29.865211],[-95.232807,29.8652],[-95.232798,29.865188],[-95.23279,29.865177],[-95.232781,29.865165],[-95.232772,29.865154],[-95.232764,29.865142],[-95.232755,29.865131],[-95.232747,29.865119],[-95.232738,29.865108],[-95.232729,29.865096],[-95.232721,29.865085],[-95.232712,29.865073],[-95.232704,29.865061],[-95.232695,29.86505],[-95.232687,29.865038],[-95.232678,29.865027],[-95.23267,29.865015],[-95.232662,29.865003],[-95.232653,29.864992],[-95.232645,29.86498],[-95.232636,29.864969],[-95.232628,29.864957],[-95.23262,29.864945],[-95.232611,29.864934],[-95.232603,29.864922],[-95.232595,29.86491],[-95.232586,29.864899],[-95.232578,29.864887],[-95.23257,29.864875],[-95.232562,29.864863],[-95.232555,29.864851],[-95.232547,29.864839],[-95.232539,29.864827],[-95.232532,29.864815],[-95.232525,29.864803],[-95.232517,29.864791],[-95.23251,29.864778],[-95.232503,29.864766],[-95.232496,29.864754],[-95.232489,29.864741],[-95.232482,29.864729],[-95.232476,29.864717],[-95.232469,29.864704],[-95.232462,29.864692],[-95.232455,29.864679],[-95.232448,29.864667],[-95.232442,29.864654],[-95.232435,29.864642],[-95.232428,29.864629],[-95.232421,29.864617],[-95.232414,29.864605],[-95.232407,29.864592],[-95.232401,29.86458],[-95.232394,29.864567],[-95.232386,29.864555],[-95.232379,29.864543],[-95.232372,29.864531],[-95.232365,29.864518],[-95.232357,29.864506],[-95.23235,29.864494],[-95.232342,29.864482],[-95.232334,29.86447],[-95.232327,29.864458],[-95.232319,29.864447],[-95.23231,29.864435],[-95.232302,29.864423],[-95.232294,29.864411],[-95.232286,29.8644],[-95.232278,29.864388],[-95.23227,29.864376],[-95.232261,29.864364],[-95.232253,29.864353],[-95.232245,29.864341],[-95.232236,29.864329],[-95.232228,29.864318],[-95.23222,29.864306],[-95.232211,29.864294],[-95.232203,29.864283],[-95.232195,29.864271],[-95.232186,29.864259],[-95.232178,29.864248],[-95.232169,29.864236],[-95.232161,29.864225],[-95.232152,29.864213],[-95.232144,29.864201],[-95.232135,29.86419],[-95.232127,29.864178],[-95.232118,29.864167],[-95.23211,29.864155],[-95.232101,29.864143],[-95.232093,29.864132],[-95.232084,29.86412],[-95.232076,29.864109],[-95.232067,29.864097],[-95.232059,29.864086],[-95.23205,29.864074],[-95.232041,29.864063],[-95.232033,29.864051],[-95.232024,29.86404],[-95.232016,29.864028],[-95.232007,29.864017],[-95.231998,29.864005],[-95.23199,29.863994],[-95.231981,29.863982],[-95.231973,29.86397],[-95.231964,29.863959],[-95.231955,29.863947],[-95.231947,29.863936],[-95.231938,29.863924],[-95.231929,29.863913],[-95.231921,29.863901],[-95.231912,29.86389],[-95.231903,29.863878],[-95.231895,29.863867],[-95.231886,29.863855],[-95.231877,29.863844],[-95.231869,29.863832],[-95.23186,29.863821],[-95.231851,29.863809],[-95.231843,29.863798],[-95.231834,29.863786],[-95.231826,29.863775],[-95.231817,29.863763],[-95.231808,29.863752],[-95.2318,29.86374],[-95.231791,29.863729],[-95.231782,29.863717],[-95.231774,29.863706],[-95.231765,29.863694],[-95.231757,29.863683],[-95.231748,29.863671],[-95.23174,29.86366],[-95.231731,29.863648],[-95.231722,29.863636],[-95.231714,29.863625],[-95.231705,29.863613],[-95.231697,29.863602],[-95.231688,29.86359],[-95.23168,29.863579],[-95.231671,29.863567],[-95.231663,29.863555],[-95.231654,29.863544],[-95.231646,29.863532],[-95.231637,29.863521],[-95.231629,29.863509],[-95.231621,29.863497],[-95.231612,29.863486],[-95.231604,29.863474],[-95.231596,29.863462],[-95.231587,29.863451],[-95.231579,29.863439],[-95.231571,29.863427],[-95.231562,29.863416],[-95.231554,29.863404],[-95.231546,29.863392],[-95.231538,29.86338],[-95.23153,29.863368],[-95.231522,29.863357],[-95.231514,29.863345],[-95.231506,29.863333],[-95.231499,29.863321],[-95.231491,29.863309],[-95.231484,29.863296],[-95.231476,29.863284],[-95.231469,29.863272],[-95.231461,29.86326],[-95.231454,29.863248],[-95.231446,29.863236],[-95.231439,29.863224],[-95.231432,29.863211],[-95.231424,29.863199],[-95.231417,29.863187],[-95.23141,29.863175],[-95.231402,29.863163],[-95.231395,29.863151],[-95.231387,29.863138],[-95.23138,29.863126],[-95.231372,29.863114],[-95.231365,29.863102],[-95.231357,29.86309],[-95.231349,29.863078],[-95.231341,29.863066],[-95.231333,29.863055],[-95.231325,29.863043],[-95.231317,29.863031],[-95.231309,29.863019],[-95.231301,29.863007],[-95.231293,29.862996],[-95.231284,29.862984],[-95.231276,29.862972],[-95.231268,29.862961],[-95.231259,29.862949],[-95.231251,29.862937],[-95.231243,29.862926],[-95.231234,29.862914],[-95.231226,29.862902],[-95.231218,29.862891],[-95.231209,29.862879],[-95.231201,29.862867],[-95.231193,29.862856],[-95.231184,29.862844],[-95.231176,29.862832],[-95.231167,29.862821],[-95.231159,29.862809],[-95.23115,29.862798],[-95.231142,29.862786],[-95.231134,29.862774],[-95.231125,29.862763],[-95.231117,29.862751],[-95.231108,29.86274],[-95.2311,29.862728],[-95.231091,29.862716],[-95.231083,29.862705],[-95.231074,29.862693],[-95.231066,29.862682],[-95.231057,29.86267],[-95.231048,29.862659],[-95.23104,29.862647],[-95.231031,29.862635],[-95.231023,29.862624],[-95.231014,29.862612],[-95.231006,29.862601],[-95.230997,29.862589],[-95.230989,29.862578],[-95.23098,29.862566],[-95.230971,29.862555],[-95.230963,29.862543],[-95.230954,29.862531],[-95.230946,29.86252],[-95.230937,29.862508],[-95.230929,29.862497],[-95.23092,29.862485],[-95.230911,29.862474],[-95.230903,29.862462],[-95.230894,29.862451],[-95.230886,29.862439],[-95.230877,29.862428],[-95.230868,29.862416],[-95.23086,29.862405],[-95.230851,29.862393],[-95.230843,29.862381],[-95.230834,29.86237],[-95.230826,29.862358],[-95.230817,29.862347],[-95.230808,29.862335],[-95.2308,29.862324],[-95.230791,29.862312],[-95.230783,29.862301],[-95.230774,29.862289],[-95.230765,29.862278],[-95.230757,29.862266],[-95.230747,29.862255],[-95.230738,29.862244],[-95.230729,29.862233],[-95.23072,29.862221],[-95.23071,29.86221],[-95.230701,29.862199],[-95.230691,29.862188],[-95.230682,29.862177],[-95.230673,29.862166],[-95.230664,29.862154],[-95.230655,29.862143],[-95.230646,29.862131],[-95.230638,29.86212],[-95.23063,29.862108],[-95.230622,29.862096],[-95.230614,29.862084],[-95.230607,29.862072],[-95.230601,29.86206],[-95.230594,29.862047],[-95.230587,29.862035],[-95.230581,29.862022],[-95.230574,29.86201],[-95.230568,29.861997],[-95.230562,29.861984],[-95.230556,29.861972],[-95.23055,29.861959],[-95.230544,29.861946],[-95.230539,29.861933],[-95.230534,29.86192],[-95.230528,29.861907],[-95.230523,29.861894],[-95.230518,29.861881],[-95.230513,29.861867],[-95.230509,29.861854],[-95.230504,29.861841],[-95.2305,29.861828],[-95.230495,29.861815],[-95.230491,29.861801],[-95.230487,29.861788],[-95.230484,29.861775],[-95.230481,29.861762],[-95.230478,29.861748],[-95.230477,29.861734],[-95.230475,29.861721],[-95.230474,29.861707],[-95.230473,29.861693],[-95.230472,29.861679],[-95.230471,29.861666],[-95.230471,29.861652],[-95.23047,29.861638],[-95.23047,29.861624],[-95.230469,29.86161],[-95.230468,29.861596],[-95.230467,29.861583],[-95.230465,29.861569],[-95.230464,29.861555],[-95.230462,29.861542],[-95.23046,29.861528],[-95.230459,29.861514],[-95.230457,29.861501],[-95.230456,29.861487],[-95.230454,29.861473],[-95.230453,29.86146],[-95.230452,29.861446],[-95.230451,29.861432],[-95.23045,29.861418],[-95.23045,29.861405],[-95.230449,29.861391],[-95.230449,29.861391],[-95.230449,29.861391],[-95.230449,29.861391],[-95.230449,29.861377],[-95.230449,29.861377],[-95.230449,29.861377],[-95.230449,29.861377],[-95.230449,29.861363],[-95.230449,29.861363],[-95.230449,29.861363],[-95.230449,29.861363],[-95.230449,29.861363],[-95.230449,29.861363],[-95.230449,29.861349],[-95.230449,29.861349],[-95.230449,29.861349],[-95.230449,29.861349],[-95.230449,29.861335],[-95.230449,29.861335],[-95.230449,29.861335],[-95.230449,29.861335],[-95.23045,29.861322],[-95.23045,29.861322],[-95.23045,29.861322],[-95.23045,29.861321],[-95.230451,29.861308],[-95.230452,29.861294],[-95.230454,29.861281],[-95.230457,29.861267],[-95.23046,29.861254],[-95.230464,29.861241],[-95.230469,29.861228],[-95.230474,29.861214],[-95.230479,29.861201],[-95.230485,29.861189],[-95.230492,29.861176],[-95.230498,29.861163],[-95.230505,29.861151],[-95.230512,29.861138],[-95.230519,29.861126],[-95.230527,29.861113],[-95.230534,29.861101],[-95.230542,29.861089],[-95.230551,29.861077],[-95.23056,29.861066],[-95.230571,29.861056],[-95.230581,29.861047],[-95.230593,29.861039],[-95.230607,29.861032],[-95.230621,29.861026],[-95.230636,29.861021],[-95.230652,29.861017],[-95.230668,29.861013],[-95.230683,29.861009],[-95.230698,29.861005],[-95.230714,29.861002],[-95.230729,29.860999],[-95.230745,29.860997],[-95.23076,29.860995],[-95.230776,29.860993],[-95.230792,29.860991],[-95.230807,29.860989],[-95.230823,29.860986],[-95.230839,29.860984],[-95.230854,29.860982],[-95.23087,29.860979],[-95.230885,29.860976],[-95.2309,29.860972],[-95.230914,29.860967],[-95.230929,29.860961],[-95.230944,29.860956],[-95.230958,29.860949],[-95.230971,29.860942],[-95.230984,29.860934],[-95.230996,29.860925],[-95.231007,29.860916],[-95.231019,29.860906],[-95.231029,29.860896],[-95.23104,29.860886],[-95.23105,29.860875],[-95.23106,29.860864],[-95.23107,29.860853],[-95.231079,29.860842],[-95.231088,29.860831],[-95.231097,29.86082],[-95.231106,29.860808],[-95.231115,29.860797],[-95.231124,29.860786],[-95.231133,29.860774],[-95.231141,29.860763],[-95.23115,29.860751],[-95.231159,29.86074],[-95.231167,29.860728],[-95.231175,29.860716],[-95.231184,29.860705],[-95.231192,29.860693],[-95.231201,29.860681],[-95.231209,29.86067],[-95.231218,29.860658],[-95.231226,29.860646],[-95.231234,29.860635],[-95.231243,29.860623],[-95.231251,29.860612],[-95.23126,29.8606],[-95.231268,29.860588],[-95.231277,29.860577],[-95.231286,29.860565],[-95.231294,29.860554],[-95.231302,29.860542],[-95.231311,29.860531],[-95.231319,29.860519],[-95.231328,29.860507],[-95.231336,29.860496],[-95.231344,29.860484],[-95.231353,29.860472],[-95.231361,29.86046],[-95.231369,29.860449],[-95.231377,29.860437],[-95.231385,29.860425],[-95.231393,29.860413],[-95.231401,29.860401],[-95.231408,29.860389],[-95.231416,29.860377],[-95.231424,29.860365],[-95.231431,29.860353],[-95.231438,29.860341],[-95.231446,29.860329],[-95.231453,29.860316],[-95.23146,29.860304],[-95.231467,29.860292],[-95.231474,29.860279],[-95.231481,29.860267],[-95.231488,29.860255],[-95.231495,29.860242],[-95.231502,29.86023],[-95.231509,29.860218],[-95.231516,29.860205],[-95.231523,29.860193],[-95.23153,29.860181],[-95.231537,29.860168],[-95.231544,29.860156],[-95.23155,29.860141],[-95.231555,29.860128],[-95.23156,29.860115],[-95.231565,29.860102],[-95.231571,29.860089],[-95.231576,29.860076],[-95.231581,29.860063],[-95.231586,29.86005],[-95.231592,29.860037],[-95.231597,29.860024],[-95.231602,29.860011],[-95.231607,29.859998],[-95.231612,29.859985],[-95.231616,29.859972],[-95.231621,29.859958],[-95.231625,29.859945],[-95.23163,29.859932],[-95.231634,29.859919],[-95.231637,29.859905],[-95.231641,29.859892],[-95.231644,29.859879],[-95.231648,29.859865],[-95.231651,29.859852],[-95.231655,29.859838],[-95.231658,29.859825],[-95.231661,29.859811],[-95.231664,29.859798],[-95.231667,29.859784],[-95.231669,29.85977],[-95.231672,29.859757],[-95.231674,29.859743],[-95.231676,29.859729],[-95.231678,29.859716],[-95.23168,29.859702],[-95.231682,29.859688],[-95.231683,29.859675],[-95.231683,29.859675],[-95.231683,29.859675],[-95.231683,29.859674],[-95.231684,29.859661],[-95.231684,29.859661],[-95.231684,29.859661],[-95.231684,29.859661],[-95.231684,29.859661],[-95.231684,29.859661],[-95.231685,29.859647],[-95.231685,29.859647],[-95.231685,29.859647],[-95.231685,29.859647],[-95.231686,29.859634],[-95.231686,29.859634],[-95.231686,29.859634],[-95.231686,29.859634],[-95.231686,29.859634],[-95.231686,29.859633],[-95.231686,29.85962],[-95.231686,29.85962],[-95.231686,29.85962],[-95.231686,29.85962],[-95.231686,29.859607],[-95.231685,29.859593],[-95.231683,29.859579],[-95.231681,29.859566],[-95.231679,29.859552],[-95.231676,29.859539],[-95.231673,29.859525],[-95.23167,29.859511],[-95.231667,29.859498],[-95.231664,29.859484],[-95.231661,29.85947],[-95.231658,29.859457],[-95.231656,29.859443],[-95.231654,29.859429],[-95.231653,29.859416],[-95.231652,29.859402],[-95.231651,29.859388],[-95.231651,29.859374],[-95.231651,29.859374],[-95.231651,29.859374],[-95.231651,29.859374],[-95.231651,29.85936],[-95.231651,29.85936],[-95.231651,29.85936],[-95.231651,29.85936],[-95.231651,29.85936],[-95.231651,29.85936],[-95.23165,29.859347],[-95.23165,29.859347],[-95.23165,29.859347],[-95.23165,29.859347],[-95.23165,29.859346],[-95.23165,29.859346],[-95.23165,29.859333],[-95.23165,29.859333],[-95.23165,29.859333],[-95.23165,29.859333],[-95.231649,29.859319],[-95.231649,29.859305],[-95.231647,29.859292],[-95.231646,29.859278],[-95.231644,29.859264],[-95.231642,29.859251],[-95.231638,29.859238],[-95.231635,29.859224],[-95.231631,29.859211],[-95.231627,29.859198],[-95.231622,29.859185],[-95.231618,29.859171],[-95.231613,29.859158],[-95.231608,29.859145],[-95.231603,29.859132],[-95.231598,29.859119],[-95.231593,29.859106],[-95.231587,29.859093],[-95.231582,29.85908],[-95.231577,29.859067],[-95.231571,29.859054],[-95.231566,29.859041],[-95.23156,29.859028],[-95.231555,29.859015],[-95.231549,29.859002],[-95.231544,29.858989],[-95.231539,29.858976],[-95.231534,29.858963],[-95.231529,29.85895],[-95.231524,29.858937],[-95.231519,29.858924],[-95.231513,29.858911],[-95.231508,29.858898],[-95.231503,29.858885],[-95.231498,29.858872],[-95.231493,29.858859],[-95.231488,29.858846],[-95.231482,29.858833],[-95.231477,29.85882],[-95.231472,29.858808],[-95.231466,29.858795],[-95.23146,29.858782],[-95.231455,29.858769],[-95.231449,29.858756],[-95.231443,29.858743],[-95.231437,29.858731],[-95.231431,29.858718],[-95.231425,29.858705],[-95.231419,29.858693],[-95.231413,29.85868],[-95.231406,29.858667],[-95.2314,29.858655],[-95.231393,29.858642],[-95.231387,29.85863],[-95.23138,29.858617],[-95.231373,29.858605],[-95.231366,29.858592],[-95.231359,29.85858],[-95.231352,29.858568],[-95.231345,29.858556],[-95.231337,29.858543],[-95.23133,29.858531],[-95.231322,29.858519],[-95.231314,29.858508],[-95.231306,29.858496],[-95.231298,29.858484],[-95.231289,29.858473],[-95.23128,29.858462],[-95.23127,29.858451],[-95.23126,29.85844],[-95.23125,29.85843],[-95.23124,29.858419],[-95.23123,29.858408],[-95.231219,29.858398],[-95.231209,29.858388],[-95.231199,29.858377],[-95.231189,29.858366],[-95.231179,29.858356],[-95.231174,29.858351],[-95.23117,29.858346],[-95.231166,29.858341],[-95.231161,29.858337],[-95.231156,29.858332],[-95.231151,29.858328],[-95.231146,29.858323],[-95.231141,29.858319],[-95.231136,29.858315],[-95.231134,29.858313]]]},"properties":{"Campus__Number":480,"Campus_Short_Name":"Marshall ES","Street_Address":"6200 Winfield Rd"}},{"type":"Feature","geometry":{"type":"Polygon","coordinates":[[[-95.22849,29.847639],[-95.228474,29.847536],[-95.228444,29.847374],[-95.228444,29.847374],[-95.228443,29.847373],[-95.228443,29.84737],[-95.228443,29.847369],[-95.228443,29.847369],[-95.228443,29.847369],[-95.228443,29.847369],[-95.228441,29.847352],[-95.228439,29.847338],[-95.228438,29.847324],[-95.228436,29.84731],[-95.228435,29.847297],[-95.228435,29.847283],[-95.228435,29.847283],[-95.228435,29.847283],[-95.228435,29.847283],[-95.228435,29.847269],[-95.228435,29.847269],[-95.228435,29.847269],[-95.228435,29.847269],[-95.228435,29.847269],[-95.228435,29.847269],[-95.228435,29.847256],[-95.228437,29.847242],[-95.228439,29.847228],[-95.228442,29.847215],[-95.228444,29.847201],[-95.228446,29.847187],[-95.228448,29.847174],[-95.228448,29.847174],[-95.228448,29.847174],[-95.228448,29.847173],[-95.22845,29.84716],[-95.22845,29.84716],[-95.22845,29.84716],[-95.22845,29.84716],[-95.228451,29.847146],[-95.228451,29.847146],[-95.228451,29.847146],[-95.228451,29.847146],[-95.228452,29.847133],[-95.228452,29.847133],[-95.228452,29.847132],[-95.228452,29.847132],[-95.228452,29.847132],[-95.228452,29.847132],[-95.228453,29.847119],[-95.228453,29.847119],[-95.228453,29.847119],[-95.228453,29.847119],[-95.228453,29.847119],[-95.228453,29.847119],[-95.228454,29.847105],[-95.228454,29.847105],[-95.228454,29.847105],[-95.228454,29.847105],[-95.228455,29.847091],[-95.228455,29.847091],[-95.228455,29.847091],[-95.228455,29.847091],[-95.228455,29.847091],[-95.228455,29.847091],[-95.228455,29.847078],[-95.228455,29.847077],[-95.228455,29.847077],[-95.228455,29.847077],[-95.228456,29.847064],[-95.228456,29.847064],[-95.228456,29.847064],[-95.228456,29.847064],[-95.228456,29.84705],[-95.228456,29.84705],[-95.228456,29.84705],[-95.228456,29.84705],[-95.228456,29.847036],[-95.228456,29.847036],[-95.228456,29.847036],[-95.228456,29.847036],[-95.228456,29.847036],[-95.228456,29.847036],[-95.228456,29.847023],[-95.228456,29.847023],[-95.228456,29.847022],[-95.228456,29.847022],[-95.228456,29.847022],[-95.228456,29.847022],[-95.228456,29.847009],[-95.228456,29.847009],[-95.228456,29.847009],[-95.228456,29.847009],[-95.228455,29.846995],[-95.228455,29.846981],[-95.228454,29.846968],[-95.228453,29.846954],[-95.228453,29.84694],[-95.228452,29.846927],[-95.228451,29.846913],[-95.22845,29.846899],[-95.228449,29.846885],[-95.228448,29.846872],[-95.228446,29.846858],[-95.228445,29.846844],[-95.228444,29.84683],[-95.228443,29.846817],[-95.228441,29.846803],[-95.22844,29.846789],[-95.228439,29.846776],[-95.228437,29.846762],[-95.228436,29.846748],[-95.228434,29.846735],[-95.228433,29.846721],[-95.228431,29.846707],[-95.22843,29.846693],[-95.228428,29.84668],[-95.228426,29.846666],[-95.228425,29.846652],[-95.228423,29.846639],[-95.228421,29.846625],[-95.228419,29.846611],[-95.228417,29.846598],[-95.228416,29.846584],[-95.228414,29.84657],[-95.228412,29.846557],[-95.22841,29.846543],[-95.228408,29.846529],[-95.228406,29.846516],[-95.228404,29.846502],[-95.228402,29.846488],[-95.2284,29.846475],[-95.228398,29.846461],[-95.228396,29.846448],[-95.228394,29.846434],[-95.228393,29.84642],[-95.228391,29.846407],[-95.228389,29.846393],[-95.228387,29.846379],[-95.228385,29.846366],[-95.228384,29.846352],[-95.228382,29.846338],[-95.228381,29.846325],[-95.228379,29.846311],[-95.228378,29.846297],[-95.228376,29.846284],[-95.228375,29.84627],[-95.228374,29.846256],[-95.228373,29.846242],[-95.228372,29.846229],[-95.228371,29.846215],[-95.22837,29.846201],[-95.22837,29.846201],[-95.22837,29.846201],[-95.22837,29.846201],[-95.22837,29.846187],[-95.22837,29.846187],[-95.22837,29.846187],[-95.22837,29.846187],[-95.22837,29.846187],[-95.22837,29.846187],[-95.22837,29.846174],[-95.22837,29.846174],[-95.22837,29.846174],[-95.22837,29.846173],[-95.22837,29.84616],[-95.22837,29.84616],[-95.22837,29.84616],[-95.22837,29.84616],[-95.22837,29.846146],[-95.22837,29.846146],[-95.22837,29.846146],[-95.22837,29.846146],[-95.228371,29.846132],[-95.228371,29.846132],[-95.228371,29.846132],[-95.228371,29.846132],[-95.228371,29.846132],[-95.228371,29.846132],[-95.228372,29.846119],[-95.228372,29.846118],[-95.228372,29.846118],[-95.228372,29.846118],[-95.228373,29.846105],[-95.228373,29.846105],[-95.228373,29.846105],[-95.228373,29.846105],[-95.228373,29.846105],[-95.228373,29.846105],[-95.228374,29.846091],[-95.228374,29.846091],[-95.228374,29.846091],[-95.228374,29.846091],[-95.228374,29.846091],[-95.228374,29.846091],[-95.228375,29.846077],[-95.228375,29.846077],[-95.228375,29.846077],[-95.228375,29.846077],[-95.228377,29.846064],[-95.228378,29.84605],[-95.22838,29.846036],[-95.228383,29.846023],[-95.228385,29.846009],[-95.228387,29.845996],[-95.22839,29.845982],[-95.228393,29.845969],[-95.228396,29.845955],[-95.228399,29.845942],[-95.228402,29.845928],[-95.228405,29.845915],[-95.228408,29.845901],[-95.228412,29.845888],[-95.228415,29.845874],[-95.228419,29.845861],[-95.228422,29.845847],[-95.228426,29.845834],[-95.22843,29.845821],[-95.228434,29.845807],[-95.228438,29.845794],[-95.228442,29.845781],[-95.228446,29.845767],[-95.22845,29.845754],[-95.228455,29.845741],[-95.228459,29.845728],[-95.228464,29.845715],[-95.228468,29.845701],[-95.228473,29.845688],[-95.228478,29.845675],[-95.228482,29.845662],[-95.228487,29.845649],[-95.228492,29.845636],[-95.228497,29.845623],[-95.228502,29.84561],[-95.228507,29.845597],[-95.228512,29.845584],[-95.228517,29.845571],[-95.228522,29.845558],[-95.228527,29.845545],[-95.228532,29.845531],[-95.228537,29.845518],[-95.228542,29.845505],[-95.228548,29.845492],[-95.228553,29.84548],[-95.228559,29.845467],[-95.228565,29.845454],[-95.228571,29.845441],[-95.228577,29.845428],[-95.228583,29.845415],[-95.228588,29.845402],[-95.228594,29.845389],[-95.2286,29.845376],[-95.228605,29.845363],[-95.22861,29.84535],[-95.228615,29.845337],[-95.228619,29.845324],[-95.228623,29.845311],[-95.228627,29.845298],[-95.22863,29.845284],[-95.228632,29.845271],[-95.228635,29.845258],[-95.228636,29.845244],[-95.228638,29.84523],[-95.228638,29.84523],[-95.228638,29.84523],[-95.228638,29.84523],[-95.228638,29.84523],[-95.228638,29.84523],[-95.228639,29.845217],[-95.228639,29.845217],[-95.228639,29.845217],[-95.228639,29.845217],[-95.22864,29.845203],[-95.22864,29.845203],[-95.22864,29.845203],[-95.22864,29.845203],[-95.22864,29.845203],[-95.22864,29.845203],[-95.22864,29.845189],[-95.22864,29.845189],[-95.22864,29.845189],[-95.22864,29.845189],[-95.228641,29.845176],[-95.228641,29.845176],[-95.228641,29.845176],[-95.228641,29.845175],[-95.228641,29.845162],[-95.228641,29.845162],[-95.228641,29.845162],[-95.228641,29.845162],[-95.228641,29.845148],[-95.228641,29.845148],[-95.228641,29.845148],[-95.228641,29.845148],[-95.228641,29.845148],[-95.228641,29.845148],[-95.228641,29.845134],[-95.228641,29.845134],[-95.228641,29.845134],[-95.228641,29.845134],[-95.228641,29.845134],[-95.228641,29.845134],[-95.22864,29.84512],[-95.22864,29.84512],[-95.22864,29.84512],[-95.22864,29.84512],[-95.22864,29.845107],[-95.22864,29.845106],[-95.22864,29.845106],[-95.22864,29.845106],[-95.22864,29.845106],[-95.22864,29.845106],[-95.22864,29.845093],[-95.22864,29.845093],[-95.22864,29.845092],[-95.22864,29.845092],[-95.22864,29.845079],[-95.22864,29.845079],[-95.22864,29.845079],[-95.22864,29.845079],[-95.22864,29.845079],[-95.22864,29.845079],[-95.228639,29.845065],[-95.228639,29.845065],[-95.228639,29.845065],[-95.228639,29.845065],[-95.228639,29.845065],[-95.228639,29.845065],[-95.228639,29.845051],[-95.228639,29.845051],[-95.228639,29.845051],[-95.228639,29.845051],[-95.228639,29.845051],[-95.228639,29.845051],[-95.22864,29.845037],[-95.22864,29.845037],[-95.22864,29.845037],[-95.22864,29.845037],[-95.22864,29.845024],[-95.22864,29.845023],[-95.22864,29.845023],[-95.22864,29.845023],[-95.22864,29.845023],[-95.22864,29.845023],[-95.22864,29.84501],[-95.22864,29.84501],[-95.22864,29.84501],[-95.22864,29.84501],[-95.22864,29.84501],[-95.22864,29.845009],[-95.228641,29.844996],[-95.228641,29.844996],[-95.228641,29.844996],[-95.228641,29.844996],[-95.228642,29.844982],[-95.228642,29.844982],[-95.228642,29.844982],[-95.228642,29.844982],[-95.228643,29.844969],[-95.228643,29.844968],[-95.228643,29.844968],[-95.228643,29.844968],[-95.228643,29.844968],[-95.228643,29.844968],[-95.228644,29.844955],[-95.228644,29.844955],[-95.228644,29.844955],[-95.228644,29.844955],[-95.228644,29.844954],[-95.228644,29.844954],[-95.228644,29.844941],[-95.228644,29.844941],[-95.228644,29.844941],[-95.228644,29.844941],[-95.228644,29.844941],[-95.228644,29.844941],[-95.228645,29.844927],[-95.228645,29.844927],[-95.228645,29.844927],[-95.228645,29.844927],[-95.228645,29.844927],[-95.228645,29.844927],[-95.228646,29.844913],[-95.228646,29.844913],[-95.228646,29.844913],[-95.228646,29.844913],[-95.228647,29.844899],[-95.228647,29.844899],[-95.228647,29.844899],[-95.228647,29.844899],[-95.228648,29.844886],[-95.228648,29.844886],[-95.228648,29.844886],[-95.228648,29.844886],[-95.228648,29.844886],[-95.228648,29.844885],[-95.228649,29.844872],[-95.228649,29.844872],[-95.228649,29.844872],[-95.228649,29.844872],[-95.228649,29.844872],[-95.228649,29.844872],[-95.22865,29.844858],[-95.22865,29.844858],[-95.22865,29.844858],[-95.22865,29.844858],[-95.228652,29.844844],[-95.228654,29.844831],[-95.228656,29.844817],[-95.228658,29.844804],[-95.228661,29.84479],[-95.228664,29.844777],[-95.228667,29.844763],[-95.228671,29.84475],[-95.228675,29.844737],[-95.228679,29.844724],[-95.228683,29.84471],[-95.228687,29.844697],[-95.228691,29.844684],[-95.228696,29.844671],[-95.2287,29.844658],[-95.228705,29.844644],[-95.22871,29.844631],[-95.228714,29.844618],[-95.228719,29.844605],[-95.228724,29.844592],[-95.228729,29.844579],[-95.228734,29.844566],[-95.228739,29.844553],[-95.228744,29.84454],[-95.228749,29.844527],[-95.228755,29.844514],[-95.22876,29.844501],[-95.228765,29.844488],[-95.22877,29.844475],[-95.228776,29.844462],[-95.228781,29.844449],[-95.228786,29.844436],[-95.228791,29.844423],[-95.228797,29.84441],[-95.228802,29.844397],[-95.228807,29.844384],[-95.228812,29.84437],[-95.228817,29.844357],[-95.228822,29.844344],[-95.228828,29.84433],[-95.228833,29.844317],[-95.228839,29.844304],[-95.228846,29.844292],[-95.228852,29.844279],[-95.228859,29.844267],[-95.228867,29.844256],[-95.228876,29.844245],[-95.228886,29.844235],[-95.228899,29.844226],[-95.228913,29.844219],[-95.228928,29.844213],[-95.228943,29.844208],[-95.228959,29.844205],[-95.228974,29.844203],[-95.228989,29.844201],[-95.229005,29.844199],[-95.229021,29.844198],[-95.229036,29.844197],[-95.229052,29.844196],[-95.229068,29.844196],[-95.229084,29.844195],[-95.2291,29.844195],[-95.229116,29.844195],[-95.229131,29.844194],[-95.229147,29.844194],[-95.229163,29.844194],[-95.229179,29.844193],[-95.229195,29.844193],[-95.229211,29.844192],[-95.229227,29.844191],[-95.229242,29.84419],[-95.229258,29.844189],[-95.229274,29.844188],[-95.229289,29.844187],[-95.229305,29.844186],[-95.229321,29.844185],[-95.229337,29.844184],[-95.229352,29.844184],[-95.229368,29.844183],[-95.229384,29.844182],[-95.2294,29.844181],[-95.229415,29.84418],[-95.229431,29.844179],[-95.229447,29.844178],[-95.229463,29.844177],[-95.229478,29.844176],[-95.229494,29.844176],[-95.22951,29.844175],[-95.229526,29.844175],[-95.229541,29.844174],[-95.229557,29.844174],[-95.229573,29.844173],[-95.229589,29.844173],[-95.229604,29.844173],[-95.22962,29.844174],[-95.229636,29.844175],[-95.229652,29.844176],[-95.229668,29.844177],[-95.229683,29.844178],[-95.229699,29.844179],[-95.229715,29.844179],[-95.229731,29.84418],[-95.229746,29.84418],[-95.229762,29.844179],[-95.229778,29.844178],[-95.229794,29.844178],[-95.22981,29.844177],[-95.229826,29.844176],[-95.229842,29.844175],[-95.229858,29.844173],[-95.229874,29.844171],[-95.22989,29.844169],[-95.229906,29.844167],[-95.229921,29.844163],[-95.229936,29.844159],[-95.22995,29.844154],[-95.229963,29.844148],[-95.229977,29.844142],[-95.22999,29.844135],[-95.230003,29.844127],[-95.230016,29.844119],[-95.230028,29.844111],[-95.230041,29.844103],[-95.230053,29.844094],[-95.230065,29.844085],[-95.230077,29.844075],[-95.230089,29.844066],[-95.230101,29.844056],[-95.230112,29.844046],[-95.230124,29.844036],[-95.230135,29.844026],[-95.230146,29.844017],[-95.230157,29.844007],[-95.230168,29.843997],[-95.230179,29.843987],[-95.23019,29.843977],[-95.2302,29.843967],[-95.23021,29.843956],[-95.23022,29.843946],[-95.23023,29.843935],[-95.23024,29.843924],[-95.23025,29.843914],[-95.23026,29.843903],[-95.23027,29.843892],[-95.230279,29.843881],[-95.230289,29.84387],[-95.230299,29.843859],[-95.230309,29.843849],[-95.230319,29.843838],[-95.230329,29.843827],[-95.230339,29.843817],[-95.23035,29.843806],[-95.23036,29.843796],[-95.23037,29.843785],[-95.23038,29.843775],[-95.23039,29.843764],[-95.2304,29.843753],[-95.23041,29.843742],[-95.23042,29.843732],[-95.230431,29.843721],[-95.230441,29.843711],[-95.230451,29.8437],[-95.230462,29.84369],[-95.230472,29.84368],[-95.230483,29.84367],[-95.230494,29.84366],[-95.230505,29.84365],[-95.230517,29.843641],[-95.230528,29.843632],[-95.23054,29.843623],[-95.230553,29.843615],[-95.230565,29.843607],[-95.230578,29.843599],[-95.230591,29.843591],[-95.230604,29.843584],[-95.230618,29.843577],[-95.230631,29.84357],[-95.230645,29.843563],[-95.230659,29.843556],[-95.230673,29.843549],[-95.230687,29.843543],[-95.230701,29.843536],[-95.230715,29.84353],[-95.230729,29.843524],[-95.230743,29.843517],[-95.230757,29.843511],[-95.230771,29.843504],[-95.230785,29.843498],[-95.230799,29.843491],[-95.230813,29.843484],[-95.230826,29.843478],[-95.23084,29.843471],[-95.230855,29.843465],[-95.230869,29.843459],[-95.230883,29.843453],[-95.230897,29.843447],[-95.230911,29.84344],[-95.230925,29.843434],[-95.23094,29.843428],[-95.230954,29.843422],[-95.230968,29.843415],[-95.230981,29.843409],[-95.230995,29.843402],[-95.231009,29.843395],[-95.231022,29.843388],[-95.231035,29.843381],[-95.231048,29.843373],[-95.231061,29.843365],[-95.231074,29.843357],[-95.231087,29.843349],[-95.2311,29.843341],[-95.231112,29.843333],[-95.231125,29.843325],[-95.231137,29.843316],[-95.23115,29.843308],[-95.231162,29.843299],[-95.231174,29.84329],[-95.231186,29.843281],[-95.231198,29.843272],[-95.23121,29.843263],[-95.231222,29.843254],[-95.231234,29.843245],[-95.231246,29.843235],[-95.231257,29.843226],[-95.231269,29.843217],[-95.23128,29.843207],[-95.231291,29.843197],[-95.231302,29.843188],[-95.231313,29.843178],[-95.231324,29.843168],[-95.231335,29.843158],[-95.231346,29.843148],[-95.231356,29.843138],[-95.231367,29.843128],[-95.231378,29.843117],[-95.231388,29.843107],[-95.231398,29.843097],[-95.231409,29.843086],[-95.231419,29.843076],[-95.231429,29.843065],[-95.231439,29.843055],[-95.231449,29.843044],[-95.231459,29.843033],[-95.231469,29.843022],[-95.231479,29.843012],[-95.231489,29.843001],[-95.231498,29.84299],[-95.231508,29.842979],[-95.231518,29.842968],[-95.231527,29.842957],[-95.231537,29.842946],[-95.231546,29.842935],[-95.231556,29.842924],[-95.231565,29.842913],[-95.231575,29.842902],[-95.231584,29.842891],[-95.231593,29.84288],[-95.231602,29.842868],[-95.231611,29.842857],[-95.23162,29.842846],[-95.231629,29.842834],[-95.231637,29.842822],[-95.231646,29.842811],[-95.231654,29.842799],[-95.231662,29.842787],[-95.23167,29.842775],[-95.231677,29.842763],[-95.231684,29.842751],[-95.231691,29.842739],[-95.231698,29.842727],[-95.231704,29.842714],[-95.23171,29.842701],[-95.231715,29.842688],[-95.23172,29.842676],[-95.231725,29.842662],[-95.23173,29.842649],[-95.231735,29.842636],[-95.231739,29.842623],[-95.231743,29.842609],[-95.231748,29.842596],[-95.231752,29.842583],[-95.231757,29.84257],[-95.231761,29.842556],[-95.231766,29.842543],[-95.231771,29.84253],[-95.231952,29.842249],[-95.231952,29.842249],[-95.231952,29.842249],[-95.231952,29.842249],[-95.231952,29.842249],[-95.231831,29.841909],[-95.231491,29.841477],[-95.231469,29.841182],[-95.231469,29.841182],[-95.231469,29.841182],[-95.231469,29.841182],[-95.231486,29.841022],[-95.231845,29.840081],[-95.232293,29.839711],[-95.232732,29.839692],[-95.233364,29.83943],[-95.2339,29.839088],[-95.234038,29.83878],[-95.234038,29.83878],[-95.234038,29.83878],[-95.234038,29.83878],[-95.234038,29.83878],[-95.234038,29.83878],[-95.234119,29.838081],[-95.234118,29.838079],[-95.233608,29.837402],[-95.23333,29.83719],[-95.233328,29.837189],[-95.233327,29.837188],[-95.232975,29.836919],[-95.232968,29.836914],[-95.232934,29.836875],[-95.232794,29.836713],[-95.232615,29.836512],[-95.232107,29.836053],[-95.231932,29.835895],[-95.231742,29.835732],[-95.231735,29.835727],[-95.231598,29.835609],[-95.231067,29.835154],[-95.230528,29.834692],[-95.23034,29.834531],[-95.230331,29.834522],[-95.23032,29.834513],[-95.230312,29.834502],[-95.23027,29.834444],[-95.230224,29.834383],[-95.230221,29.834379],[-95.230215,29.834372],[-95.230211,29.834368],[-95.230207,29.834363],[-95.230204,29.834359],[-95.2302,29.834354],[-95.230197,29.83435],[-95.230194,29.834345],[-95.23019,29.834341],[-95.230187,29.834336],[-95.230184,29.834332],[-95.230181,29.834327],[-95.230178,29.834322],[-95.230176,29.834318],[-95.230173,29.834313],[-95.23017,29.834308],[-95.230168,29.834303],[-95.230166,29.834299],[-95.230163,29.834294],[-95.230161,29.834289],[-95.230159,29.834284],[-95.230157,29.834279],[-95.230155,29.834275],[-95.230153,29.83427],[-95.230152,29.834265],[-95.23015,29.83426],[-95.230149,29.834255],[-95.230147,29.83425],[-95.230146,29.834245],[-95.230145,29.83424],[-95.230144,29.834236],[-95.230143,29.834231],[-95.230142,29.834226],[-95.230141,29.834221],[-95.230141,29.834216],[-95.23014,29.834211],[-95.23014,29.834206],[-95.230139,29.834202],[-95.230139,29.834197],[-95.230139,29.834197],[-95.230139,29.834197],[-95.230139,29.834196],[-95.230139,29.834192],[-95.230139,29.834192],[-95.230139,29.834192],[-95.230139,29.834192],[-95.230139,29.834187],[-95.230139,29.834187],[-95.230139,29.834187],[-95.230139,29.834187],[-95.230139,29.834182],[-95.230139,29.834182],[-95.230139,29.834182],[-95.230139,29.834182],[-95.23014,29.834178],[-95.23014,29.834177],[-95.23014,29.834177],[-95.23014,29.834177],[-95.23014,29.834173],[-95.23014,29.834173],[-95.23014,29.834173],[-95.23014,29.834173],[-95.23014,29.834168],[-95.23014,29.834168],[-95.23014,29.834168],[-95.23014,29.834168],[-95.230141,29.834163],[-95.230141,29.834163],[-95.230141,29.834163],[-95.230141,29.834163],[-95.230142,29.834159],[-95.230142,29.834159],[-95.230142,29.834159],[-95.230142,29.834158],[-95.230142,29.834154],[-95.230142,29.834154],[-95.230142,29.834154],[-95.230142,29.834154],[-95.230143,29.834149],[-95.230144,29.834145],[-95.230145,29.83414],[-95.230146,29.834136],[-95.230148,29.834131],[-95.230149,29.834127],[-95.23015,29.834123],[-95.230151,29.834122],[-95.230147,29.834109],[-95.230145,29.8341],[-95.230143,29.834091],[-95.230141,29.834083],[-95.230139,29.834074],[-95.230138,29.834065],[-95.230136,29.834056],[-95.230135,29.834047],[-95.230134,29.834039],[-95.230133,29.83403],[-95.230132,29.834021],[-95.230132,29.834013],[-95.230132,29.834004],[-95.230132,29.834004],[-95.230132,29.834004],[-95.230132,29.834004],[-95.230131,29.833996],[-95.230131,29.833996],[-95.230131,29.833995],[-95.230131,29.833995],[-95.230131,29.833987],[-95.230131,29.833987],[-95.230131,29.833987],[-95.230131,29.833987],[-95.230132,29.833979],[-95.230132,29.833979],[-95.230132,29.833979],[-95.230132,29.833978],[-95.230132,29.83397],[-95.230132,29.83397],[-95.230132,29.83397],[-95.230132,29.83397],[-95.230132,29.833962],[-95.230132,29.833962],[-95.230132,29.833962],[-95.230132,29.833962],[-95.230133,29.833954],[-95.230133,29.833954],[-95.230133,29.833954],[-95.230133,29.833954],[-95.230134,29.833946],[-95.230134,29.833945],[-95.230134,29.833945],[-95.230134,29.833945],[-95.230135,29.833939],[-95.230135,29.833937],[-95.230135,29.833937],[-95.230135,29.833937],[-95.230135,29.833937],[-95.230136,29.833929],[-95.230136,29.833929],[-95.230136,29.833929],[-95.230136,29.833929],[-95.230138,29.833921],[-95.230138,29.833921],[-95.230138,29.833921],[-95.230138,29.833921],[-95.230139,29.833913],[-95.230141,29.833906],[-95.230143,29.833898],[-95.230145,29.83389],[-95.230147,29.833882],[-95.23015,29.833875],[-95.230153,29.833867],[-95.230155,29.83386],[-95.230181,29.833729],[-95.23019,29.833687],[-95.230204,29.83362],[-95.23021,29.833604],[-95.230216,29.833589],[-95.230221,29.833573],[-95.230226,29.833558],[-95.230231,29.833542],[-95.230236,29.833526],[-95.23024,29.83351],[-95.230244,29.833494],[-95.230247,29.833478],[-95.23025,29.833462],[-95.230253,29.833446],[-95.230253,29.833446],[-95.230253,29.833446],[-95.230253,29.833446],[-95.230256,29.83343],[-95.230256,29.83343],[-95.230256,29.83343],[-95.230256,29.83343],[-95.230258,29.833412],[-95.230258,29.833412],[-95.230258,29.833412],[-95.230258,29.833412],[-95.23026,29.833396],[-95.23026,29.833396],[-95.23026,29.833396],[-95.23026,29.833396],[-95.230262,29.833374],[-95.230261,29.833371],[-95.230248,29.833262],[-95.230237,29.833151],[-95.23023,29.833108],[-95.230227,29.833082],[-95.230224,29.833057],[-95.230222,29.833032],[-95.23022,29.833007],[-95.230219,29.832982],[-95.230218,29.832957],[-95.230218,29.832956],[-95.230218,29.832956],[-95.230218,29.832956],[-95.230217,29.832931],[-95.230217,29.832931],[-95.230217,29.832931],[-95.230217,29.832931],[-95.230218,29.832906],[-95.230218,29.832906],[-95.230218,29.832906],[-95.230218,29.832906],[-95.230218,29.832881],[-95.230218,29.83288],[-95.230218,29.83288],[-95.230218,29.83288],[-95.23022,29.832855],[-95.23022,29.832855],[-95.23022,29.832855],[-95.23022,29.832855],[-95.230222,29.83283],[-95.230222,29.83283],[-95.230222,29.83283],[-95.230222,29.83283],[-95.230224,29.832805],[-95.230224,29.832805],[-95.230224,29.832805],[-95.230224,29.832805],[-95.230226,29.832786],[-95.230228,29.832772],[-95.23023,29.832759],[-95.230232,29.832745],[-95.230234,29.832731],[-95.230236,29.832718],[-95.230239,29.832704],[-95.230241,29.832691],[-95.230244,29.832677],[-95.230246,29.832664],[-95.230249,29.83265],[-95.230252,29.832636],[-95.230254,29.832623],[-95.230257,29.832609],[-95.23026,29.832596],[-95.230263,29.832582],[-95.230267,29.832569],[-95.23027,29.832556],[-95.230274,29.832542],[-95.230278,29.832529],[-95.230282,29.832515],[-95.230285,29.832502],[-95.230289,29.832489],[-95.230293,29.832475],[-95.230297,29.832462],[-95.230301,29.832449],[-95.230305,29.832435],[-95.23031,29.832422],[-95.230314,29.832409],[-95.230319,29.832396],[-95.230324,29.832383],[-95.23033,29.83237],[-95.230335,29.832357],[-95.230341,29.832344],[-95.230347,29.832332],[-95.230354,29.832319],[-95.23036,29.832307],[-95.230367,29.832294],[-95.230374,29.832282],[-95.23038,29.83227],[-95.230387,29.832257],[-95.230395,29.832245],[-95.230402,29.832233],[-95.230409,29.832221],[-95.230416,29.832208],[-95.230424,29.832196],[-95.230431,29.832184],[-95.230438,29.832172],[-95.230446,29.83216],[-95.230453,29.832148],[-95.230461,29.832135],[-95.230468,29.832123],[-95.230476,29.832111],[-95.230483,29.832099],[-95.23049,29.832087],[-95.230497,29.832074],[-95.230505,29.832062],[-95.230512,29.83205],[-95.230519,29.832038],[-95.230526,29.832025],[-95.230532,29.832013],[-95.230539,29.832],[-95.230546,29.831988],[-95.230553,29.831976],[-95.23056,29.831963],[-95.230566,29.831951],[-95.230573,29.831938],[-95.23058,29.831926],[-95.230587,29.831913],[-95.230594,29.831901],[-95.2306,29.831889],[-95.230607,29.831876],[-95.230614,29.831864],[-95.230621,29.831852],[-95.230629,29.831839],[-95.230636,29.831827],[-95.230643,29.831815],[-95.230651,29.831803],[-95.230658,29.831791],[-95.230666,29.831779],[-95.230673,29.831767],[-95.230681,29.831755],[-95.230688,29.831743],[-95.230696,29.831731],[-95.230704,29.831719],[-95.230711,29.831707],[-95.230719,29.831695],[-95.230727,29.831683],[-95.230735,29.831671],[-95.230743,29.831659],[-95.230751,29.831647],[-95.230759,29.831635],[-95.230767,29.831623],[-95.230775,29.831611],[-95.230783,29.8316],[-95.230791,29.831588],[-95.230799,29.831576],[-95.230807,29.831564],[-95.230815,29.831552],[-95.230824,29.831541],[-95.230832,29.831529],[-95.23084,29.831517],[-95.230848,29.831506],[-95.230857,29.831494],[-95.230865,29.831482],[-95.230873,29.83147],[-95.230882,29.831459],[-95.23089,29.831447],[-95.230899,29.831436],[-95.230907,29.831424],[-95.230916,29.831413],[-95.230925,29.831401],[-95.230933,29.83139],[-95.230942,29.831378],[-95.230951,29.831367],[-95.23096,29.831356],[-95.230969,29.831344],[-95.230979,29.831333],[-95.230988,29.831322],[-95.230997,29.831311],[-95.231007,29.8313],[-95.231017,29.83129],[-95.231027,29.831279],[-95.231037,29.831268],[-95.231047,29.831258],[-95.231057,29.831247],[-95.231067,29.831237],[-95.231078,29.831226],[-95.231088,29.831216],[-95.231098,29.831206],[-95.231109,29.831196],[-95.23112,29.831185],[-95.23113,29.831175],[-95.231141,29.831165],[-95.231151,29.831155],[-95.231162,29.831144],[-95.231173,29.831134],[-95.231183,29.831124],[-95.231194,29.831114],[-95.231204,29.831104],[-95.231215,29.831094],[-95.231226,29.831084],[-95.231237,29.831074],[-95.231248,29.831064],[-95.231259,29.831054],[-95.231271,29.831045],[-95.231282,29.831035],[-95.231293,29.831025],[-95.231304,29.831015],[-95.231315,29.831005],[-95.231326,29.830995],[-95.231337,29.830986],[-95.231348,29.830976],[-95.231359,29.830966],[-95.231369,29.830955],[-95.23138,29.830945],[-95.23139,29.830935],[-95.2314,29.830924],[-95.23141,29.830914],[-95.23142,29.830903],[-95.23143,29.830892],[-95.231439,29.830881],[-95.231449,29.830871],[-95.231458,29.83086],[-95.231468,29.830848],[-95.231477,29.830837],[-95.231486,29.830826],[-95.231495,29.830815],[-95.231505,29.830804],[-95.231514,29.830792],[-95.231523,29.830781],[-95.231531,29.83077],[-95.23154,29.830758],[-95.231549,29.830747],[-95.231558,29.830735],[-95.231566,29.830724],[-95.231575,29.830712],[-95.231584,29.830701],[-95.231592,29.830689],[-95.231601,29.830677],[-95.231609,29.830666],[-95.231617,29.830654],[-95.231626,29.830642],[-95.231634,29.830631],[-95.231642,29.830619],[-95.23165,29.830607],[-95.231658,29.830595],[-95.231666,29.830583],[-95.231674,29.830572],[-95.231682,29.83056],[-95.231689,29.830547],[-95.231697,29.830535],[-95.231704,29.830523],[-95.231711,29.830511],[-95.231717,29.830498],[-95.231724,29.830486],[-95.231731,29.830473],[-95.231737,29.830461],[-95.231743,29.830448],[-95.231749,29.830435],[-95.231755,29.830422],[-95.231761,29.830409],[-95.231767,29.830397],[-95.231772,29.830384],[-95.231778,29.830371],[-95.231783,29.830358],[-95.231788,29.830345],[-95.231793,29.830332],[-95.231798,29.830319],[-95.231802,29.830305],[-95.231806,29.830292],[-95.23181,29.830279],[-95.231814,29.830265],[-95.231817,29.830252],[-95.231821,29.830238],[-95.231824,29.830225],[-95.231826,29.830211],[-95.231829,29.830198],[-95.231831,29.830184],[-95.231834,29.830171],[-95.231836,29.830157],[-95.231838,29.830143],[-95.231839,29.830129],[-95.231839,29.830129],[-95.231839,29.830129],[-95.231839,29.830129],[-95.23184,29.830115],[-95.23184,29.830115],[-95.23184,29.830115],[-95.23184,29.830115],[-95.231841,29.830101],[-95.231841,29.830101],[-95.231841,29.830101],[-95.231841,29.830101],[-95.231842,29.830088],[-95.231842,29.830088],[-95.231842,29.830087],[-95.231842,29.830087],[-95.231842,29.830074],[-95.231842,29.830074],[-95.231842,29.830074],[-95.231842,29.830074],[-95.231841,29.83006],[-95.23184,29.830047],[-95.231838,29.830033],[-95.231835,29.83002],[-95.231832,29.830007],[-95.231828,29.829993],[-95.231823,29.82998],[-95.231818,29.829967],[-95.231812,29.829954],[-95.231806,29.829941],[-95.231799,29.829928],[-95.231793,29.829916],[-95.231786,29.829903],[-95.231779,29.829891],[-95.231772,29.829878],[-95.231764,29.829866],[-95.231756,29.829854],[-95.231748,29.829842],[-95.231739,29.82983],[-95.23173,29.829819],[-95.23172,29.829809],[-95.231709,29.829799],[-95.231698,29.82979],[-95.231685,29.829783],[-95.231671,29.829777],[-95.231656,29.829771],[-95.231641,29.829766],[-95.231626,29.82976],[-95.231612,29.829753],[-95.231599,29.829746],[-95.231586,29.829738],[-95.231572,29.829731],[-95.231559,29.829723],[-95.231546,29.829715],[-95.231534,29.829706],[-95.231523,29.829696],[-95.231513,29.829686],[-95.231503,29.829675],[-95.231493,29.829665],[-95.231483,29.829654],[-95.231473,29.829643],[-95.231464,29.829633],[-95.231454,29.829622],[-95.231444,29.829611],[-95.231435,29.8296],[-95.231426,29.829589],[-95.231416,29.829578],[-95.231407,29.829566],[-95.231398,29.829555],[-95.231389,29.829544],[-95.231379,29.829533],[-95.23137,29.829522],[-95.231361,29.82951],[-95.231352,29.829499],[-95.231344,29.829489],[-95.231343,29.829488],[-95.231334,29.829476],[-95.231325,29.829465],[-95.231318,29.829456],[-95.231316,29.829454],[-95.231307,29.829442],[-95.231298,29.829431],[-95.231289,29.82942],[-95.23128,29.829409],[-95.231271,29.829397],[-95.231262,29.829386],[-95.231253,29.829375],[-95.231244,29.829363],[-95.231235,29.829352],[-95.231226,29.829341],[-95.231217,29.829329],[-95.231209,29.829318],[-95.2312,29.829306],[-95.231191,29.829295],[-95.231182,29.829284],[-95.231173,29.829272],[-95.231164,29.829261],[-95.231155,29.82925],[-95.231147,29.829238],[-95.231138,29.829227],[-95.231129,29.829215],[-95.23112,29.829204],[-95.231111,29.829193],[-95.231103,29.829181],[-95.231094,29.82917],[-95.231085,29.829158],[-95.231076,29.829147],[-95.231067,29.829135],[-95.231059,29.829124],[-95.23105,29.829113],[-95.231041,29.829101],[-95.231032,29.82909],[-95.231024,29.829078],[-95.231015,29.829067],[-95.231006,29.829056],[-95.230997,29.829044],[-95.230988,29.829033],[-95.23098,29.829021],[-95.230971,29.82901],[-95.230962,29.828999],[-95.230953,29.828987],[-95.230944,29.828976],[-95.230935,29.828964],[-95.230927,29.828953],[-95.230918,29.828942],[-95.230909,29.82893],[-95.2309,29.828919],[-95.230891,29.828907],[-95.230882,29.828896],[-95.230873,29.828885],[-95.230864,29.828873],[-95.230855,29.828862],[-95.230846,29.828851],[-95.230837,29.82884],[-95.230828,29.828829],[-95.230818,29.828818],[-95.230809,29.828806],[-95.2308,29.828795],[-95.23079,29.828784],[-95.230781,29.828773],[-95.230772,29.828762],[-95.230763,29.828751],[-95.230754,29.828739],[-95.230745,29.828728],[-95.230736,29.828717],[-95.230727,29.828705],[-95.230718,29.828694],[-95.230709,29.828683],[-95.2307,29.828671],[-95.230692,29.82866],[-95.230684,29.828648],[-95.230675,29.828636],[-95.230667,29.828624],[-95.230659,29.828613],[-95.230651,29.828601],[-95.230643,29.828589],[-95.230635,29.828577],[-95.230627,29.828565],[-95.23062,29.828553],[-95.230612,29.828541],[-95.230604,29.828529],[-95.230596,29.828517],[-95.230589,29.828505],[-95.230581,29.828493],[-95.230574,29.82848],[-95.230566,29.828468],[-95.230559,29.828456],[-95.230552,29.828444],[-95.230545,29.828431],[-95.230538,29.828419],[-95.230531,29.828407],[-95.230524,29.828394],[-95.230517,29.828382],[-95.230511,29.828369],[-95.230505,29.828357],[-95.230499,29.828344],[-95.230493,29.828331],[-95.230487,29.828319],[-95.230482,29.828306],[-95.230476,29.828293],[-95.230471,29.82828],[-95.230467,29.828267],[-95.230462,29.828254],[-95.230458,29.82824],[-95.230457,29.828237],[-95.230455,29.828227],[-95.230451,29.828213],[-95.230448,29.8282],[-95.230445,29.828186],[-95.230443,29.828172],[-95.23044,29.828159],[-95.230438,29.828145],[-95.230438,29.828141],[-95.230436,29.828131],[-95.230435,29.828117],[-95.230433,29.828104],[-95.230432,29.82809],[-95.230431,29.828076],[-95.23043,29.828063],[-95.230429,29.828049],[-95.230429,29.828035],[-95.230429,29.828035],[-95.230429,29.828035],[-95.230429,29.828035],[-95.230429,29.828022],[-95.230429,29.828021],[-95.230429,29.828021],[-95.230429,29.828021],[-95.230429,29.828021],[-95.230429,29.828021],[-95.230429,29.828008],[-95.230429,29.828008],[-95.230429,29.828008],[-95.230429,29.828008],[-95.230429,29.828008],[-95.230429,29.828008],[-95.230429,29.827994],[-95.230429,29.827994],[-95.230429,29.827994],[-95.230429,29.827994],[-95.230429,29.82798],[-95.230429,29.82798],[-95.230429,29.82798],[-95.230429,29.82798],[-95.230429,29.82798],[-95.230429,29.82798],[-95.230429,29.827967],[-95.230429,29.827967],[-95.230429,29.827967],[-95.230429,29.827966],[-95.230429,29.827966],[-95.230429,29.827966],[-95.23043,29.827953],[-95.23043,29.827953],[-95.23043,29.827953],[-95.23043,29.827953],[-95.23043,29.827953],[-95.23043,29.827953],[-95.23043,29.827939],[-95.23043,29.827939],[-95.23043,29.827939],[-95.23043,29.827939],[-95.23043,29.827939],[-95.23043,29.827939],[-95.230431,29.827925],[-95.230431,29.827925],[-95.230431,29.827925],[-95.230431,29.827925],[-95.230431,29.827925],[-95.230431,29.827925],[-95.230432,29.827912],[-95.230432,29.827912],[-95.230432,29.827911],[-95.230432,29.827911],[-95.230432,29.827898],[-95.230432,29.827898],[-95.230432,29.827898],[-95.230432,29.827898],[-95.230433,29.827884],[-95.230433,29.827884],[-95.230433,29.827884],[-95.230433,29.827884],[-95.230434,29.82787],[-95.230434,29.82787],[-95.230434,29.82787],[-95.230434,29.82787],[-95.230434,29.82787],[-95.230434,29.82787],[-95.230435,29.827857],[-95.230435,29.827856],[-95.230435,29.827856],[-95.230435,29.827856],[-95.230436,29.827843],[-95.230436,29.827843],[-95.230436,29.827843],[-95.230436,29.827843],[-95.230436,29.827843],[-95.230436,29.827843],[-95.230437,29.827829],[-95.230437,29.827829],[-95.230437,29.827829],[-95.230437,29.827829],[-95.230437,29.827829],[-95.230437,29.827829],[-95.230438,29.827815],[-95.230438,29.827815],[-95.230438,29.827815],[-95.230438,29.827815],[-95.230438,29.827815],[-95.230438,29.827815],[-95.230439,29.827801],[-95.230439,29.827801],[-95.230439,29.827801],[-95.230439,29.827801],[-95.230439,29.827801],[-95.230439,29.827801],[-95.23044,29.827788],[-95.23044,29.827788],[-95.23044,29.827788],[-95.23044,29.827788],[-95.23044,29.827787],[-95.23044,29.827787],[-95.230441,29.827774],[-95.230441,29.827774],[-95.230441,29.827774],[-95.230441,29.827774],[-95.230442,29.82776],[-95.230442,29.82776],[-95.230442,29.82776],[-95.230442,29.82776],[-95.230443,29.827746],[-95.230443,29.827746],[-95.230443,29.827746],[-95.230443,29.827746],[-95.230443,29.827733],[-95.230443,29.827733],[-95.230443,29.827733],[-95.230443,29.827732],[-95.230443,29.827732],[-95.230443,29.827732],[-95.230444,29.827719],[-95.230444,29.827719],[-95.230444,29.827719],[-95.230444,29.827719],[-95.230444,29.827719],[-95.230444,29.827719],[-95.230445,29.827705],[-95.230445,29.827705],[-95.230445,29.827705],[-95.230445,29.827705],[-95.230445,29.827705],[-95.230445,29.827705],[-95.230445,29.827691],[-95.230445,29.827691],[-95.230445,29.827691],[-95.230445,29.827691],[-95.230445,29.827691],[-95.230445,29.827691],[-95.230446,29.827678],[-95.230446,29.827678],[-95.230446,29.827678],[-95.230446,29.827678],[-95.230446,29.827677],[-95.230446,29.827677],[-95.230447,29.827664],[-95.230447,29.827664],[-95.230447,29.827664],[-95.230447,29.827664],[-95.230447,29.827664],[-95.230447,29.827664],[-95.230447,29.82765],[-95.230447,29.82765],[-95.230447,29.82765],[-95.230447,29.82765],[-95.230447,29.82765],[-95.230447,29.82765],[-95.230448,29.827636],[-95.230448,29.827636],[-95.230448,29.827636],[-95.230448,29.827636],[-95.230449,29.827623],[-95.230449,29.827623],[-95.230449,29.827623],[-95.230449,29.827623],[-95.230449,29.827623],[-95.230449,29.827622],[-95.23045,29.827609],[-95.23045,29.827609],[-95.23045,29.827609],[-95.23045,29.827609],[-95.23045,29.827595],[-95.23045,29.827595],[-95.23045,29.827595],[-95.23045,29.827595],[-95.23045,29.827595],[-95.23045,29.827595],[-95.230451,29.827582],[-95.230451,29.827581],[-95.230451,29.827581],[-95.230451,29.827581],[-95.230452,29.827568],[-95.230452,29.827568],[-95.230452,29.827568],[-95.230452,29.827568],[-95.230452,29.827554],[-95.230452,29.827554],[-95.230452,29.827554],[-95.230452,29.827554],[-95.230453,29.82754],[-95.230453,29.82754],[-95.230453,29.82754],[-95.230453,29.82754],[-95.230453,29.82754],[-95.230453,29.82754],[-95.230454,29.827527],[-95.230454,29.827527],[-95.230454,29.827526],[-95.230454,29.827526],[-95.230454,29.827526],[-95.230454,29.827526],[-95.230454,29.827513],[-95.230454,29.827513],[-95.230454,29.827513],[-95.230454,29.827513],[-95.230455,29.827499],[-95.230455,29.827499],[-95.230455,29.827499],[-95.230455,29.827499],[-95.230456,29.827485],[-95.230456,29.827485],[-95.230456,29.827485],[-95.230456,29.827485],[-95.230457,29.827472],[-95.230457,29.827472],[-95.230457,29.827471],[-95.230457,29.827471],[-95.230457,29.827458],[-95.230457,29.827458],[-95.230457,29.827458],[-95.230457,29.827458],[-95.230457,29.827458],[-95.230457,29.827458],[-95.230458,29.827444],[-95.230458,29.827444],[-95.230458,29.827444],[-95.230458,29.827444],[-95.230459,29.82743],[-95.230459,29.82743],[-95.230459,29.82743],[-95.230459,29.82743],[-95.23046,29.827417],[-95.23046,29.827417],[-95.23046,29.827417],[-95.23046,29.827417],[-95.23046,29.827416],[-95.23046,29.827416],[-95.230461,29.827403],[-95.230461,29.827403],[-95.230461,29.827403],[-95.230461,29.827403],[-95.230461,29.827403],[-95.230461,29.827403],[-95.230461,29.827389],[-95.230461,29.827389],[-95.230461,29.827389],[-95.230461,29.827389],[-95.230461,29.827389],[-95.230461,29.827389],[-95.230462,29.827376],[-95.230462,29.827375],[-95.230462,29.827375],[-95.230462,29.827375],[-95.230462,29.827375],[-95.230462,29.827375],[-95.230463,29.827362],[-95.230463,29.827362],[-95.230463,29.827362],[-95.230463,29.827362],[-95.230464,29.827348],[-95.230464,29.827348],[-95.230464,29.827348],[-95.230464,29.827348],[-95.230465,29.827334],[-95.230465,29.827334],[-95.230465,29.827334],[-95.230465,29.827334],[-95.230465,29.827321],[-95.230465,29.827321],[-95.230465,29.82732],[-95.230465,29.82732],[-95.230465,29.82732],[-95.230465,29.82732],[-95.230466,29.827307],[-95.230466,29.827307],[-95.230466,29.827307],[-95.230466,29.827307],[-95.230467,29.827293],[-95.230467,29.827293],[-95.230467,29.827293],[-95.230467,29.827293],[-95.230467,29.827293],[-95.230467,29.827293],[-95.230468,29.827279],[-95.230468,29.827279],[-95.230468,29.827279],[-95.230468,29.827279],[-95.230468,29.827279],[-95.230468,29.827279],[-95.230469,29.827266],[-95.230469,29.827266],[-95.230469,29.827266],[-95.230469,29.827266],[-95.230469,29.827265],[-95.230469,29.827265],[-95.23047,29.827252],[-95.23047,29.827252],[-95.23047,29.827252],[-95.23047,29.827252],[-95.23047,29.827252],[-95.230471,29.827238],[-95.230471,29.827238],[-95.230471,29.827238],[-95.230471,29.827238],[-95.230472,29.827224],[-95.230472,29.827224],[-95.230472,29.827224],[-95.230472,29.827224],[-95.230472,29.827224],[-95.230472,29.827224],[-95.230473,29.827211],[-95.230473,29.827211],[-95.230473,29.827211],[-95.230473,29.827211],[-95.230474,29.827197],[-95.230474,29.827197],[-95.230474,29.827197],[-95.230474,29.827197],[-95.230475,29.827183],[-95.230475,29.827183],[-95.230475,29.827183],[-95.230475,29.827183],[-95.230475,29.827183],[-95.230475,29.827183],[-95.230476,29.82717],[-95.230476,29.82717],[-95.230476,29.827169],[-95.230476,29.827169],[-95.230476,29.827169],[-95.230476,29.827169],[-95.230477,29.827156],[-95.230477,29.827156],[-95.230477,29.827156],[-95.230477,29.827156],[-95.230477,29.827156],[-95.230477,29.827156],[-95.230478,29.827142],[-95.230478,29.827142],[-95.230478,29.827142],[-95.230478,29.827142],[-95.230479,29.827128],[-95.230481,29.827115],[-95.230482,29.827101],[-95.230484,29.827087],[-95.230486,29.827074],[-95.230488,29.82706],[-95.230489,29.827046],[-95.230491,29.827033],[-95.230493,29.827019],[-95.230494,29.827005],[-95.230496,29.826992],[-95.230497,29.826978],[-95.230497,29.826978],[-95.230497,29.826978],[-95.230497,29.826978],[-95.230497,29.826978],[-95.230497,29.826978],[-95.230499,29.826964],[-95.230499,29.826964],[-95.230499,29.826964],[-95.230499,29.826964],[-95.2305,29.826951],[-95.2305,29.826951],[-95.2305,29.82695],[-95.2305,29.82695],[-95.230501,29.826937],[-95.230501,29.826937],[-95.230501,29.826937],[-95.230501,29.826937],[-95.230501,29.826937],[-95.230501,29.826937],[-95.230502,29.826923],[-95.230502,29.826923],[-95.230502,29.826923],[-95.230502,29.826923],[-95.230502,29.826909],[-95.230502,29.826909],[-95.230502,29.826909],[-95.230502,29.826909],[-95.230502,29.826909],[-95.230502,29.826909],[-95.230503,29.826896],[-95.230503,29.826896],[-95.230503,29.826896],[-95.230503,29.826896],[-95.230503,29.826895],[-95.230503,29.826895],[-95.230504,29.826882],[-95.230504,29.826882],[-95.230504,29.826882],[-95.230504,29.826882],[-95.230504,29.826882],[-95.230504,29.826882],[-95.230504,29.826868],[-95.230505,29.826868],[-95.230505,29.826868],[-95.230505,29.826868],[-95.230505,29.826868],[-95.230505,29.826868],[-95.230505,29.826855],[-95.230505,29.826854],[-95.230505,29.826854],[-95.230505,29.826854],[-95.230506,29.826841],[-95.230506,29.826841],[-95.230506,29.826841],[-95.230506,29.826841],[-95.230506,29.826841],[-95.230506,29.826841],[-95.230506,29.826827],[-95.230506,29.826827],[-95.230506,29.826827],[-95.230506,29.826827],[-95.230507,29.826813],[-95.230507,29.826813],[-95.230507,29.826813],[-95.230507,29.826813],[-95.230507,29.826813],[-95.230507,29.826813],[-95.230507,29.8268],[-95.230507,29.826799],[-95.230507,29.826799],[-95.230507,29.826799],[-95.230508,29.826786],[-95.230508,29.826786],[-95.230508,29.826786],[-95.230508,29.826786],[-95.230508,29.826786],[-95.230508,29.826786],[-95.230508,29.826772],[-95.230508,29.826772],[-95.230508,29.826772],[-95.230508,29.826772],[-95.230508,29.826772],[-95.230508,29.826772],[-95.230509,29.826758],[-95.230509,29.826758],[-95.230509,29.826758],[-95.230509,29.826758],[-95.230509,29.826745],[-95.230509,29.826745],[-95.230509,29.826744],[-95.230509,29.826744],[-95.230509,29.826744],[-95.230509,29.826744],[-95.23051,29.826731],[-95.23051,29.826731],[-95.23051,29.826731],[-95.23051,29.826731],[-95.23051,29.826731],[-95.23051,29.826731],[-95.23051,29.826717],[-95.23051,29.826717],[-95.23051,29.826717],[-95.23051,29.826717],[-95.23051,29.826717],[-95.23051,29.826717],[-95.230511,29.826703],[-95.230511,29.826703],[-95.230511,29.826703],[-95.230511,29.826703],[-95.230511,29.82669],[-95.230511,29.82669],[-95.230511,29.82669],[-95.230511,29.826689],[-95.230511,29.826689],[-95.230511,29.826689],[-95.230511,29.826676],[-95.230511,29.826676],[-95.230511,29.826676],[-95.230511,29.826676],[-95.230511,29.826676],[-95.230511,29.826676],[-95.230512,29.82667],[-95.230512,29.826666],[-95.230512,29.826662],[-95.230512,29.826662],[-95.230512,29.826662],[-95.230512,29.826662],[-95.230512,29.826662],[-95.230512,29.826662],[-95.230512,29.826648],[-95.230512,29.826648],[-95.230512,29.826648],[-95.230512,29.826648],[-95.230513,29.826635],[-95.230513,29.826635],[-95.230513,29.826634],[-95.230513,29.826634],[-95.230513,29.826621],[-95.230513,29.826621],[-95.230513,29.826621],[-95.230513,29.826621],[-95.230513,29.826607],[-95.230513,29.826607],[-95.230513,29.826607],[-95.230513,29.826607],[-95.230514,29.826593],[-95.230514,29.826593],[-95.230514,29.826593],[-95.230514,29.826593],[-95.230514,29.826593],[-95.230514,29.826593],[-95.230514,29.82658],[-95.230514,29.82658],[-95.230514,29.826579],[-95.230514,29.826579],[-95.230514,29.826579],[-95.230514,29.826579],[-95.230515,29.826566],[-95.230515,29.826566],[-95.230515,29.826566],[-95.230515,29.826566],[-95.230515,29.826566],[-95.230515,29.826566],[-95.230515,29.826552],[-95.230515,29.826552],[-95.230515,29.826552],[-95.230515,29.826552],[-95.230515,29.826552],[-95.230515,29.826552],[-95.230516,29.826538],[-95.230516,29.826538],[-95.230516,29.826538],[-95.230516,29.826538],[-95.230516,29.826538],[-95.230516,29.826538],[-95.230516,29.826525],[-95.230516,29.826525],[-95.230516,29.826525],[-95.230516,29.826524],[-95.230516,29.826524],[-95.230516,29.826524],[-95.230517,29.826511],[-95.230517,29.826511],[-95.230517,29.826511],[-95.230517,29.826511],[-95.230517,29.826497],[-95.230517,29.826497],[-95.230517,29.826497],[-95.230517,29.826497],[-95.230517,29.826497],[-95.230517,29.826497],[-95.230518,29.826483],[-95.230518,29.826483],[-95.230518,29.826483],[-95.230518,29.826483],[-95.230518,29.82647],[-95.230518,29.82647],[-95.230518,29.82647],[-95.230518,29.826469],[-95.230518,29.826469],[-95.230518,29.826469],[-95.230519,29.826456],[-95.230519,29.826456],[-95.230519,29.826456],[-95.230519,29.826456],[-95.23052,29.826442],[-95.23052,29.826442],[-95.23052,29.826442],[-95.23052,29.826442],[-95.23052,29.826442],[-95.23052,29.826442],[-95.230521,29.826428],[-95.230521,29.826428],[-95.230521,29.826428],[-95.230521,29.826428],[-95.230521,29.826428],[-95.230521,29.826428],[-95.230522,29.826415],[-95.230522,29.826415],[-95.230522,29.826415],[-95.230522,29.826414],[-95.230523,29.826401],[-95.230523,29.826401],[-95.230523,29.826401],[-95.230523,29.826401],[-95.230523,29.826387],[-95.230523,29.826387],[-95.230523,29.826387],[-95.230523,29.826387],[-95.230523,29.826387],[-95.230524,29.826373],[-95.230524,29.826373],[-95.230524,29.826373],[-95.230524,29.826373],[-95.230525,29.82636],[-95.230525,29.82636],[-95.230525,29.826359],[-95.230525,29.826359],[-95.230526,29.826346],[-95.230526,29.826346],[-95.230526,29.826346],[-95.230526,29.826346],[-95.230526,29.826346],[-95.230526,29.826346],[-95.230527,29.826332],[-95.230527,29.826332],[-95.230527,29.826332],[-95.230527,29.826332],[-95.230527,29.826318],[-95.230527,29.826318],[-95.230527,29.826318],[-95.230527,29.826318],[-95.230527,29.826318],[-95.230527,29.826318],[-95.230528,29.826305],[-95.230528,29.826305],[-95.230528,29.826305],[-95.230528,29.826304],[-95.230528,29.826304],[-95.230528,29.826304],[-95.230528,29.826291],[-95.230528,29.826291],[-95.230528,29.826291],[-95.230528,29.826291],[-95.230528,29.826291],[-95.230528,29.826291],[-95.230529,29.826277],[-95.230529,29.826277],[-95.230529,29.826277],[-95.230529,29.826277],[-95.230529,29.826263],[-95.230529,29.826263],[-95.230529,29.826263],[-95.230529,29.826263],[-95.230529,29.82625],[-95.230529,29.82625],[-95.230529,29.826249],[-95.230529,29.826249],[-95.230529,29.826236],[-95.230529,29.826236],[-95.230529,29.826236],[-95.230529,29.826236],[-95.230529,29.826236],[-95.230529,29.826236],[-95.230529,29.826222],[-95.230529,29.826222],[-95.230529,29.826222],[-95.230529,29.826222],[-95.230529,29.826222],[-95.230529,29.826222],[-95.230529,29.826209],[-95.230529,29.826208],[-95.230529,29.826208],[-95.230529,29.826208],[-95.230528,29.826195],[-95.230527,29.826181],[-95.230527,29.826167],[-95.230526,29.826154],[-95.230525,29.82614],[-95.230523,29.826126],[-95.230522,29.826113],[-95.230521,29.826099],[-95.230519,29.826085],[-95.230518,29.826072],[-95.230516,29.826058],[-95.230515,29.826044],[-95.230513,29.82603],[-95.230511,29.826017],[-95.230509,29.826003],[-95.230508,29.825989],[-95.230506,29.825976],[-95.230504,29.825962],[-95.230502,29.825948],[-95.2305,29.825935],[-95.230498,29.825921],[-95.230497,29.825907],[-95.230495,29.825894],[-95.230493,29.82588],[-95.230491,29.825866],[-95.23049,29.825853],[-95.230488,29.82584],[-95.230488,29.825839],[-95.230488,29.825839],[-95.230488,29.825839],[-95.230488,29.825838],[-95.230476,29.825817],[-95.230464,29.825796],[-95.230457,29.82578],[-95.230457,29.82578],[-95.230457,29.82578],[-95.230457,29.82578],[-95.230307,29.825494],[-95.230166,29.825223],[-95.229894,29.824662],[-95.229885,29.824643],[-95.229877,29.824626],[-95.229876,29.824623],[-95.229872,29.824616],[-95.229826,29.824538],[-95.229826,29.824538],[-95.229743,29.824393],[-95.229707,29.82428],[-95.239291,29.820198],[-95.252968,29.814321],[-95.260215,29.811264],[-95.27186,29.806283],[-95.288564,29.799213],[-95.288674,29.804352],[-95.28857,29.831381],[-95.284369,29.831334],[-95.280368,29.831362],[-95.276871,29.831397],[-95.270099,29.831453],[-95.269406,29.831429],[-95.268832,29.831362],[-95.268095,29.831124],[-95.26754,29.830945],[-95.267177,29.830817],[-95.266582,29.830743],[-95.26628,29.830743],[-95.265185,29.830741],[-95.261991,29.830777],[-95.262093,29.835683],[-95.262207,29.836598],[-95.262261,29.840592],[-95.262272,29.842247],[-95.262295,29.843575],[-95.262316,29.845254],[-95.262334,29.846932],[-95.262325,29.847948],[-95.262323,29.848175],[-95.261851,29.848067],[-95.261256,29.847706],[-95.260945,29.847669],[-95.260539,29.847528],[-95.259807,29.847336],[-95.259351,29.847223],[-95.259104,29.847216],[-95.258808,29.847222],[-95.25845,29.847126],[-95.258305,29.84705],[-95.258093,29.846987],[-95.257929,29.846983],[-95.257716,29.846962],[-95.25738,29.846724],[-95.257155,29.846589],[-95.256823,29.846436],[-95.256579,29.846386],[-95.25633,29.846451],[-95.25606,29.84663],[-95.255858,29.846767],[-95.255769,29.846937],[-95.255896,29.847055],[-95.255907,29.847227],[-95.255819,29.847368],[-95.255645,29.847635],[-95.255556,29.847834],[-95.255449,29.84806],[-95.255279,29.848213],[-95.254979,29.848319],[-95.254909,29.848294],[-95.255056,29.852775],[-95.24769,29.852838],[-95.247759,29.857575],[-95.231914,29.857719],[-95.231134,29.858313],[-95.231131,29.85831],[-95.231126,29.858306],[-95.23112,29.858302],[-95.231115,29.858298],[-95.23111,29.858294],[-95.231104,29.858291],[-95.231098,29.858287],[-95.231092,29.858283],[-95.231087,29.85828],[-95.231081,29.858276],[-95.231075,29.858273],[-95.231069,29.85827],[-95.231063,29.858266],[-95.231056,29.858263],[-95.23105,29.85826],[-95.231044,29.858258],[-95.231034,29.858253],[-95.231016,29.858245],[-95.231002,29.858238],[-95.230988,29.858231],[-95.230975,29.858225],[-95.230961,29.858218],[-95.230947,29.858211],[-95.230933,29.858205],[-95.230919,29.858199],[-95.230905,29.858193],[-95.230891,29.858187],[-95.230876,29.858182],[-95.230861,29.858177],[-95.230846,29.858173],[-95.230831,29.858169],[-95.230816,29.858166],[-95.2308,29.858163],[-95.230785,29.85816],[-95.230769,29.858157],[-95.230754,29.858154],[-95.230738,29.858151],[-95.230723,29.858148],[-95.230708,29.858146],[-95.230692,29.858143],[-95.230677,29.85814],[-95.230661,29.858138],[-95.230646,29.858135],[-95.23063,29.858133],[-95.230615,29.85813],[-95.230599,29.858127],[-95.230584,29.858124],[-95.230568,29.858121],[-95.230553,29.858118],[-95.230537,29.858115],[-95.230522,29.858112],[-95.230507,29.858109],[-95.230491,29.858107],[-95.230476,29.858104],[-95.23046,29.8581],[-95.230445,29.858097],[-95.23043,29.858094],[-95.230414,29.858091],[-95.230399,29.858088],[-95.230384,29.858084],[-95.230369,29.858081],[-95.230353,29.858077],[-95.230338,29.858073],[-95.230323,29.85807],[-95.230308,29.858066],[-95.230293,29.858062],[-95.230278,29.858058],[-95.230263,29.858054],[-95.230248,29.858049],[-95.230233,29.858045],[-95.230218,29.858041],[-95.230203,29.858037],[-95.230188,29.858033],[-95.230173,29.858028],[-95.230158,29.858024],[-95.230143,29.85802],[-95.230128,29.858015],[-95.230113,29.858011],[-95.230098,29.858007],[-95.230083,29.858003],[-95.230068,29.857998],[-95.230053,29.857994],[-95.230037,29.85799],[-95.230022,29.857986],[-95.230007,29.857982],[-95.229992,29.857978],[-95.229977,29.857974],[-95.229962,29.85797],[-95.229947,29.857967],[-95.229932,29.857963],[-95.229916,29.857959],[-95.229901,29.857955],[-95.229886,29.857951],[-95.229871,29.857947],[-95.229856,29.857943],[-95.229841,29.857939],[-95.229826,29.857934],[-95.229811,29.85793],[-95.229796,29.857925],[-95.229781,29.857921],[-95.229767,29.857916],[-95.229752,29.857911],[-95.229737,29.857906],[-95.229722,29.857901],[-95.229707,29.857896],[-95.229693,29.857891],[-95.229678,29.857886],[-95.229663,29.857881],[-95.229649,29.857876],[-95.229634,29.857871],[-95.229619,29.857865],[-95.229605,29.85786],[-95.22959,29.857854],[-95.229576,29.857848],[-95.229562,29.857842],[-95.229548,29.857836],[-95.229534,29.85783],[-95.22952,29.857823],[-95.229507,29.857816],[-95.229493,29.85781],[-95.229387,29.857748],[-95.229375,29.857741],[-95.229363,29.857733],[-95.22935,29.857725],[-95.229337,29.857717],[-95.229324,29.857708],[-95.229312,29.8577],[-95.229299,29.857692],[-95.229287,29.857683],[-95.229274,29.857675],[-95.229263,29.857668],[-95.229261,29.857667],[-95.229249,29.857658],[-95.229236,29.85765],[-95.229223,29.857642],[-95.229211,29.857633],[-95.229198,29.857625],[-95.229185,29.857617],[-95.229173,29.857609],[-95.22916,29.857601],[-95.229156,29.857598],[-95.229156,29.857598],[-95.229156,29.857598],[-95.229156,29.857598],[-95.229147,29.857593],[-95.229135,29.857584],[-95.229122,29.857576],[-95.229109,29.857568],[-95.229097,29.85756],[-95.229084,29.857552],[-95.229071,29.857543],[-95.229059,29.857535],[-95.229046,29.857527],[-95.229033,29.857519],[-95.229021,29.85751],[-95.229008,29.857502],[-95.228996,29.857494],[-95.228983,29.857486],[-95.22897,29.857477],[-95.228958,29.857469],[-95.228945,29.857461],[-95.228932,29.857453],[-95.22892,29.857444],[-95.228907,29.857436],[-95.228894,29.857428],[-95.228882,29.85742],[-95.228869,29.857412],[-95.228856,29.857404],[-95.228844,29.857395],[-95.228831,29.857387],[-95.228818,29.857379],[-95.228805,29.857371],[-95.228793,29.857363],[-95.22878,29.857355],[-95.228767,29.857347],[-95.228753,29.85734],[-95.22874,29.857333],[-95.228726,29.857326],[-95.228712,29.857319],[-95.228698,29.857312],[-95.228684,29.857306],[-95.22867,29.857298],[-95.228657,29.857291],[-95.228644,29.857283],[-95.228632,29.857275],[-95.22862,29.857266],[-95.228609,29.857257],[-95.228598,29.857247],[-95.228588,29.857237],[-95.228577,29.857227],[-95.228568,29.857216],[-95.228558,29.857205],[-95.228549,29.857193],[-95.22854,29.857182],[-95.228531,29.85717],[-95.228523,29.857158],[-95.228514,29.857147],[-95.228506,29.857135],[-95.228498,29.857123],[-95.22849,29.857111],[-95.228482,29.857099],[-95.228474,29.857087],[-95.228466,29.857075],[-95.228458,29.857063],[-95.228451,29.857051],[-95.228444,29.857039],[-95.228437,29.857026],[-95.22843,29.857014],[-95.228424,29.857001],[-95.228418,29.856988],[-95.228413,29.856975],[-95.228408,29.856962],[-95.228404,29.856949],[-95.2284,29.856936],[-95.228396,29.856923],[-95.228392,29.856909],[-95.228388,29.856896],[-95.228385,29.856883],[-95.228382,29.856869],[-95.228379,29.856855],[-95.228376,29.856842],[-95.228373,29.856828],[-95.228371,29.856815],[-95.228368,29.856801],[-95.228366,29.856787],[-95.228364,29.856774],[-95.228362,29.85676],[-95.22836,29.856746],[-95.228358,29.856733],[-95.228356,29.856719],[-95.228355,29.856705],[-95.228354,29.856692],[-95.228352,29.856678],[-95.228351,29.856664],[-95.22835,29.85665],[-95.228349,29.856637],[-95.228349,29.856623],[-95.228348,29.856609],[-95.228347,29.856595],[-95.228347,29.856582],[-95.228347,29.856582],[-95.228347,29.856568],[-95.228347,29.856568],[-95.228346,29.856554],[-95.228346,29.856554],[-95.228346,29.85654],[-95.228346,29.85654],[-95.228346,29.856527],[-95.228346,29.856526],[-95.228346,29.856513],[-95.228346,29.856513],[-95.228346,29.856499],[-95.228346,29.856499],[-95.228345,29.856485],[-95.228345,29.856485],[-95.228345,29.856471],[-95.228345,29.856471],[-95.228345,29.856458],[-95.228345,29.856458],[-95.228345,29.856444],[-95.228345,29.856444],[-95.228345,29.85643],[-95.228345,29.85643],[-95.228346,29.856417],[-95.228346,29.856416],[-95.228346,29.856403],[-95.228346,29.856403],[-95.228346,29.856389],[-95.228346,29.856389],[-95.228346,29.856375],[-95.228346,29.856375],[-95.228346,29.856362],[-95.228346,29.856361],[-95.228347,29.856348],[-95.228347,29.856348],[-95.228347,29.856334],[-95.228347,29.856334],[-95.228347,29.85632],[-95.228347,29.85632],[-95.228348,29.856307],[-95.228348,29.856306],[-95.228348,29.856293],[-95.228348,29.856293],[-95.228349,29.856279],[-95.228349,29.856279],[-95.228349,29.856265],[-95.228349,29.856265],[-95.22835,29.856252],[-95.22835,29.856251],[-95.228356,29.856141],[-95.228357,29.856128],[-95.228357,29.856128],[-95.228358,29.856114],[-95.228358,29.856114],[-95.228359,29.856101],[-95.228359,29.8561],[-95.22836,29.856087],[-95.22836,29.856087],[-95.228361,29.856073],[-95.228361,29.856073],[-95.228363,29.856059],[-95.228363,29.856059],[-95.228364,29.856046],[-95.228364,29.856045],[-95.228365,29.856032],[-95.228365,29.856032],[-95.228367,29.856018],[-95.228368,29.856005],[-95.22837,29.855991],[-95.228371,29.855977],[-95.228373,29.855963],[-95.228375,29.85595],[-95.228377,29.855936],[-95.228379,29.855922],[-95.228381,29.855909],[-95.228383,29.855895],[-95.228386,29.855882],[-95.228388,29.855868],[-95.228391,29.855855],[-95.228394,29.855841],[-95.228397,29.855828],[-95.2284,29.855814],[-95.228403,29.855801],[-95.228407,29.855787],[-95.22841,29.855774],[-95.228414,29.85576],[-95.228417,29.855747],[-95.228421,29.855734],[-95.228425,29.85572],[-95.228429,29.855707],[-95.228432,29.855694],[-95.228436,29.85568],[-95.22844,29.855667],[-95.228443,29.855653],[-95.228447,29.85564],[-95.228451,29.855627],[-95.228454,29.855613],[-95.228458,29.8556],[-95.228461,29.855586],[-95.228465,29.855573],[-95.228468,29.85556],[-95.228471,29.855546],[-95.228474,29.855533],[-95.228477,29.855519],[-95.22848,29.855506],[-95.228482,29.855492],[-95.228485,29.855478],[-95.228487,29.855465],[-95.22849,29.855451],[-95.228492,29.855438],[-95.228494,29.855424],[-95.228496,29.85541],[-95.228498,29.855397],[-95.228501,29.855383],[-95.228503,29.85537],[-95.228505,29.855356],[-95.228507,29.855342],[-95.228508,29.855329],[-95.22851,29.855315],[-95.228512,29.855301],[-95.228514,29.855288],[-95.228516,29.855274],[-95.228517,29.85526],[-95.228519,29.855247],[-95.228521,29.855233],[-95.228522,29.855219],[-95.228524,29.855205],[-95.228525,29.855192],[-95.228526,29.855178],[-95.228528,29.855164],[-95.228528,29.855164],[-95.228529,29.855151],[-95.228529,29.85515],[-95.228531,29.855137],[-95.228531,29.855137],[-95.228532,29.855123],[-95.228532,29.855123],[-95.228533,29.85511],[-95.228533,29.855109],[-95.228534,29.855096],[-95.228534,29.855096],[-95.228536,29.855082],[-95.228536,29.855082],[-95.228537,29.855068],[-95.228537,29.855068],[-95.228538,29.855055],[-95.228538,29.855054],[-95.228539,29.855041],[-95.228539,29.855041],[-95.22854,29.855027],[-95.22854,29.855027],[-95.228541,29.855014],[-95.228541,29.855013],[-95.228542,29.855],[-95.228542,29.855],[-95.228543,29.854986],[-95.228543,29.854986],[-95.228544,29.854972],[-95.228544,29.854972],[-95.228545,29.854959],[-95.228545,29.854958],[-95.228546,29.854945],[-95.228546,29.854945],[-95.228547,29.854931],[-95.228547,29.854931],[-95.228548,29.854917],[-95.228548,29.854917],[-95.228549,29.854904],[-95.228549,29.854903],[-95.228549,29.85489],[-95.228549,29.85489],[-95.22855,29.854876],[-95.22855,29.854876],[-95.228551,29.854862],[-95.228551,29.854862],[-95.228552,29.854849],[-95.228552,29.854848],[-95.228552,29.854835],[-95.228552,29.854835],[-95.228553,29.854821],[-95.228553,29.854821],[-95.228553,29.854807],[-95.228553,29.854807],[-95.228554,29.854794],[-95.228554,29.854794],[-95.228554,29.85478],[-95.228554,29.85478],[-95.228555,29.854766],[-95.228555,29.854766],[-95.228555,29.854753],[-95.228555,29.854752],[-95.228556,29.854739],[-95.228556,29.854738],[-95.228556,29.854725],[-95.228556,29.854725],[-95.228557,29.854711],[-95.228557,29.854711],[-95.228557,29.854697],[-95.228557,29.854697],[-95.228557,29.854684],[-95.228557,29.854683],[-95.228557,29.85467],[-95.228557,29.85467],[-95.228558,29.854656],[-95.228558,29.854656],[-95.228558,29.854642],[-95.228558,29.854642],[-95.228558,29.854629],[-95.228558,29.854629],[-95.228558,29.854615],[-95.228558,29.854615],[-95.228558,29.854601],[-95.228558,29.854601],[-95.228558,29.854491],[-95.228558,29.854477],[-95.228558,29.854477],[-95.228558,29.854464],[-95.228558,29.854464],[-95.228557,29.85445],[-95.228557,29.85445],[-95.228557,29.854436],[-95.228557,29.854436],[-95.228557,29.854423],[-95.228557,29.854422],[-95.228557,29.854409],[-95.228557,29.854409],[-95.228557,29.854395],[-95.228557,29.854395],[-95.228557,29.854381],[-95.228557,29.854381],[-95.228556,29.854368],[-95.228556,29.854367],[-95.228556,29.854354],[-95.228556,29.854354],[-95.228556,29.85434],[-95.228556,29.85434],[-95.228556,29.854326],[-95.228556,29.854326],[-95.228555,29.854313],[-95.228555,29.854312],[-95.228555,29.854299],[-95.228555,29.854299],[-95.228555,29.854285],[-95.228555,29.854285],[-95.228554,29.854271],[-95.228554,29.854271],[-95.228554,29.854258],[-95.228554,29.854257],[-95.228554,29.854244],[-95.228554,29.854244],[-95.228554,29.85423],[-95.228554,29.85423],[-95.228553,29.854216],[-95.228553,29.854216],[-95.228553,29.854203],[-95.228553,29.854202],[-95.228553,29.854189],[-95.228553,29.854189],[-95.228552,29.854175],[-95.228552,29.854175],[-95.228552,29.854161],[-95.228552,29.854161],[-95.228551,29.854148],[-95.228551,29.854147],[-95.228551,29.854134],[-95.228551,29.854134],[-95.228551,29.85412],[-95.22855,29.854106],[-95.22855,29.854093],[-95.22855,29.854079],[-95.228549,29.854065],[-95.228549,29.854051],[-95.228548,29.854038],[-95.228548,29.854024],[-95.228548,29.85401],[-95.228547,29.853996],[-95.228547,29.853983],[-95.228546,29.853969],[-95.228546,29.853955],[-95.228545,29.853941],[-95.228545,29.853928],[-95.228545,29.853914],[-95.228544,29.8539],[-95.228544,29.853886],[-95.228543,29.853873],[-95.228543,29.853859],[-95.228542,29.853845],[-95.228542,29.853831],[-95.228541,29.853818],[-95.22854,29.853804],[-95.228539,29.85379],[-95.228538,29.853777],[-95.228537,29.853763],[-95.228535,29.853749],[-95.228533,29.853735],[-95.228532,29.853722],[-95.22853,29.853708],[-95.228528,29.853694],[-95.228526,29.853681],[-95.228523,29.853667],[-95.228521,29.853654],[-95.228519,29.85364],[-95.228516,29.853626],[-95.228514,29.853613],[-95.228511,29.853599],[-95.228509,29.853585],[-95.228506,29.853572],[-95.228504,29.853558],[-95.228502,29.853545],[-95.228498,29.853422],[-95.2285,29.853408],[-95.228502,29.853395],[-95.228502,29.853395],[-95.228502,29.853394],[-95.228504,29.853381],[-95.228507,29.853367],[-95.228509,29.853353],[-95.22851,29.85334],[-95.22851,29.853339],[-95.228511,29.853326],[-95.228511,29.853326],[-95.228512,29.853312],[-95.228512,29.853312],[-95.228513,29.853298],[-95.228513,29.853298],[-95.228514,29.853285],[-95.228514,29.853284],[-95.228515,29.853271],[-95.228515,29.853271],[-95.228515,29.853257],[-95.228515,29.853257],[-95.228516,29.853243],[-95.228516,29.853243],[-95.228516,29.85323],[-95.228516,29.853229],[-95.228517,29.853216],[-95.228517,29.853216],[-95.228517,29.853202],[-95.228517,29.853202],[-95.228517,29.853188],[-95.228517,29.853188],[-95.228517,29.853175],[-95.228517,29.853174],[-95.228517,29.853161],[-95.228517,29.853161],[-95.228518,29.853147],[-95.228518,29.853147],[-95.228518,29.853133],[-95.228518,29.853133],[-95.228518,29.85312],[-95.228518,29.853119],[-95.228518,29.853112],[-95.228518,29.853106],[-95.228518,29.853105],[-95.228519,29.853092],[-95.228519,29.853092],[-95.228519,29.853092],[-95.228519,29.853078],[-95.228519,29.853078],[-95.228519,29.853064],[-95.228519,29.853064],[-95.228518,29.85305],[-95.228517,29.853037],[-95.228516,29.853023],[-95.228514,29.85301],[-95.228512,29.852996],[-95.228509,29.852983],[-95.228505,29.852969],[-95.228501,29.852957],[-95.228501,29.852956],[-95.228496,29.852943],[-95.228491,29.85293],[-95.228486,29.852917],[-95.22848,29.852904],[-95.228475,29.852891],[-95.228469,29.852878],[-95.228463,29.852865],[-95.228457,29.852852],[-95.228451,29.85284],[-95.228445,29.852827],[-95.228438,29.852815],[-95.22843,29.852802],[-95.228423,29.85279],[-95.228415,29.852778],[-95.228408,29.852765],[-95.2284,29.852753],[-95.228393,29.852741],[-95.228355,29.852627],[-95.228355,29.852624],[-95.228354,29.85261],[-95.228353,29.852596],[-95.228353,29.852596],[-95.228353,29.852596],[-95.228352,29.852583],[-95.228352,29.852582],[-95.228352,29.852569],[-95.228352,29.852569],[-95.228352,29.852555],[-95.228352,29.852555],[-95.228352,29.852541],[-95.228352,29.852541],[-95.228352,29.852527],[-95.228352,29.852527],[-95.228352,29.852513],[-95.228352,29.852513],[-95.228353,29.852499],[-95.228353,29.852499],[-95.228353,29.852485],[-95.228353,29.852485],[-95.228354,29.852471],[-95.228354,29.852471],[-95.228354,29.852458],[-95.228354,29.852457],[-95.228355,29.852444],[-95.228355,29.852444],[-95.228355,29.85243],[-95.228355,29.85243],[-95.228355,29.852416],[-95.228355,29.852416],[-95.228355,29.852403],[-95.228355,29.852402],[-95.228355,29.852389],[-95.228355,29.852389],[-95.228355,29.852375],[-95.228355,29.852375],[-95.228356,29.852361],[-95.228356,29.852361],[-95.228356,29.852348],[-95.228356,29.852347],[-95.228356,29.852342],[-95.228356,29.852342],[-95.228356,29.852334],[-95.228356,29.852334],[-95.228357,29.85232],[-95.228357,29.85232],[-95.228357,29.852306],[-95.228357,29.852306],[-95.228357,29.852293],[-95.228357,29.852292],[-95.228358,29.852279],[-95.228358,29.852279],[-95.228358,29.852265],[-95.228358,29.852265],[-95.228359,29.852251],[-95.228359,29.852251],[-95.228359,29.852238],[-95.228359,29.852237],[-95.22836,29.852224],[-95.22836,29.852224],[-95.22836,29.85221],[-95.22836,29.85221],[-95.228361,29.852196],[-95.228361,29.852196],[-95.228361,29.852183],[-95.228361,29.852182],[-95.228362,29.852169],[-95.228362,29.852169],[-95.228363,29.852155],[-95.228363,29.852155],[-95.228364,29.852141],[-95.228364,29.852141],[-95.228364,29.852128],[-95.228364,29.852128],[-95.228365,29.852114],[-95.228365,29.852114],[-95.228366,29.8521],[-95.228366,29.8521],[-95.228367,29.852086],[-95.228367,29.852086],[-95.228368,29.852073],[-95.228368,29.852073],[-95.228369,29.852059],[-95.228369,29.852059],[-95.22837,29.852045],[-95.22837,29.852045],[-95.228371,29.852032],[-95.228371,29.852031],[-95.228372,29.852018],[-95.228372,29.852018],[-95.228374,29.852004],[-95.228375,29.851991],[-95.228377,29.851977],[-95.228379,29.851963],[-95.228381,29.85195],[-95.228382,29.851936],[-95.228384,29.851922],[-95.228386,29.851909],[-95.228388,29.851895],[-95.22839,29.851881],[-95.228392,29.851868],[-95.228394,29.851854],[-95.228395,29.85184],[-95.228397,29.851826],[-95.228398,29.851813],[-95.228398,29.851813],[-95.2284,29.851799],[-95.2284,29.851799],[-95.228401,29.851785],[-95.228401,29.851785],[-95.228401,29.851772],[-95.228401,29.851772],[-95.228402,29.851758],[-95.228402,29.851758],[-95.228403,29.851744],[-95.228403,29.851744],[-95.228403,29.851731],[-95.228403,29.85173],[-95.228403,29.851717],[-95.228403,29.851717],[-95.228403,29.851703],[-95.228403,29.851703],[-95.228403,29.851689],[-95.228403,29.851689],[-95.228403,29.851675],[-95.228403,29.851675],[-95.228402,29.851662],[-95.228402,29.851648],[-95.228401,29.851634],[-95.228401,29.85162],[-95.2284,29.851607],[-95.228399,29.851593],[-95.228398,29.851579],[-95.228396,29.851565],[-95.228395,29.851552],[-95.228394,29.851538],[-95.228392,29.851524],[-95.228391,29.851511],[-95.228389,29.851497],[-95.228387,29.851483],[-95.228385,29.85147],[-95.228383,29.851456],[-95.228381,29.851442],[-95.228378,29.851429],[-95.228376,29.851415],[-95.228373,29.851402],[-95.22837,29.851388],[-95.228367,29.851375],[-95.228364,29.851361],[-95.228361,29.851348],[-95.228358,29.851334],[-95.228354,29.851321],[-95.228349,29.851308],[-95.228345,29.851295],[-95.228339,29.851282],[-95.228334,29.851269],[-95.228328,29.851256],[-95.228323,29.851243],[-95.228317,29.85123],[-95.228312,29.851217],[-95.228307,29.851204],[-95.228302,29.851191],[-95.228297,29.851178],[-95.228293,29.851164],[-95.22829,29.851151],[-95.228287,29.851138],[-95.228279,29.851027],[-95.228279,29.851027],[-95.228279,29.851014],[-95.228279,29.851014],[-95.22828,29.851],[-95.22828,29.851],[-95.228281,29.850986],[-95.228281,29.850986],[-95.228282,29.850973],[-95.228282,29.850972],[-95.228284,29.850959],[-95.228285,29.850945],[-95.228288,29.850932],[-95.22829,29.850918],[-95.228293,29.850904],[-95.228297,29.850891],[-95.2283,29.850877],[-95.228304,29.850864],[-95.228308,29.850851],[-95.228313,29.850838],[-95.228318,29.850825],[-95.228323,29.850812],[-95.228328,29.850799],[-95.228334,29.850786],[-95.228339,29.850773],[-95.228345,29.85076],[-95.228351,29.850747],[-95.228356,29.850735],[-95.228362,29.850722],[-95.228368,29.850709],[-95.228374,29.850696],[-95.228379,29.850683],[-95.228385,29.85067],[-95.22839,29.850657],[-95.228396,29.850644],[-95.228401,29.850631],[-95.228405,29.850618],[-95.22841,29.850605],[-95.228415,29.850592],[-95.228419,29.850579],[-95.228424,29.850566],[-95.228428,29.850552],[-95.228432,29.850539],[-95.228436,29.850526],[-95.22844,29.850513],[-95.228445,29.850499],[-95.228449,29.850486],[-95.228453,29.850473],[-95.228457,29.850459],[-95.22846,29.850446],[-95.228464,29.850433],[-95.228468,29.850419],[-95.228472,29.850406],[-95.228476,29.850393],[-95.22848,29.850379],[-95.228484,29.850366],[-95.228488,29.850353],[-95.228492,29.85034],[-95.228496,29.850326],[-95.2285,29.850313],[-95.228504,29.8503],[-95.228509,29.850286],[-95.228513,29.850273],[-95.228517,29.85026],[-95.228522,29.850247],[-95.228526,29.850233],[-95.22853,29.85022],[-95.228534,29.850207],[-95.228538,29.850193],[-95.228541,29.85018],[-95.228545,29.850166],[-95.228548,29.850153],[-95.228551,29.85014],[-95.228554,29.850126],[-95.228556,29.850113],[-95.228559,29.850099],[-95.228561,29.850085],[-95.228563,29.850072],[-95.228564,29.850058],[-95.228565,29.850056],[-95.228566,29.850045],[-95.228566,29.850044],[-95.228567,29.850031],[-95.228567,29.850031],[-95.228568,29.850017],[-95.228568,29.850017],[-95.228569,29.850003],[-95.22857,29.850003],[-95.22857,29.84999],[-95.228571,29.84999],[-95.228571,29.849976],[-95.228571,29.849976],[-95.228572,29.849962],[-95.228572,29.849962],[-95.228573,29.849949],[-95.228573,29.849948],[-95.228574,29.849935],[-95.228574,29.849935],[-95.228574,29.849921],[-95.228574,29.849921],[-95.228575,29.849907],[-95.228575,29.849907],[-95.228576,29.849893],[-95.228576,29.849893],[-95.228576,29.84988],[-95.228576,29.84988],[-95.228577,29.849866],[-95.228577,29.849866],[-95.228577,29.849852],[-95.228577,29.849852],[-95.228578,29.849838],[-95.228578,29.849838],[-95.228579,29.849825],[-95.228579,29.849824],[-95.228579,29.849811],[-95.228579,29.849811],[-95.228582,29.84977],[-95.228561,29.849117],[-95.228537,29.848345],[-95.228537,29.848345],[-95.228537,29.848345],[-95.228537,29.848345],[-95.228541,29.848247],[-95.228537,29.848151],[-95.228535,29.848107],[-95.228533,29.84805],[-95.228526,29.847948],[-95.228516,29.847845],[-95.228504,29.847742],[-95.228497,29.847687],[-95.22849,29.847639]]]},"properties":{"Campus__Number":475,"Campus_Short_Name":"Elmore ES","Street_Address":"8200 Tate St"}},{"type":"Feature","geometry":{"type":"Polygon","coordinates":[[[-95.255056,29.852775],[-95.254909,29.848294],[-95.254979,29.848319],[-95.255279,29.848213],[-95.255449,29.84806],[-95.255556,29.847834],[-95.255645,29.847635],[-95.255819,29.847368],[-95.255907,29.847227],[-95.255896,29.847055],[-95.255769,29.846937],[-95.255858,29.846767],[-95.25606,29.84663],[-95.25633,29.846451],[-95.256579,29.846386],[-95.256823,29.846436],[-95.257155,29.846589],[-95.25738,29.846724],[-95.257716,29.846962],[-95.257929,29.846983],[-95.258093,29.846987],[-95.258305,29.84705],[-95.25845,29.847126],[-95.258808,29.847222],[-95.259104,29.847216],[-95.259351,29.847223],[-95.259807,29.847336],[-95.260539,29.847528],[-95.260945,29.847669],[-95.261256,29.847706],[-95.261851,29.848067],[-95.262323,29.848175],[-95.262325,29.847948],[-95.262334,29.846932],[-95.262316,29.845254],[-95.262295,29.843575],[-95.262272,29.842247],[-95.262261,29.840592],[-95.262207,29.836598],[-95.262093,29.835683],[-95.261991,29.830777],[-95.265185,29.830741],[-95.26628,29.830743],[-95.266582,29.830743],[-95.267177,29.830817],[-95.26754,29.830945],[-95.268095,29.831124],[-95.268832,29.831362],[-95.269406,29.831429],[-95.270099,29.831453],[-95.276871,29.831397],[-95.280368,29.831362],[-95.284369,29.831334],[-95.28857,29.831381],[-95.288572,29.848169],[-95.289524,29.848316],[-95.29001,29.848429],[-95.290653,29.848533],[-95.29119,29.848584],[-95.291498,29.848589],[-95.291839,29.848593],[-95.292224,29.848599],[-95.281461,29.859091],[-95.279479,29.86097],[-95.274707,29.861081],[-95.262461,29.861212],[-95.247826,29.861105],[-95.247759,29.857575],[-95.24769,29.852838],[-95.255056,29.852775]]]},"properties":{"Campus__Number":473,"Campus_Short_Name":"Hilliard ES","Street_Address":"8115 E Houston Rd"}}]}